record_reference,resident_id,past_bookings,prediction,actual,match_indicator,score,match_score_num,pred_facility,actual_facility,pred_day,actual_day,pred_use_time,actual_use_time,pred_nudge_time,actual_booked_time
R-189-#7995,R-189,"Gym / Mon / 06:00
Gym (Top Pref)","Gym / Tue / 07:00
Nudge Mon / 14:14","Swimming Pool / Tue / 06:00
Booked Mon / 12:47",NO,3 of 4,3,Gym,Swimming Pool,Tue,Tue,07:00,06:00,Nudge Mon / 14:14,Booked Mon / 12:47
R-178-#7996,R-178,"Tennis Court / Sat / 19:00
Gym (Top Pref)","Swimming Pool / Tue / 19:00
Nudge Tue / 07:19","Gym / Tue / 07:00
Booked Mon / 15:44",NO,1 of 4,1,Swimming Pool,Gym,Tue,Tue,19:00,07:00,Nudge Tue / 07:19,Booked Mon / 15:44
R-174-#7997,R-174,"Gym / Mon / 08:00
Gym (Top Pref)","Gym / Tue / 08:00
Nudge Mon / 18:17","Gym / Tue / 08:00
Booked Mon / 16:13",YES,4 of 4,4,Gym,Gym,Tue,Tue,08:00,08:00,Nudge Mon / 18:17,Booked Mon / 16:13
R-168-#7998,R-168,"Gym / Mon / 17:00
Gym (Top Pref)","Gym / Tue / 07:00
Nudge Mon / 15:48","Gym / Tue / 07:00
Booked Mon / 16:17",YES,4 of 4,4,Gym,Gym,Tue,Tue,07:00,07:00,Nudge Mon / 15:48,Booked Mon / 16:17
R-207-#7999,R-207,"Badminton Court / Mon / 19:00
Badminton Court (Top Pref)","Badminton Court / Tue / 19:00
Nudge Mon / 11:42","Badminton Court / Tue / 19:00
Booked Mon / 16:17",NO,3 of 4,3,Badminton Court,Badminton Court,Tue,Tue,19:00,19:00,Nudge Mon / 11:42,Booked Mon / 16:17
R-101-#8000,R-101,"Gym / Mon / 07:00
Gym (Top Pref)","Gym / Tue / 07:00
Nudge Mon / 15:26","Badminton Court / Tue / 08:00
Booked Mon / 16:19",NO,3 of 4,3,Gym,Badminton Court,Tue,Tue,07:00,08:00,Nudge Mon / 15:26,Booked Mon / 16:19
R-147-#8001,R-147,"Gym / Mon / 06:00
Gym (Top Pref)","Gym / Tue / 08:00
Nudge Mon / 17:02","Gym / Tue / 08:00
Booked Mon / 16:20",YES,4 of 4,4,Gym,Gym,Tue,Tue,08:00,08:00,Nudge Mon / 17:02,Booked Mon / 16:20
R-156-#8002,R-156,"Swimming Pool / Mon / 06:00
Gym (Top Pref)","Gym / Tue / 07:00
Nudge Mon / 16:26","Gym / Tue / 06:00
Booked Mon / 16:53",YES,4 of 4,4,Gym,Gym,Tue,Tue,07:00,06:00,Nudge Mon / 16:26,Booked Mon / 16:53
R-217-#8003,R-217,"Badminton Court / Mon / 18:00
Badminton Court (Top Pref)","Badminton Court / Tue / 18:00
Nudge Mon / 12:36","Badminton Court / Tue / 19:00
Booked Mon / 17:15",NO,3 of 4,3,Badminton Court,Badminton Court,Tue,Tue,18:00,19:00,Nudge Mon / 12:36,Booked Mon / 17:15
R-144-#8004,R-144,"Gym / Mon / 07:00
Gym (Top Pref)","Gym / Tue / 07:00
Nudge Mon / 18:35","Swimming Pool / Tue / 06:00
Booked Mon / 17:38",NO,3 of 4,3,Gym,Swimming Pool,Tue,Tue,07:00,06:00,Nudge Mon / 18:35,Booked Mon / 17:38
R-212-#8005,R-212,"Clubhouse / Mon / 08:00
Gym (Top Pref)","Gym / Tue / 08:00
Nudge Mon / 15:45","Gym / Tue / 07:00
Booked Mon / 17:52",YES,4 of 4,4,Gym,Gym,Tue,Tue,08:00,07:00,Nudge Mon / 15:45,Booked Mon / 17:52
R-125-#8006,R-125,"Tennis Court / Mon / 19:00
Badminton Court (Top Pref)","Badminton Court / Tue / 18:00
Nudge Mon / 14:38","Tennis Court / Tue / 20:00
Booked Mon / 18:05",NO,1 of 4,1,Badminton Court,Tennis Court,Tue,Tue,18:00,20:00,Nudge Mon / 14:38,Booked Mon / 18:05
R-180-#8007,R-180,"Badminton Court / Fri / 20:00
Badminton Court (Top Pref)","Badminton Court / Mon / 20:00
Nudge Sun / 20:51","Badminton Court / Tue / 18:00
Booked Mon / 18:11",NO,1 of 4,1,Badminton Court,Badminton Court,Mon,Tue,20:00,18:00,Nudge Sun / 20:51,Booked Mon / 18:11
R-184-#8008,R-184,"Badminton Court / Thu / 19:00
Gym (Top Pref)","Gym / Mon / 19:00
Nudge Mon / 07:32","Swimming Pool / Tue / 08:00
Booked Mon / 18:31",NO,0 of 4,0,Gym,Swimming Pool,Mon,Tue,19:00,08:00,Nudge Mon / 07:32,Booked Mon / 18:31
R-135-#8009,R-135,"Gym / Mon / 06:00
Gym (Top Pref)","Gym / Tue / 08:00
Nudge Mon / 17:38","Clubhouse / Tue / 08:00
Booked Mon / 19:01",NO,3 of 4,3,Gym,Clubhouse,Tue,Tue,08:00,08:00,Nudge Mon / 17:38,Booked Mon / 19:01
R-113-#8010,R-113,"Gym / Mon / 08:00
Gym (Top Pref)","Gym / Tue / 07:00
Nudge Mon / 18:26","Gym / Tue / 06:00
Booked Mon / 19:16",YES,4 of 4,4,Gym,Gym,Tue,Tue,07:00,06:00,Nudge Mon / 18:26,Booked Mon / 19:16
R-193-#8011,R-193,"Clubhouse / Sat / 18:00
Clubhouse (Top Pref)","Clubhouse / Fri / 20:00
Nudge Thu / 23:45","Clubhouse / Tue / 16:00
Booked Mon / 19:29",NO,1 of 4,1,Clubhouse,Clubhouse,Fri,Tue,20:00,16:00,Nudge Thu / 23:45,Booked Mon / 19:29
R-145-#8012,R-145,"Clubhouse / Mon / 06:00
Gym (Top Pref)","Gym / Tue / 06:00
Nudge Mon / 16:03","Gym / Tue / 08:00
Booked Mon / 19:34",NO,2 of 4,2,Gym,Gym,Tue,Tue,06:00,08:00,Nudge Mon / 16:03,Booked Mon / 19:34
R-208-#8013,R-208,"Swimming Pool / Mon / 07:00
Gym (Top Pref)","Gym / Tue / 07:00
Nudge Mon / 19:03","Badminton Court / Tue / 07:00
Booked Mon / 19:37",NO,3 of 4,3,Gym,Badminton Court,Tue,Tue,07:00,07:00,Nudge Mon / 19:03,Booked Mon / 19:37
R-123-#8014,R-123,"Gym / Mon / 06:00
Gym (Top Pref)","Gym / Tue / 08:00
Nudge Mon / 20:03","Swimming Pool / Tue / 08:00
Booked Mon / 19:42",NO,3 of 4,3,Gym,Swimming Pool,Tue,Tue,08:00,08:00,Nudge Mon / 20:03,Booked Mon / 19:42
R-206-#8015,R-206,"Gym / Mon / 09:00
Gym (Top Pref)","Gym / Tue / 07:00
Nudge Mon / 17:29","Swimming Pool / Tue / 08:00
Booked Mon / 19:42",NO,3 of 4,3,Gym,Swimming Pool,Tue,Tue,07:00,08:00,Nudge Mon / 17:29,Booked Mon / 19:42
R-191-#8016,R-191,"Clubhouse / Sun / 20:00
Swimming Pool (Top Pref)","Swimming Pool / Mon / 17:00
Nudge Mon / 05:46","Tennis Court / Tue / 07:00
Booked Mon / 20:41",NO,0 of 4,0,Swimming Pool,Tennis Court,Mon,Tue,17:00,07:00,Nudge Mon / 05:46,Booked Mon / 20:41
R-142-#8017,R-142,"Badminton Court / Mon / 18:00
Badminton Court (Top Pref)","Badminton Court / Tue / 18:00
Nudge Mon / 15:00","Badminton Court / Tue / 19:00
Booked Mon / 21:00",NO,3 of 4,3,Badminton Court,Badminton Court,Tue,Tue,18:00,19:00,Nudge Mon / 15:00,Booked Mon / 21:00
R-129-#8018,R-129,"Swimming Pool / Sun / 19:00
Clubhouse (Top Pref)","Clubhouse / Tue / 19:00
Nudge Mon / 23:34","Tennis Court / Tue / 19:00
Booked Mon / 21:05",NO,3 of 4,3,Clubhouse,Tennis Court,Tue,Tue,19:00,19:00,Nudge Mon / 23:34,Booked Mon / 21:05
R-194-#8019,R-194,"Badminton Court / Sun / 19:00
Gym (Top Pref)","Gym / Mon / 17:00
Nudge Mon / 05:22","Tennis Court / Tue / 07:00
Booked Mon / 21:06",NO,0 of 4,0,Gym,Tennis Court,Mon,Tue,17:00,07:00,Nudge Mon / 05:22,Booked Mon / 21:06
R-161-#8020,R-161,"Swimming Pool / Mon / 14:00
Gym (Top Pref)","Swimming Pool / Tue / 07:00
Nudge Mon / 18:25","Tennis Court / Tue / 13:00
Booked Mon / 21:10",NO,1 of 4,1,Swimming Pool,Tennis Court,Tue,Tue,07:00,13:00,Nudge Mon / 18:25,Booked Mon / 21:10
R-102-#8021,R-102,"Gym / Mon / 08:00
Gym (Top Pref)","Gym / Tue / 08:00
Nudge Mon / 20:07","Gym / Tue / 06:00
Booked Mon / 21:43",NO,3 of 4,3,Gym,Gym,Tue,Tue,08:00,06:00,Nudge Mon / 20:07,Booked Mon / 21:43
R-172-#8022,R-172,"Gym / Mon / 06:00
Gym (Top Pref)","Gym / Tue / 08:00
Nudge Mon / 19:59","Gym / Tue / 08:00
Booked Mon / 22:12",YES,4 of 4,4,Gym,Gym,Tue,Tue,08:00,08:00,Nudge Mon / 19:59,Booked Mon / 22:12
R-130-#8023,R-130,"Tennis Court / Sun / 18:00
Tennis Court (Top Pref)","Tennis Court / Tue / 17:00
Nudge Mon / 03:44","Tennis Court / Thu / 07:00
Booked Mon / 22:25",NO,1 of 4,1,Tennis Court,Tennis Court,Tue,Thu,17:00,07:00,Nudge Mon / 03:44,Booked Mon / 22:25
R-215-#8024,R-215,"Gym / Sun / 17:00
Badminton Court (Top Pref)","Swimming Pool / Mon / 17:00
Nudge Mon / 05:10","Badminton Court / Tue / 08:00
Booked Mon / 23:00",NO,0 of 4,0,Swimming Pool,Badminton Court,Mon,Tue,17:00,08:00,Nudge Mon / 05:10,Booked Mon / 23:00
R-192-#8025,R-192,"Badminton Court / Mon / 12:00
Badminton Court (Top Pref)","Badminton Court / Tue / 18:00
Nudge Mon / 18:34","Badminton Court / Tue / 19:00
Booked Mon / 23:02",NO,3 of 4,3,Badminton Court,Badminton Court,Tue,Tue,18:00,19:00,Nudge Mon / 18:34,Booked Mon / 23:02
R-196-#8026,R-196,"Badminton Court / Fri / 19:00
Badminton Court (Top Pref)","Badminton Court / Mon / 18:00
Nudge Sun / 17:06","Tennis Court / Tue / 18:00
Booked Mon / 23:03",NO,1 of 4,1,Badminton Court,Tennis Court,Mon,Tue,18:00,18:00,Nudge Sun / 17:06,Booked Mon / 23:03
R-131-#8027,R-131,"Clubhouse / Tue / 19:00
Badminton Court (Top Pref)","Badminton Court / Wed / 19:00
Nudge Tue / 10:53","Badminton Court / Wed / 07:00
Booked Mon / 23:08",NO,2 of 4,2,Badminton Court,Badminton Court,Wed,Wed,19:00,07:00,Nudge Tue / 10:53,Booked Mon / 23:08
R-111-#8028,R-111,"Tennis Court / Mon / 11:00
Gym (Top Pref)","Gym / Tue / 19:00
Nudge Tue / 07:06","Swimming Pool / Tue / 08:00
Booked Mon / 23:21",NO,1 of 4,1,Gym,Swimming Pool,Tue,Tue,19:00,08:00,Nudge Tue / 07:06,Booked Mon / 23:21
R-119-#8029,R-119,"Badminton Court / Fri / 18:00
Badminton Court (Top Pref)","Badminton Court / Mon / 20:00
Nudge Sun / 16:14","Badminton Court / Tue / 20:00
Booked Mon / 23:49",NO,2 of 4,2,Badminton Court,Badminton Court,Mon,Tue,20:00,20:00,Nudge Sun / 16:14,Booked Mon / 23:49
R-158-#8030,R-158,"Gym / Mon / 08:00
Gym (Top Pref)","Gym / Tue / 08:00
Nudge Mon / 20:34","Swimming Pool / Tue / 07:00
Booked Tue / 00:40",NO,2 of 4,2,Gym,Swimming Pool,Tue,Tue,08:00,07:00,Nudge Mon / 20:34,Booked Tue / 00:40
R-117-#8031,R-117,"Gym / Mon / 07:00
Gym (Top Pref)","Gym / Tue / 07:00
Nudge Mon / 18:16","Gym / Tue / 17:00
Booked Tue / 00:48",NO,2 of 4,2,Gym,Gym,Tue,Tue,07:00,17:00,Nudge Mon / 18:16,Booked Tue / 00:48
R-167-#8032,R-167,"Gym / Mon / 06:00
Gym (Top Pref)","Gym / Tue / 06:00
Nudge Mon / 18:35","Badminton Court / Tue / 07:00
Booked Tue / 01:22",NO,2 of 4,2,Gym,Badminton Court,Tue,Tue,06:00,07:00,Nudge Mon / 18:35,Booked Tue / 01:22
R-152-#8033,R-152,"Swimming Pool / Mon / 08:00
Gym (Top Pref)","Gym / Tue / 08:00
Nudge Mon / 20:37","Gym / Tue / 06:00
Booked Tue / 01:52",NO,2 of 4,2,Gym,Gym,Tue,Tue,08:00,06:00,Nudge Mon / 20:37,Booked Tue / 01:52
R-203-#8034,R-203,"Badminton Court / Mon / 19:00
Badminton Court (Top Pref)","Badminton Court / Tue / 20:00
Nudge Mon / 19:51","Badminton Court / Tue / 18:00
Booked Tue / 01:59",NO,2 of 4,2,Badminton Court,Badminton Court,Tue,Tue,20:00,18:00,Nudge Mon / 19:51,Booked Tue / 01:59
R-118-#8035,R-118,"Gym / Mon / 07:00
Gym (Top Pref)","Gym / Tue / 08:00
Nudge Mon / 20:32","Gym / Tue / 07:00
Booked Tue / 02:09",NO,3 of 4,3,Gym,Gym,Tue,Tue,08:00,07:00,Nudge Mon / 20:32,Booked Tue / 02:09
R-213-#8036,R-213,"Badminton Court / Mon / 20:00
Badminton Court (Top Pref)","Badminton Court / Tue / 18:00
Nudge Mon / 16:49","Clubhouse / Tue / 18:00
Booked Tue / 03:41",NO,2 of 4,2,Badminton Court,Clubhouse,Tue,Tue,18:00,18:00,Nudge Mon / 16:49,Booked Tue / 03:41
R-154-#8037,R-154,"Tennis Court / Tue / 08:00
Tennis Court (Top Pref)","Tennis Court / Thu / 07:00
Nudge Tue / 14:16","Tennis Court / Thu / 07:00
Booked Tue / 06:38",NO,3 of 4,3,Tennis Court,Tennis Court,Thu,Thu,07:00,07:00,Nudge Tue / 14:16,Booked Tue / 06:38
R-157-#8038,R-157,"Tennis Court / Tue / 18:00
Tennis Court (Top Pref)","Tennis Court / Thu / 18:00
Nudge Tue / 21:42","Tennis Court / Thu / 08:00
Booked Tue / 06:51",NO,2 of 4,2,Tennis Court,Tennis Court,Thu,Thu,18:00,08:00,Nudge Tue / 21:42,Booked Tue / 06:51
R-116-#8039,R-116,"Gym / Mon / 07:00
Gym (Top Pref)","Gym / Tue / 08:00
Nudge Mon / 20:38","Gym / Tue / 16:00
Booked Tue / 06:59",NO,2 of 4,2,Gym,Gym,Tue,Tue,08:00,16:00,Nudge Mon / 20:38,Booked Tue / 06:59
R-180-#8040,R-180,"Badminton Court / Tue / 18:00
Badminton Court (Top Pref)","Badminton Court / Wed / 18:00
Nudge Tue / 08:18","Badminton Court / Wed / 18:00
Booked Tue / 07:37",YES,4 of 4,4,Badminton Court,Badminton Court,Wed,Wed,18:00,18:00,Nudge Tue / 08:18,Booked Tue / 07:37
R-163-#8041,R-163,"Clubhouse / Sun / 15:00
Swimming Pool (Top Pref)","Swimming Pool / Sat / 15:00
Nudge Sat / 09:28","Clubhouse / Tue / 12:00
Booked Tue / 07:46",NO,0 of 4,0,Swimming Pool,Clubhouse,Sat,Tue,15:00,12:00,Nudge Sat / 09:28,Booked Tue / 07:46
R-217-#8042,R-217,"Badminton Court / Tue / 19:00
Badminton Court (Top Pref)","Badminton Court / Wed / 18:00
Nudge Tue / 09:00","Badminton Court / Wed / 20:00
Booked Tue / 07:48",NO,3 of 4,3,Badminton Court,Badminton Court,Wed,Wed,18:00,20:00,Nudge Tue / 09:00,Booked Tue / 07:48
R-139-#8043,R-139,"Tennis Court / Sun / 11:00
Swimming Pool (Top Pref)","Swimming Pool / Sat / 15:00
Nudge Sat / 08:50","Swimming Pool / Tue / 15:00
Booked Tue / 08:17",NO,2 of 4,2,Swimming Pool,Swimming Pool,Sat,Tue,15:00,15:00,Nudge Sat / 08:50,Booked Tue / 08:17
R-148-#8044,R-148,"Clubhouse / Sun / 16:00
Swimming Pool (Top Pref)","Swimming Pool / Tue / 17:00
Nudge Tue / 10:50","Swimming Pool / Tue / 17:00
Booked Tue / 09:05",YES,4 of 4,4,Swimming Pool,Swimming Pool,Tue,Tue,17:00,17:00,Nudge Tue / 10:50,Booked Tue / 09:05
R-171-#8045,R-171,"Clubhouse / Sun / 10:00
Swimming Pool (Top Pref)","Swimming Pool / Sat / 15:00
Nudge Sat / 10:23","Swimming Pool / Tue / 15:00
Booked Tue / 09:19",NO,2 of 4,2,Swimming Pool,Swimming Pool,Sat,Tue,15:00,15:00,Nudge Sat / 10:23,Booked Tue / 09:19
R-166-#8046,R-166,"Gym / Thu / 07:00
Gym (Top Pref)","Gym / Sat / 17:00
Nudge Sat / 05:04","Gym / Tue / 19:00
Booked Tue / 09:50",NO,1 of 4,1,Gym,Gym,Sat,Tue,17:00,19:00,Nudge Sat / 05:04,Booked Tue / 09:50
R-127-#8047,R-127,"Badminton Court / Wed / 19:00
Swimming Pool (Top Pref)","Swimming Pool / Sat / 17:00
Nudge Sat / 05:57","Swimming Pool / Tue / 17:00
Booked Tue / 09:58",NO,2 of 4,2,Swimming Pool,Swimming Pool,Sat,Tue,17:00,17:00,Nudge Sat / 05:57,Booked Tue / 09:58
R-146-#8048,R-146,"Tennis Court / Tue / 07:00
Tennis Court (Top Pref)","Tennis Court / Thu / 07:00
Nudge Tue / 13:08","Tennis Court / Thu / 17:00
Booked Tue / 10:11",NO,2 of 4,2,Tennis Court,Tennis Court,Thu,Thu,07:00,17:00,Nudge Tue / 13:08,Booked Tue / 10:11
R-141-#8049,R-141,"Badminton Court / Mon / 20:00
Badminton Court (Top Pref)","Badminton Court / Tue / 18:00
Nudge Mon / 18:07","Badminton Court / Wed / 18:00
Booked Tue / 10:53",NO,2 of 4,2,Badminton Court,Badminton Court,Tue,Wed,18:00,18:00,Nudge Mon / 18:07,Booked Tue / 10:53
R-135-#8050,R-135,"Clubhouse / Tue / 08:00
Gym (Top Pref)","Gym / Wed / 06:00
Nudge Tue / 12:31","Gym / Wed / 07:00
Booked Tue / 10:56",YES,4 of 4,4,Gym,Gym,Wed,Wed,06:00,07:00,Nudge Tue / 12:31,Booked Tue / 10:56
R-207-#8051,R-207,"Badminton Court / Tue / 19:00
Badminton Court (Top Pref)","Badminton Court / Wed / 18:00
Nudge Tue / 11:53","Gym / Wed / 09:00
Booked Tue / 11:06",NO,2 of 4,2,Badminton Court,Gym,Wed,Wed,18:00,09:00,Nudge Tue / 11:53,Booked Tue / 11:06
R-165-#8052,R-165,"Badminton Court / Tue / 19:00
Badminton Court (Top Pref)","Badminton Court / Wed / 19:00
Nudge Tue / 14:15","Badminton Court / Wed / 19:00
Booked Tue / 11:35",NO,3 of 4,3,Badminton Court,Badminton Court,Wed,Wed,19:00,19:00,Nudge Tue / 14:15,Booked Tue / 11:35
R-109-#8053,R-109,"Tennis Court / Mon / 07:00
Gym (Top Pref)","Gym / Tue / 07:00
Nudge Mon / 16:16","Gym / Wed / 07:00
Booked Tue / 12:11",NO,2 of 4,2,Gym,Gym,Tue,Wed,07:00,07:00,Nudge Mon / 16:16,Booked Tue / 12:11
R-172-#8054,R-172,"Gym / Tue / 08:00
Gym (Top Pref)","Gym / Wed / 06:00
Nudge Tue / 11:44","Clubhouse / Wed / 08:00
Booked Tue / 12:13",NO,2 of 4,2,Gym,Clubhouse,Wed,Wed,06:00,08:00,Nudge Tue / 11:44,Booked Tue / 12:13
R-200-#8055,R-200,"Swimming Pool / Mon / 19:00
Gym (Top Pref)","Gym / Tue / 19:00
Nudge Tue / 07:25","Swimming Pool / Tue / 21:00
Booked Tue / 12:21",NO,1 of 4,1,Gym,Swimming Pool,Tue,Tue,19:00,21:00,Nudge Tue / 07:25,Booked Tue / 12:21
R-119-#8056,R-119,"Badminton Court / Tue / 20:00
Badminton Court (Top Pref)","Badminton Court / Wed / 18:00
Nudge Tue / 09:45","Gym / Wed / 21:00
Booked Tue / 12:29",NO,1 of 4,1,Badminton Court,Gym,Wed,Wed,18:00,21:00,Nudge Tue / 09:45,Booked Tue / 12:29
R-117-#8057,R-117,"Gym / Tue / 17:00
Gym (Top Pref)","Gym / Wed / 07:00
Nudge Tue / 15:13","Gym / Wed / 06:00
Booked Tue / 12:40",NO,3 of 4,3,Gym,Gym,Wed,Wed,07:00,06:00,Nudge Tue / 15:13,Booked Tue / 12:40
R-147-#8058,R-147,"Gym / Tue / 08:00
Gym (Top Pref)","Gym / Wed / 07:00
Nudge Tue / 15:27","Badminton Court / Wed / 06:00
Booked Tue / 12:46",NO,2 of 4,2,Gym,Badminton Court,Wed,Wed,07:00,06:00,Nudge Tue / 15:27,Booked Tue / 12:46
R-212-#8059,R-212,"Gym / Tue / 07:00
Gym (Top Pref)","Gym / Wed / 06:00
Nudge Tue / 13:52","Gym / Wed / 06:00
Booked Tue / 12:57",YES,4 of 4,4,Gym,Gym,Wed,Wed,06:00,06:00,Nudge Tue / 13:52,Booked Tue / 12:57
R-192-#8060,R-192,"Badminton Court / Tue / 19:00
Badminton Court (Top Pref)","Badminton Court / Wed / 18:00
Nudge Tue / 09:09","Swimming Pool / Wed / 19:00
Booked Tue / 13:09",NO,2 of 4,2,Badminton Court,Swimming Pool,Wed,Wed,18:00,19:00,Nudge Tue / 09:09,Booked Tue / 13:09
R-203-#8061,R-203,"Badminton Court / Tue / 18:00
Badminton Court (Top Pref)","Badminton Court / Wed / 18:00
Nudge Tue / 09:38","Badminton Court / Wed / 20:00
Booked Tue / 13:56",NO,2 of 4,2,Badminton Court,Badminton Court,Wed,Wed,18:00,20:00,Nudge Tue / 09:38,Booked Tue / 13:56
R-144-#8062,R-144,"Swimming Pool / Tue / 06:00
Gym (Top Pref)","Gym / Wed / 07:00
Nudge Tue / 14:54","Gym / Wed / 06:00
Booked Tue / 14:19",YES,4 of 4,4,Gym,Gym,Wed,Wed,07:00,06:00,Nudge Tue / 14:54,Booked Tue / 14:19
R-116-#8063,R-116,"Gym / Tue / 16:00
Gym (Top Pref)","Gym / Wed / 08:00
Nudge Tue / 16:35","Swimming Pool / Wed / 06:00
Booked Tue / 14:40",NO,2 of 4,2,Gym,Swimming Pool,Wed,Wed,08:00,06:00,Nudge Tue / 16:35,Booked Tue / 14:40
R-145-#8064,R-145,"Gym / Tue / 08:00
Gym (Top Pref)","Gym / Wed / 06:00
Nudge Tue / 14:20","Gym / Wed / 07:00
Booked Tue / 15:12",YES,4 of 4,4,Gym,Gym,Wed,Wed,06:00,07:00,Nudge Tue / 14:20,Booked Tue / 15:12
R-208-#8065,R-208,"Badminton Court / Tue / 07:00
Gym (Top Pref)","Gym / Wed / 06:00
Nudge Tue / 13:56","Gym / Wed / 07:00
Booked Tue / 15:14",YES,4 of 4,4,Gym,Gym,Wed,Wed,06:00,07:00,Nudge Tue / 13:56,Booked Tue / 15:14
R-189-#8066,R-189,"Swimming Pool / Tue / 06:00
Gym (Top Pref)","Gym / Wed / 07:00
Nudge Tue / 18:08","Badminton Court / Wed / 08:00
Booked Tue / 15:34",NO,2 of 4,2,Gym,Badminton Court,Wed,Wed,07:00,08:00,Nudge Tue / 18:08,Booked Tue / 15:34
R-167-#8067,R-167,"Badminton Court / Tue / 07:00
Gym (Top Pref)","Gym / Wed / 07:00
Nudge Tue / 12:50","Gym / Wed / 08:00
Booked Tue / 15:43",NO,3 of 4,3,Gym,Gym,Wed,Wed,07:00,08:00,Nudge Tue / 12:50,Booked Tue / 15:43
R-136-#8068,R-136,"Tennis Court / Tue / 19:00
Badminton Court (Top Pref)","Badminton Court / Wed / 20:00
Nudge Tue / 19:28","Tennis Court / Wed / 18:00
Booked Tue / 15:53",NO,1 of 4,1,Badminton Court,Tennis Court,Wed,Wed,20:00,18:00,Nudge Tue / 19:28,Booked Tue / 15:53
R-127-#8069,R-127,"Swimming Pool / Tue / 17:00
Swimming Pool (Top Pref)","Swimming Pool / Wed / 17:00
Nudge Wed / 01:20","Tennis Court / Wed / 08:00
Booked Tue / 15:57",NO,1 of 4,1,Swimming Pool,Tennis Court,Wed,Wed,17:00,08:00,Nudge Wed / 01:20,Booked Tue / 15:57
R-210-#8070,R-210,"Tennis Court / Tue / 07:00
Tennis Court (Top Pref)","Tennis Court / Thu / 07:00
Nudge Tue / 16:37","Gym / Thu / 20:00
Booked Tue / 16:38",NO,2 of 4,2,Tennis Court,Gym,Thu,Thu,07:00,20:00,Nudge Tue / 16:37,Booked Tue / 16:38
R-142-#8071,R-142,"Badminton Court / Tue / 19:00
Badminton Court (Top Pref)","Badminton Court / Wed / 18:00
Nudge Tue / 12:03","Badminton Court / Wed / 19:00
Booked Tue / 16:39",NO,3 of 4,3,Badminton Court,Badminton Court,Wed,Wed,18:00,19:00,Nudge Tue / 12:03,Booked Tue / 16:39
R-195-#8072,R-195,"Clubhouse / Tue / 19:00
Badminton Court (Top Pref)","Badminton Court / Wed / 18:00
Nudge Tue / 18:17","Badminton Court / Wed / 18:00
Booked Tue / 16:54",YES,4 of 4,4,Badminton Court,Badminton Court,Wed,Wed,18:00,18:00,Nudge Tue / 18:17,Booked Tue / 16:54
R-152-#8073,R-152,"Gym / Tue / 06:00
Gym (Top Pref)","Gym / Wed / 06:00
Nudge Tue / 12:23","Gym / Wed / 07:00
Booked Tue / 17:01",NO,3 of 4,3,Gym,Gym,Wed,Wed,06:00,07:00,Nudge Tue / 12:23,Booked Tue / 17:01
R-128-#8074,R-128,"Badminton Court / Mon / 17:00
Swimming Pool (Top Pref)","Gym / Wed / 17:00
Nudge Wed / 02:44","Tennis Court / Wed / 08:00
Booked Tue / 17:13",NO,1 of 4,1,Gym,Tennis Court,Wed,Wed,17:00,08:00,Nudge Wed / 02:44,Booked Tue / 17:13
R-105-#8075,R-105,"Badminton Court / Tue / 20:00
Badminton Court (Top Pref)","Badminton Court / Wed / 20:00
Nudge Tue / 19:05","Gym / Wed / 18:00
Booked Tue / 17:35",NO,2 of 4,2,Badminton Court,Gym,Wed,Wed,20:00,18:00,Nudge Tue / 19:05,Booked Tue / 17:35
R-158-#8076,R-158,"Swimming Pool / Tue / 07:00
Gym (Top Pref)","Gym / Wed / 08:00
Nudge Tue / 14:38","Clubhouse / Wed / 10:00
Booked Tue / 17:35",NO,1 of 4,1,Gym,Clubhouse,Wed,Wed,08:00,10:00,Nudge Tue / 14:38,Booked Tue / 17:35
R-186-#8077,R-186,"Gym / Thu / 17:00
Swimming Pool (Top Pref)","Gym / Mon / 17:00
Nudge Mon / 05:16","Gym / Wed / 07:00
Booked Tue / 17:37",NO,1 of 4,1,Gym,Gym,Mon,Wed,17:00,07:00,Nudge Mon / 05:16,Booked Tue / 17:37
R-174-#8078,R-174,"Gym / Tue / 08:00
Gym (Top Pref)","Gym / Wed / 07:00
Nudge Tue / 17:33","Swimming Pool / Wed / 06:00
Booked Tue / 17:52",NO,3 of 4,3,Gym,Swimming Pool,Wed,Wed,07:00,06:00,Nudge Tue / 17:33,Booked Tue / 17:52
R-102-#8079,R-102,"Gym / Tue / 06:00
Gym (Top Pref)","Gym / Wed / 06:00
Nudge Tue / 13:43","Gym / Wed / 08:00
Booked Tue / 18:16",NO,2 of 4,2,Gym,Gym,Wed,Wed,06:00,08:00,Nudge Tue / 13:43,Booked Tue / 18:16
R-123-#8080,R-123,"Swimming Pool / Tue / 08:00
Gym (Top Pref)","Gym / Wed / 07:00
Nudge Tue / 17:27","Gym / Wed / 07:00
Booked Tue / 18:52",YES,4 of 4,4,Gym,Gym,Wed,Wed,07:00,07:00,Nudge Tue / 17:27,Booked Tue / 18:52
R-156-#8081,R-156,"Gym / Tue / 06:00
Gym (Top Pref)","Gym / Wed / 07:00
Nudge Tue / 16:53","Swimming Pool / Wed / 08:00
Booked Tue / 19:08",NO,3 of 4,3,Gym,Swimming Pool,Wed,Wed,07:00,08:00,Nudge Tue / 16:53,Booked Tue / 19:08
R-118-#8082,R-118,"Gym / Tue / 07:00
Gym (Top Pref)","Gym / Wed / 06:00
Nudge Tue / 12:43","Swimming Pool / Wed / 08:00
Booked Tue / 19:17",NO,1 of 4,1,Gym,Swimming Pool,Wed,Wed,06:00,08:00,Nudge Tue / 12:43,Booked Tue / 19:17
R-132-#8083,R-132,"Tennis Court / Tue / 07:00
Tennis Court (Top Pref)","Tennis Court / Thu / 07:00
Nudge Tue / 15:15","Tennis Court / Thu / 10:00
Booked Tue / 19:27",NO,2 of 4,2,Tennis Court,Tennis Court,Thu,Thu,07:00,10:00,Nudge Tue / 15:15,Booked Tue / 19:27
R-108-#8084,R-108,"Swimming Pool / Mon / 19:00
Badminton Court (Top Pref)","Swimming Pool / Wed / 19:00
Nudge Wed / 07:24","Badminton Court / Wed / 08:00
Booked Tue / 20:12",NO,1 of 4,1,Swimming Pool,Badminton Court,Wed,Wed,19:00,08:00,Nudge Wed / 07:24,Booked Tue / 20:12
R-113-#8085,R-113,"Gym / Tue / 06:00
Gym (Top Pref)","Gym / Wed / 07:00
Nudge Tue / 16:46","Gym / Wed / 07:00
Booked Tue / 20:39",NO,3 of 4,3,Gym,Gym,Wed,Wed,07:00,07:00,Nudge Tue / 16:46,Booked Tue / 20:39
R-168-#8086,R-168,"Gym / Tue / 07:00
Gym (Top Pref)","Gym / Wed / 06:00
Nudge Tue / 17:58","Gym / Wed / 07:00
Booked Tue / 21:24",NO,3 of 4,3,Gym,Gym,Wed,Wed,06:00,07:00,Nudge Tue / 17:58,Booked Tue / 21:24
R-206-#8087,R-206,"Swimming Pool / Tue / 08:00
Gym (Top Pref)","Gym / Wed / 07:00
Nudge Tue / 17:26","Gym / Wed / 06:00
Booked Tue / 21:33",NO,3 of 4,3,Gym,Gym,Wed,Wed,07:00,06:00,Nudge Tue / 17:26,Booked Tue / 21:33
R-162-#8088,R-162,"Clubhouse / Sun / 14:00
Clubhouse (Top Pref)","Clubhouse / Fri / 19:00
Nudge Thu / 23:19","Clubhouse / Wed / 19:00
Booked Tue / 21:48",NO,2 of 4,2,Clubhouse,Clubhouse,Fri,Wed,19:00,19:00,Nudge Thu / 23:19,Booked Tue / 21:48
R-200-#8089,R-200,"Swimming Pool / Tue / 21:00
Gym (Top Pref)","Gym / Wed / 08:00
Nudge Tue / 18:42","Tennis Court / Wed / 08:00
Booked Tue / 22:07",NO,2 of 4,2,Gym,Tennis Court,Wed,Wed,08:00,08:00,Nudge Tue / 18:42,Booked Tue / 22:07
R-213-#8090,R-213,"Clubhouse / Tue / 18:00
Badminton Court (Top Pref)","Badminton Court / Wed / 18:00
Nudge Tue / 10:35","Gym / Wed / 18:00
Booked Tue / 22:25",NO,2 of 4,2,Badminton Court,Gym,Wed,Wed,18:00,18:00,Nudge Tue / 10:35,Booked Tue / 22:25
R-106-#8091,R-106,"Badminton Court / Tue / 11:00
Badminton Court (Top Pref)","Badminton Court / Wed / 18:00
Nudge Tue / 19:03","Badminton Court / Wed / 18:00
Booked Tue / 23:47",NO,3 of 4,3,Badminton Court,Badminton Court,Wed,Wed,18:00,18:00,Nudge Tue / 19:03,Booked Tue / 23:47
R-177-#8092,R-177,"Swimming Pool / Tue / 18:00
Tennis Court (Top Pref)","Tennis Court / Thu / 07:00
Nudge Tue / 14:52","Swimming Pool / Thu / 08:00
Booked Wed / 00:23",NO,2 of 4,2,Tennis Court,Swimming Pool,Thu,Thu,07:00,08:00,Nudge Tue / 14:52,Booked Wed / 00:23
R-218-#8093,R-218,"Badminton Court / Mon / 17:00
Gym (Top Pref)","Gym / Wed / 17:00
Nudge Wed / 05:12","Badminton Court / Wed / 07:00
Booked Wed / 01:45",NO,1 of 4,1,Gym,Badminton Court,Wed,Wed,17:00,07:00,Nudge Wed / 05:12,Booked Wed / 01:45
R-138-#8094,R-138,"Badminton Court / Mon / 18:00
Tennis Court (Top Pref)","Tennis Court / Thu / 18:00
Nudge Wed / 00:50","Clubhouse / Thu / 18:00
Booked Wed / 02:22",NO,3 of 4,3,Tennis Court,Clubhouse,Thu,Thu,18:00,18:00,Nudge Wed / 00:50,Booked Wed / 02:22
R-169-#8095,R-169,"Tennis Court / Mon / 19:00
Badminton Court (Top Pref)","Gym / Wed / 17:00
Nudge Wed / 05:18","Tennis Court / Wed / 17:00
Booked Wed / 02:42",NO,2 of 4,2,Gym,Tennis Court,Wed,Wed,17:00,17:00,Nudge Wed / 05:18,Booked Wed / 02:42
R-131-#8096,R-131,"Badminton Court / Wed / 07:00
Badminton Court (Top Pref)","Badminton Court / Thu / 19:00
Nudge Wed / 13:46","Badminton Court / Thu / 19:00
Booked Wed / 02:54",NO,3 of 4,3,Badminton Court,Badminton Court,Thu,Thu,19:00,19:00,Nudge Wed / 13:46,Booked Wed / 02:54
R-195-#8097,R-195,"Badminton Court / Wed / 18:00
Badminton Court (Top Pref)","Badminton Court / Thu / 18:00
Nudge Wed / 08:55","Badminton Court / Thu / 18:00
Booked Wed / 03:57",NO,3 of 4,3,Badminton Court,Badminton Court,Thu,Thu,18:00,18:00,Nudge Wed / 08:55,Booked Wed / 03:57
R-184-#8098,R-184,"Swimming Pool / Tue / 08:00
Gym (Top Pref)","Gym / Wed / 19:00
Nudge Wed / 07:19","Swimming Pool / Wed / 17:00
Booked Wed / 04:37",NO,1 of 4,1,Gym,Swimming Pool,Wed,Wed,19:00,17:00,Nudge Wed / 07:19,Booked Wed / 04:37
R-126-#8099,R-126,"Badminton Court / Mon / 11:00
Swimming Pool (Top Pref)","Badminton Court / Wed / 17:00
Nudge Wed / 05:08","Badminton Court / Wed / 19:00
Booked Wed / 04:42",NO,3 of 4,3,Badminton Court,Badminton Court,Wed,Wed,17:00,19:00,Nudge Wed / 05:08,Booked Wed / 04:42
R-209-#8100,R-209,"Swimming Pool / Sun / 17:00
Swimming Pool (Top Pref)","Swimming Pool / Wed / 17:00
Nudge Wed / 11:19","Swimming Pool / Wed / 11:00
Booked Wed / 04:44",NO,2 of 4,2,Swimming Pool,Swimming Pool,Wed,Wed,17:00,11:00,Nudge Wed / 11:19,Booked Wed / 04:44
R-111-#8101,R-111,"Swimming Pool / Tue / 08:00
Gym (Top Pref)","Gym / Wed / 19:00
Nudge Wed / 07:28","Swimming Pool / Wed / 17:00
Booked Wed / 06:05",NO,2 of 4,2,Gym,Swimming Pool,Wed,Wed,19:00,17:00,Nudge Wed / 07:28,Booked Wed / 06:05
R-175-#8102,R-175,"Tennis Court / Sun / 18:00
Tennis Court (Top Pref)","Tennis Court / Thu / 18:00
Nudge Wed / 00:31","Gym / Thu / 17:00
Booked Wed / 06:49",NO,2 of 4,2,Tennis Court,Gym,Thu,Thu,18:00,17:00,Nudge Wed / 00:31,Booked Wed / 06:49
R-203-#8103,R-203,"Badminton Court / Wed / 20:00
Badminton Court (Top Pref)","Badminton Court / Thu / 18:00
Nudge Wed / 09:43","Badminton Court / Thu / 18:00
Booked Wed / 07:43",YES,4 of 4,4,Badminton Court,Badminton Court,Thu,Thu,18:00,18:00,Nudge Wed / 09:43,Booked Wed / 07:43
R-141-#8104,R-141,"Badminton Court / Wed / 18:00
Badminton Court (Top Pref)","Badminton Court / Thu / 18:00
Nudge Wed / 14:12","Badminton Court / Thu / 20:00
Booked Wed / 08:14",NO,2 of 4,2,Badminton Court,Badminton Court,Thu,Thu,18:00,20:00,Nudge Wed / 14:12,Booked Wed / 08:14
R-192-#8105,R-192,"Swimming Pool / Wed / 19:00
Badminton Court (Top Pref)","Badminton Court / Thu / 18:00
Nudge Wed / 12:31","Badminton Court / Thu / 18:00
Booked Wed / 09:22",NO,3 of 4,3,Badminton Court,Badminton Court,Thu,Thu,18:00,18:00,Nudge Wed / 12:31,Booked Wed / 09:22
R-153-#8106,R-153,"Swimming Pool / Mon / 17:00
Swimming Pool (Top Pref)","Swimming Pool / Wed / 17:00
Nudge Wed / 05:05","Gym / Wed / 17:00
Booked Wed / 10:14",NO,2 of 4,2,Swimming Pool,Gym,Wed,Wed,17:00,17:00,Nudge Wed / 05:05,Booked Wed / 10:14
R-204-#8107,R-204,"Tennis Court / Sat / 19:00
Tennis Court (Top Pref)","Tennis Court / Mon / 19:00
Nudge Mon / 07:24","Clubhouse / Wed / 17:00
Booked Wed / 10:46",NO,0 of 4,0,Tennis Court,Clubhouse,Mon,Wed,19:00,17:00,Nudge Mon / 07:24,Booked Wed / 10:46
R-125-#8108,R-125,"Tennis Court / Tue / 20:00
Badminton Court (Top Pref)","Badminton Court / Wed / 19:00
Nudge Tue / 18:46","Badminton Court / Thu / 19:00
Booked Wed / 12:01",NO,2 of 4,2,Badminton Court,Badminton Court,Wed,Thu,19:00,19:00,Nudge Tue / 18:46,Booked Wed / 12:01
R-113-#8109,R-113,"Gym / Wed / 07:00
Gym (Top Pref)","Gym / Thu / 06:00
Nudge Wed / 12:28","Gym / Thu / 08:00
Booked Wed / 13:05",NO,3 of 4,3,Gym,Gym,Thu,Thu,06:00,08:00,Nudge Wed / 12:28,Booked Wed / 13:05
R-206-#8110,R-206,"Gym / Wed / 06:00
Gym (Top Pref)","Gym / Thu / 07:00
Nudge Wed / 13:27","Clubhouse / Thu / 06:00
Booked Wed / 13:42",NO,3 of 4,3,Gym,Clubhouse,Thu,Thu,07:00,06:00,Nudge Wed / 13:27,Booked Wed / 13:42
R-147-#8111,R-147,"Badminton Court / Wed / 06:00
Gym (Top Pref)","Gym / Thu / 08:00
Nudge Wed / 17:26","Badminton Court / Thu / 07:00
Booked Wed / 14:01",NO,2 of 4,2,Gym,Badminton Court,Thu,Thu,08:00,07:00,Nudge Wed / 17:26,Booked Wed / 14:01
R-165-#8112,R-165,"Badminton Court / Wed / 19:00
Badminton Court (Top Pref)","Badminton Court / Thu / 18:00
Nudge Wed / 13:09","Badminton Court / Thu / 20:00
Booked Wed / 14:01",NO,3 of 4,3,Badminton Court,Badminton Court,Thu,Thu,18:00,20:00,Nudge Wed / 13:09,Booked Wed / 14:01
R-158-#8113,R-158,"Clubhouse / Wed / 10:00
Gym (Top Pref)","Gym / Thu / 08:00
Nudge Wed / 19:06","Gym / Thu / 08:00
Booked Wed / 14:47",NO,3 of 4,3,Gym,Gym,Thu,Thu,08:00,08:00,Nudge Wed / 19:06,Booked Wed / 14:47
R-115-#8114,R-115,"Badminton Court / Tue / 17:00
Tennis Court (Top Pref)","Tennis Court / Thu / 18:00
Nudge Wed / 00:46","Badminton Court / Thu / 17:00
Booked Wed / 14:56",NO,2 of 4,2,Tennis Court,Badminton Court,Thu,Thu,18:00,17:00,Nudge Wed / 00:46,Booked Wed / 14:56
R-119-#8115,R-119,"Gym / Wed / 21:00
Badminton Court (Top Pref)","Badminton Court / Thu / 20:00
Nudge Wed / 16:52","Gym / Thu / 20:00
Booked Wed / 15:50",NO,3 of 4,3,Badminton Court,Gym,Thu,Thu,20:00,20:00,Nudge Wed / 16:52,Booked Wed / 15:50
R-172-#8116,R-172,"Clubhouse / Wed / 08:00
Gym (Top Pref)","Gym / Thu / 07:00
Nudge Wed / 18:47","Gym / Thu / 08:00
Booked Wed / 15:58",NO,3 of 4,3,Gym,Gym,Thu,Thu,07:00,08:00,Nudge Wed / 18:47,Booked Wed / 15:58
R-106-#8117,R-106,"Badminton Court / Wed / 18:00
Badminton Court (Top Pref)","Badminton Court / Thu / 18:00
Nudge Wed / 09:59","Clubhouse / Thu / 20:00
Booked Wed / 15:59",NO,1 of 4,1,Badminton Court,Clubhouse,Thu,Thu,18:00,20:00,Nudge Wed / 09:59,Booked Wed / 15:59
R-156-#8118,R-156,"Swimming Pool / Wed / 08:00
Gym (Top Pref)","Gym / Thu / 07:00
Nudge Wed / 15:49","Swimming Pool / Thu / 11:00
Booked Wed / 17:07",NO,2 of 4,2,Gym,Swimming Pool,Thu,Thu,07:00,11:00,Nudge Wed / 15:49,Booked Wed / 17:07
R-168-#8119,R-168,"Gym / Wed / 07:00
Gym (Top Pref)","Gym / Thu / 06:00
Nudge Wed / 13:23","Gym / Thu / 08:00
Booked Wed / 17:15",NO,2 of 4,2,Gym,Gym,Thu,Thu,06:00,08:00,Nudge Wed / 13:23,Booked Wed / 17:15
R-135-#8120,R-135,"Gym / Wed / 07:00
Gym (Top Pref)","Gym / Thu / 06:00
Nudge Wed / 18:24","Gym / Thu / 08:00
Booked Wed / 17:31",NO,3 of 4,3,Gym,Gym,Thu,Thu,06:00,08:00,Nudge Wed / 18:24,Booked Wed / 17:31
R-123-#8121,R-123,"Gym / Wed / 07:00
Gym (Top Pref)","Gym / Thu / 07:00
Nudge Wed / 16:42","Gym / Thu / 08:00
Booked Wed / 17:56",YES,4 of 4,4,Gym,Gym,Thu,Thu,07:00,08:00,Nudge Wed / 16:42,Booked Wed / 17:56
R-201-#8122,R-201,"Swimming Pool / Tue / 20:00
Gym (Top Pref)","Swimming Pool / Sat / 19:00
Nudge Sat / 07:06","Tennis Court / Thu / 07:00
Booked Wed / 17:58",NO,0 of 4,0,Swimming Pool,Tennis Court,Sat,Thu,19:00,07:00,Nudge Sat / 07:06,Booked Wed / 17:58
R-167-#8123,R-167,"Gym / Wed / 08:00
Gym (Top Pref)","Gym / Thu / 07:00
Nudge Wed / 18:21","Gym / Thu / 07:00
Booked Wed / 18:18",YES,4 of 4,4,Gym,Gym,Thu,Thu,07:00,07:00,Nudge Wed / 18:21,Booked Wed / 18:18
R-208-#8124,R-208,"Gym / Wed / 07:00
Gym (Top Pref)","Gym / Thu / 06:00
Nudge Wed / 17:43","Gym / Thu / 06:00
Booked Wed / 18:26",YES,4 of 4,4,Gym,Gym,Thu,Thu,06:00,06:00,Nudge Wed / 17:43,Booked Wed / 18:26
R-174-#8125,R-174,"Swimming Pool / Wed / 06:00
Gym (Top Pref)","Gym / Thu / 07:00
Nudge Wed / 16:49","Gym / Thu / 07:00
Booked Wed / 18:30",YES,4 of 4,4,Gym,Gym,Thu,Thu,07:00,07:00,Nudge Wed / 16:49,Booked Wed / 18:30
R-217-#8126,R-217,"Badminton Court / Wed / 20:00
Badminton Court (Top Pref)","Badminton Court / Thu / 18:00
Nudge Wed / 17:08","Badminton Court / Thu / 18:00
Booked Wed / 18:33",YES,4 of 4,4,Badminton Court,Badminton Court,Thu,Thu,18:00,18:00,Nudge Wed / 17:08,Booked Wed / 18:33
R-105-#8127,R-105,"Gym / Wed / 18:00
Badminton Court (Top Pref)","Badminton Court / Thu / 20:00
Nudge Wed / 17:02","Badminton Court / Thu / 19:00
Booked Wed / 18:58",YES,4 of 4,4,Badminton Court,Badminton Court,Thu,Thu,20:00,19:00,Nudge Wed / 17:02,Booked Wed / 18:58
R-126-#8128,R-126,"Badminton Court / Wed / 19:00
Swimming Pool (Top Pref)","Gym / Thu / 11:00
Nudge Wed / 22:02","Tennis Court / Thu / 08:00
Booked Wed / 19:02",NO,1 of 4,1,Gym,Tennis Court,Thu,Thu,11:00,08:00,Nudge Wed / 22:02,Booked Wed / 19:02
R-108-#8129,R-108,"Badminton Court / Wed / 08:00
Badminton Court (Top Pref)","Gym / Thu / 19:00
Nudge Thu / 07:03","Gym / Thu / 07:00
Booked Wed / 19:04",NO,2 of 4,2,Gym,Gym,Thu,Thu,19:00,07:00,Nudge Thu / 07:03,Booked Wed / 19:04
R-116-#8130,R-116,"Swimming Pool / Wed / 06:00
Gym (Top Pref)","Gym / Thu / 08:00
Nudge Wed / 19:49","Gym / Thu / 06:00
Booked Wed / 19:25",NO,3 of 4,3,Gym,Gym,Thu,Thu,08:00,06:00,Nudge Wed / 19:49,Booked Wed / 19:25
R-102-#8131,R-102,"Gym / Wed / 08:00
Gym (Top Pref)","Gym / Thu / 08:00
Nudge Wed / 18:11","Gym / Thu / 06:00
Booked Wed / 19:51",NO,3 of 4,3,Gym,Gym,Thu,Thu,08:00,06:00,Nudge Wed / 18:11,Booked Wed / 19:51
R-152-#8132,R-152,"Gym / Wed / 07:00
Gym (Top Pref)","Gym / Thu / 06:00
Nudge Wed / 17:36","Gym / Thu / 07:00
Booked Wed / 20:13",NO,3 of 4,3,Gym,Gym,Thu,Thu,06:00,07:00,Nudge Wed / 17:36,Booked Wed / 20:13
R-142-#8133,R-142,"Badminton Court / Wed / 19:00
Badminton Court (Top Pref)","Badminton Court / Thu / 18:00
Nudge Wed / 15:13","Badminton Court / Thu / 18:00
Booked Wed / 20:31",NO,3 of 4,3,Badminton Court,Badminton Court,Thu,Thu,18:00,18:00,Nudge Wed / 15:13,Booked Wed / 20:31
R-183-#8134,R-183,"Tennis Court / Tue / 20:00
Badminton Court (Top Pref)","Badminton Court / Fri / 18:00
Nudge Thu / 17:00","Gym / Thu / 20:00
Booked Wed / 20:35",NO,0 of 4,0,Badminton Court,Gym,Fri,Thu,18:00,20:00,Nudge Thu / 17:00,Booked Wed / 20:35
R-109-#8135,R-109,"Gym / Wed / 07:00
Gym (Top Pref)","Gym / Thu / 07:00
Nudge Wed / 19:32","Gym / Thu / 08:00
Booked Wed / 20:38",YES,4 of 4,4,Gym,Gym,Thu,Thu,07:00,08:00,Nudge Wed / 19:32,Booked Wed / 20:38
R-189-#8136,R-189,"Badminton Court / Wed / 08:00
Gym (Top Pref)","Gym / Thu / 08:00
Nudge Wed / 19:57","Gym / Thu / 06:00
Booked Wed / 20:40",NO,3 of 4,3,Gym,Gym,Thu,Thu,08:00,06:00,Nudge Wed / 19:57,Booked Wed / 20:40
R-144-#8137,R-144,"Gym / Wed / 06:00
Gym (Top Pref)","Gym / Thu / 08:00
Nudge Wed / 19:59","Gym / Thu / 16:00
Booked Wed / 21:00",NO,3 of 4,3,Gym,Gym,Thu,Thu,08:00,16:00,Nudge Wed / 19:59,Booked Wed / 21:00
R-118-#8138,R-118,"Swimming Pool / Wed / 08:00
Gym (Top Pref)","Gym / Thu / 08:00
Nudge Wed / 19:40","Gym / Thu / 06:00
Booked Wed / 22:15",NO,2 of 4,2,Gym,Gym,Thu,Thu,08:00,06:00,Nudge Wed / 19:40,Booked Wed / 22:15
R-117-#8139,R-117,"Gym / Wed / 06:00
Gym (Top Pref)","Gym / Thu / 07:00
Nudge Wed / 19:21","Gym / Thu / 06:00
Booked Wed / 22:18",NO,3 of 4,3,Gym,Gym,Thu,Thu,07:00,06:00,Nudge Wed / 19:21,Booked Wed / 22:18
R-145-#8140,R-145,"Gym / Wed / 07:00
Gym (Top Pref)","Gym / Thu / 06:00
Nudge Wed / 18:14","Gym / Thu / 10:00
Booked Wed / 23:20",NO,2 of 4,2,Gym,Gym,Thu,Thu,06:00,10:00,Nudge Wed / 18:14,Booked Wed / 23:20
R-136-#8141,R-136,"Tennis Court / Wed / 18:00
Badminton Court (Top Pref)","Badminton Court / Thu / 18:00
Nudge Wed / 16:08","Gym / Fri / 19:00
Booked Thu / 00:04",NO,1 of 4,1,Badminton Court,Gym,Thu,Fri,18:00,19:00,Nudge Wed / 16:08,Booked Thu / 00:04
R-204-#8142,R-204,"Clubhouse / Wed / 17:00
Tennis Court (Top Pref)","Gym / Thu / 07:00
Nudge Wed / 18:41","Badminton Court / Thu / 11:00
Booked Thu / 00:07",NO,1 of 4,1,Gym,Badminton Court,Thu,Thu,07:00,11:00,Nudge Wed / 18:41,Booked Thu / 00:07
R-164-#8143,R-164,"Tennis Court / Sat / 19:00
Clubhouse (Top Pref)","Clubhouse / Fri / 15:00
Nudge Thu / 19:10","Clubhouse / Thu / 15:00
Booked Thu / 02:05",NO,2 of 4,2,Clubhouse,Clubhouse,Fri,Thu,15:00,15:00,Nudge Thu / 19:10,Booked Thu / 02:05
R-136-#8144,R-136,"Gym / Fri / 19:00
Badminton Court (Top Pref)","Badminton Court / Fri / 19:00
Nudge Thu / 09:57","Badminton Court / Thu / 13:00
Booked Thu / 03:19",NO,1 of 4,1,Badminton Court,Badminton Court,Fri,Thu,19:00,13:00,Nudge Thu / 09:57,Booked Thu / 03:19
R-101-#8145,R-101,"Badminton Court / Tue / 08:00
Gym (Top Pref)","Gym / Thu / 07:00
Nudge Wed / 18:03","Gym / Thu / 14:00
Booked Thu / 03:50",NO,2 of 4,2,Gym,Gym,Thu,Thu,07:00,14:00,Nudge Wed / 18:03,Booked Thu / 03:50
R-137-#8146,R-137,"Clubhouse / Fri / 19:00
Swimming Pool (Top Pref)","Gym / Mon / 17:00
Nudge Mon / 05:03","Tennis Court / Thu / 17:00
Booked Thu / 04:00",NO,1 of 4,1,Gym,Tennis Court,Mon,Thu,17:00,17:00,Nudge Mon / 05:03,Booked Thu / 04:00
R-207-#8147,R-207,"Gym / Wed / 09:00
Badminton Court (Top Pref)","Badminton Court / Thu / 19:00
Nudge Wed / 18:18","Badminton Court / Fri / 18:00
Booked Thu / 04:25",NO,2 of 4,2,Badminton Court,Badminton Court,Thu,Fri,19:00,18:00,Nudge Wed / 18:18,Booked Thu / 04:25
R-149-#8148,R-149,"Clubhouse / Sun / 11:00
Swimming Pool (Top Pref)","Swimming Pool / Sat / 15:00
Nudge Sat / 09:49","Swimming Pool / Thu / 10:00
Booked Thu / 04:45",NO,1 of 4,1,Swimming Pool,Swimming Pool,Sat,Thu,15:00,10:00,Nudge Sat / 09:49,Booked Thu / 04:45
R-207-#8149,R-207,"Badminton Court / Fri / 18:00
Badminton Court (Top Pref)","Badminton Court / Sat / 18:00
Nudge Fri / 12:01","Badminton Court / Thu / 20:00
Booked Thu / 04:55",NO,1 of 4,1,Badminton Court,Badminton Court,Sat,Thu,18:00,20:00,Nudge Fri / 12:01,Booked Thu / 04:55
R-187-#8150,R-187,"Badminton Court / Mon / 11:00
Gym (Top Pref)","Gym / Thu / 11:00
Nudge Wed / 23:13","Clubhouse / Thu / 19:00
Booked Thu / 06:00",NO,1 of 4,1,Gym,Clubhouse,Thu,Thu,11:00,19:00,Nudge Wed / 23:13,Booked Thu / 06:00
R-170-#8151,R-170,"Badminton Court / Tue / 18:00
Badminton Court (Top Pref)","Badminton Court / Thu / 18:00
Nudge Wed / 17:54","Gym / Fri / 18:00
Booked Thu / 06:01",NO,1 of 4,1,Badminton Court,Gym,Thu,Fri,18:00,18:00,Nudge Wed / 17:54,Booked Thu / 06:01
R-103-#8152,R-103,"Gym / Thu / 17:00
Swimming Pool (Top Pref)","Gym / Mon / 17:00
Nudge Mon / 04:59","Swimming Pool / Thu / 19:00
Booked Thu / 06:38",NO,0 of 4,0,Gym,Swimming Pool,Mon,Thu,17:00,19:00,Nudge Mon / 04:59,Booked Thu / 06:38
R-165-#8153,R-165,"Badminton Court / Thu / 20:00
Badminton Court (Top Pref)","Badminton Court / Fri / 19:00
Nudge Thu / 11:27","Badminton Court / Fri / 10:00
Booked Thu / 07:37",NO,2 of 4,2,Badminton Court,Badminton Court,Fri,Fri,19:00,10:00,Nudge Thu / 11:27,Booked Thu / 07:37
R-106-#8154,R-106,"Clubhouse / Thu / 20:00
Badminton Court (Top Pref)","Badminton Court / Fri / 18:00
Nudge Thu / 10:17","Badminton Court / Fri / 18:00
Booked Thu / 09:06",YES,4 of 4,4,Badminton Court,Badminton Court,Fri,Fri,18:00,18:00,Nudge Thu / 10:17,Booked Thu / 09:06
R-211-#8155,R-211,"Swimming Pool / Sun / 16:00
Swimming Pool (Top Pref)","Swimming Pool / Sat / 16:00
Nudge Sat / 09:47","Swimming Pool / Thu / 15:00
Booked Thu / 09:35",NO,2 of 4,2,Swimming Pool,Swimming Pool,Sat,Thu,16:00,15:00,Nudge Sat / 09:47,Booked Thu / 09:35
R-107-#8156,R-107,"Badminton Court / Tue / 19:00
Badminton Court (Top Pref)","Badminton Court / Thu / 18:00
Nudge Wed / 17:21","Badminton Court / Fri / 18:00
Booked Thu / 09:47",NO,2 of 4,2,Badminton Court,Badminton Court,Thu,Fri,18:00,18:00,Nudge Wed / 17:21,Booked Thu / 09:47
R-210-#8157,R-210,"Gym / Thu / 20:00
Tennis Court (Top Pref)","Tennis Court / Sat / 08:00
Nudge Thu / 15:15","Swimming Pool / Sat / 17:00
Booked Thu / 10:56",NO,1 of 4,1,Tennis Court,Swimming Pool,Sat,Sat,08:00,17:00,Nudge Thu / 15:15,Booked Thu / 10:56
R-167-#8158,R-167,"Gym / Thu / 07:00
Gym (Top Pref)","Gym / Fri / 07:00
Nudge Thu / 14:33","Gym / Fri / 08:00
Booked Thu / 11:49",NO,3 of 4,3,Gym,Gym,Fri,Fri,07:00,08:00,Nudge Thu / 14:33,Booked Thu / 11:49
R-115-#8159,R-115,"Badminton Court / Thu / 17:00
Tennis Court (Top Pref)","Tennis Court / Sun / 18:00
Nudge Fri / 20:13","Tennis Court / Sat / 18:00
Booked Thu / 12:02",NO,2 of 4,2,Tennis Court,Tennis Court,Sun,Sat,18:00,18:00,Nudge Fri / 20:13,Booked Thu / 12:02
R-173-#8160,R-173,"Badminton Court / Tue / 10:00
Badminton Court (Top Pref)","Badminton Court / Fri / 20:00
Nudge Thu / 17:02","Badminton Court / Fri / 19:00
Booked Thu / 12:03",NO,3 of 4,3,Badminton Court,Badminton Court,Fri,Fri,20:00,19:00,Nudge Thu / 17:02,Booked Thu / 12:03
R-101-#8161,R-101,"Gym / Thu / 14:00
Gym (Top Pref)","Gym / Fri / 07:00
Nudge Thu / 14:31","Swimming Pool / Fri / 07:00
Booked Thu / 12:10",NO,3 of 4,3,Gym,Swimming Pool,Fri,Fri,07:00,07:00,Nudge Thu / 14:31,Booked Thu / 12:10
R-216-#8162,R-216,"Swimming Pool / Sun / 06:00
Swimming Pool (Top Pref)","Swimming Pool / Thu / 17:00
Nudge Thu / 10:43","Badminton Court / Thu / 17:00
Booked Thu / 12:26",NO,3 of 4,3,Swimming Pool,Badminton Court,Thu,Thu,17:00,17:00,Nudge Thu / 10:43,Booked Thu / 12:26
R-212-#8163,R-212,"Gym / Wed / 06:00
Gym (Top Pref)","Gym / Fri / 08:00
Nudge Thu / 17:35","Swimming Pool / Fri / 06:00
Booked Thu / 12:38",NO,1 of 4,1,Gym,Swimming Pool,Fri,Fri,08:00,06:00,Nudge Thu / 17:35,Booked Thu / 12:38
R-113-#8164,R-113,"Gym / Thu / 08:00
Gym (Top Pref)","Gym / Fri / 07:00
Nudge Thu / 17:09","Badminton Court / Fri / 06:00
Booked Thu / 12:46",NO,2 of 4,2,Gym,Badminton Court,Fri,Fri,07:00,06:00,Nudge Thu / 17:09,Booked Thu / 12:46
R-117-#8165,R-117,"Gym / Thu / 06:00
Gym (Top Pref)","Gym / Fri / 06:00
Nudge Thu / 11:56","Gym / Fri / 06:00
Booked Thu / 12:51",YES,4 of 4,4,Gym,Gym,Fri,Fri,06:00,06:00,Nudge Thu / 11:56,Booked Thu / 12:51
R-144-#8166,R-144,"Gym / Thu / 16:00
Gym (Top Pref)","Gym / Fri / 07:00
Nudge Thu / 17:01","Gym / Fri / 07:00
Booked Thu / 13:00",NO,3 of 4,3,Gym,Gym,Fri,Fri,07:00,07:00,Nudge Thu / 17:01,Booked Thu / 13:00
R-105-#8167,R-105,"Badminton Court / Thu / 19:00
Badminton Court (Top Pref)","Badminton Court / Fri / 20:00
Nudge Thu / 13:13","Badminton Court / Fri / 19:00
Booked Thu / 13:45",YES,4 of 4,4,Badminton Court,Badminton Court,Fri,Fri,20:00,19:00,Nudge Thu / 13:13,Booked Thu / 13:45
R-131-#8168,R-131,"Badminton Court / Thu / 19:00
Badminton Court (Top Pref)","Badminton Court / Fri / 20:00
Nudge Thu / 17:57","Gym / Fri / 18:00
Booked Thu / 14:12",NO,1 of 4,1,Badminton Court,Gym,Fri,Fri,20:00,18:00,Nudge Thu / 17:57,Booked Thu / 14:12
R-124-#8169,R-124,"Clubhouse / Mon / 20:00
Clubhouse (Top Pref)","Clubhouse / Fri / 20:00
Nudge Thu / 23:19","Clubhouse / Fri / 15:00
Booked Thu / 14:16",NO,2 of 4,2,Clubhouse,Clubhouse,Fri,Fri,20:00,15:00,Nudge Thu / 23:19,Booked Thu / 14:16
R-146-#8170,R-146,"Tennis Court / Thu / 17:00
Tennis Court (Top Pref)","Tennis Court / Sat / 07:00
Nudge Thu / 14:48","Tennis Court / Sun / 08:00
Booked Thu / 14:55",NO,3 of 4,3,Tennis Court,Tennis Court,Sat,Sun,07:00,08:00,Nudge Thu / 14:48,Booked Thu / 14:55
R-217-#8171,R-217,"Badminton Court / Thu / 18:00
Badminton Court (Top Pref)","Badminton Court / Fri / 18:00
Nudge Thu / 13:01","Tennis Court / Fri / 20:00
Booked Thu / 15:02",NO,2 of 4,2,Badminton Court,Tennis Court,Fri,Fri,18:00,20:00,Nudge Thu / 13:01,Booked Thu / 15:02
R-158-#8172,R-158,"Gym / Thu / 08:00
Gym (Top Pref)","Gym / Fri / 07:00
Nudge Thu / 17:19","Gym / Fri / 08:00
Booked Thu / 15:17",YES,4 of 4,4,Gym,Gym,Fri,Fri,07:00,08:00,Nudge Thu / 17:19,Booked Thu / 15:17
R-135-#8173,R-135,"Gym / Thu / 08:00
Gym (Top Pref)","Gym / Fri / 07:00
Nudge Thu / 15:52","Swimming Pool / Fri / 06:00
Booked Thu / 15:19",NO,3 of 4,3,Gym,Swimming Pool,Fri,Fri,07:00,06:00,Nudge Thu / 15:52,Booked Thu / 15:19
R-164-#8174,R-164,"Clubhouse / Thu / 15:00
Clubhouse (Top Pref)","Clubhouse / Fri / 15:00
Nudge Thu / 13:28","Clubhouse / Fri / 16:00
Booked Thu / 15:21",YES,4 of 4,4,Clubhouse,Clubhouse,Fri,Fri,15:00,16:00,Nudge Thu / 13:28,Booked Thu / 15:21
R-161-#8175,R-161,"Tennis Court / Tue / 13:00
Gym (Top Pref)","Gym / Fri / 17:00
Nudge Fri / 05:29","Gym / Fri / 07:00
Booked Thu / 15:45",NO,2 of 4,2,Gym,Gym,Fri,Fri,17:00,07:00,Nudge Fri / 05:29,Booked Thu / 15:45
R-208-#8176,R-208,"Gym / Thu / 06:00
Gym (Top Pref)","Gym / Fri / 06:00
Nudge Thu / 14:48","Clubhouse / Fri / 06:00
Booked Thu / 16:29",NO,3 of 4,3,Gym,Clubhouse,Fri,Fri,06:00,06:00,Nudge Thu / 14:48,Booked Thu / 16:29
R-213-#8177,R-213,"Gym / Wed / 18:00
Badminton Court (Top Pref)","Badminton Court / Thu / 18:00
Nudge Wed / 17:51","Badminton Court / Fri / 20:00
Booked Thu / 16:37",NO,1 of 4,1,Badminton Court,Badminton Court,Thu,Fri,18:00,20:00,Nudge Wed / 17:51,Booked Thu / 16:37
R-168-#8178,R-168,"Gym / Thu / 08:00
Gym (Top Pref)","Gym / Fri / 06:00
Nudge Thu / 16:15","Gym / Fri / 06:00
Booked Thu / 17:06",YES,4 of 4,4,Gym,Gym,Fri,Fri,06:00,06:00,Nudge Thu / 16:15,Booked Thu / 17:06
R-145-#8179,R-145,"Gym / Thu / 10:00
Gym (Top Pref)","Gym / Fri / 06:00
Nudge Thu / 15:31","Gym / Fri / 07:00
Booked Thu / 17:10",YES,4 of 4,4,Gym,Gym,Fri,Fri,06:00,07:00,Nudge Thu / 15:31,Booked Thu / 17:10
R-150-#8180,R-150,"Clubhouse / Sun / 15:00
Clubhouse (Top Pref)","Clubhouse / Fri / 15:00
Nudge Thu / 20:14","Clubhouse / Fri / 14:00
Booked Thu / 17:54",YES,4 of 4,4,Clubhouse,Clubhouse,Fri,Fri,15:00,14:00,Nudge Thu / 20:14,Booked Thu / 17:54
R-119-#8181,R-119,"Gym / Thu / 20:00
Badminton Court (Top Pref)","Badminton Court / Fri / 20:00
Nudge Thu / 16:04","Badminton Court / Fri / 20:00
Booked Thu / 18:04",YES,4 of 4,4,Badminton Court,Badminton Court,Fri,Fri,20:00,20:00,Nudge Thu / 16:04,Booked Thu / 18:04
R-184-#8182,R-184,"Swimming Pool / Wed / 17:00
Gym (Top Pref)","Gym / Thu / 19:00
Nudge Thu / 07:21","Gym / Fri / 08:00
Booked Thu / 19:11",NO,1 of 4,1,Gym,Gym,Thu,Fri,19:00,08:00,Nudge Thu / 07:21,Booked Thu / 19:11
R-123-#8183,R-123,"Gym / Thu / 08:00
Gym (Top Pref)","Gym / Fri / 08:00
Nudge Thu / 18:45","Gym / Fri / 07:00
Booked Thu / 19:29",YES,4 of 4,4,Gym,Gym,Fri,Fri,08:00,07:00,Nudge Thu / 18:45,Booked Thu / 19:29
R-155-#8184,R-155,"Clubhouse / Tue / 19:00
Clubhouse (Top Pref)","Clubhouse / Fri / 19:00
Nudge Thu / 21:40","Clubhouse / Fri / 18:00
Booked Thu / 19:38",YES,4 of 4,4,Clubhouse,Clubhouse,Fri,Fri,19:00,18:00,Nudge Thu / 21:40,Booked Thu / 19:38
R-116-#8185,R-116,"Gym / Thu / 06:00
Gym (Top Pref)","Gym / Fri / 08:00
Nudge Thu / 18:00","Gym / Fri / 07:00
Booked Thu / 19:57",YES,4 of 4,4,Gym,Gym,Fri,Fri,08:00,07:00,Nudge Thu / 18:00,Booked Thu / 19:57
R-121-#8186,R-121,"Clubhouse / Sun / 18:00
Clubhouse (Top Pref)","Clubhouse / Fri / 20:00
Nudge Fri / 00:00","Swimming Pool / Fri / 14:00
Booked Thu / 20:13",NO,1 of 4,1,Clubhouse,Swimming Pool,Fri,Fri,20:00,14:00,Nudge Fri / 00:00,Booked Thu / 20:13
R-125-#8187,R-125,"Badminton Court / Thu / 19:00
Badminton Court (Top Pref)","Badminton Court / Fri / 19:00
Nudge Thu / 17:11","Tennis Court / Fri / 19:00
Booked Thu / 20:20",NO,2 of 4,2,Badminton Court,Tennis Court,Fri,Fri,19:00,19:00,Nudge Thu / 17:11,Booked Thu / 20:20
R-214-#8188,R-214,"Clubhouse / Sat / 19:00
Clubhouse (Top Pref)","Clubhouse / Fri / 19:00
Nudge Thu / 23:01","Clubhouse / Fri / 19:00
Booked Thu / 20:48",YES,4 of 4,4,Clubhouse,Clubhouse,Fri,Fri,19:00,19:00,Nudge Thu / 23:01,Booked Thu / 20:48
R-102-#8189,R-102,"Gym / Thu / 06:00
Gym (Top Pref)","Gym / Fri / 08:00
Nudge Thu / 17:31","Badminton Court / Fri / 07:00
Booked Thu / 20:54",NO,2 of 4,2,Gym,Badminton Court,Fri,Fri,08:00,07:00,Nudge Thu / 17:31,Booked Thu / 20:54
R-147-#8190,R-147,"Badminton Court / Thu / 07:00
Gym (Top Pref)","Gym / Fri / 08:00
Nudge Thu / 20:15","Badminton Court / Fri / 08:00
Booked Thu / 21:18",NO,3 of 4,3,Gym,Badminton Court,Fri,Fri,08:00,08:00,Nudge Thu / 20:15,Booked Thu / 21:18
R-191-#8191,R-191,"Tennis Court / Tue / 07:00
Swimming Pool (Top Pref)","Swimming Pool / Fri / 17:00
Nudge Fri / 05:39","Badminton Court / Fri / 14:00
Booked Thu / 21:25",NO,1 of 4,1,Swimming Pool,Badminton Court,Fri,Fri,17:00,14:00,Nudge Fri / 05:39,Booked Thu / 21:25
R-186-#8192,R-186,"Gym / Wed / 07:00
Swimming Pool (Top Pref)","Gym / Thu / 17:00
Nudge Thu / 05:09","Badminton Court / Fri / 09:00
Booked Thu / 21:44",NO,0 of 4,0,Gym,Badminton Court,Thu,Fri,17:00,09:00,Nudge Thu / 05:09,Booked Thu / 21:44
R-142-#8193,R-142,"Badminton Court / Thu / 18:00
Badminton Court (Top Pref)","Badminton Court / Fri / 18:00
Nudge Thu / 14:18","Badminton Court / Fri / 18:00
Booked Thu / 21:56",NO,3 of 4,3,Badminton Court,Badminton Court,Fri,Fri,18:00,18:00,Nudge Thu / 14:18,Booked Thu / 21:56
R-110-#8194,R-110,"Clubhouse / Mon / 07:00
Swimming Pool (Top Pref)","Swimming Pool / Sat / 17:00
Nudge Sat / 05:38","Swimming Pool / Fri / 11:00
Booked Thu / 22:02",NO,1 of 4,1,Swimming Pool,Swimming Pool,Sat,Fri,17:00,11:00,Nudge Sat / 05:38,Booked Thu / 22:02
R-195-#8195,R-195,"Badminton Court / Thu / 18:00
Badminton Court (Top Pref)","Badminton Court / Fri / 20:00
Nudge Thu / 20:36","Clubhouse / Fri / 17:00
Booked Thu / 22:11",NO,2 of 4,2,Badminton Court,Clubhouse,Fri,Fri,20:00,17:00,Nudge Thu / 20:36,Booked Thu / 22:11
R-153-#8196,R-153,"Gym / Wed / 17:00
Swimming Pool (Top Pref)","Swimming Pool / Thu / 17:00
Nudge Thu / 04:58","Clubhouse / Fri / 07:00
Booked Thu / 22:12",NO,0 of 4,0,Swimming Pool,Clubhouse,Thu,Fri,17:00,07:00,Nudge Thu / 04:58,Booked Thu / 22:12
R-111-#8197,R-111,"Swimming Pool / Wed / 17:00
Gym (Top Pref)","Gym / Thu / 19:00
Nudge Thu / 07:30","Gym / Fri / 07:00
Booked Thu / 22:12",NO,1 of 4,1,Gym,Gym,Thu,Fri,19:00,07:00,Nudge Thu / 07:30,Booked Thu / 22:12
R-100-#8198,R-100,"Swimming Pool / Sun / 15:00
Swimming Pool (Top Pref)","Swimming Pool / Mon / 17:00
Nudge Mon / 05:23","Gym / Fri / 11:00
Booked Thu / 22:35",NO,0 of 4,0,Swimming Pool,Gym,Mon,Fri,17:00,11:00,Nudge Mon / 05:23,Booked Thu / 22:35
R-192-#8199,R-192,"Badminton Court / Thu / 18:00
Badminton Court (Top Pref)","Badminton Court / Fri / 18:00
Nudge Thu / 18:26","Badminton Court / Fri / 12:00
Booked Thu / 22:36",NO,2 of 4,2,Badminton Court,Badminton Court,Fri,Fri,18:00,12:00,Nudge Thu / 18:26,Booked Thu / 22:36
R-122-#8200,R-122,"Swimming Pool / Sun / 13:00
Clubhouse (Top Pref)","Clubhouse / Fri / 18:00
Nudge Thu / 23:05","Clubhouse / Fri / 19:00
Booked Thu / 22:45",YES,4 of 4,4,Clubhouse,Clubhouse,Fri,Fri,18:00,19:00,Nudge Thu / 23:05,Booked Thu / 22:45
R-183-#8201,R-183,"Gym / Thu / 20:00
Badminton Court (Top Pref)","Badminton Court / Fri / 18:00
Nudge Thu / 14:26","Badminton Court / Fri / 19:00
Booked Thu / 23:30",NO,3 of 4,3,Badminton Court,Badminton Court,Fri,Fri,18:00,19:00,Nudge Thu / 14:26,Booked Thu / 23:30
R-162-#8202,R-162,"Clubhouse / Wed / 19:00
Clubhouse (Top Pref)","Clubhouse / Fri / 19:00
Nudge Thu / 23:23","Swimming Pool / Fri / 18:00
Booked Thu / 23:36",NO,3 of 4,3,Clubhouse,Swimming Pool,Fri,Fri,19:00,18:00,Nudge Thu / 23:23,Booked Thu / 23:36
R-152-#8203,R-152,"Gym / Thu / 07:00
Gym (Top Pref)","Gym / Fri / 06:00
Nudge Thu / 17:38","Badminton Court / Fri / 06:00
Booked Thu / 23:40",NO,2 of 4,2,Gym,Badminton Court,Fri,Fri,06:00,06:00,Nudge Thu / 17:38,Booked Thu / 23:40
R-175-#8204,R-175,"Gym / Thu / 17:00
Tennis Court (Top Pref)","Tennis Court / Sat / 18:00
Nudge Thu / 22:26","Tennis Court / Sat / 18:00
Booked Thu / 23:40",YES,4 of 4,4,Tennis Court,Tennis Court,Sat,Sat,18:00,18:00,Nudge Thu / 22:26,Booked Thu / 23:40
R-120-#8205,R-120,"Gym / Tue / 20:00
Badminton Court (Top Pref)","Badminton Court / Thu / 18:00
Nudge Wed / 15:13","Badminton Court / Sat / 08:00
Booked Fri / 00:36",NO,1 of 4,1,Badminton Court,Badminton Court,Thu,Sat,18:00,08:00,Nudge Wed / 15:13,Booked Fri / 00:36
R-215-#8206,R-215,"Badminton Court / Tue / 08:00
Badminton Court (Top Pref)","Gym / Thu / 17:00
Nudge Thu / 05:15","Tennis Court / Fri / 11:00
Booked Fri / 00:42",NO,0 of 4,0,Gym,Tennis Court,Thu,Fri,17:00,11:00,Nudge Thu / 05:15,Booked Fri / 00:42
R-203-#8207,R-203,"Badminton Court / Thu / 18:00
Badminton Court (Top Pref)","Badminton Court / Fri / 20:00
Nudge Thu / 19:08","Badminton Court / Fri / 20:00
Booked Fri / 01:22",NO,3 of 4,3,Badminton Court,Badminton Court,Fri,Fri,20:00,20:00,Nudge Thu / 19:08,Booked Fri / 01:22
R-114-#8208,R-114,"Badminton Court / Sun / 20:00
Clubhouse (Top Pref)","Clubhouse / Fri / 15:00
Nudge Thu / 19:30","Swimming Pool / Fri / 19:00
Booked Fri / 01:43",NO,1 of 4,1,Clubhouse,Swimming Pool,Fri,Fri,15:00,19:00,Nudge Thu / 19:30,Booked Fri / 01:43
R-177-#8209,R-177,"Swimming Pool / Thu / 08:00
Tennis Court (Top Pref)","Tennis Court / Sat / 07:00
Nudge Thu / 14:40","Tennis Court / Sat / 08:00
Booked Fri / 01:45",NO,3 of 4,3,Tennis Court,Tennis Court,Sat,Sat,07:00,08:00,Nudge Thu / 14:40,Booked Fri / 01:45
R-108-#8210,R-108,"Gym / Thu / 07:00
Badminton Court (Top Pref)","Gym / Fri / 19:00
Nudge Fri / 07:25","Gym / Fri / 19:00
Booked Fri / 02:25",NO,3 of 4,3,Gym,Gym,Fri,Fri,19:00,19:00,Nudge Fri / 07:25,Booked Fri / 02:25
R-219-#8211,R-219,"Tennis Court / Tue / 08:00
Tennis Court (Top Pref)","Tennis Court / Sat / 08:00
Nudge Thu / 11:56","Swimming Pool / Sat / 07:00
Booked Fri / 03:01",NO,2 of 4,2,Tennis Court,Swimming Pool,Sat,Sat,08:00,07:00,Nudge Thu / 11:56,Booked Fri / 03:01
R-202-#8212,R-202,"Clubhouse / Sun / 15:00
Clubhouse (Top Pref)","Clubhouse / Fri / 15:00
Nudge Thu / 20:03","Clubhouse / Fri / 20:00
Booked Fri / 03:15",NO,2 of 4,2,Clubhouse,Clubhouse,Fri,Fri,15:00,20:00,Nudge Thu / 20:03,Booked Fri / 03:15
R-160-#8213,R-160,"Swimming Pool / Sun / 15:00
Swimming Pool (Top Pref)","Swimming Pool / Sat / 16:00
Nudge Sat / 09:43","Badminton Court / Fri / 11:00
Booked Fri / 03:53",NO,0 of 4,0,Swimming Pool,Badminton Court,Sat,Fri,16:00,11:00,Nudge Sat / 09:43,Booked Fri / 03:53
R-134-#8214,R-134,"Gym / Sun / 18:00
Swimming Pool (Top Pref)","Swimming Pool / Sat / 16:00
Nudge Sat / 10:52","Badminton Court / Fri / 11:00
Booked Fri / 04:12",NO,0 of 4,0,Swimming Pool,Badminton Court,Sat,Fri,16:00,11:00,Nudge Sat / 10:52,Booked Fri / 04:12
R-142-#8215,R-142,"Badminton Court / Fri / 18:00
Badminton Court (Top Pref)","Badminton Court / Sat / 18:00
Nudge Fri / 08:52","Swimming Pool / Sat / 19:00
Booked Fri / 05:45",NO,2 of 4,2,Badminton Court,Swimming Pool,Sat,Sat,18:00,19:00,Nudge Fri / 08:52,Booked Fri / 05:45
R-103-#8216,R-103,"Swimming Pool / Thu / 19:00
Swimming Pool (Top Pref)","Gym / Fri / 17:00
Nudge Fri / 05:20","Gym / Fri / 17:00
Booked Fri / 06:02",YES,4 of 4,4,Gym,Gym,Fri,Fri,17:00,17:00,Nudge Fri / 05:20,Booked Fri / 06:02
R-148-#8217,R-148,"Swimming Pool / Tue / 17:00
Swimming Pool (Top Pref)","Swimming Pool / Sat / 17:00
Nudge Sat / 10:51","Tennis Court / Fri / 11:00
Booked Fri / 06:09",NO,0 of 4,0,Swimming Pool,Tennis Court,Sat,Fri,17:00,11:00,Nudge Sat / 10:51,Booked Fri / 06:09
R-118-#8218,R-118,"Gym / Thu / 06:00
Gym (Top Pref)","Gym / Fri / 08:00
Nudge Thu / 19:57","Gym / Fri / 15:00
Booked Fri / 06:12",NO,2 of 4,2,Gym,Gym,Fri,Fri,08:00,15:00,Nudge Thu / 19:57,Booked Fri / 06:12
R-115-#8219,R-115,"Tennis Court / Sat / 18:00
Tennis Court (Top Pref)","Tennis Court / Sun / 18:00
Nudge Fri / 20:29","Tennis Court / Sun / 18:00
Booked Fri / 06:49",NO,3 of 4,3,Tennis Court,Tennis Court,Sun,Sun,18:00,18:00,Nudge Fri / 20:29,Booked Fri / 06:49
R-128-#8220,R-128,"Tennis Court / Wed / 08:00
Swimming Pool (Top Pref)","Gym / Fri / 17:00
Nudge Fri / 02:35","Badminton Court / Fri / 17:00
Booked Fri / 07:17",NO,2 of 4,2,Gym,Badminton Court,Fri,Fri,17:00,17:00,Nudge Fri / 02:35,Booked Fri / 07:17
R-143-#8221,R-143,"Swimming Pool / Wed / 11:00
Swimming Pool (Top Pref)","Swimming Pool / Sat / 17:00
Nudge Sat / 11:35","Tennis Court / Fri / 15:00
Booked Fri / 07:48",NO,0 of 4,0,Swimming Pool,Tennis Court,Sat,Fri,17:00,15:00,Nudge Sat / 11:35,Booked Fri / 07:48
R-174-#8222,R-174,"Gym / Thu / 07:00
Gym (Top Pref)","Gym / Fri / 08:00
Nudge Thu / 20:24","Gym / Fri / 19:00
Booked Fri / 07:58",NO,2 of 4,2,Gym,Gym,Fri,Fri,08:00,19:00,Nudge Thu / 20:24,Booked Fri / 07:58
R-181-#8223,R-181,"Swimming Pool / Sat / 10:00
Swimming Pool (Top Pref)","Swimming Pool / Sun / 11:00
Nudge Sun / 05:29","Swimming Pool / Fri / 17:00
Booked Fri / 09:51",NO,1 of 4,1,Swimming Pool,Swimming Pool,Sun,Fri,11:00,17:00,Nudge Sun / 05:29,Booked Fri / 09:51
R-139-#8224,R-139,"Swimming Pool / Tue / 15:00
Swimming Pool (Top Pref)","Swimming Pool / Sat / 16:00
Nudge Sat / 09:57","Swimming Pool / Fri / 16:00
Booked Fri / 10:55",NO,2 of 4,2,Swimming Pool,Swimming Pool,Sat,Fri,16:00,16:00,Nudge Sat / 09:57,Booked Fri / 10:55
R-171-#8225,R-171,"Swimming Pool / Tue / 15:00
Swimming Pool (Top Pref)","Swimming Pool / Sat / 16:00
Nudge Sat / 11:20","Swimming Pool / Fri / 16:00
Booked Fri / 11:47",NO,2 of 4,2,Swimming Pool,Swimming Pool,Sat,Fri,16:00,16:00,Nudge Sat / 11:20,Booked Fri / 11:47
R-126-#8226,R-126,"Tennis Court / Thu / 08:00
Swimming Pool (Top Pref)","Swimming Pool / Sat / 17:00
Nudge Sat / 05:03","Swimming Pool / Fri / 19:00
Booked Fri / 12:12",NO,1 of 4,1,Swimming Pool,Swimming Pool,Sat,Fri,17:00,19:00,Nudge Sat / 05:03,Booked Fri / 12:12
R-130-#8227,R-130,"Tennis Court / Thu / 07:00
Tennis Court (Top Pref)","Tennis Court / Sat / 17:00
Nudge Fri / 02:02","Tennis Court / Sun / 07:00
Booked Fri / 13:12",NO,1 of 4,1,Tennis Court,Tennis Court,Sat,Sun,17:00,07:00,Nudge Fri / 02:02,Booked Fri / 13:12
R-112-#8228,R-112,"Swimming Pool / Sat / 19:00
Clubhouse (Top Pref)","Clubhouse / Fri / 20:00
Nudge Thu / 23:59","Clubhouse / Sat / 14:00
Booked Fri / 13:33",NO,1 of 4,1,Clubhouse,Clubhouse,Fri,Sat,20:00,14:00,Nudge Thu / 23:59,Booked Fri / 13:33
R-198-#8229,R-198,"Tennis Court / Tue / 08:00
Tennis Court (Top Pref)","Tennis Court / Sat / 18:00
Nudge Fri / 01:41","Badminton Court / Sat / 18:00
Booked Fri / 14:29",NO,2 of 4,2,Tennis Court,Badminton Court,Sat,Sat,18:00,18:00,Nudge Fri / 01:41,Booked Fri / 14:29
R-175-#8230,R-175,"Tennis Court / Sat / 18:00
Tennis Court (Top Pref)","Tennis Court / Sun / 18:00
Nudge Fri / 21:10","Tennis Court / Sun / 08:00
Booked Fri / 14:49",NO,2 of 4,2,Tennis Court,Tennis Court,Sun,Sun,18:00,08:00,Nudge Fri / 21:10,Booked Fri / 14:49
R-113-#8231,R-113,"Badminton Court / Fri / 06:00
Gym (Top Pref)","Gym / Sat / 07:00
Nudge Fri / 17:54","Tennis Court / Sat / 06:00
Booked Fri / 15:22",NO,2 of 4,2,Gym,Tennis Court,Sat,Sat,07:00,06:00,Nudge Fri / 17:54,Booked Fri / 15:22
R-138-#8232,R-138,"Clubhouse / Thu / 18:00
Tennis Court (Top Pref)","Tennis Court / Sat / 18:00
Nudge Fri / 01:47","Tennis Court / Sun / 13:00
Booked Fri / 15:25",NO,1 of 4,1,Tennis Court,Tennis Court,Sat,Sun,18:00,13:00,Nudge Fri / 01:47,Booked Fri / 15:25
R-111-#8233,R-111,"Gym / Fri / 07:00
Gym (Top Pref)","Swimming Pool / Sat / 07:00
Nudge Fri / 16:57","Tennis Court / Sat / 07:00
Booked Fri / 15:29",NO,3 of 4,3,Swimming Pool,Tennis Court,Sat,Sat,07:00,07:00,Nudge Fri / 16:57,Booked Fri / 15:29
R-116-#8234,R-116,"Gym / Fri / 07:00
Gym (Top Pref)","Gym / Sat / 08:00
Nudge Fri / 16:08","Gym / Sat / 06:00
Booked Fri / 15:51",NO,3 of 4,3,Gym,Gym,Sat,Sat,08:00,06:00,Nudge Fri / 16:08,Booked Fri / 15:51
R-106-#8235,R-106,"Badminton Court / Fri / 18:00
Badminton Court (Top Pref)","Badminton Court / Sat / 18:00
Nudge Fri / 13:25","Badminton Court / Sat / 19:00
Booked Fri / 16:38",NO,3 of 4,3,Badminton Court,Badminton Court,Sat,Sat,18:00,19:00,Nudge Fri / 13:25,Booked Fri / 16:38
R-168-#8236,R-168,"Gym / Fri / 06:00
Gym (Top Pref)","Gym / Sat / 06:00
Nudge Fri / 15:33","Swimming Pool / Sat / 06:00
Booked Fri / 16:47",NO,3 of 4,3,Gym,Swimming Pool,Sat,Sat,06:00,06:00,Nudge Fri / 15:33,Booked Fri / 16:47
R-172-#8237,R-172,"Gym / Thu / 08:00
Gym (Top Pref)","Gym / Fri / 07:00
Nudge Thu / 17:00","Badminton Court / Sat / 07:00
Booked Fri / 16:51",NO,1 of 4,1,Gym,Badminton Court,Fri,Sat,07:00,07:00,Nudge Thu / 17:00,Booked Fri / 16:51
R-105-#8238,R-105,"Badminton Court / Fri / 19:00
Badminton Court (Top Pref)","Badminton Court / Sat / 20:00
Nudge Fri / 16:07","Badminton Court / Sat / 19:00
Booked Fri / 17:13",YES,4 of 4,4,Badminton Court,Badminton Court,Sat,Sat,20:00,19:00,Nudge Fri / 16:07,Booked Fri / 17:13
R-201-#8239,R-201,"Tennis Court / Thu / 07:00
Gym (Top Pref)","Swimming Pool / Sat / 17:00
Nudge Sat / 05:20","Clubhouse / Sat / 07:00
Booked Fri / 18:27",NO,1 of 4,1,Swimming Pool,Clubhouse,Sat,Sat,17:00,07:00,Nudge Sat / 05:20,Booked Fri / 18:27
R-110-#8240,R-110,"Swimming Pool / Fri / 11:00
Swimming Pool (Top Pref)","Swimming Pool / Sun / 07:00
Nudge Sat / 17:24","Swimming Pool / Sat / 08:00
Booked Fri / 19:02",NO,2 of 4,2,Swimming Pool,Swimming Pool,Sun,Sat,07:00,08:00,Nudge Sat / 17:24,Booked Fri / 19:02
R-193-#8241,R-193,"Clubhouse / Tue / 16:00
Clubhouse (Top Pref)","Clubhouse / Fri / 20:00
Nudge Thu / 23:05","Clubhouse / Sat / 14:00
Booked Fri / 19:21",NO,1 of 4,1,Clubhouse,Clubhouse,Fri,Sat,20:00,14:00,Nudge Thu / 23:05,Booked Fri / 19:21
R-190-#8242,R-190,"Swimming Pool / Sat / 18:00
Clubhouse (Top Pref)","Clubhouse / Fri / 14:00
Nudge Thu / 18:09","Tennis Court / Sat / 18:00
Booked Fri / 20:17",NO,0 of 4,0,Clubhouse,Tennis Court,Fri,Sat,14:00,18:00,Nudge Thu / 18:09,Booked Fri / 20:17
R-202-#8243,R-202,"Clubhouse / Fri / 20:00
Clubhouse (Top Pref)","Clubhouse / Sat / 15:00
Nudge Fri / 19:14","Swimming Pool / Sat / 20:00
Booked Fri / 21:05",NO,2 of 4,2,Clubhouse,Swimming Pool,Sat,Sat,15:00,20:00,Nudge Fri / 19:14,Booked Fri / 21:05
R-103-#8244,R-103,"Gym / Fri / 17:00
Swimming Pool (Top Pref)","Gym / Sat / 07:00
Nudge Fri / 18:55","Badminton Court / Sat / 07:00
Booked Fri / 21:52",NO,2 of 4,2,Gym,Badminton Court,Sat,Sat,07:00,07:00,Nudge Fri / 18:55,Booked Fri / 21:52
R-100-#8245,R-100,"Gym / Fri / 11:00
Swimming Pool (Top Pref)","Swimming Pool / Sat / 17:00
Nudge Sat / 05:03","Gym / Sat / 08:00
Booked Fri / 22:15",NO,1 of 4,1,Swimming Pool,Gym,Sat,Sat,17:00,08:00,Nudge Sat / 05:03,Booked Fri / 22:15
R-135-#8246,R-135,"Swimming Pool / Fri / 06:00
Gym (Top Pref)","Gym / Fri / 08:00
Nudge Thu / 19:54","Gym / Sat / 07:00
Booked Fri / 22:16",NO,2 of 4,2,Gym,Gym,Fri,Sat,08:00,07:00,Nudge Thu / 19:54,Booked Fri / 22:16
R-197-#8247,R-197,"Tennis Court / Tue / 07:00
Tennis Court (Top Pref)","Tennis Court / Sun / 07:00
Nudge Fri / 11:07","Tennis Court / Sun / 07:00
Booked Fri / 22:26",NO,3 of 4,3,Tennis Court,Tennis Court,Sun,Sun,07:00,07:00,Nudge Fri / 11:07,Booked Fri / 22:26
R-129-#8248,R-129,"Tennis Court / Tue / 19:00
Clubhouse (Top Pref)","Clubhouse / Fri / 19:00
Nudge Thu / 22:54","Clubhouse / Sat / 19:00
Booked Fri / 23:25",NO,2 of 4,2,Clubhouse,Clubhouse,Fri,Sat,19:00,19:00,Nudge Thu / 22:54,Booked Fri / 23:25
R-150-#8249,R-150,"Clubhouse / Fri / 14:00
Clubhouse (Top Pref)","Clubhouse / Sat / 15:00
Nudge Fri / 21:38","Clubhouse / Sat / 20:00
Booked Fri / 23:26",NO,3 of 4,3,Clubhouse,Clubhouse,Sat,Sat,15:00,20:00,Nudge Fri / 21:38,Booked Fri / 23:26
R-204-#8250,R-204,"Badminton Court / Thu / 11:00
Tennis Court (Top Pref)","Tennis Court / Mon / 19:00
Nudge Mon / 06:01","Swimming Pool / Sat / 08:00
Booked Fri / 23:28",NO,0 of 4,0,Tennis Court,Swimming Pool,Mon,Sat,19:00,08:00,Nudge Mon / 06:01,Booked Fri / 23:28
R-159-#8251,R-159,"Clubhouse / Sat / 18:00
Clubhouse (Top Pref)","Clubhouse / Sat / 18:00
Nudge Fri / 21:41","Swimming Pool / Sat / 18:00
Booked Sat / 00:12",NO,2 of 4,2,Clubhouse,Swimming Pool,Sat,Sat,18:00,18:00,Nudge Fri / 21:41,Booked Sat / 00:12
R-186-#8252,R-186,"Badminton Court / Fri / 09:00
Swimming Pool (Top Pref)","Gym / Sat / 17:00
Nudge Sat / 05:04","Clubhouse / Sat / 11:00
Booked Sat / 00:14",NO,1 of 4,1,Gym,Clubhouse,Sat,Sat,17:00,11:00,Nudge Sat / 05:04,Booked Sat / 00:14
R-121-#8253,R-121,"Swimming Pool / Fri / 14:00
Clubhouse (Top Pref)","Clubhouse / Sat / 18:00
Nudge Fri / 22:41","Clubhouse / Sat / 19:00
Booked Sat / 01:05",YES,4 of 4,4,Clubhouse,Clubhouse,Sat,Sat,18:00,19:00,Nudge Fri / 22:41,Booked Sat / 01:05
R-184-#8254,R-184,"Gym / Fri / 08:00
Gym (Top Pref)","Gym / Sat / 19:00
Nudge Sat / 05:22","Swimming Pool / Sat / 08:00
Booked Sat / 01:35",NO,1 of 4,1,Gym,Swimming Pool,Sat,Sat,19:00,08:00,Nudge Sat / 05:22,Booked Sat / 01:35
R-176-#8255,R-176,"Swimming Pool / Sat / 17:00
Swimming Pool (Top Pref)","Swimming Pool / Sun / 16:00
Nudge Sun / 09:56","Gym / Sat / 10:00
Booked Sat / 03:14",NO,0 of 4,0,Swimming Pool,Gym,Sun,Sat,16:00,10:00,Nudge Sun / 09:56,Booked Sat / 03:14
R-134-#8256,R-134,"Badminton Court / Fri / 11:00
Swimming Pool (Top Pref)","Swimming Pool / Sat / 16:00
Nudge Sat / 10:44","Tennis Court / Sat / 09:00
Booked Sat / 03:20",NO,1 of 4,1,Swimming Pool,Tennis Court,Sat,Sat,16:00,09:00,Nudge Sat / 10:44,Booked Sat / 03:20
R-178-#8257,R-178,"Gym / Tue / 07:00
Gym (Top Pref)","Gym / Fri / 19:00
Nudge Fri / 07:22","Swimming Pool / Sat / 17:00
Booked Sat / 03:24",NO,0 of 4,0,Gym,Swimming Pool,Fri,Sat,19:00,17:00,Nudge Fri / 07:22,Booked Sat / 03:24
R-177-#8258,R-177,"Tennis Court / Sat / 08:00
Tennis Court (Top Pref)","Tennis Court / Sun / 07:00
Nudge Fri / 06:55","Tennis Court / Sun / 07:00
Booked Sat / 03:47",NO,3 of 4,3,Tennis Court,Tennis Court,Sun,Sun,07:00,07:00,Nudge Fri / 06:55,Booked Sat / 03:47
R-209-#8259,R-209,"Swimming Pool / Wed / 11:00
Swimming Pool (Top Pref)","Swimming Pool / Sat / 17:00
Nudge Sat / 11:20","Swimming Pool / Sat / 10:00
Booked Sat / 04:27",NO,2 of 4,2,Swimming Pool,Swimming Pool,Sat,Sat,17:00,10:00,Nudge Sat / 11:20,Booked Sat / 04:27
R-132-#8260,R-132,"Tennis Court / Thu / 10:00
Tennis Court (Top Pref)","Tennis Court / Sat / 17:00
Nudge Fri / 01:51","Tennis Court / Mon / 12:00
Booked Sat / 04:37",NO,1 of 4,1,Tennis Court,Tennis Court,Sat,Mon,17:00,12:00,Nudge Fri / 01:51,Booked Sat / 04:37
R-211-#8261,R-211,"Swimming Pool / Thu / 15:00
Swimming Pool (Top Pref)","Swimming Pool / Sat / 16:00
Nudge Sat / 09:49","Swimming Pool / Sat / 11:00
Booked Sat / 06:27",NO,2 of 4,2,Swimming Pool,Swimming Pool,Sat,Sat,16:00,11:00,Nudge Sat / 09:49,Booked Sat / 06:27
R-198-#8262,R-198,"Badminton Court / Sat / 18:00
Tennis Court (Top Pref)","Tennis Court / Sun / 08:00
Nudge Fri / 10:17","Swimming Pool / Sun / 17:00
Booked Sat / 06:55",NO,1 of 4,1,Tennis Court,Swimming Pool,Sun,Sun,08:00,17:00,Nudge Fri / 10:17,Booked Sat / 06:55
R-182-#8263,R-182,"Clubhouse / Sun / 16:00
Swimming Pool (Top Pref)","Swimming Pool / Sat / 16:00
Nudge Sat / 10:12","Swimming Pool / Sat / 15:00
Booked Sat / 07:01",NO,3 of 4,3,Swimming Pool,Swimming Pool,Sat,Sat,16:00,15:00,Nudge Sat / 10:12,Booked Sat / 07:01
R-188-#8264,R-188,"Tennis Court / Sat / 07:00
Swimming Pool (Top Pref)","Swimming Pool / Thu / 17:00
Nudge Thu / 05:01","Gym / Sat / 17:00
Booked Sat / 07:10",NO,1 of 4,1,Swimming Pool,Gym,Thu,Sat,17:00,17:00,Nudge Thu / 05:01,Booked Sat / 07:10
R-160-#8265,R-160,"Badminton Court / Fri / 11:00
Swimming Pool (Top Pref)","Swimming Pool / Sat / 17:00
Nudge Sat / 10:54","Tennis Court / Sat / 15:00
Booked Sat / 08:01",NO,1 of 4,1,Swimming Pool,Tennis Court,Sat,Sat,17:00,15:00,Nudge Sat / 10:54,Booked Sat / 08:01
R-170-#8266,R-170,"Gym / Fri / 18:00
Badminton Court (Top Pref)","Badminton Court / Mon / 18:00
Nudge Sun / 12:55","Badminton Court / Sun / 19:00
Booked Sat / 08:02",NO,2 of 4,2,Badminton Court,Badminton Court,Mon,Sun,18:00,19:00,Nudge Sun / 12:55,Booked Sat / 08:02
R-171-#8267,R-171,"Swimming Pool / Fri / 16:00
Swimming Pool (Top Pref)","Swimming Pool / Sat / 10:00
Nudge Sat / 04:47","Clubhouse / Sat / 14:00
Booked Sat / 08:07",NO,1 of 4,1,Swimming Pool,Clubhouse,Sat,Sat,10:00,14:00,Nudge Sat / 04:47,Booked Sat / 08:07
R-143-#8268,R-143,"Tennis Court / Fri / 15:00
Swimming Pool (Top Pref)","Swimming Pool / Sat / 15:00
Nudge Sat / 09:25","Gym / Sat / 16:00
Booked Sat / 09:10",NO,3 of 4,3,Swimming Pool,Gym,Sat,Sat,15:00,16:00,Nudge Sat / 09:25,Booked Sat / 09:10
R-181-#8269,R-181,"Swimming Pool / Fri / 17:00
Swimming Pool (Top Pref)","Swimming Pool / Sat / 17:00
Nudge Sat / 11:30","Swimming Pool / Sat / 17:00
Booked Sat / 09:16",YES,4 of 4,4,Swimming Pool,Swimming Pool,Sat,Sat,17:00,17:00,Nudge Sat / 11:30,Booked Sat / 09:16
R-151-#8270,R-151,"Swimming Pool / Sun / 15:00
Swimming Pool (Top Pref)","Swimming Pool / Sun / 15:00
Nudge Sun / 09:25","Swimming Pool / Sat / 15:00
Booked Sat / 09:26",NO,2 of 4,2,Swimming Pool,Swimming Pool,Sun,Sat,15:00,15:00,Nudge Sun / 09:25,Booked Sat / 09:26
R-172-#8271,R-172,"Badminton Court / Sat / 07:00
Gym (Top Pref)","Gym / Mon / 06:00
Nudge Sun / 12:50","Clubhouse / Sun / 08:00
Booked Sat / 09:47",NO,0 of 4,0,Gym,Clubhouse,Mon,Sun,06:00,08:00,Nudge Sun / 12:50,Booked Sat / 09:47
R-205-#8272,R-205,"Clubhouse / Sun / 10:00
Swimming Pool (Top Pref)","Swimming Pool / Sat / 15:00
Nudge Sat / 08:58","Swimming Pool / Sat / 16:00
Booked Sat / 09:52",YES,4 of 4,4,Swimming Pool,Swimming Pool,Sat,Sat,15:00,16:00,Nudge Sat / 08:58,Booked Sat / 09:52
R-199-#8273,R-199,"Tennis Court / Sun / 16:00
Swimming Pool (Top Pref)","Swimming Pool / Sat / 16:00
Nudge Sat / 09:56","Swimming Pool / Sat / 15:00
Booked Sat / 09:58",YES,4 of 4,4,Swimming Pool,Swimming Pool,Sat,Sat,16:00,15:00,Nudge Sat / 09:56,Booked Sat / 09:58
R-144-#8274,R-144,"Gym / Fri / 07:00
Gym (Top Pref)","Gym / Mon / 07:00
Nudge Sun / 15:43","Gym / Sun / 08:00
Booked Sat / 10:11",NO,2 of 4,2,Gym,Gym,Mon,Sun,07:00,08:00,Nudge Sun / 15:43,Booked Sat / 10:11
R-163-#8275,R-163,"Clubhouse / Tue / 12:00
Swimming Pool (Top Pref)","Swimming Pool / Sat / 15:00
Nudge Sat / 09:32","Swimming Pool / Sat / 17:00
Booked Sat / 10:28",NO,3 of 4,3,Swimming Pool,Swimming Pool,Sat,Sat,15:00,17:00,Nudge Sat / 09:32,Booked Sat / 10:28
R-185-#8276,R-185,"Swimming Pool / Sun / 16:00
Swimming Pool (Top Pref)","Swimming Pool / Sat / 16:00
Nudge Sat / 10:08","Tennis Court / Sat / 15:00
Booked Sat / 10:43",NO,3 of 4,3,Swimming Pool,Tennis Court,Sat,Sat,16:00,15:00,Nudge Sat / 10:08,Booked Sat / 10:43
R-179-#8277,R-179,"Swimming Pool / Sun / 17:00
Swimming Pool (Top Pref)","Swimming Pool / Sat / 17:00
Nudge Sat / 11:05","Swimming Pool / Sat / 15:00
Booked Sat / 11:46",NO,3 of 4,3,Swimming Pool,Swimming Pool,Sat,Sat,17:00,15:00,Nudge Sat / 11:05,Booked Sat / 11:46
R-148-#8278,R-148,"Tennis Court / Fri / 11:00
Swimming Pool (Top Pref)","Swimming Pool / Sat / 17:00
Nudge Sat / 11:07","Gym / Sat / 17:00
Booked Sat / 12:12",NO,3 of 4,3,Swimming Pool,Gym,Sat,Sat,17:00,17:00,Nudge Sat / 11:07,Booked Sat / 12:12
R-210-#8279,R-210,"Swimming Pool / Sat / 17:00
Tennis Court (Top Pref)","Tennis Court / Tue / 08:00
Nudge Sun / 14:40","Tennis Court / Mon / 07:00
Booked Sat / 13:02",NO,2 of 4,2,Tennis Court,Tennis Court,Tue,Mon,08:00,07:00,Nudge Sun / 14:40,Booked Sat / 13:02
R-123-#8280,R-123,"Gym / Fri / 07:00
Gym (Top Pref)","Gym / Mon / 08:00
Nudge Sun / 17:30","Gym / Sun / 06:00
Booked Sat / 13:08",NO,1 of 4,1,Gym,Gym,Mon,Sun,08:00,06:00,Nudge Sun / 17:30,Booked Sat / 13:08
R-193-#8281,R-193,"Clubhouse / Sat / 14:00
Clubhouse (Top Pref)","Clubhouse / Sun / 14:00
Nudge Sat / 17:42","Clubhouse / Sun / 14:00
Booked Sat / 14:14",NO,3 of 4,3,Clubhouse,Clubhouse,Sun,Sun,14:00,14:00,Nudge Sat / 17:42,Booked Sat / 14:14
R-155-#8282,R-155,"Clubhouse / Fri / 18:00
Clubhouse (Top Pref)","Clubhouse / Sat / 19:00
Nudge Fri / 22:52","Tennis Court / Sun / 15:00
Booked Sat / 16:01",NO,0 of 4,0,Clubhouse,Tennis Court,Sat,Sun,19:00,15:00,Nudge Fri / 22:52,Booked Sat / 16:01
R-214-#8283,R-214,"Clubhouse / Fri / 19:00
Clubhouse (Top Pref)","Clubhouse / Sun / 19:00
Nudge Sat / 23:08","Clubhouse / Sun / 10:00
Booked Sat / 16:18",NO,2 of 4,2,Clubhouse,Clubhouse,Sun,Sun,19:00,10:00,Nudge Sat / 23:08,Booked Sat / 16:18
R-139-#8284,R-139,"Swimming Pool / Fri / 16:00
Swimming Pool (Top Pref)","Swimming Pool / Sat / 17:00
Nudge Sat / 11:07","Swimming Pool / Sat / 20:00
Booked Sat / 16:27",NO,2 of 4,2,Swimming Pool,Swimming Pool,Sat,Sat,17:00,20:00,Nudge Sat / 11:07,Booked Sat / 16:27
R-156-#8285,R-156,"Swimming Pool / Thu / 11:00
Gym (Top Pref)","Gym / Mon / 08:00
Nudge Sun / 17:32","Gym / Sun / 06:00
Booked Sat / 16:40",NO,1 of 4,1,Gym,Gym,Mon,Sun,08:00,06:00,Nudge Sun / 17:32,Booked Sat / 16:40
R-112-#8286,R-112,"Clubhouse / Sat / 14:00
Clubhouse (Top Pref)","Clubhouse / Sun / 14:00
Nudge Sat / 18:09","Clubhouse / Sun / 15:00
Booked Sat / 18:01",YES,4 of 4,4,Clubhouse,Clubhouse,Sun,Sun,14:00,15:00,Nudge Sat / 18:09,Booked Sat / 18:01
R-131-#8287,R-131,"Gym / Fri / 18:00
Badminton Court (Top Pref)","Badminton Court / Mon / 20:00
Nudge Sun / 15:33","Badminton Court / Sun / 13:00
Booked Sat / 18:02",NO,1 of 4,1,Badminton Court,Badminton Court,Mon,Sun,20:00,13:00,Nudge Sun / 15:33,Booked Sat / 18:02
R-195-#8288,R-195,"Clubhouse / Fri / 17:00
Badminton Court (Top Pref)","Badminton Court / Mon / 20:00
Nudge Sun / 14:43","Badminton Court / Sun / 19:00
Booked Sat / 18:18",NO,2 of 4,2,Badminton Court,Badminton Court,Mon,Sun,20:00,19:00,Nudge Sun / 14:43,Booked Sat / 18:18
R-206-#8289,R-206,"Clubhouse / Thu / 06:00
Gym (Top Pref)","Gym / Mon / 07:00
Nudge Sun / 17:51","Gym / Sun / 06:00
Booked Sat / 18:33",NO,2 of 4,2,Gym,Gym,Mon,Sun,07:00,06:00,Nudge Sun / 17:51,Booked Sat / 18:33
R-190-#8290,R-190,"Tennis Court / Sat / 18:00
Clubhouse (Top Pref)","Clubhouse / Sun / 14:00
Nudge Sat / 17:49","Clubhouse / Sun / 18:00
Booked Sat / 18:36",NO,3 of 4,3,Clubhouse,Clubhouse,Sun,Sun,14:00,18:00,Nudge Sat / 17:49,Booked Sat / 18:36
R-111-#8291,R-111,"Tennis Court / Sat / 07:00
Gym (Top Pref)","Gym / Sun / 17:00
Nudge Sun / 05:15","Clubhouse / Sun / 11:00
Booked Sat / 19:20",NO,1 of 4,1,Gym,Clubhouse,Sun,Sun,17:00,11:00,Nudge Sun / 05:15,Booked Sat / 19:20
R-125-#8292,R-125,"Tennis Court / Fri / 19:00
Badminton Court (Top Pref)","Badminton Court / Mon / 19:00
Nudge Sun / 15:02","Badminton Court / Sun / 18:00
Booked Sat / 19:36",NO,2 of 4,2,Badminton Court,Badminton Court,Mon,Sun,19:00,18:00,Nudge Sun / 15:02,Booked Sat / 19:36
R-204-#8293,R-204,"Swimming Pool / Sat / 08:00
Tennis Court (Top Pref)","Gym / Sun / 07:00
Nudge Sat / 17:44","Swimming Pool / Sun / 08:00
Booked Sat / 20:22",NO,2 of 4,2,Gym,Swimming Pool,Sun,Sun,07:00,08:00,Nudge Sat / 17:44,Booked Sat / 20:22
R-188-#8294,R-188,"Gym / Sat / 17:00
Swimming Pool (Top Pref)","Swimming Pool / Sun / 07:00
Nudge Sat / 18:59","Badminton Court / Sun / 07:00
Booked Sat / 20:22",NO,3 of 4,3,Swimming Pool,Badminton Court,Sun,Sun,07:00,07:00,Nudge Sat / 18:59,Booked Sat / 20:22
R-203-#8295,R-203,"Badminton Court / Fri / 20:00
Badminton Court (Top Pref)","Badminton Court / Mon / 18:00
Nudge Sun / 12:11","Badminton Court / Sun / 18:00
Booked Sat / 22:14",NO,2 of 4,2,Badminton Court,Badminton Court,Mon,Sun,18:00,18:00,Nudge Sun / 12:11,Booked Sat / 22:14
R-187-#8296,R-187,"Clubhouse / Thu / 19:00
Gym (Top Pref)","Gym / Mon / 11:00
Nudge Sun / 23:15","Tennis Court / Sun / 11:00
Booked Sat / 23:10",NO,1 of 4,1,Gym,Tennis Court,Mon,Sun,11:00,11:00,Nudge Sun / 23:15,Booked Sat / 23:10
R-167-#8297,R-167,"Gym / Fri / 08:00
Gym (Top Pref)","Gym / Mon / 07:00
Nudge Sun / 17:36","Gym / Sun / 07:00
Booked Sun / 00:11",NO,2 of 4,2,Gym,Gym,Mon,Sun,07:00,07:00,Nudge Sun / 17:36,Booked Sun / 00:11
R-215-#8298,R-215,"Tennis Court / Fri / 11:00
Badminton Court (Top Pref)","Gym / Sun / 17:00
Nudge Sun / 05:06","Gym / Sun / 11:00
Booked Sun / 00:22",NO,2 of 4,2,Gym,Gym,Sun,Sun,17:00,11:00,Nudge Sun / 05:06,Booked Sun / 00:22
R-102-#8299,R-102,"Badminton Court / Fri / 07:00
Gym (Top Pref)","Gym / Mon / 06:00
Nudge Sun / 16:41","Badminton Court / Sun / 08:00
Booked Sun / 00:34",NO,0 of 4,0,Gym,Badminton Court,Mon,Sun,06:00,08:00,Nudge Sun / 16:41,Booked Sun / 00:34
R-145-#8300,R-145,"Gym / Fri / 07:00
Gym (Top Pref)","Gym / Sun / 06:00
Nudge Sat / 16:53","Gym / Sun / 08:00
Booked Sun / 00:46",NO,2 of 4,2,Gym,Gym,Sun,Sun,06:00,08:00,Nudge Sat / 16:53,Booked Sun / 00:46
R-143-#8301,R-143,"Gym / Sat / 16:00
Swimming Pool (Top Pref)","Swimming Pool / Sun / 10:00
Nudge Sun / 03:31","Tennis Court / Sun / 10:00
Booked Sun / 01:15",NO,3 of 4,3,Swimming Pool,Tennis Court,Sun,Sun,10:00,10:00,Nudge Sun / 03:31,Booked Sun / 01:15
R-141-#8302,R-141,"Badminton Court / Thu / 20:00
Badminton Court (Top Pref)","Badminton Court / Mon / 20:00
Nudge Sun / 16:53","Clubhouse / Sun / 20:00
Booked Sun / 01:25",NO,1 of 4,1,Badminton Court,Clubhouse,Mon,Sun,20:00,20:00,Nudge Sun / 16:53,Booked Sun / 01:25
R-100-#8303,R-100,"Gym / Sat / 08:00
Swimming Pool (Top Pref)","Gym / Mon / 17:00
Nudge Mon / 05:14","Badminton Court / Sun / 11:00
Booked Sun / 01:28",NO,0 of 4,0,Gym,Badminton Court,Mon,Sun,17:00,11:00,Nudge Mon / 05:14,Booked Sun / 01:28
R-140-#8304,R-140,"Swimming Pool / Sun / 16:00
Swimming Pool (Top Pref)","Swimming Pool / Sat / 16:00
Nudge Sat / 09:32","Tennis Court / Sun / 10:00
Booked Sun / 02:10",NO,0 of 4,0,Swimming Pool,Tennis Court,Sat,Sun,16:00,10:00,Nudge Sat / 09:32,Booked Sun / 02:10
R-184-#8305,R-184,"Swimming Pool / Sat / 08:00
Gym (Top Pref)","Gym / Sun / 07:00
Nudge Sat / 17:10","Swimming Pool / Sun / 11:00
Booked Sun / 02:16",NO,1 of 4,1,Gym,Swimming Pool,Sun,Sun,07:00,11:00,Nudge Sat / 17:10,Booked Sun / 02:16
R-189-#8306,R-189,"Gym / Thu / 06:00
Gym (Top Pref)","Gym / Mon / 07:00
Nudge Sun / 17:52","Gym / Sun / 13:00
Booked Sun / 02:19",NO,1 of 4,1,Gym,Gym,Mon,Sun,07:00,13:00,Nudge Sun / 17:52,Booked Sun / 02:19
R-149-#8307,R-149,"Swimming Pool / Thu / 10:00
Swimming Pool (Top Pref)","Swimming Pool / Sat / 10:00
Nudge Sat / 04:37","Tennis Court / Sun / 10:00
Booked Sun / 02:32",NO,1 of 4,1,Swimming Pool,Tennis Court,Sat,Sun,10:00,10:00,Nudge Sat / 04:37,Booked Sun / 02:32
R-159-#8308,R-159,"Swimming Pool / Sat / 18:00
Clubhouse (Top Pref)","Clubhouse / Sun / 19:00
Nudge Sat / 23:25","Clubhouse / Sun / 19:00
Booked Sun / 02:34",NO,3 of 4,3,Clubhouse,Clubhouse,Sun,Sun,19:00,19:00,Nudge Sat / 23:25,Booked Sun / 02:34
R-119-#8309,R-119,"Badminton Court / Fri / 20:00
Badminton Court (Top Pref)","Badminton Court / Mon / 20:00
Nudge Sun / 15:46","Badminton Court / Mon / 18:00
Booked Sun / 03:07",NO,2 of 4,2,Badminton Court,Badminton Court,Mon,Mon,20:00,18:00,Nudge Sun / 15:46,Booked Sun / 03:07
R-216-#8310,R-216,"Badminton Court / Thu / 17:00
Swimming Pool (Top Pref)","Swimming Pool / Sat / 11:00
Nudge Sat / 04:53","Swimming Pool / Sun / 10:00
Booked Sun / 03:45",NO,2 of 4,2,Swimming Pool,Swimming Pool,Sat,Sun,11:00,10:00,Nudge Sat / 04:53,Booked Sun / 03:45
R-108-#8311,R-108,"Gym / Fri / 19:00
Badminton Court (Top Pref)","Gym / Mon / 19:00
Nudge Mon / 07:19","Badminton Court / Sun / 17:00
Booked Sun / 04:09",NO,0 of 4,0,Gym,Badminton Court,Mon,Sun,19:00,17:00,Nudge Mon / 07:19,Booked Sun / 04:09
R-136-#8312,R-136,"Badminton Court / Thu / 13:00
Badminton Court (Top Pref)","Badminton Court / Mon / 19:00
Nudge Sun / 17:27","Badminton Court / Mon / 19:00
Booked Sun / 05:07",NO,3 of 4,3,Badminton Court,Badminton Court,Mon,Mon,19:00,19:00,Nudge Sun / 17:27,Booked Sun / 05:07
R-110-#8313,R-110,"Swimming Pool / Sat / 08:00
Swimming Pool (Top Pref)","Swimming Pool / Sun / 07:00
Nudge Sat / 19:11","Clubhouse / Sun / 11:00
Booked Sun / 05:23",NO,1 of 4,1,Swimming Pool,Clubhouse,Sun,Sun,07:00,11:00,Nudge Sat / 19:11,Booked Sun / 05:23
R-165-#8314,R-165,"Badminton Court / Fri / 10:00
Badminton Court (Top Pref)","Badminton Court / Mon / 18:00
Nudge Sun / 13:11","Gym / Mon / 18:00
Booked Sun / 05:51",NO,2 of 4,2,Badminton Court,Gym,Mon,Mon,18:00,18:00,Nudge Sun / 13:11,Booked Sun / 05:51
R-141-#8315,R-141,"Clubhouse / Sun / 20:00
Badminton Court (Top Pref)","Badminton Court / Mon / 18:00
Nudge Sun / 08:10","Badminton Court / Mon / 19:00
Booked Sun / 06:01",YES,4 of 4,4,Badminton Court,Badminton Court,Mon,Mon,18:00,19:00,Nudge Sun / 08:10,Booked Sun / 06:01
R-160-#8316,R-160,"Tennis Court / Sat / 15:00
Swimming Pool (Top Pref)","Swimming Pool / Sun / 15:00
Nudge Sun / 08:48","Swimming Pool / Sun / 11:00
Booked Sun / 06:37",NO,3 of 4,3,Swimming Pool,Swimming Pool,Sun,Sun,15:00,11:00,Nudge Sun / 08:48,Booked Sun / 06:37
R-120-#8317,R-120,"Badminton Court / Sat / 08:00
Badminton Court (Top Pref)","Badminton Court / Mon / 18:00
Nudge Sun / 11:51","Badminton Court / Mon / 20:00
Booked Sun / 06:48",NO,2 of 4,2,Badminton Court,Badminton Court,Mon,Mon,18:00,20:00,Nudge Sun / 11:51,Booked Sun / 06:48
R-179-#8318,R-179,"Swimming Pool / Sat / 15:00
Swimming Pool (Top Pref)","Swimming Pool / Sun / 10:00
Nudge Sun / 03:51","Clubhouse / Sun / 16:00
Booked Sun / 07:04",NO,1 of 4,1,Swimming Pool,Clubhouse,Sun,Sun,10:00,16:00,Nudge Sun / 03:51,Booked Sun / 07:04
R-212-#8319,R-212,"Swimming Pool / Fri / 06:00
Gym (Top Pref)","Gym / Mon / 06:00
Nudge Sun / 15:43","Gym / Sun / 18:00
Booked Sun / 07:43",NO,1 of 4,1,Gym,Gym,Mon,Sun,06:00,18:00,Nudge Sun / 15:43,Booked Sun / 07:43
R-195-#8320,R-195,"Badminton Court / Sun / 19:00
Badminton Court (Top Pref)","Badminton Court / Fri / 19:00
Nudge Thu / 09:49","Badminton Court / Mon / 19:00
Booked Sun / 07:51",NO,2 of 4,2,Badminton Court,Badminton Court,Fri,Mon,19:00,19:00,Nudge Thu / 09:49,Booked Sun / 07:51
R-185-#8321,R-185,"Tennis Court / Sat / 15:00
Swimming Pool (Top Pref)","Swimming Pool / Sun / 10:00
Nudge Sun / 03:57","Tennis Court / Sun / 15:00
Booked Sun / 08:19",NO,1 of 4,1,Swimming Pool,Tennis Court,Sun,Sun,10:00,15:00,Nudge Sun / 03:57,Booked Sun / 08:19
R-154-#8322,R-154,"Tennis Court / Thu / 07:00
Tennis Court (Top Pref)","Tennis Court / Sun / 07:00
Nudge Fri / 16:55","Clubhouse / Tue / 07:00
Booked Sun / 08:33",NO,1 of 4,1,Tennis Court,Clubhouse,Sun,Tue,07:00,07:00,Nudge Fri / 16:55,Booked Sun / 08:33
R-131-#8323,R-131,"Badminton Court / Sun / 13:00
Badminton Court (Top Pref)","Badminton Court / Mon / 19:00
Nudge Sun / 11:20","Badminton Court / Mon / 20:00
Booked Sun / 08:41",NO,3 of 4,3,Badminton Court,Badminton Court,Mon,Mon,19:00,20:00,Nudge Sun / 11:20,Booked Sun / 08:41
R-169-#8324,R-169,"Tennis Court / Wed / 17:00
Badminton Court (Top Pref)","Swimming Pool / Sat / 11:00
Nudge Fri / 23:33","Tennis Court / Sun / 19:00
Booked Sun / 09:03",NO,0 of 4,0,Swimming Pool,Tennis Court,Sat,Sun,11:00,19:00,Nudge Fri / 23:33,Booked Sun / 09:03
R-192-#8325,R-192,"Badminton Court / Fri / 12:00
Badminton Court (Top Pref)","Badminton Court / Mon / 18:00
Nudge Sun / 12:24","Badminton Court / Mon / 21:00
Booked Sun / 09:16",NO,2 of 4,2,Badminton Court,Badminton Court,Mon,Mon,18:00,21:00,Nudge Sun / 12:24,Booked Sun / 09:16
R-199-#8326,R-199,"Swimming Pool / Sat / 15:00
Swimming Pool (Top Pref)","Swimming Pool / Sun / 16:00
Nudge Sun / 09:45","Tennis Court / Sun / 16:00
Booked Sun / 10:00",NO,3 of 4,3,Swimming Pool,Tennis Court,Sun,Sun,16:00,16:00,Nudge Sun / 09:45,Booked Sun / 10:00
R-211-#8327,R-211,"Swimming Pool / Sat / 11:00
Swimming Pool (Top Pref)","Swimming Pool / Sun / 16:00
Nudge Sun / 09:52","Tennis Court / Sun / 17:00
Booked Sun / 10:06",NO,3 of 4,3,Swimming Pool,Tennis Court,Sun,Sun,16:00,17:00,Nudge Sun / 09:52,Booked Sun / 10:06
R-171-#8328,R-171,"Clubhouse / Sat / 14:00
Swimming Pool (Top Pref)","Swimming Pool / Sun / 15:00
Nudge Sun / 10:06","Tennis Court / Sun / 14:00
Booked Sun / 10:07",NO,3 of 4,3,Swimming Pool,Tennis Court,Sun,Sun,15:00,14:00,Nudge Sun / 10:06,Booked Sun / 10:07
R-209-#8329,R-209,"Swimming Pool / Sat / 10:00
Swimming Pool (Top Pref)","Swimming Pool / Sun / 17:00
Nudge Sun / 11:29","Clubhouse / Sun / 16:00
Booked Sun / 10:14",NO,3 of 4,3,Swimming Pool,Clubhouse,Sun,Sun,17:00,16:00,Nudge Sun / 11:29,Booked Sun / 10:14
R-213-#8330,R-213,"Badminton Court / Fri / 20:00
Badminton Court (Top Pref)","Badminton Court / Mon / 18:00
Nudge Sun / 13:34","Tennis Court / Mon / 19:00
Booked Sun / 10:19",NO,2 of 4,2,Badminton Court,Tennis Court,Mon,Mon,18:00,19:00,Nudge Sun / 13:34,Booked Sun / 10:19
R-153-#8331,R-153,"Clubhouse / Fri / 07:00
Swimming Pool (Top Pref)","Swimming Pool / Mon / 17:00
Nudge Mon / 05:04","Gym / Sun / 19:00
Booked Sun / 10:34",NO,0 of 4,0,Swimming Pool,Gym,Mon,Sun,17:00,19:00,Nudge Mon / 05:04,Booked Sun / 10:34
R-181-#8332,R-181,"Swimming Pool / Sat / 17:00
Swimming Pool (Top Pref)","Swimming Pool / Sun / 17:00
Nudge Sun / 11:37","Swimming Pool / Sun / 17:00
Booked Sun / 10:40",YES,4 of 4,4,Swimming Pool,Swimming Pool,Sun,Sun,17:00,17:00,Nudge Sun / 11:37,Booked Sun / 10:40
R-170-#8333,R-170,"Badminton Court / Sun / 19:00
Badminton Court (Top Pref)","Badminton Court / Mon / 18:00
Nudge Sun / 13:07","Badminton Court / Mon / 19:00
Booked Sun / 11:06",YES,4 of 4,4,Badminton Court,Badminton Court,Mon,Mon,18:00,19:00,Nudge Sun / 13:07,Booked Sun / 11:06
R-176-#8334,R-176,"Gym / Sat / 10:00
Swimming Pool (Top Pref)","Swimming Pool / Sun / 16:00
Nudge Sun / 09:56","Badminton Court / Sun / 14:00
Booked Sun / 11:35",NO,2 of 4,2,Swimming Pool,Badminton Court,Sun,Sun,16:00,14:00,Nudge Sun / 09:56,Booked Sun / 11:35
R-139-#8335,R-139,"Swimming Pool / Sat / 20:00
Swimming Pool (Top Pref)","Swimming Pool / Sun / 10:00
Nudge Sun / 04:10","Swimming Pool / Sun / 17:00
Booked Sun / 12:11",NO,2 of 4,2,Swimming Pool,Swimming Pool,Sun,Sun,10:00,17:00,Nudge Sun / 04:10,Booked Sun / 12:11
R-180-#8336,R-180,"Badminton Court / Wed / 18:00
Badminton Court (Top Pref)","Badminton Court / Mon / 20:00
Nudge Sun / 17:55","Badminton Court / Mon / 19:00
Booked Sun / 12:42",NO,3 of 4,3,Badminton Court,Badminton Court,Mon,Mon,20:00,19:00,Nudge Sun / 17:55,Booked Sun / 12:42
R-217-#8337,R-217,"Tennis Court / Fri / 20:00
Badminton Court (Top Pref)","Badminton Court / Mon / 18:00
Nudge Sun / 12:54","Badminton Court / Mon / 18:00
Booked Sun / 12:43",YES,4 of 4,4,Badminton Court,Badminton Court,Mon,Mon,18:00,18:00,Nudge Sun / 12:54,Booked Sun / 12:43
R-151-#8338,R-151,"Swimming Pool / Sat / 15:00
Swimming Pool (Top Pref)","Swimming Pool / Sun / 10:00
Nudge Sun / 04:00","Swimming Pool / Sun / 17:00
Booked Sun / 12:48",NO,2 of 4,2,Swimming Pool,Swimming Pool,Sun,Sun,10:00,17:00,Nudge Sun / 04:00,Booked Sun / 12:48
R-183-#8339,R-183,"Badminton Court / Fri / 19:00
Badminton Court (Top Pref)","Badminton Court / Mon / 18:00
Nudge Sun / 13:11","Badminton Court / Mon / 20:00
Booked Sun / 12:55",NO,3 of 4,3,Badminton Court,Badminton Court,Mon,Mon,18:00,20:00,Nudge Sun / 13:11,Booked Sun / 12:55
R-104-#8340,R-104,"Swimming Pool / Mon / 10:00
Swimming Pool (Top Pref)","Swimming Pool / Sat / 16:00
Nudge Sat / 09:55","Swimming Pool / Sun / 16:00
Booked Sun / 12:55",NO,2 of 4,2,Swimming Pool,Swimming Pool,Sat,Sun,16:00,16:00,Nudge Sat / 09:55,Booked Sun / 12:55
R-101-#8341,R-101,"Swimming Pool / Fri / 07:00
Gym (Top Pref)","Gym / Mon / 07:00
Nudge Sun / 16:38","Tennis Court / Mon / 06:00
Booked Sun / 13:07",NO,2 of 4,2,Gym,Tennis Court,Mon,Mon,07:00,06:00,Nudge Sun / 16:38,Booked Sun / 13:07
R-152-#8342,R-152,"Badminton Court / Fri / 06:00
Gym (Top Pref)","Gym / Mon / 06:00
Nudge Sun / 14:53","Clubhouse / Mon / 08:00
Booked Sun / 13:28",NO,2 of 4,2,Gym,Clubhouse,Mon,Mon,06:00,08:00,Nudge Sun / 14:53,Booked Sun / 13:28
R-145-#8343,R-145,"Gym / Sun / 08:00
Gym (Top Pref)","Gym / Mon / 06:00
Nudge Sun / 11:16","Gym / Mon / 06:00
Booked Sun / 13:36",YES,4 of 4,4,Gym,Gym,Mon,Mon,06:00,06:00,Nudge Sun / 11:16,Booked Sun / 13:36
R-113-#8344,R-113,"Tennis Court / Sat / 06:00
Gym (Top Pref)","Gym / Mon / 08:00
Nudge Sun / 17:13","Gym / Mon / 08:00
Booked Sun / 13:37",NO,3 of 4,3,Gym,Gym,Mon,Mon,08:00,08:00,Nudge Sun / 17:13,Booked Sun / 13:37
R-109-#8345,R-109,"Gym / Thu / 08:00
Gym (Top Pref)","Gym / Mon / 07:00
Nudge Sun / 18:17","Gym / Mon / 07:00
Booked Sun / 13:48",NO,3 of 4,3,Gym,Gym,Mon,Mon,07:00,07:00,Nudge Sun / 18:17,Booked Sun / 13:48
R-173-#8346,R-173,"Badminton Court / Fri / 19:00
Badminton Court (Top Pref)","Badminton Court / Mon / 18:00
Nudge Sun / 12:48","Swimming Pool / Mon / 19:00
Booked Sun / 14:11",NO,3 of 4,3,Badminton Court,Swimming Pool,Mon,Mon,18:00,19:00,Nudge Sun / 12:48,Booked Sun / 14:11
R-168-#8347,R-168,"Swimming Pool / Sat / 06:00
Gym (Top Pref)","Gym / Mon / 06:00
Nudge Sun / 15:10","Gym / Mon / 08:00
Booked Sun / 14:41",NO,3 of 4,3,Gym,Gym,Mon,Mon,06:00,08:00,Nudge Sun / 15:10,Booked Sun / 14:41
R-148-#8348,R-148,"Gym / Sat / 17:00
Swimming Pool (Top Pref)","Swimming Pool / Sun / 17:00
Nudge Sun / 11:37","Clubhouse / Sun / 20:00
Booked Sun / 14:54",NO,1 of 4,1,Swimming Pool,Clubhouse,Sun,Sun,17:00,20:00,Nudge Sun / 11:37,Booked Sun / 14:54
R-103-#8349,R-103,"Badminton Court / Sat / 07:00
Swimming Pool (Top Pref)","Gym / Mon / 17:00
Nudge Mon / 03:15","Clubhouse / Sun / 21:00
Booked Sun / 15:08",NO,0 of 4,0,Gym,Clubhouse,Mon,Sun,17:00,21:00,Nudge Mon / 03:15,Booked Sun / 15:08
R-123-#8350,R-123,"Gym / Sun / 06:00
Gym (Top Pref)","Gym / Mon / 08:00
Nudge Sun / 17:53","Tennis Court / Mon / 07:00
Booked Sun / 15:13",NO,2 of 4,2,Gym,Tennis Court,Mon,Mon,08:00,07:00,Nudge Sun / 17:53,Booked Sun / 15:13
R-178-#8351,R-178,"Swimming Pool / Sat / 17:00
Gym (Top Pref)","Swimming Pool / Sun / 19:00
Nudge Sun / 07:13","Gym / Sun / 17:00
Booked Sun / 15:15",NO,1 of 4,1,Swimming Pool,Gym,Sun,Sun,19:00,17:00,Nudge Sun / 07:13,Booked Sun / 15:15
R-147-#8352,R-147,"Badminton Court / Fri / 08:00
Gym (Top Pref)","Gym / Mon / 06:00
Nudge Sun / 14:52","Gym / Mon / 07:00
Booked Sun / 15:26",YES,4 of 4,4,Gym,Gym,Mon,Mon,06:00,07:00,Nudge Sun / 14:52,Booked Sun / 15:26
R-206-#8353,R-206,"Gym / Sun / 06:00
Gym (Top Pref)","Gym / Mon / 07:00
Nudge Sun / 15:05","Badminton Court / Mon / 06:00
Booked Sun / 15:30",NO,3 of 4,3,Gym,Badminton Court,Mon,Mon,07:00,06:00,Nudge Sun / 15:05,Booked Sun / 15:30
R-158-#8354,R-158,"Gym / Fri / 08:00
Gym (Top Pref)","Gym / Mon / 08:00
Nudge Sun / 17:46","Gym / Mon / 07:00
Booked Sun / 15:37",YES,4 of 4,4,Gym,Gym,Mon,Mon,08:00,07:00,Nudge Sun / 17:46,Booked Sun / 15:37
R-117-#8355,R-117,"Gym / Fri / 06:00
Gym (Top Pref)","Gym / Mon / 07:00
Nudge Sun / 17:53","Swimming Pool / Mon / 08:00
Booked Sun / 15:41",NO,3 of 4,3,Gym,Swimming Pool,Mon,Mon,07:00,08:00,Nudge Sun / 17:53,Booked Sun / 15:41
R-125-#8356,R-125,"Badminton Court / Sun / 18:00
Badminton Court (Top Pref)","Badminton Court / Mon / 18:00
Nudge Sun / 11:58","Badminton Court / Mon / 20:00
Booked Sun / 16:07",NO,2 of 4,2,Badminton Court,Badminton Court,Mon,Mon,18:00,20:00,Nudge Sun / 11:58,Booked Sun / 16:07
R-161-#8357,R-161,"Gym / Fri / 07:00
Gym (Top Pref)","Gym / Mon / 17:00
Nudge Mon / 05:11","Gym / Mon / 11:00
Booked Sun / 16:28",NO,2 of 4,2,Gym,Gym,Mon,Mon,17:00,11:00,Nudge Mon / 05:11,Booked Sun / 16:28
R-154-#8358,R-154,"Clubhouse / Tue / 07:00
Tennis Court (Top Pref)","Tennis Court / Thu / 07:00
Nudge Tue / 06:04","Tennis Court / Wed / 07:00
Booked Sun / 16:59",NO,2 of 4,2,Tennis Court,Tennis Court,Thu,Wed,07:00,07:00,Nudge Tue / 06:04,Booked Sun / 16:59
R-208-#8359,R-208,"Clubhouse / Fri / 06:00
Gym (Top Pref)","Gym / Mon / 07:00
Nudge Sun / 16:35","Gym / Mon / 08:00
Booked Sun / 17:22",YES,4 of 4,4,Gym,Gym,Mon,Mon,07:00,08:00,Nudge Sun / 16:35,Booked Sun / 17:22
R-189-#8360,R-189,"Gym / Sun / 13:00
Gym (Top Pref)","Gym / Mon / 07:00
Nudge Sun / 15:19","Gym / Mon / 10:00
Booked Sun / 17:41",NO,3 of 4,3,Gym,Gym,Mon,Mon,07:00,10:00,Nudge Sun / 15:19,Booked Sun / 17:41
R-219-#8361,R-219,"Swimming Pool / Sat / 07:00
Tennis Court (Top Pref)","Tennis Court / Tue / 08:00
Nudge Sun / 14:15","Tennis Court / Mon / 17:00
Booked Sun / 18:00",NO,1 of 4,1,Tennis Court,Tennis Court,Tue,Mon,08:00,17:00,Nudge Sun / 14:15,Booked Sun / 18:00
R-167-#8362,R-167,"Gym / Sun / 07:00
Gym (Top Pref)","Gym / Mon / 06:00
Nudge Sun / 13:45","Gym / Mon / 07:00
Booked Sun / 18:00",NO,3 of 4,3,Gym,Gym,Mon,Mon,06:00,07:00,Nudge Sun / 13:45,Booked Sun / 18:00
R-120-#8363,R-120,"Badminton Court / Mon / 20:00
Badminton Court (Top Pref)","Badminton Court / Tue / 18:00
Nudge Mon / 06:56","Gym / Tue / 06:00
Booked Sun / 18:09",NO,1 of 4,1,Badminton Court,Gym,Tue,Tue,18:00,06:00,Nudge Mon / 06:56,Booked Sun / 18:09
R-116-#8364,R-116,"Gym / Sat / 06:00
Gym (Top Pref)","Gym / Mon / 08:00
Nudge Sun / 19:38","Gym / Mon / 07:00
Booked Sun / 18:42",YES,4 of 4,4,Gym,Gym,Mon,Mon,08:00,07:00,Nudge Sun / 19:38,Booked Sun / 18:42
R-118-#8365,R-118,"Gym / Fri / 15:00
Gym (Top Pref)","Gym / Mon / 06:00
Nudge Sun / 16:17","Gym / Mon / 08:00
Booked Sun / 18:47",NO,2 of 4,2,Gym,Gym,Mon,Mon,06:00,08:00,Nudge Sun / 16:17,Booked Sun / 18:47
R-156-#8366,R-156,"Gym / Sun / 06:00
Gym (Top Pref)","Gym / Mon / 07:00
Nudge Sun / 17:00","Gym / Mon / 08:00
Booked Sun / 18:58",YES,4 of 4,4,Gym,Gym,Mon,Mon,07:00,08:00,Nudge Sun / 17:00,Booked Sun / 18:58
R-133-#8367,R-133,"Clubhouse / Fri / 19:00
Clubhouse (Top Pref)","Clubhouse / Fri / 19:00
Nudge Thu / 21:56","Clubhouse / Mon / 14:00
Booked Sun / 19:07",NO,1 of 4,1,Clubhouse,Clubhouse,Fri,Mon,19:00,14:00,Nudge Thu / 21:56,Booked Sun / 19:07
R-207-#8368,R-207,"Badminton Court / Thu / 20:00
Badminton Court (Top Pref)","Badminton Court / Mon / 19:00
Nudge Sun / 18:07","Badminton Court / Mon / 20:00
Booked Sun / 19:25",YES,4 of 4,4,Badminton Court,Badminton Court,Mon,Mon,19:00,20:00,Nudge Sun / 18:07,Booked Sun / 19:25
R-135-#8369,R-135,"Gym / Sat / 07:00
Gym (Top Pref)","Gym / Mon / 07:00
Nudge Sun / 16:01","Badminton Court / Mon / 09:00
Booked Sun / 19:41",NO,1 of 4,1,Gym,Badminton Court,Mon,Mon,07:00,09:00,Nudge Sun / 16:01,Booked Sun / 19:41
R-175-#8370,R-175,"Tennis Court / Sun / 08:00
Tennis Court (Top Pref)","Tennis Court / Tue / 18:00
Nudge Sun / 22:34","Tennis Court / Tue / 17:00
Booked Sun / 20:08",YES,4 of 4,4,Tennis Court,Tennis Court,Tue,Tue,18:00,17:00,Nudge Sun / 22:34,Booked Sun / 20:08
R-196-#8371,R-196,"Tennis Court / Tue / 18:00
Badminton Court (Top Pref)","Badminton Court / Mon / 18:00
Nudge Sun / 15:56","Clubhouse / Mon / 20:00
Booked Sun / 20:09",NO,1 of 4,1,Badminton Court,Clubhouse,Mon,Mon,18:00,20:00,Nudge Sun / 15:56,Booked Sun / 20:09
R-174-#8372,R-174,"Gym / Fri / 19:00
Gym (Top Pref)","Gym / Mon / 08:00
Nudge Sun / 18:00","Gym / Mon / 08:00
Booked Sun / 20:40",NO,3 of 4,3,Gym,Gym,Mon,Mon,08:00,08:00,Nudge Sun / 18:00,Booked Sun / 20:40
R-200-#8373,R-200,"Tennis Court / Wed / 08:00
Gym (Top Pref)","Swimming Pool / Sun / 17:00
Nudge Sun / 05:29","Swimming Pool / Mon / 11:00
Booked Sun / 21:21",NO,1 of 4,1,Swimming Pool,Swimming Pool,Sun,Mon,17:00,11:00,Nudge Sun / 05:29,Booked Sun / 21:21
R-110-#8374,R-110,"Clubhouse / Sun / 11:00
Swimming Pool (Top Pref)","Swimming Pool / Mon / 07:00
Nudge Sun / 17:10","Tennis Court / Mon / 12:00
Booked Sun / 21:34",NO,1 of 4,1,Swimming Pool,Tennis Court,Mon,Mon,07:00,12:00,Nudge Sun / 17:10,Booked Sun / 21:34
R-112-#8375,R-112,"Clubhouse / Sun / 15:00
Clubhouse (Top Pref)","Clubhouse / Sun / 20:00
Nudge Sun / 00:13","Badminton Court / Mon / 18:00
Booked Sun / 21:42",NO,0 of 4,0,Clubhouse,Badminton Court,Sun,Mon,20:00,18:00,Nudge Sun / 00:13,Booked Sun / 21:42
R-105-#8376,R-105,"Badminton Court / Sat / 19:00
Badminton Court (Top Pref)","Badminton Court / Mon / 20:00
Nudge Sun / 15:46","Gym / Mon / 19:00
Booked Sun / 22:13",NO,2 of 4,2,Badminton Court,Gym,Mon,Mon,20:00,19:00,Nudge Sun / 15:46,Booked Sun / 22:13
R-142-#8377,R-142,"Swimming Pool / Sat / 19:00
Badminton Court (Top Pref)","Badminton Court / Mon / 18:00
Nudge Sun / 13:21","Swimming Pool / Mon / 18:00
Booked Sun / 22:34",NO,2 of 4,2,Badminton Court,Swimming Pool,Mon,Mon,18:00,18:00,Nudge Sun / 13:21,Booked Sun / 22:34
R-188-#8378,R-188,"Badminton Court / Sun / 07:00
Swimming Pool (Top Pref)","Swimming Pool / Mon / 17:00
Nudge Mon / 05:03","Clubhouse / Mon / 08:00
Booked Sun / 23:11",NO,1 of 4,1,Swimming Pool,Clubhouse,Mon,Mon,17:00,08:00,Nudge Mon / 05:03,Booked Sun / 23:11
R-137-#8379,R-137,"Tennis Court / Thu / 17:00
Swimming Pool (Top Pref)","Gym / Mon / 17:00
Nudge Mon / 03:50","Tennis Court / Mon / 11:00
Booked Sun / 23:21",NO,1 of 4,1,Gym,Tennis Court,Mon,Mon,17:00,11:00,Nudge Mon / 03:50,Booked Sun / 23:21
R-106-#8380,R-106,"Badminton Court / Sat / 19:00
Badminton Court (Top Pref)","Badminton Court / Mon / 20:00
Nudge Sun / 15:19","Badminton Court / Mon / 18:00
Booked Sun / 23:22",NO,2 of 4,2,Badminton Court,Badminton Court,Mon,Mon,20:00,18:00,Nudge Sun / 15:19,Booked Sun / 23:22
R-146-#8381,R-146,"Tennis Court / Sun / 08:00
Tennis Court (Top Pref)","Tennis Court / Tue / 07:00
Nudge Sun / 15:22","Swimming Pool / Tue / 17:00
Booked Sun / 23:38",NO,1 of 4,1,Tennis Court,Swimming Pool,Tue,Tue,07:00,17:00,Nudge Sun / 15:22,Booked Sun / 23:38
R-210-#8382,R-210,"Tennis Court / Mon / 07:00
Tennis Court (Top Pref)","Tennis Court / Tue / 07:00
Nudge Sun / 13:23","Gym / Tue / 08:00
Booked Sun / 23:39",NO,2 of 4,2,Tennis Court,Gym,Tue,Tue,07:00,08:00,Nudge Sun / 13:23,Booked Sun / 23:39
R-191-#8383,R-191,"Badminton Court / Fri / 14:00
Swimming Pool (Top Pref)","Swimming Pool / Mon / 17:00
Nudge Mon / 05:40","Swimming Pool / Mon / 11:00
Booked Mon / 01:35",NO,2 of 4,2,Swimming Pool,Swimming Pool,Mon,Mon,17:00,11:00,Nudge Mon / 05:40,Booked Mon / 01:35
R-107-#8384,R-107,"Badminton Court / Fri / 18:00
Badminton Court (Top Pref)","Badminton Court / Mon / 18:00
Nudge Sun / 14:56","Swimming Pool / Mon / 20:00
Booked Mon / 02:25",NO,1 of 4,1,Badminton Court,Swimming Pool,Mon,Mon,18:00,20:00,Nudge Sun / 14:56,Booked Mon / 02:25
R-144-#8385,R-144,"Gym / Sun / 08:00
Gym (Top Pref)","Gym / Mon / 07:00
Nudge Sun / 17:03","Gym / Mon / 16:00
Booked Mon / 02:40",NO,2 of 4,2,Gym,Gym,Mon,Mon,07:00,16:00,Nudge Sun / 17:03,Booked Mon / 02:40
R-182-#8386,R-182,"Swimming Pool / Sat / 15:00
Swimming Pool (Top Pref)","Swimming Pool / Sun / 16:00
Nudge Sun / 10:12","Swimming Pool / Mon / 11:00
Booked Mon / 02:48",NO,1 of 4,1,Swimming Pool,Swimming Pool,Sun,Mon,16:00,11:00,Nudge Sun / 10:12,Booked Mon / 02:48
R-183-#8387,R-183,"Badminton Court / Mon / 20:00
Badminton Court (Top Pref)","Badminton Court / Tue / 18:00
Nudge Mon / 08:59","Tennis Court / Tue / 14:00
Booked Mon / 03:02",NO,1 of 4,1,Badminton Court,Tennis Court,Tue,Tue,18:00,14:00,Nudge Mon / 08:59,Booked Mon / 03:02
R-151-#8388,R-151,"Swimming Pool / Sun / 17:00
Swimming Pool (Top Pref)","Swimming Pool / Mon / 10:00
Nudge Mon / 03:14","Clubhouse / Mon / 10:00
Booked Mon / 03:25",NO,3 of 4,3,Swimming Pool,Clubhouse,Mon,Mon,10:00,10:00,Nudge Mon / 03:14,Booked Mon / 03:25
R-163-#8389,R-163,"Swimming Pool / Sat / 17:00
Swimming Pool (Top Pref)","Swimming Pool / Sun / 15:00
Nudge Sun / 09:29","Clubhouse / Mon / 10:00
Booked Mon / 03:31",NO,0 of 4,0,Swimming Pool,Clubhouse,Sun,Mon,15:00,10:00,Nudge Sun / 09:29,Booked Mon / 03:31
R-212-#8390,R-212,"Gym / Sun / 18:00
Gym (Top Pref)","Gym / Mon / 06:00
Nudge Sun / 17:09","Badminton Court / Mon / 12:00
Booked Mon / 03:33",NO,1 of 4,1,Gym,Badminton Court,Mon,Mon,06:00,12:00,Nudge Sun / 17:09,Booked Mon / 03:33
R-205-#8391,R-205,"Swimming Pool / Sat / 16:00
Swimming Pool (Top Pref)","Swimming Pool / Sun / 15:00
Nudge Sun / 08:53","Clubhouse / Mon / 11:00
Booked Mon / 03:40",NO,0 of 4,0,Swimming Pool,Clubhouse,Sun,Mon,15:00,11:00,Nudge Sun / 08:53,Booked Mon / 03:40
R-132-#8392,R-132,"Tennis Court / Mon / 12:00
Tennis Court (Top Pref)","Tennis Court / Tue / 07:00
Nudge Sun / 15:37","Tennis Court / Tue / 07:00
Booked Mon / 03:46",NO,3 of 4,3,Tennis Court,Tennis Court,Tue,Tue,07:00,07:00,Nudge Sun / 15:37,Booked Mon / 03:46
R-115-#8393,R-115,"Tennis Court / Sun / 18:00
Tennis Court (Top Pref)","Tennis Court / Tue / 18:00
Nudge Mon / 02:28","Tennis Court / Tue / 18:00
Booked Mon / 04:17",YES,4 of 4,4,Tennis Court,Tennis Court,Tue,Tue,18:00,18:00,Nudge Mon / 02:28,Booked Mon / 04:17
R-170-#8394,R-170,"Badminton Court / Mon / 19:00
Badminton Court (Top Pref)","Badminton Court / Tue / 18:00
Nudge Mon / 10:53","Badminton Court / Tue / 19:00
Booked Mon / 04:30",NO,3 of 4,3,Badminton Court,Badminton Court,Tue,Tue,18:00,19:00,Nudge Mon / 10:53,Booked Mon / 04:30
R-127-#8395,R-127,"Tennis Court / Wed / 08:00
Swimming Pool (Top Pref)","Swimming Pool / Sat / 17:00
Nudge Sat / 05:40","Swimming Pool / Mon / 17:00
Booked Mon / 05:04",NO,2 of 4,2,Swimming Pool,Swimming Pool,Sat,Mon,17:00,17:00,Nudge Sat / 05:40,Booked Mon / 05:04
R-129-#8396,R-129,"Clubhouse / Sat / 19:00
Clubhouse (Top Pref)","Clubhouse / Sun / 19:00
Nudge Sat / 23:38","Clubhouse / Mon / 20:00
Booked Mon / 05:30",NO,2 of 4,2,Clubhouse,Clubhouse,Sun,Mon,19:00,20:00,Nudge Sat / 23:38,Booked Mon / 05:30
R-209-#8397,R-209,"Clubhouse / Sun / 16:00
Swimming Pool (Top Pref)","Swimming Pool / Mon / 10:00
Nudge Mon / 04:22","Clubhouse / Mon / 11:00
Booked Mon / 05:43",NO,3 of 4,3,Swimming Pool,Clubhouse,Mon,Mon,10:00,11:00,Nudge Mon / 04:22,Booked Mon / 05:43
R-126-#8398,R-126,"Swimming Pool / Fri / 19:00
Swimming Pool (Top Pref)","Swimming Pool / Mon / 19:00
Nudge Mon / 07:10","Gym / Mon / 19:00
Booked Mon / 05:45",NO,3 of 4,3,Swimming Pool,Gym,Mon,Mon,19:00,19:00,Nudge Mon / 07:10,Booked Mon / 05:45
R-198-#8399,R-198,"Swimming Pool / Sun / 17:00
Tennis Court (Top Pref)","Tennis Court / Tue / 18:00
Nudge Sun / 23:48","Tennis Court / Tue / 17:00
Booked Mon / 06:59",NO,3 of 4,3,Tennis Court,Tennis Court,Tue,Tue,18:00,17:00,Nudge Sun / 23:48,Booked Mon / 06:59
R-157-#8400,R-157,"Tennis Court / Thu / 08:00
Tennis Court (Top Pref)","Tennis Court / Sat / 18:00
Nudge Fri / 07:11","Gym / Tue / 18:00
Booked Mon / 08:27",NO,1 of 4,1,Tennis Court,Gym,Sat,Tue,18:00,18:00,Nudge Fri / 07:11,Booked Mon / 08:27
R-173-#8401,R-173,"Swimming Pool / Mon / 19:00
Badminton Court (Top Pref)","Badminton Court / Tue / 19:00
Nudge Mon / 10:56","Badminton Court / Tue / 18:00
Booked Mon / 08:28",YES,4 of 4,4,Badminton Court,Badminton Court,Tue,Tue,19:00,18:00,Nudge Mon / 10:56,Booked Mon / 08:28
R-194-#8402,R-194,"Tennis Court / Tue / 07:00
Gym (Top Pref)","Gym / Mon / 17:00
Nudge Mon / 05:31","Gym / Mon / 19:00
Booked Mon / 10:20",NO,2 of 4,2,Gym,Gym,Mon,Mon,17:00,19:00,Nudge Mon / 05:31,Booked Mon / 10:20
R-192-#8403,R-192,"Badminton Court / Mon / 21:00
Badminton Court (Top Pref)","Badminton Court / Tue / 18:00
Nudge Mon / 13:46","Tennis Court / Tue / 19:00
Booked Mon / 11:18",NO,3 of 4,3,Badminton Court,Tennis Court,Tue,Tue,18:00,19:00,Nudge Mon / 13:46,Booked Mon / 11:18
R-119-#8404,R-119,"Badminton Court / Mon / 18:00
Badminton Court (Top Pref)","Badminton Court / Tue / 18:00
Nudge Mon / 16:45","Badminton Court / Tue / 18:00
Booked Mon / 12:05",NO,3 of 4,3,Badminton Court,Badminton Court,Tue,Tue,18:00,18:00,Nudge Mon / 16:45,Booked Mon / 12:05
R-171-#8405,R-171,"Tennis Court / Sun / 14:00
Swimming Pool (Top Pref)","Swimming Pool / Mon / 10:00
Nudge Mon / 05:06","Tennis Court / Mon / 17:00
Booked Mon / 12:09",NO,1 of 4,1,Swimming Pool,Tennis Court,Mon,Mon,10:00,17:00,Nudge Mon / 05:06,Booked Mon / 12:09
R-155-#8406,R-155,"Tennis Court / Sun / 15:00
Clubhouse (Top Pref)","Clubhouse / Tue / 19:00
Nudge Mon / 22:41","Clubhouse / Tue / 14:00
Booked Mon / 12:38",NO,2 of 4,2,Clubhouse,Clubhouse,Tue,Tue,19:00,14:00,Nudge Mon / 22:41,Booked Mon / 12:38
R-105-#8407,R-105,"Gym / Mon / 19:00
Badminton Court (Top Pref)","Badminton Court / Tue / 20:00
Nudge Mon / 11:35","Clubhouse / Tue / 20:00
Booked Mon / 12:54",NO,3 of 4,3,Badminton Court,Clubhouse,Tue,Tue,20:00,20:00,Nudge Mon / 11:35,Booked Mon / 12:54
R-189-#8408,R-189,"Gym / Mon / 10:00
Gym (Top Pref)","Gym / Tue / 07:00
Nudge Mon / 16:45","Gym / Tue / 06:00
Booked Mon / 13:15",NO,3 of 4,3,Gym,Gym,Tue,Tue,07:00,06:00,Nudge Mon / 16:45,Booked Mon / 13:15
R-217-#8409,R-217,"Badminton Court / Mon / 18:00
Badminton Court (Top Pref)","Badminton Court / Tue / 18:00
Nudge Mon / 13:55","Tennis Court / Tue / 19:00
Booked Mon / 13:53",NO,3 of 4,3,Badminton Court,Tennis Court,Tue,Tue,18:00,19:00,Nudge Mon / 13:55,Booked Mon / 13:53
R-206-#8410,R-206,"Badminton Court / Mon / 06:00
Gym (Top Pref)","Gym / Tue / 07:00
Nudge Mon / 15:56","Gym / Tue / 06:00
Booked Mon / 13:56",YES,4 of 4,4,Gym,Gym,Tue,Tue,07:00,06:00,Nudge Mon / 15:56,Booked Mon / 13:56
R-186-#8411,R-186,"Clubhouse / Sat / 11:00
Swimming Pool (Top Pref)","Gym / Mon / 17:00
Nudge Mon / 05:06","Badminton Court / Mon / 19:00
Booked Mon / 14:00",NO,1 of 4,1,Gym,Badminton Court,Mon,Mon,17:00,19:00,Nudge Mon / 05:06,Booked Mon / 14:00
R-136-#8412,R-136,"Badminton Court / Mon / 19:00
Badminton Court (Top Pref)","Badminton Court / Tue / 19:00
Nudge Mon / 16:48","Badminton Court / Tue / 20:00
Booked Mon / 14:32",YES,4 of 4,4,Badminton Court,Badminton Court,Tue,Tue,19:00,20:00,Nudge Mon / 16:48,Booked Mon / 14:32
R-174-#8413,R-174,"Gym / Mon / 08:00
Gym (Top Pref)","Gym / Tue / 06:00
Nudge Mon / 13:33","Badminton Court / Tue / 08:00
Booked Mon / 15:10",NO,2 of 4,2,Gym,Badminton Court,Tue,Tue,06:00,08:00,Nudge Mon / 13:33,Booked Mon / 15:10
R-142-#8414,R-142,"Swimming Pool / Mon / 18:00
Badminton Court (Top Pref)","Badminton Court / Tue / 19:00
Nudge Mon / 12:17","Badminton Court / Tue / 20:00
Booked Mon / 15:10",NO,3 of 4,3,Badminton Court,Badminton Court,Tue,Tue,19:00,20:00,Nudge Mon / 12:17,Booked Mon / 15:10
R-210-#8415,R-210,"Gym / Tue / 08:00
Tennis Court (Top Pref)","Tennis Court / Thu / 08:00
Nudge Tue / 10:04","Tennis Court / Wed / 07:00
Booked Mon / 15:38",NO,2 of 4,2,Tennis Court,Tennis Court,Thu,Wed,08:00,07:00,Nudge Tue / 10:04,Booked Mon / 15:38
R-144-#8416,R-144,"Gym / Mon / 16:00
Gym (Top Pref)","Gym / Tue / 07:00
Nudge Mon / 15:54","Swimming Pool / Tue / 06:00
Booked Mon / 16:02",NO,3 of 4,3,Gym,Swimming Pool,Tue,Tue,07:00,06:00,Nudge Mon / 15:54,Booked Mon / 16:02
R-147-#8417,R-147,"Gym / Mon / 07:00
Gym (Top Pref)","Gym / Tue / 08:00
Nudge Mon / 17:24","Badminton Court / Tue / 08:00
Booked Mon / 16:31",NO,3 of 4,3,Gym,Badminton Court,Tue,Tue,08:00,08:00,Nudge Mon / 17:24,Booked Mon / 16:31
R-195-#8418,R-195,"Badminton Court / Mon / 19:00
Badminton Court (Top Pref)","Badminton Court / Tue / 20:00
Nudge Mon / 18:22","Badminton Court / Tue / 19:00
Booked Mon / 16:32",YES,4 of 4,4,Badminton Court,Badminton Court,Tue,Tue,20:00,19:00,Nudge Mon / 18:22,Booked Mon / 16:32
R-194-#8419,R-194,"Gym / Mon / 19:00
Gym (Top Pref)","Gym / Tue / 08:00
Nudge Mon / 15:26","Clubhouse / Tue / 08:00
Booked Mon / 16:41",NO,3 of 4,3,Gym,Clubhouse,Tue,Tue,08:00,08:00,Nudge Mon / 15:26,Booked Mon / 16:41
R-207-#8420,R-207,"Badminton Court / Mon / 20:00
Badminton Court (Top Pref)","Badminton Court / Tue / 19:00
Nudge Mon / 13:16","Badminton Court / Tue / 20:00
Booked Mon / 16:56",NO,3 of 4,3,Badminton Court,Badminton Court,Tue,Tue,19:00,20:00,Nudge Mon / 13:16,Booked Mon / 16:56
R-156-#8421,R-156,"Gym / Mon / 08:00
Gym (Top Pref)","Gym / Tue / 08:00
Nudge Mon / 16:54","Gym / Tue / 07:00
Booked Mon / 17:02",YES,4 of 4,4,Gym,Gym,Tue,Tue,08:00,07:00,Nudge Mon / 16:54,Booked Mon / 17:02
R-102-#8422,R-102,"Badminton Court / Sun / 08:00
Gym (Top Pref)","Gym / Mon / 06:00
Nudge Sun / 16:05","Gym / Tue / 07:00
Booked Mon / 17:06",NO,2 of 4,2,Gym,Gym,Mon,Tue,06:00,07:00,Nudge Sun / 16:05,Booked Mon / 17:06
R-135-#8423,R-135,"Badminton Court / Mon / 09:00
Gym (Top Pref)","Gym / Tue / 06:00
Nudge Mon / 15:11","Gym / Tue / 06:00
Booked Mon / 17:10",YES,4 of 4,4,Gym,Gym,Tue,Tue,06:00,06:00,Nudge Mon / 15:11,Booked Mon / 17:10
R-152-#8424,R-152,"Clubhouse / Mon / 08:00
Gym (Top Pref)","Gym / Tue / 06:00
Nudge Mon / 17:54","Badminton Court / Tue / 06:00
Booked Mon / 17:42",NO,3 of 4,3,Gym,Badminton Court,Tue,Tue,06:00,06:00,Nudge Mon / 17:54,Booked Mon / 17:42
R-167-#8425,R-167,"Gym / Mon / 07:00
Gym (Top Pref)","Gym / Tue / 07:00
Nudge Mon / 16:45","Clubhouse / Tue / 06:00
Booked Mon / 18:01",NO,3 of 4,3,Gym,Clubhouse,Tue,Tue,07:00,06:00,Nudge Mon / 16:45,Booked Mon / 18:01
R-158-#8426,R-158,"Gym / Mon / 07:00
Gym (Top Pref)","Gym / Tue / 08:00
Nudge Mon / 19:03","Gym / Tue / 07:00
Booked Mon / 18:22",YES,4 of 4,4,Gym,Gym,Tue,Tue,08:00,07:00,Nudge Mon / 19:03,Booked Mon / 18:22
R-113-#8427,R-113,"Gym / Mon / 08:00
Gym (Top Pref)","Gym / Tue / 07:00
Nudge Mon / 18:57","Gym / Tue / 06:00
Booked Mon / 18:25",YES,4 of 4,4,Gym,Gym,Tue,Tue,07:00,06:00,Nudge Mon / 18:57,Booked Mon / 18:25
R-212-#8428,R-212,"Badminton Court / Mon / 12:00
Gym (Top Pref)","Gym / Tue / 06:00
Nudge Mon / 13:04","Gym / Tue / 06:00
Booked Mon / 18:40",NO,3 of 4,3,Gym,Gym,Tue,Tue,06:00,06:00,Nudge Mon / 13:04,Booked Mon / 18:40
R-131-#8429,R-131,"Badminton Court / Mon / 20:00
Badminton Court (Top Pref)","Badminton Court / Tue / 20:00
Nudge Mon / 19:16","Badminton Court / Tue / 18:00
Booked Mon / 18:53",NO,3 of 4,3,Badminton Court,Badminton Court,Tue,Tue,20:00,18:00,Nudge Mon / 19:16,Booked Mon / 18:53
R-165-#8430,R-165,"Gym / Mon / 18:00
Badminton Court (Top Pref)","Badminton Court / Tue / 18:00
Nudge Mon / 17:44","Swimming Pool / Tue / 20:00
Booked Mon / 19:47",NO,2 of 4,2,Badminton Court,Swimming Pool,Tue,Tue,18:00,20:00,Nudge Mon / 17:44,Booked Mon / 19:47
R-106-#8431,R-106,"Badminton Court / Mon / 18:00
Badminton Court (Top Pref)","Badminton Court / Tue / 18:00
Nudge Mon / 13:03","Gym / Tue / 19:00
Booked Mon / 19:52",NO,2 of 4,2,Badminton Court,Gym,Tue,Tue,18:00,19:00,Nudge Mon / 13:03,Booked Mon / 19:52
R-109-#8432,R-109,"Gym / Mon / 07:00
Gym (Top Pref)","Gym / Tue / 07:00
Nudge Mon / 19:20","Swimming Pool / Tue / 07:00
Booked Mon / 20:07",NO,3 of 4,3,Gym,Swimming Pool,Tue,Tue,07:00,07:00,Nudge Mon / 19:20,Booked Mon / 20:07
R-100-#8433,R-100,"Badminton Court / Sun / 11:00
Swimming Pool (Top Pref)","Gym / Mon / 17:00
Nudge Mon / 05:15","Clubhouse / Tue / 07:00
Booked Mon / 20:34",NO,0 of 4,0,Gym,Clubhouse,Mon,Tue,17:00,07:00,Nudge Mon / 05:15,Booked Mon / 20:34
R-145-#8434,R-145,"Gym / Mon / 06:00
Gym (Top Pref)","Gym / Tue / 08:00
Nudge Mon / 19:55","Gym / Tue / 07:00
Booked Mon / 21:06",YES,4 of 4,4,Gym,Gym,Tue,Tue,08:00,07:00,Nudge Mon / 19:55,Booked Mon / 21:06
R-118-#8435,R-118,"Gym / Mon / 08:00
Gym (Top Pref)","Gym / Tue / 06:00
Nudge Mon / 16:57","Gym / Tue / 15:00
Booked Mon / 21:07",NO,2 of 4,2,Gym,Gym,Tue,Tue,06:00,15:00,Nudge Mon / 16:57,Booked Mon / 21:07
R-128-#8436,R-128,"Badminton Court / Fri / 17:00
Swimming Pool (Top Pref)","Badminton Court / Mon / 19:00
Nudge Mon / 04:38","Tennis Court / Tue / 11:00
Booked Mon / 21:21",NO,0 of 4,0,Badminton Court,Tennis Court,Mon,Tue,19:00,11:00,Nudge Mon / 04:38,Booked Mon / 21:21
R-117-#8437,R-117,"Swimming Pool / Mon / 08:00
Gym (Top Pref)","Gym / Tue / 07:00
Nudge Mon / 19:09","Badminton Court / Tue / 14:00
Booked Mon / 22:20",NO,1 of 4,1,Gym,Badminton Court,Tue,Tue,07:00,14:00,Nudge Mon / 19:09,Booked Mon / 22:20
R-188-#8438,R-188,"Clubhouse / Mon / 08:00
Swimming Pool (Top Pref)","Swimming Pool / Tue / 07:00
Nudge Mon / 18:45","Swimming Pool / Tue / 11:00
Booked Mon / 22:30",NO,2 of 4,2,Swimming Pool,Swimming Pool,Tue,Tue,07:00,11:00,Nudge Mon / 18:45,Booked Mon / 22:30
R-168-#8439,R-168,"Gym / Mon / 08:00
Gym (Top Pref)","Gym / Tue / 08:00
Nudge Mon / 20:16","Badminton Court / Tue / 07:00
Booked Mon / 23:00",NO,2 of 4,2,Gym,Badminton Court,Tue,Tue,08:00,07:00,Nudge Mon / 20:16,Booked Mon / 23:00
R-116-#8440,R-116,"Gym / Mon / 07:00
Gym (Top Pref)","Gym / Tue / 08:00
Nudge Mon / 20:04","Gym / Tue / 07:00
Booked Mon / 23:06",NO,3 of 4,3,Gym,Gym,Tue,Tue,08:00,07:00,Nudge Mon / 20:04,Booked Mon / 23:06
R-196-#8441,R-196,"Clubhouse / Mon / 20:00
Badminton Court (Top Pref)","Badminton Court / Tue / 18:00
Nudge Mon / 13:51","Badminton Court / Tue / 19:00
Booked Mon / 23:18",NO,3 of 4,3,Badminton Court,Badminton Court,Tue,Tue,18:00,19:00,Nudge Mon / 13:51,Booked Mon / 23:18
R-101-#8442,R-101,"Tennis Court / Mon / 06:00
Gym (Top Pref)","Gym / Tue / 08:00
Nudge Mon / 20:14","Gym / Tue / 06:00
Booked Mon / 23:44",NO,2 of 4,2,Gym,Gym,Tue,Tue,08:00,06:00,Nudge Mon / 20:14,Booked Mon / 23:44
R-123-#8443,R-123,"Tennis Court / Mon / 07:00
Gym (Top Pref)","Gym / Tue / 08:00
Nudge Mon / 20:48","Swimming Pool / Tue / 15:00
Booked Mon / 23:55",NO,1 of 4,1,Gym,Swimming Pool,Tue,Tue,08:00,15:00,Nudge Mon / 20:48,Booked Mon / 23:55
R-198-#8444,R-198,"Tennis Court / Tue / 17:00
Tennis Court (Top Pref)","Tennis Court / Thu / 08:00
Nudge Tue / 09:16","Tennis Court / Wed / 17:00
Booked Tue / 01:21",NO,1 of 4,1,Tennis Court,Tennis Court,Thu,Wed,08:00,17:00,Nudge Tue / 09:16,Booked Tue / 01:21
R-183-#8445,R-183,"Tennis Court / Tue / 14:00
Badminton Court (Top Pref)","Badminton Court / Wed / 18:00
Nudge Tue / 13:48","Badminton Court / Wed / 11:00
Booked Tue / 01:49",NO,2 of 4,2,Badminton Court,Badminton Court,Wed,Wed,18:00,11:00,Nudge Tue / 13:48,Booked Tue / 01:49
R-203-#8446,R-203,"Badminton Court / Sun / 18:00
Badminton Court (Top Pref)","Badminton Court / Mon / 18:00
Nudge Sun / 12:33","Badminton Court / Tue / 18:00
Booked Tue / 03:19",NO,2 of 4,2,Badminton Court,Badminton Court,Mon,Tue,18:00,18:00,Nudge Sun / 12:33,Booked Tue / 03:19
R-107-#8447,R-107,"Swimming Pool / Mon / 20:00
Badminton Court (Top Pref)","Badminton Court / Tue / 18:00
Nudge Mon / 14:30","Badminton Court / Tue / 19:00
Booked Tue / 03:33",NO,3 of 4,3,Badminton Court,Badminton Court,Tue,Tue,18:00,19:00,Nudge Mon / 14:30,Booked Tue / 03:33
R-127-#8448,R-127,"Swimming Pool / Mon / 17:00
Swimming Pool (Top Pref)","Swimming Pool / Tue / 17:00
Nudge Tue / 04:36","Swimming Pool / Tue / 21:00
Booked Tue / 04:34",NO,3 of 4,3,Swimming Pool,Swimming Pool,Tue,Tue,17:00,21:00,Nudge Tue / 04:36,Booked Tue / 04:34
R-137-#8449,R-137,"Tennis Court / Mon / 11:00
Swimming Pool (Top Pref)","Gym / Tue / 17:00
Nudge Tue / 03:44","Gym / Tue / 19:00
Booked Tue / 04:49",NO,3 of 4,3,Gym,Gym,Tue,Tue,17:00,19:00,Nudge Tue / 03:44,Booked Tue / 04:49
R-108-#8450,R-108,"Badminton Court / Sun / 17:00
Badminton Court (Top Pref)","Gym / Mon / 19:00
Nudge Mon / 07:26","Gym / Tue / 18:00
Booked Tue / 05:20",NO,2 of 4,2,Gym,Gym,Mon,Tue,19:00,18:00,Nudge Mon / 07:26,Booked Tue / 05:20
R-139-#8451,R-139,"Swimming Pool / Sun / 17:00
Swimming Pool (Top Pref)","Swimming Pool / Sat / 17:00
Nudge Sat / 11:13","Clubhouse / Tue / 11:00
Booked Tue / 05:32",NO,0 of 4,0,Swimming Pool,Clubhouse,Sat,Tue,17:00,11:00,Nudge Sat / 11:13,Booked Tue / 05:32
R-187-#8452,R-187,"Tennis Court / Sun / 11:00
Gym (Top Pref)","Gym / Mon / 17:00
Nudge Mon / 05:19","Gym / Tue / 17:00
Booked Tue / 05:53",NO,2 of 4,2,Gym,Gym,Mon,Tue,17:00,17:00,Nudge Mon / 05:19,Booked Tue / 05:53
R-132-#8453,R-132,"Tennis Court / Tue / 07:00
Tennis Court (Top Pref)","Tennis Court / Thu / 07:00
Nudge Tue / 08:42","Tennis Court / Wed / 06:00
Booked Tue / 05:56",NO,2 of 4,2,Tennis Court,Tennis Court,Thu,Wed,07:00,06:00,Nudge Tue / 08:42,Booked Tue / 05:56
R-184-#8454,R-184,"Swimming Pool / Sun / 11:00
Gym (Top Pref)","Badminton Court / Mon / 17:00
Nudge Mon / 02:54","Gym / Tue / 19:00
Booked Tue / 06:02",NO,0 of 4,0,Badminton Court,Gym,Mon,Tue,17:00,19:00,Nudge Mon / 02:54,Booked Tue / 06:02
R-106-#8455,R-106,"Gym / Tue / 19:00
Badminton Court (Top Pref)","Badminton Court / Wed / 18:00
Nudge Tue / 08:35","Badminton Court / Wed / 18:00
Booked Tue / 06:04",NO,3 of 4,3,Badminton Court,Badminton Court,Wed,Wed,18:00,18:00,Nudge Tue / 08:35,Booked Tue / 06:04
R-150-#8456,R-150,"Clubhouse / Sat / 20:00
Clubhouse (Top Pref)","Clubhouse / Sun / 15:00
Nudge Sat / 20:34","Clubhouse / Tue / 18:00
Booked Tue / 06:29",NO,1 of 4,1,Clubhouse,Clubhouse,Sun,Tue,15:00,18:00,Nudge Sat / 20:34,Booked Tue / 06:29
R-115-#8457,R-115,"Tennis Court / Tue / 18:00
Tennis Court (Top Pref)","Tennis Court / Thu / 18:00
Nudge Tue / 21:52","Swimming Pool / Thu / 08:00
Booked Tue / 06:41",NO,1 of 4,1,Tennis Court,Swimming Pool,Thu,Thu,18:00,08:00,Nudge Tue / 21:52,Booked Tue / 06:41
R-107-#8458,R-107,"Badminton Court / Tue / 19:00
Badminton Court (Top Pref)","Badminton Court / Wed / 18:00
Nudge Tue / 10:07","Badminton Court / Wed / 19:00
Booked Tue / 06:43",NO,3 of 4,3,Badminton Court,Badminton Court,Wed,Wed,18:00,19:00,Nudge Tue / 10:07,Booked Tue / 06:43
R-141-#8459,R-141,"Badminton Court / Mon / 19:00
Badminton Court (Top Pref)","Badminton Court / Wed / 20:00
Nudge Tue / 20:06","Clubhouse / Wed / 20:00
Booked Tue / 06:55",NO,2 of 4,2,Badminton Court,Clubhouse,Wed,Wed,20:00,20:00,Nudge Tue / 20:06,Booked Tue / 06:55
R-195-#8460,R-195,"Badminton Court / Tue / 19:00
Badminton Court (Top Pref)","Badminton Court / Wed / 19:00
Nudge Tue / 10:40","Badminton Court / Wed / 18:00
Booked Tue / 07:36",NO,3 of 4,3,Badminton Court,Badminton Court,Wed,Wed,19:00,18:00,Nudge Tue / 10:40,Booked Tue / 07:36
R-210-#8461,R-210,"Tennis Court / Wed / 07:00
Tennis Court (Top Pref)","Tennis Court / Thu / 08:00
Nudge Tue / 08:20","Badminton Court / Thu / 09:00
Booked Tue / 09:05",NO,3 of 4,3,Tennis Court,Badminton Court,Thu,Thu,08:00,09:00,Nudge Tue / 08:20,Booked Tue / 09:05
R-182-#8462,R-182,"Swimming Pool / Mon / 11:00
Swimming Pool (Top Pref)","Swimming Pool / Tue / 16:00
Nudge Tue / 10:15","Swimming Pool / Tue / 16:00
Booked Tue / 10:34",YES,4 of 4,4,Swimming Pool,Swimming Pool,Tue,Tue,16:00,16:00,Nudge Tue / 10:15,Booked Tue / 10:34
R-119-#8463,R-119,"Badminton Court / Tue / 18:00
Badminton Court (Top Pref)","Badminton Court / Wed / 18:00
Nudge Tue / 14:08","Badminton Court / Wed / 20:00
Booked Tue / 10:59",NO,2 of 4,2,Badminton Court,Badminton Court,Wed,Wed,18:00,20:00,Nudge Tue / 14:08,Booked Tue / 10:59
R-144-#8464,R-144,"Swimming Pool / Tue / 06:00
Gym (Top Pref)","Gym / Wed / 06:00
Nudge Tue / 13:41","Gym / Wed / 06:00
Booked Tue / 11:57",YES,4 of 4,4,Gym,Gym,Wed,Wed,06:00,06:00,Nudge Tue / 13:41,Booked Tue / 11:57
R-147-#8465,R-147,"Badminton Court / Tue / 08:00
Gym (Top Pref)","Gym / Wed / 06:00
Nudge Tue / 13:50","Tennis Court / Wed / 08:00
Booked Tue / 12:04",NO,2 of 4,2,Gym,Tennis Court,Wed,Wed,06:00,08:00,Nudge Tue / 13:50,Booked Tue / 12:04
R-168-#8466,R-168,"Badminton Court / Tue / 07:00
Gym (Top Pref)","Gym / Wed / 06:00
Nudge Tue / 11:34","Badminton Court / Wed / 06:00
Booked Tue / 12:17",NO,3 of 4,3,Gym,Badminton Court,Wed,Wed,06:00,06:00,Nudge Tue / 11:34,Booked Tue / 12:17
R-205-#8467,R-205,"Clubhouse / Mon / 11:00
Swimming Pool (Top Pref)","Swimming Pool / Sun / 17:00
Nudge Sun / 11:00","Swimming Pool / Tue / 17:00
Booked Tue / 12:37",NO,2 of 4,2,Swimming Pool,Swimming Pool,Sun,Tue,17:00,17:00,Nudge Sun / 11:00,Booked Tue / 12:37
R-135-#8468,R-135,"Gym / Tue / 06:00
Gym (Top Pref)","Gym / Wed / 06:00
Nudge Tue / 13:25","Gym / Wed / 06:00
Booked Tue / 12:41",YES,4 of 4,4,Gym,Gym,Wed,Wed,06:00,06:00,Nudge Tue / 13:25,Booked Tue / 12:41
R-217-#8469,R-217,"Tennis Court / Tue / 19:00
Badminton Court (Top Pref)","Badminton Court / Wed / 18:00
Nudge Tue / 14:09","Swimming Pool / Wed / 19:00
Booked Tue / 12:55",NO,3 of 4,3,Badminton Court,Swimming Pool,Wed,Wed,18:00,19:00,Nudge Tue / 14:09,Booked Tue / 12:55
R-192-#8470,R-192,"Tennis Court / Tue / 19:00
Badminton Court (Top Pref)","Badminton Court / Wed / 18:00
Nudge Tue / 14:25","Badminton Court / Wed / 18:00
Booked Tue / 13:25",YES,4 of 4,4,Badminton Court,Badminton Court,Wed,Wed,18:00,18:00,Nudge Tue / 14:25,Booked Tue / 13:25
R-123-#8471,R-123,"Swimming Pool / Tue / 15:00
Gym (Top Pref)","Gym / Wed / 07:00
Nudge Tue / 15:42","Gym / Wed / 08:00
Booked Tue / 13:30",YES,4 of 4,4,Gym,Gym,Wed,Wed,07:00,08:00,Nudge Tue / 15:42,Booked Tue / 13:30
R-196-#8472,R-196,"Badminton Court / Tue / 19:00
Badminton Court (Top Pref)","Badminton Court / Wed / 18:00
Nudge Tue / 10:07","Swimming Pool / Wed / 20:00
Booked Tue / 13:48",NO,1 of 4,1,Badminton Court,Swimming Pool,Wed,Wed,18:00,20:00,Nudge Tue / 10:07,Booked Tue / 13:48
R-173-#8473,R-173,"Badminton Court / Tue / 18:00
Badminton Court (Top Pref)","Badminton Court / Wed / 19:00
Nudge Tue / 15:20","Badminton Court / Wed / 07:00
Booked Tue / 13:59",NO,3 of 4,3,Badminton Court,Badminton Court,Wed,Wed,19:00,07:00,Nudge Tue / 15:20,Booked Tue / 13:59
R-120-#8474,R-120,"Gym / Tue / 06:00
Badminton Court (Top Pref)","Badminton Court / Thu / 18:00
Nudge Wed / 17:28","Badminton Court / Wed / 18:00
Booked Tue / 14:07",NO,2 of 4,2,Badminton Court,Badminton Court,Thu,Wed,18:00,18:00,Nudge Wed / 17:28,Booked Tue / 14:07
R-174-#8475,R-174,"Badminton Court / Tue / 08:00
Gym (Top Pref)","Gym / Wed / 07:00
Nudge Tue / 17:20","Gym / Wed / 07:00
Booked Tue / 14:24",NO,3 of 4,3,Gym,Gym,Wed,Wed,07:00,07:00,Nudge Tue / 17:20,Booked Tue / 14:24
R-203-#8476,R-203,"Badminton Court / Tue / 18:00
Badminton Court (Top Pref)","Badminton Court / Wed / 18:00
Nudge Tue / 08:59","Gym / Wed / 19:00
Booked Tue / 14:36",NO,2 of 4,2,Badminton Court,Gym,Wed,Wed,18:00,19:00,Nudge Tue / 08:59,Booked Tue / 14:36
R-113-#8477,R-113,"Gym / Tue / 06:00
Gym (Top Pref)","Gym / Wed / 06:00
Nudge Tue / 13:51","Gym / Wed / 08:00
Booked Tue / 15:06",NO,3 of 4,3,Gym,Gym,Wed,Wed,06:00,08:00,Nudge Tue / 13:51,Booked Tue / 15:06
R-142-#8478,R-142,"Badminton Court / Tue / 20:00
Badminton Court (Top Pref)","Badminton Court / Wed / 18:00
Nudge Tue / 14:04","Badminton Court / Wed / 20:00
Booked Tue / 15:22",NO,3 of 4,3,Badminton Court,Badminton Court,Wed,Wed,18:00,20:00,Nudge Tue / 14:04,Booked Tue / 15:22
R-161-#8479,R-161,"Gym / Mon / 11:00
Gym (Top Pref)","Gym / Wed / 17:00
Nudge Wed / 05:20","Badminton Court / Wed / 08:00
Booked Tue / 15:34",NO,1 of 4,1,Gym,Badminton Court,Wed,Wed,17:00,08:00,Nudge Wed / 05:20,Booked Tue / 15:34
R-152-#8480,R-152,"Badminton Court / Tue / 06:00
Gym (Top Pref)","Gym / Wed / 06:00
Nudge Tue / 14:36","Swimming Pool / Wed / 08:00
Booked Tue / 15:45",NO,2 of 4,2,Gym,Swimming Pool,Wed,Wed,06:00,08:00,Nudge Tue / 14:36,Booked Tue / 15:45
R-136-#8481,R-136,"Badminton Court / Tue / 20:00
Badminton Court (Top Pref)","Badminton Court / Wed / 19:00
Nudge Tue / 13:52","Badminton Court / Wed / 19:00
Booked Tue / 15:54",YES,4 of 4,4,Badminton Court,Badminton Court,Wed,Wed,19:00,19:00,Nudge Tue / 13:52,Booked Tue / 15:54
R-118-#8482,R-118,"Gym / Tue / 15:00
Gym (Top Pref)","Gym / Wed / 06:00
Nudge Tue / 15:33","Gym / Wed / 06:00
Booked Tue / 16:04",YES,4 of 4,4,Gym,Gym,Wed,Wed,06:00,06:00,Nudge Tue / 15:33,Booked Tue / 16:04
R-131-#8483,R-131,"Badminton Court / Tue / 18:00
Badminton Court (Top Pref)","Badminton Court / Wed / 19:00
Nudge Tue / 15:01","Badminton Court / Wed / 18:00
Booked Tue / 16:20",YES,4 of 4,4,Badminton Court,Badminton Court,Wed,Wed,19:00,18:00,Nudge Tue / 15:01,Booked Tue / 16:20
R-146-#8484,R-146,"Swimming Pool / Tue / 17:00
Tennis Court (Top Pref)","Tennis Court / Thu / 07:00
Nudge Tue / 17:34","Gym / Wed / 20:00
Booked Tue / 16:47",NO,1 of 4,1,Tennis Court,Gym,Thu,Wed,07:00,20:00,Nudge Tue / 17:34,Booked Tue / 16:47
R-166-#8485,R-166,"Gym / Tue / 19:00
Gym (Top Pref)","Swimming Pool / Thu / 07:00
Nudge Wed / 17:30","Clubhouse / Wed / 07:00
Booked Tue / 16:54",NO,1 of 4,1,Swimming Pool,Clubhouse,Thu,Wed,07:00,07:00,Nudge Wed / 17:30,Booked Tue / 16:54
R-125-#8486,R-125,"Badminton Court / Mon / 20:00
Badminton Court (Top Pref)","Badminton Court / Wed / 19:00
Nudge Tue / 18:31","Badminton Court / Wed / 19:00
Booked Tue / 17:27",YES,4 of 4,4,Badminton Court,Badminton Court,Wed,Wed,19:00,19:00,Nudge Tue / 18:31,Booked Tue / 17:27
R-189-#8487,R-189,"Gym / Tue / 06:00
Gym (Top Pref)","Gym / Wed / 07:00
Nudge Tue / 18:46","Gym / Wed / 07:00
Booked Tue / 17:28",YES,4 of 4,4,Gym,Gym,Wed,Wed,07:00,07:00,Nudge Tue / 18:46,Booked Tue / 17:28
R-158-#8488,R-158,"Gym / Tue / 07:00
Gym (Top Pref)","Gym / Wed / 08:00
Nudge Tue / 17:36","Gym / Wed / 07:00
Booked Tue / 17:35",YES,4 of 4,4,Gym,Gym,Wed,Wed,08:00,07:00,Nudge Tue / 17:36,Booked Tue / 17:35
R-167-#8489,R-167,"Clubhouse / Tue / 06:00
Gym (Top Pref)","Gym / Wed / 07:00
Nudge Tue / 16:50","Gym / Wed / 06:00
Booked Tue / 17:59",YES,4 of 4,4,Gym,Gym,Wed,Wed,07:00,06:00,Nudge Tue / 16:50,Booked Tue / 17:59
R-208-#8490,R-208,"Gym / Mon / 08:00
Gym (Top Pref)","Gym / Wed / 07:00
Nudge Tue / 16:53","Gym / Wed / 08:00
Booked Tue / 18:21",YES,4 of 4,4,Gym,Gym,Wed,Wed,07:00,08:00,Nudge Tue / 16:53,Booked Tue / 18:21
R-109-#8491,R-109,"Swimming Pool / Tue / 07:00
Gym (Top Pref)","Gym / Wed / 07:00
Nudge Tue / 16:34","Tennis Court / Wed / 06:00
Booked Tue / 19:23",NO,2 of 4,2,Gym,Tennis Court,Wed,Wed,07:00,06:00,Nudge Tue / 16:34,Booked Tue / 19:23
R-206-#8492,R-206,"Gym / Tue / 06:00
Gym (Top Pref)","Gym / Wed / 07:00
Nudge Tue / 18:51","Gym / Wed / 07:00
Booked Tue / 19:52",YES,4 of 4,4,Gym,Gym,Wed,Wed,07:00,07:00,Nudge Tue / 18:51,Booked Tue / 19:52
R-159-#8493,R-159,"Clubhouse / Sun / 19:00
Clubhouse (Top Pref)","Clubhouse / Fri / 14:00
Nudge Thu / 17:59","Clubhouse / Wed / 19:00
Booked Tue / 19:55",NO,1 of 4,1,Clubhouse,Clubhouse,Fri,Wed,14:00,19:00,Nudge Thu / 17:59,Booked Tue / 19:55
R-101-#8494,R-101,"Gym / Tue / 06:00
Gym (Top Pref)","Gym / Wed / 07:00
Nudge Tue / 14:34","Tennis Court / Wed / 08:00
Booked Tue / 20:00",NO,2 of 4,2,Gym,Tennis Court,Wed,Wed,07:00,08:00,Nudge Tue / 14:34,Booked Tue / 20:00
R-145-#8495,R-145,"Gym / Tue / 07:00
Gym (Top Pref)","Gym / Wed / 06:00
Nudge Tue / 15:39","Gym / Wed / 07:00
Booked Tue / 20:01",NO,3 of 4,3,Gym,Gym,Wed,Wed,06:00,07:00,Nudge Tue / 15:39,Booked Tue / 20:01
R-201-#8496,R-201,"Clubhouse / Sat / 07:00
Gym (Top Pref)","Swimming Pool / Mon / 17:00
Nudge Mon / 03:47","Clubhouse / Wed / 11:00
Booked Tue / 20:11",NO,0 of 4,0,Swimming Pool,Clubhouse,Mon,Wed,17:00,11:00,Nudge Mon / 03:47,Booked Tue / 20:11
R-114-#8497,R-114,"Swimming Pool / Fri / 19:00
Clubhouse (Top Pref)","Clubhouse / Fri / 14:00
Nudge Thu / 18:28","Clubhouse / Wed / 10:00
Booked Tue / 20:26",NO,1 of 4,1,Clubhouse,Clubhouse,Fri,Wed,14:00,10:00,Nudge Thu / 18:28,Booked Tue / 20:26
R-103-#8498,R-103,"Clubhouse / Sun / 21:00
Swimming Pool (Top Pref)","Swimming Pool / Mon / 17:00
Nudge Mon / 03:05","Gym / Wed / 08:00
Booked Tue / 20:58",NO,0 of 4,0,Swimming Pool,Gym,Mon,Wed,17:00,08:00,Nudge Mon / 03:05,Booked Tue / 20:58
R-180-#8499,R-180,"Badminton Court / Mon / 19:00
Badminton Court (Top Pref)","Badminton Court / Wed / 20:00
Nudge Tue / 19:43","Badminton Court / Wed / 18:00
Booked Tue / 21:43",NO,3 of 4,3,Badminton Court,Badminton Court,Wed,Wed,20:00,18:00,Nudge Tue / 19:43,Booked Tue / 21:43
R-165-#8500,R-165,"Swimming Pool / Tue / 20:00
Badminton Court (Top Pref)","Badminton Court / Wed / 19:00
Nudge Tue / 14:51","Clubhouse / Wed / 18:00
Booked Tue / 21:53",NO,2 of 4,2,Badminton Court,Clubhouse,Wed,Wed,19:00,18:00,Nudge Tue / 14:51,Booked Tue / 21:53
R-200-#8501,R-200,"Swimming Pool / Mon / 11:00
Gym (Top Pref)","Gym / Wed / 17:00
Nudge Wed / 05:28","Gym / Wed / 07:00
Booked Tue / 22:12",NO,2 of 4,2,Gym,Gym,Wed,Wed,17:00,07:00,Nudge Wed / 05:28,Booked Tue / 22:12
R-170-#8502,R-170,"Badminton Court / Tue / 19:00
Badminton Court (Top Pref)","Badminton Court / Wed / 18:00
Nudge Tue / 18:18","Badminton Court / Wed / 20:00
Booked Tue / 22:58",NO,2 of 4,2,Badminton Court,Badminton Court,Wed,Wed,18:00,20:00,Nudge Tue / 18:18,Booked Tue / 22:58
R-213-#8503,R-213,"Tennis Court / Mon / 19:00
Badminton Court (Top Pref)","Badminton Court / Wed / 18:00
Nudge Tue / 17:53","Tennis Court / Thu / 16:00
Booked Tue / 23:16",NO,0 of 4,0,Badminton Court,Tennis Court,Wed,Thu,18:00,16:00,Nudge Tue / 17:53,Booked Tue / 23:16
R-130-#8504,R-130,"Tennis Court / Sun / 07:00
Tennis Court (Top Pref)","Tennis Court / Thu / 17:00
Nudge Wed / 01:24","Clubhouse / Thu / 18:00
Booked Tue / 23:47",NO,3 of 4,3,Tennis Court,Clubhouse,Thu,Thu,17:00,18:00,Nudge Wed / 01:24,Booked Tue / 23:47
R-110-#8505,R-110,"Tennis Court / Mon / 12:00
Swimming Pool (Top Pref)","Gym / Wed / 17:00
Nudge Wed / 05:22","Gym / Wed / 11:00
Booked Wed / 00:19",NO,2 of 4,2,Gym,Gym,Wed,Wed,17:00,11:00,Nudge Wed / 05:22,Booked Wed / 00:19
R-156-#8506,R-156,"Gym / Tue / 07:00
Gym (Top Pref)","Gym / Wed / 08:00
Nudge Tue / 20:15","Gym / Wed / 12:00
Booked Wed / 00:42",NO,2 of 4,2,Gym,Gym,Wed,Wed,08:00,12:00,Nudge Tue / 20:15,Booked Wed / 00:42
R-105-#8507,R-105,"Clubhouse / Tue / 20:00
Badminton Court (Top Pref)","Badminton Court / Wed / 20:00
Nudge Tue / 20:20","Badminton Court / Wed / 19:00
Booked Wed / 01:30",NO,3 of 4,3,Badminton Court,Badminton Court,Wed,Wed,20:00,19:00,Nudge Tue / 20:20,Booked Wed / 01:30
R-207-#8508,R-207,"Badminton Court / Tue / 20:00
Badminton Court (Top Pref)","Badminton Court / Wed / 18:00
Nudge Tue / 16:10","Badminton Court / Wed / 20:00
Booked Wed / 02:33",NO,2 of 4,2,Badminton Court,Badminton Court,Wed,Wed,18:00,20:00,Nudge Tue / 16:10,Booked Wed / 02:33
R-116-#8509,R-116,"Gym / Tue / 07:00
Gym (Top Pref)","Gym / Wed / 08:00
Nudge Tue / 20:13","Tennis Court / Wed / 14:00
Booked Wed / 03:35",NO,1 of 4,1,Gym,Tennis Court,Wed,Wed,08:00,14:00,Nudge Tue / 20:13,Booked Wed / 03:35
R-169-#8510,R-169,"Tennis Court / Sun / 19:00
Badminton Court (Top Pref)","Swimming Pool / Tue / 11:00
Nudge Mon / 23:34","Badminton Court / Wed / 17:00
Booked Wed / 03:50",NO,0 of 4,0,Swimming Pool,Badminton Court,Tue,Wed,11:00,17:00,Nudge Mon / 23:34,Booked Wed / 03:50
R-160-#8511,R-160,"Swimming Pool / Sun / 11:00
Swimming Pool (Top Pref)","Swimming Pool / Tue / 15:00
Nudge Tue / 09:03","Gym / Wed / 11:00
Booked Wed / 04:50",NO,0 of 4,0,Swimming Pool,Gym,Tue,Wed,15:00,11:00,Nudge Tue / 09:03,Booked Wed / 04:50
R-146-#8512,R-146,"Gym / Wed / 20:00
Tennis Court (Top Pref)","Tennis Court / Thu / 07:00
Nudge Tue / 06:23","Tennis Court / Thu / 18:00
Booked Wed / 04:54",NO,2 of 4,2,Tennis Court,Tennis Court,Thu,Thu,07:00,18:00,Nudge Tue / 06:23,Booked Wed / 04:54
R-203-#8513,R-203,"Gym / Wed / 19:00
Badminton Court (Top Pref)","Badminton Court / Thu / 18:00
Nudge Wed / 10:39","Badminton Court / Thu / 11:00
Booked Wed / 06:39",NO,2 of 4,2,Badminton Court,Badminton Court,Thu,Thu,18:00,11:00,Nudge Wed / 10:39,Booked Wed / 06:39
R-134-#8514,R-134,"Tennis Court / Sat / 09:00
Swimming Pool (Top Pref)","Swimming Pool / Sun / 16:00
Nudge Sun / 11:02","Clubhouse / Wed / 16:00
Booked Wed / 08:41",NO,1 of 4,1,Swimming Pool,Clubhouse,Sun,Wed,16:00,16:00,Nudge Sun / 11:02,Booked Wed / 08:41
R-219-#8515,R-219,"Tennis Court / Mon / 17:00
Tennis Court (Top Pref)","Tennis Court / Thu / 08:00
Nudge Tue / 14:01","Swimming Pool / Thu / 18:00
Booked Wed / 09:31",NO,1 of 4,1,Tennis Court,Swimming Pool,Thu,Thu,08:00,18:00,Nudge Tue / 14:01,Booked Wed / 09:31
R-143-#8516,R-143,"Tennis Court / Sun / 10:00
Swimming Pool (Top Pref)","Swimming Pool / Wed / 15:00
Nudge Wed / 09:42","Gym / Wed / 15:00
Booked Wed / 09:41",NO,3 of 4,3,Swimming Pool,Gym,Wed,Wed,15:00,15:00,Nudge Wed / 09:42,Booked Wed / 09:41
R-207-#8517,R-207,"Badminton Court / Wed / 20:00
Badminton Court (Top Pref)","Badminton Court / Thu / 19:00
Nudge Wed / 10:57","Badminton Court / Thu / 20:00
Booked Wed / 10:05",YES,4 of 4,4,Badminton Court,Badminton Court,Thu,Thu,19:00,20:00,Nudge Wed / 10:57,Booked Wed / 10:05
R-141-#8518,R-141,"Clubhouse / Wed / 20:00
Badminton Court (Top Pref)","Badminton Court / Thu / 18:00
Nudge Wed / 15:39","Gym / Thu / 21:00
Booked Wed / 10:28",NO,1 of 4,1,Badminton Court,Gym,Thu,Thu,18:00,21:00,Nudge Wed / 15:39,Booked Wed / 10:28
R-171-#8519,R-171,"Tennis Court / Mon / 17:00
Swimming Pool (Top Pref)","Swimming Pool / Sat / 10:00
Nudge Sat / 05:10","Swimming Pool / Wed / 16:00
Booked Wed / 10:28",NO,1 of 4,1,Swimming Pool,Swimming Pool,Sat,Wed,10:00,16:00,Nudge Sat / 05:10,Booked Wed / 10:28
R-102-#8520,R-102,"Gym / Tue / 07:00
Gym (Top Pref)","Gym / Wed / 07:00
Nudge Tue / 16:07","Gym / Thu / 06:00
Booked Wed / 11:26",NO,2 of 4,2,Gym,Gym,Wed,Thu,07:00,06:00,Nudge Tue / 16:07,Booked Wed / 11:26
R-152-#8521,R-152,"Swimming Pool / Wed / 08:00
Gym (Top Pref)","Gym / Thu / 06:00
Nudge Wed / 13:44","Gym / Thu / 07:00
Booked Wed / 11:26",YES,4 of 4,4,Gym,Gym,Thu,Thu,06:00,07:00,Nudge Wed / 13:44,Booked Wed / 11:26
R-182-#8522,R-182,"Swimming Pool / Tue / 16:00
Swimming Pool (Top Pref)","Swimming Pool / Sat / 17:00
Nudge Sat / 11:12","Swimming Pool / Wed / 18:00
Booked Wed / 11:46",NO,2 of 4,2,Swimming Pool,Swimming Pool,Sat,Wed,17:00,18:00,Nudge Sat / 11:12,Booked Wed / 11:46
R-170-#8523,R-170,"Badminton Court / Wed / 20:00
Badminton Court (Top Pref)","Badminton Court / Thu / 18:00
Nudge Wed / 09:31","Swimming Pool / Thu / 20:00
Booked Wed / 11:48",NO,2 of 4,2,Badminton Court,Swimming Pool,Thu,Thu,18:00,20:00,Nudge Wed / 09:31,Booked Wed / 11:48
R-216-#8524,R-216,"Swimming Pool / Sun / 10:00
Swimming Pool (Top Pref)","Swimming Pool / Wed / 15:00
Nudge Wed / 08:46","Tennis Court / Wed / 16:00
Booked Wed / 11:57",NO,2 of 4,2,Swimming Pool,Tennis Court,Wed,Wed,15:00,16:00,Nudge Wed / 08:46,Booked Wed / 11:57
R-188-#8525,R-188,"Swimming Pool / Tue / 11:00
Swimming Pool (Top Pref)","Swimming Pool / Wed / 17:00
Nudge Wed / 05:29","Swimming Pool / Thu / 07:00
Booked Wed / 12:10",NO,1 of 4,1,Swimming Pool,Swimming Pool,Wed,Thu,17:00,07:00,Nudge Wed / 05:29,Booked Wed / 12:10
R-111-#8526,R-111,"Clubhouse / Sun / 11:00
Gym (Top Pref)","Gym / Mon / 17:00
Nudge Mon / 05:15","Swimming Pool / Wed / 19:00
Booked Wed / 12:41",NO,0 of 4,0,Gym,Swimming Pool,Mon,Wed,17:00,19:00,Nudge Mon / 05:15,Booked Wed / 12:41
R-148-#8527,R-148,"Clubhouse / Sun / 20:00
Swimming Pool (Top Pref)","Swimming Pool / Sat / 17:00
Nudge Sat / 11:42","Swimming Pool / Wed / 17:00
Booked Wed / 12:56",NO,2 of 4,2,Swimming Pool,Swimming Pool,Sat,Wed,17:00,17:00,Nudge Sat / 11:42,Booked Wed / 12:56
R-123-#8528,R-123,"Gym / Wed / 08:00
Gym (Top Pref)","Gym / Thu / 08:00
Nudge Wed / 18:25","Clubhouse / Thu / 07:00
Booked Wed / 12:58",NO,2 of 4,2,Gym,Clubhouse,Thu,Thu,08:00,07:00,Nudge Wed / 18:25,Booked Wed / 12:58
R-142-#8529,R-142,"Badminton Court / Wed / 20:00
Badminton Court (Top Pref)","Badminton Court / Thu / 18:00
Nudge Wed / 13:54","Tennis Court / Thu / 19:00
Booked Wed / 12:59",NO,3 of 4,3,Badminton Court,Tennis Court,Thu,Thu,18:00,19:00,Nudge Wed / 13:54,Booked Wed / 12:59
R-168-#8530,R-168,"Badminton Court / Wed / 06:00
Gym (Top Pref)","Gym / Thu / 06:00
Nudge Wed / 15:44","Gym / Thu / 06:00
Booked Wed / 13:01",NO,3 of 4,3,Gym,Gym,Thu,Thu,06:00,06:00,Nudge Wed / 15:44,Booked Wed / 13:01
R-174-#8531,R-174,"Gym / Wed / 07:00
Gym (Top Pref)","Gym / Thu / 07:00
Nudge Wed / 16:23","Swimming Pool / Thu / 06:00
Booked Wed / 13:06",NO,2 of 4,2,Gym,Swimming Pool,Thu,Thu,07:00,06:00,Nudge Wed / 16:23,Booked Wed / 13:06
R-217-#8532,R-217,"Swimming Pool / Wed / 19:00
Badminton Court (Top Pref)","Badminton Court / Thu / 18:00
Nudge Wed / 13:50","Gym / Thu / 19:00
Booked Wed / 13:54",NO,3 of 4,3,Badminton Court,Gym,Thu,Thu,18:00,19:00,Nudge Wed / 13:50,Booked Wed / 13:54
R-113-#8533,R-113,"Gym / Wed / 08:00
Gym (Top Pref)","Gym / Thu / 06:00
Nudge Wed / 15:51","Gym / Thu / 06:00
Booked Wed / 14:03",YES,4 of 4,4,Gym,Gym,Thu,Thu,06:00,06:00,Nudge Wed / 15:51,Booked Wed / 14:03
R-192-#8534,R-192,"Badminton Court / Wed / 18:00
Badminton Court (Top Pref)","Badminton Court / Thu / 18:00
Nudge Wed / 13:49","Badminton Court / Thu / 19:00
Booked Wed / 14:08",YES,4 of 4,4,Badminton Court,Badminton Court,Thu,Thu,18:00,19:00,Nudge Wed / 13:49,Booked Wed / 14:08
R-136-#8535,R-136,"Badminton Court / Wed / 19:00
Badminton Court (Top Pref)","Badminton Court / Thu / 18:00
Nudge Wed / 12:52","Badminton Court / Thu / 19:00
Booked Wed / 14:23",YES,4 of 4,4,Badminton Court,Badminton Court,Thu,Thu,18:00,19:00,Nudge Wed / 12:52,Booked Wed / 14:23
R-132-#8536,R-132,"Tennis Court / Wed / 06:00
Tennis Court (Top Pref)","Tennis Court / Thu / 07:00
Nudge Tue / 11:14","Tennis Court / Thu / 18:00
Booked Wed / 14:46",NO,2 of 4,2,Tennis Court,Tennis Court,Thu,Thu,07:00,18:00,Nudge Tue / 11:14,Booked Wed / 14:46
R-165-#8537,R-165,"Clubhouse / Wed / 18:00
Badminton Court (Top Pref)","Badminton Court / Thu / 19:00
Nudge Wed / 11:54","Badminton Court / Thu / 20:00
Booked Wed / 14:47",NO,3 of 4,3,Badminton Court,Badminton Court,Thu,Thu,19:00,20:00,Nudge Wed / 11:54,Booked Wed / 14:47
R-106-#8538,R-106,"Badminton Court / Wed / 18:00
Badminton Court (Top Pref)","Badminton Court / Thu / 18:00
Nudge Wed / 16:39","Swimming Pool / Thu / 20:00
Booked Wed / 14:53",NO,2 of 4,2,Badminton Court,Swimming Pool,Thu,Thu,18:00,20:00,Nudge Wed / 16:39,Booked Wed / 14:53
R-109-#8539,R-109,"Tennis Court / Wed / 06:00
Gym (Top Pref)","Gym / Thu / 07:00
Nudge Wed / 14:45","Tennis Court / Thu / 08:00
Booked Wed / 15:07",NO,3 of 4,3,Gym,Tennis Court,Thu,Thu,07:00,08:00,Nudge Wed / 14:45,Booked Wed / 15:07
R-167-#8540,R-167,"Gym / Wed / 06:00
Gym (Top Pref)","Gym / Thu / 06:00
Nudge Wed / 14:41","Gym / Thu / 06:00
Booked Wed / 15:37",YES,4 of 4,4,Gym,Gym,Thu,Thu,06:00,06:00,Nudge Wed / 14:41,Booked Wed / 15:37
R-201-#8541,R-201,"Clubhouse / Wed / 11:00
Gym (Top Pref)","Swimming Pool / Thu / 07:00
Nudge Wed / 17:25","Gym / Thu / 06:00
Booked Wed / 15:54",NO,3 of 4,3,Swimming Pool,Gym,Thu,Thu,07:00,06:00,Nudge Wed / 17:25,Booked Wed / 15:54
R-156-#8542,R-156,"Gym / Wed / 12:00
Gym (Top Pref)","Gym / Thu / 07:00
Nudge Wed / 14:45","Gym / Thu / 06:00
Booked Wed / 16:07",YES,4 of 4,4,Gym,Gym,Thu,Thu,07:00,06:00,Nudge Wed / 14:45,Booked Wed / 16:07
R-116-#8543,R-116,"Tennis Court / Wed / 14:00
Gym (Top Pref)","Gym / Thu / 08:00
Nudge Wed / 16:43","Swimming Pool / Thu / 06:00
Booked Wed / 16:09",NO,2 of 4,2,Gym,Swimming Pool,Thu,Thu,08:00,06:00,Nudge Wed / 16:43,Booked Wed / 16:09
R-208-#8544,R-208,"Gym / Wed / 08:00
Gym (Top Pref)","Gym / Thu / 07:00
Nudge Wed / 16:18","Gym / Thu / 08:00
Booked Wed / 16:23",YES,4 of 4,4,Gym,Gym,Thu,Thu,07:00,08:00,Nudge Wed / 16:18,Booked Wed / 16:23
R-172-#8545,R-172,"Clubhouse / Sun / 08:00
Gym (Top Pref)","Gym / Mon / 06:00
Nudge Sun / 16:30","Gym / Thu / 07:00
Booked Wed / 16:58",NO,2 of 4,2,Gym,Gym,Mon,Thu,06:00,07:00,Nudge Sun / 16:30,Booked Wed / 16:58
R-212-#8546,R-212,"Gym / Tue / 06:00
Gym (Top Pref)","Gym / Wed / 06:00
Nudge Tue / 15:12","Gym / Thu / 06:00
Booked Wed / 17:24",NO,2 of 4,2,Gym,Gym,Wed,Thu,06:00,06:00,Nudge Tue / 15:12,Booked Wed / 17:24
R-158-#8547,R-158,"Gym / Wed / 07:00
Gym (Top Pref)","Gym / Thu / 08:00
Nudge Wed / 17:53","Badminton Court / Thu / 08:00
Booked Wed / 17:46",NO,3 of 4,3,Gym,Badminton Court,Thu,Thu,08:00,08:00,Nudge Wed / 17:53,Booked Wed / 17:46
R-101-#8548,R-101,"Tennis Court / Wed / 08:00
Gym (Top Pref)","Gym / Thu / 07:00
Nudge Wed / 16:46","Swimming Pool / Thu / 06:00
Booked Wed / 19:02",NO,3 of 4,3,Gym,Swimming Pool,Thu,Thu,07:00,06:00,Nudge Wed / 16:46,Booked Wed / 19:02
R-145-#8549,R-145,"Gym / Wed / 07:00
Gym (Top Pref)","Gym / Thu / 06:00
Nudge Wed / 15:42","Gym / Thu / 08:00
Booked Wed / 19:17",NO,2 of 4,2,Gym,Gym,Thu,Thu,06:00,08:00,Nudge Wed / 15:42,Booked Wed / 19:17
R-117-#8550,R-117,"Badminton Court / Tue / 14:00
Gym (Top Pref)","Gym / Wed / 07:00
Nudge Tue / 16:43","Gym / Thu / 07:00
Booked Wed / 20:36",NO,2 of 4,2,Gym,Gym,Wed,Thu,07:00,07:00,Nudge Tue / 16:43,Booked Wed / 20:36
R-159-#8551,R-159,"Clubhouse / Wed / 19:00
Clubhouse (Top Pref)","Clubhouse / Fri / 19:00
Nudge Thu / 22:49","Badminton Court / Thu / 20:00
Booked Wed / 21:14",NO,1 of 4,1,Clubhouse,Badminton Court,Fri,Thu,19:00,20:00,Nudge Thu / 22:49,Booked Wed / 21:14
R-120-#8552,R-120,"Badminton Court / Wed / 18:00
Badminton Court (Top Pref)","Badminton Court / Thu / 18:00
Nudge Wed / 15:47","Badminton Court / Thu / 18:00
Booked Wed / 21:43",NO,3 of 4,3,Badminton Court,Badminton Court,Thu,Thu,18:00,18:00,Nudge Wed / 15:47,Booked Wed / 21:43
R-180-#8553,R-180,"Badminton Court / Wed / 18:00
Badminton Court (Top Pref)","Badminton Court / Thu / 20:00
Nudge Wed / 16:03","Badminton Court / Thu / 19:00
Booked Wed / 22:10",NO,3 of 4,3,Badminton Court,Badminton Court,Thu,Thu,20:00,19:00,Nudge Wed / 16:03,Booked Wed / 22:10
R-206-#8554,R-206,"Gym / Wed / 07:00
Gym (Top Pref)","Gym / Thu / 07:00
Nudge Wed / 17:57","Gym / Thu / 07:00
Booked Wed / 22:23",NO,3 of 4,3,Gym,Gym,Thu,Thu,07:00,07:00,Nudge Wed / 17:57,Booked Wed / 22:23
R-118-#8555,R-118,"Gym / Wed / 06:00
Gym (Top Pref)","Gym / Thu / 08:00
Nudge Wed / 19:56","Swimming Pool / Thu / 06:00
Booked Wed / 22:34",NO,1 of 4,1,Gym,Swimming Pool,Thu,Thu,08:00,06:00,Nudge Wed / 19:56,Booked Wed / 22:34
R-189-#8556,R-189,"Gym / Wed / 07:00
Gym (Top Pref)","Gym / Thu / 07:00
Nudge Wed / 19:07","Gym / Thu / 07:00
Booked Wed / 22:48",NO,3 of 4,3,Gym,Gym,Thu,Thu,07:00,07:00,Nudge Wed / 19:07,Booked Wed / 22:48
R-200-#8557,R-200,"Gym / Wed / 07:00
Gym (Top Pref)","Gym / Thu / 17:00
Nudge Thu / 04:56","Tennis Court / Thu / 07:00
Booked Wed / 22:52",NO,1 of 4,1,Gym,Tennis Court,Thu,Thu,17:00,07:00,Nudge Thu / 04:56,Booked Wed / 22:52
R-207-#8558,R-207,"Badminton Court / Thu / 20:00
Badminton Court (Top Pref)","Badminton Court / Fri / 19:00
Nudge Thu / 10:56","Clubhouse / Fri / 06:00
Booked Wed / 23:04",NO,1 of 4,1,Badminton Court,Clubhouse,Fri,Fri,19:00,06:00,Nudge Thu / 10:56,Booked Wed / 23:04
R-169-#8559,R-169,"Badminton Court / Wed / 17:00
Badminton Court (Top Pref)","Gym / Thu / 11:00
Nudge Wed / 23:00","Badminton Court / Thu / 07:00
Booked Wed / 23:27",NO,2 of 4,2,Gym,Badminton Court,Thu,Thu,11:00,07:00,Nudge Wed / 23:00,Booked Wed / 23:27
R-204-#8560,R-204,"Swimming Pool / Sun / 08:00
Tennis Court (Top Pref)","Tennis Court / Mon / 17:00
Nudge Mon / 03:12","Clubhouse / Thu / 08:00
Booked Wed / 23:32",NO,0 of 4,0,Tennis Court,Clubhouse,Mon,Thu,17:00,08:00,Nudge Mon / 03:12,Booked Wed / 23:32
R-147-#8561,R-147,"Tennis Court / Wed / 08:00
Gym (Top Pref)","Gym / Thu / 08:00
Nudge Wed / 20:34","Gym / Thu / 06:00
Booked Thu / 00:00",NO,2 of 4,2,Gym,Gym,Thu,Thu,08:00,06:00,Nudge Wed / 20:34,Booked Thu / 00:00
R-170-#8562,R-170,"Swimming Pool / Thu / 20:00
Badminton Court (Top Pref)","Badminton Court / Fri / 18:00
Nudge Thu / 10:12","Tennis Court / Fri / 19:00
Booked Thu / 00:04",NO,2 of 4,2,Badminton Court,Tennis Court,Fri,Fri,18:00,19:00,Nudge Thu / 10:12,Booked Thu / 00:04
R-173-#8563,R-173,"Badminton Court / Wed / 07:00
Badminton Court (Top Pref)","Badminton Court / Thu / 20:00
Nudge Wed / 17:46","Badminton Court / Fri / 07:00
Booked Thu / 00:12",NO,1 of 4,1,Badminton Court,Badminton Court,Thu,Fri,20:00,07:00,Nudge Wed / 17:46,Booked Thu / 00:12
R-160-#8564,R-160,"Gym / Wed / 11:00
Swimming Pool (Top Pref)","Swimming Pool / Sat / 10:00
Nudge Sat / 03:53","Swimming Pool / Thu / 06:00
Booked Thu / 00:31",NO,1 of 4,1,Swimming Pool,Swimming Pool,Sat,Thu,10:00,06:00,Nudge Sat / 03:53,Booked Thu / 00:31
R-183-#8565,R-183,"Badminton Court / Wed / 11:00
Badminton Court (Top Pref)","Badminton Court / Fri / 18:00
Nudge Thu / 16:57","Tennis Court / Thu / 19:00
Booked Thu / 00:38",NO,1 of 4,1,Badminton Court,Tennis Court,Fri,Thu,18:00,19:00,Nudge Thu / 16:57,Booked Thu / 00:38
R-115-#8566,R-115,"Swimming Pool / Thu / 08:00
Tennis Court (Top Pref)","Tennis Court / Sat / 07:00
Nudge Thu / 15:11","Tennis Court / Fri / 07:00
Booked Thu / 01:47",NO,2 of 4,2,Tennis Court,Tennis Court,Sat,Fri,07:00,07:00,Nudge Thu / 15:11,Booked Thu / 01:47
R-105-#8567,R-105,"Badminton Court / Wed / 19:00
Badminton Court (Top Pref)","Badminton Court / Thu / 20:00
Nudge Wed / 17:27","Swimming Pool / Thu / 19:00
Booked Thu / 01:54",NO,2 of 4,2,Badminton Court,Swimming Pool,Thu,Thu,20:00,19:00,Nudge Wed / 17:27,Booked Thu / 01:54
R-135-#8568,R-135,"Gym / Wed / 06:00
Gym (Top Pref)","Gym / Thu / 08:00
Nudge Wed / 20:11","Gym / Thu / 11:00
Booked Thu / 02:20",NO,2 of 4,2,Gym,Gym,Thu,Thu,08:00,11:00,Nudge Wed / 20:11,Booked Thu / 02:20
R-205-#8569,R-205,"Swimming Pool / Tue / 17:00
Swimming Pool (Top Pref)","Swimming Pool / Sat / 15:00
Nudge Sat / 09:14","Swimming Pool / Thu / 08:00
Booked Thu / 03:41",NO,1 of 4,1,Swimming Pool,Swimming Pool,Sat,Thu,15:00,08:00,Nudge Sat / 09:14,Booked Thu / 03:41
R-173-#8570,R-173,"Badminton Court / Fri / 07:00
Badminton Court (Top Pref)","Badminton Court / Sat / 18:00
Nudge Fri / 08:21","Gym / Thu / 20:00
Booked Thu / 03:52",NO,0 of 4,0,Badminton Court,Gym,Sat,Thu,18:00,20:00,Nudge Fri / 08:21,Booked Thu / 03:52
R-112-#8571,R-112,"Badminton Court / Mon / 18:00
Clubhouse (Top Pref)","Clubhouse / Fri / 20:00
Nudge Thu / 23:44","Tennis Court / Thu / 19:00
Booked Thu / 04:14",NO,1 of 4,1,Clubhouse,Tennis Court,Fri,Thu,20:00,19:00,Nudge Thu / 23:44,Booked Thu / 04:14
R-154-#8572,R-154,"Tennis Court / Wed / 07:00
Tennis Court (Top Pref)","Tennis Court / Sat / 07:00
Nudge Thu / 16:26","Tennis Court / Sat / 11:00
Booked Thu / 04:29",NO,2 of 4,2,Tennis Court,Tennis Court,Sat,Sat,07:00,11:00,Nudge Thu / 16:26,Booked Thu / 04:29
R-144-#8573,R-144,"Gym / Wed / 06:00
Gym (Top Pref)","Gym / Thu / 08:00
Nudge Wed / 17:30","Gym / Thu / 17:00
Booked Thu / 06:36",NO,2 of 4,2,Gym,Gym,Thu,Thu,08:00,17:00,Nudge Wed / 17:30,Booked Thu / 06:36
R-195-#8574,R-195,"Badminton Court / Wed / 18:00
Badminton Court (Top Pref)","Badminton Court / Fri / 18:00
Nudge Thu / 18:46","Badminton Court / Fri / 19:00
Booked Thu / 06:37",NO,3 of 4,3,Badminton Court,Badminton Court,Fri,Fri,18:00,19:00,Nudge Thu / 18:46,Booked Thu / 06:37
R-142-#8575,R-142,"Tennis Court / Thu / 19:00
Badminton Court (Top Pref)","Badminton Court / Fri / 18:00
Nudge Thu / 10:42","Badminton Court / Fri / 10:00
Booked Thu / 06:57",NO,2 of 4,2,Badminton Court,Badminton Court,Fri,Fri,18:00,10:00,Nudge Thu / 10:42,Booked Thu / 06:57
R-208-#8576,R-208,"Gym / Thu / 08:00
Gym (Top Pref)","Gym / Fri / 06:00
Nudge Thu / 11:31","Gym / Fri / 06:00
Booked Thu / 07:17",NO,3 of 4,3,Gym,Gym,Fri,Fri,06:00,06:00,Nudge Thu / 11:31,Booked Thu / 07:17
R-103-#8577,R-103,"Gym / Wed / 08:00
Swimming Pool (Top Pref)","Swimming Pool / Thu / 17:00
Nudge Thu / 03:10","Gym / Thu / 19:00
Booked Thu / 08:17",NO,1 of 4,1,Swimming Pool,Gym,Thu,Thu,17:00,19:00,Nudge Thu / 03:10,Booked Thu / 08:17
R-166-#8578,R-166,"Clubhouse / Wed / 07:00
Gym (Top Pref)","Swimming Pool / Thu / 17:00
Nudge Thu / 03:20","Gym / Thu / 19:00
Booked Thu / 08:24",NO,1 of 4,1,Swimming Pool,Gym,Thu,Thu,17:00,19:00,Nudge Thu / 03:20,Booked Thu / 08:24
R-209-#8579,R-209,"Clubhouse / Mon / 11:00
Swimming Pool (Top Pref)","Swimming Pool / Sat / 17:00
Nudge Sat / 11:31","Swimming Pool / Thu / 17:00
Booked Thu / 08:42",NO,2 of 4,2,Swimming Pool,Swimming Pool,Sat,Thu,17:00,17:00,Nudge Sat / 11:31,Booked Thu / 08:42
R-217-#8580,R-217,"Gym / Thu / 19:00
Badminton Court (Top Pref)","Badminton Court / Fri / 18:00
Nudge Thu / 11:33","Clubhouse / Fri / 19:00
Booked Thu / 08:55",NO,2 of 4,2,Badminton Court,Clubhouse,Fri,Fri,18:00,19:00,Nudge Thu / 11:33,Booked Thu / 08:55
R-125-#8581,R-125,"Badminton Court / Wed / 19:00
Badminton Court (Top Pref)","Badminton Court / Thu / 18:00
Nudge Wed / 17:07","Clubhouse / Fri / 21:00
Booked Thu / 08:58",NO,0 of 4,0,Badminton Court,Clubhouse,Thu,Fri,18:00,21:00,Nudge Wed / 17:07,Booked Thu / 08:58
R-185-#8582,R-185,"Tennis Court / Sun / 15:00
Swimming Pool (Top Pref)","Swimming Pool / Thu / 16:00
Nudge Thu / 10:09","Swimming Pool / Thu / 15:00
Booked Thu / 09:13",YES,4 of 4,4,Swimming Pool,Swimming Pool,Thu,Thu,16:00,15:00,Nudge Thu / 10:09,Booked Thu / 09:13
R-203-#8583,R-203,"Badminton Court / Thu / 11:00
Badminton Court (Top Pref)","Badminton Court / Fri / 18:00
Nudge Thu / 14:22","Tennis Court / Fri / 19:00
Booked Thu / 11:06",NO,2 of 4,2,Badminton Court,Tennis Court,Fri,Fri,18:00,19:00,Nudge Thu / 14:22,Booked Thu / 11:06
R-183-#8584,R-183,"Tennis Court / Thu / 19:00
Badminton Court (Top Pref)","Badminton Court / Fri / 18:00
Nudge Thu / 08:19","Tennis Court / Fri / 13:00
Booked Thu / 11:18",NO,1 of 4,1,Badminton Court,Tennis Court,Fri,Fri,18:00,13:00,Nudge Thu / 08:19,Booked Thu / 11:18
R-191-#8585,R-191,"Swimming Pool / Mon / 11:00
Swimming Pool (Top Pref)","Gym / Wed / 17:00
Nudge Wed / 05:40","Swimming Pool / Thu / 19:00
Booked Thu / 11:23",NO,0 of 4,0,Gym,Swimming Pool,Wed,Thu,17:00,19:00,Nudge Wed / 05:40,Booked Thu / 11:23
R-219-#8586,R-219,"Swimming Pool / Thu / 18:00
Tennis Court (Top Pref)","Tennis Court / Sat / 08:00
Nudge Thu / 07:14","Tennis Court / Sat / 08:00
Booked Thu / 11:40",NO,3 of 4,3,Tennis Court,Tennis Court,Sat,Sat,08:00,08:00,Nudge Thu / 07:14,Booked Thu / 11:40
R-147-#8587,R-147,"Gym / Thu / 06:00
Gym (Top Pref)","Gym / Fri / 07:00
Nudge Thu / 11:06","Gym / Fri / 06:00
Booked Thu / 11:40",YES,4 of 4,4,Gym,Gym,Fri,Fri,07:00,06:00,Nudge Thu / 11:06,Booked Thu / 11:40
R-141-#8588,R-141,"Gym / Thu / 21:00
Badminton Court (Top Pref)","Badminton Court / Fri / 20:00
Nudge Thu / 16:26","Clubhouse / Fri / 20:00
Booked Thu / 12:07",NO,2 of 4,2,Badminton Court,Clubhouse,Fri,Fri,20:00,20:00,Nudge Thu / 16:26,Booked Thu / 12:07
R-145-#8589,R-145,"Gym / Thu / 08:00
Gym (Top Pref)","Gym / Fri / 06:00
Nudge Thu / 12:36","Gym / Fri / 06:00
Booked Thu / 12:12",YES,4 of 4,4,Gym,Gym,Fri,Fri,06:00,06:00,Nudge Thu / 12:36,Booked Thu / 12:12
R-123-#8590,R-123,"Clubhouse / Thu / 07:00
Gym (Top Pref)","Gym / Fri / 08:00
Nudge Thu / 17:35","Gym / Fri / 06:00
Booked Thu / 12:12",NO,2 of 4,2,Gym,Gym,Fri,Fri,08:00,06:00,Nudge Thu / 17:35,Booked Thu / 12:12
R-134-#8591,R-134,"Clubhouse / Wed / 16:00
Swimming Pool (Top Pref)","Swimming Pool / Sat / 16:00
Nudge Sat / 11:01","Swimming Pool / Thu / 17:00
Booked Thu / 12:21",NO,2 of 4,2,Swimming Pool,Swimming Pool,Sat,Thu,16:00,17:00,Nudge Sat / 11:01,Booked Thu / 12:21
R-139-#8592,R-139,"Clubhouse / Tue / 11:00
Swimming Pool (Top Pref)","Swimming Pool / Sat / 15:00
Nudge Sat / 09:26","Badminton Court / Thu / 19:00
Booked Thu / 13:15",NO,0 of 4,0,Swimming Pool,Badminton Court,Sat,Thu,15:00,19:00,Nudge Sat / 09:26,Booked Thu / 13:15
R-196-#8593,R-196,"Swimming Pool / Wed / 20:00
Badminton Court (Top Pref)","Badminton Court / Fri / 18:00
Nudge Thu / 18:00","Badminton Court / Fri / 08:00
Booked Thu / 13:16",NO,2 of 4,2,Badminton Court,Badminton Court,Fri,Fri,18:00,08:00,Nudge Thu / 18:00,Booked Thu / 13:16
R-106-#8594,R-106,"Swimming Pool / Thu / 20:00
Badminton Court (Top Pref)","Badminton Court / Fri / 18:00
Nudge Thu / 15:16","Badminton Court / Fri / 18:00
Booked Thu / 13:28",YES,4 of 4,4,Badminton Court,Badminton Court,Fri,Fri,18:00,18:00,Nudge Thu / 15:16,Booked Thu / 13:28
R-193-#8595,R-193,"Clubhouse / Sun / 14:00
Clubhouse (Top Pref)","Clubhouse / Fri / 20:00
Nudge Thu / 23:14","Clubhouse / Fri / 18:00
Booked Thu / 13:34",NO,2 of 4,2,Clubhouse,Clubhouse,Fri,Fri,20:00,18:00,Nudge Thu / 23:14,Booked Thu / 13:34
R-120-#8596,R-120,"Badminton Court / Thu / 18:00
Badminton Court (Top Pref)","Badminton Court / Fri / 18:00
Nudge Thu / 07:52","Gym / Fri / 20:00
Booked Thu / 14:21",NO,1 of 4,1,Badminton Court,Gym,Fri,Fri,18:00,20:00,Nudge Thu / 07:52,Booked Thu / 14:21
R-107-#8597,R-107,"Badminton Court / Wed / 19:00
Badminton Court (Top Pref)","Badminton Court / Fri / 18:00
Nudge Thu / 18:26","Badminton Court / Fri / 18:00
Booked Thu / 14:39",NO,3 of 4,3,Badminton Court,Badminton Court,Fri,Fri,18:00,18:00,Nudge Thu / 18:26,Booked Thu / 14:39
R-162-#8598,R-162,"Swimming Pool / Fri / 18:00
Clubhouse (Top Pref)","Clubhouse / Fri / 19:00
Nudge Thu / 23:06","Swimming Pool / Fri / 14:00
Booked Thu / 14:39",NO,1 of 4,1,Clubhouse,Swimming Pool,Fri,Fri,19:00,14:00,Nudge Thu / 23:06,Booked Thu / 14:39
R-137-#8599,R-137,"Gym / Tue / 19:00
Swimming Pool (Top Pref)","Gym / Thu / 17:00
Nudge Thu / 03:24","Gym / Fri / 07:00
Booked Thu / 14:43",NO,1 of 4,1,Gym,Gym,Thu,Fri,17:00,07:00,Nudge Thu / 03:24,Booked Thu / 14:43
R-118-#8600,R-118,"Swimming Pool / Thu / 06:00
Gym (Top Pref)","Gym / Fri / 06:00
Nudge Thu / 12:19","Badminton Court / Fri / 06:00
Booked Thu / 14:49",NO,2 of 4,2,Gym,Badminton Court,Fri,Fri,06:00,06:00,Nudge Thu / 12:19,Booked Thu / 14:49
R-177-#8601,R-177,"Tennis Court / Sun / 07:00
Tennis Court (Top Pref)","Tennis Court / Tue / 17:00
Nudge Mon / 03:02","Tennis Court / Sat / 07:00
Booked Thu / 15:01",NO,1 of 4,1,Tennis Court,Tennis Court,Tue,Sat,17:00,07:00,Nudge Mon / 03:02,Booked Thu / 15:01
R-144-#8602,R-144,"Gym / Thu / 17:00
Gym (Top Pref)","Gym / Fri / 06:00
Nudge Thu / 14:11","Gym / Fri / 08:00
Booked Thu / 15:21",NO,3 of 4,3,Gym,Gym,Fri,Fri,06:00,08:00,Nudge Thu / 14:11,Booked Thu / 15:21
R-172-#8603,R-172,"Gym / Thu / 07:00
Gym (Top Pref)","Gym / Fri / 07:00
Nudge Thu / 16:26","Clubhouse / Fri / 06:00
Booked Thu / 15:33",NO,3 of 4,3,Gym,Clubhouse,Fri,Fri,07:00,06:00,Nudge Thu / 16:26,Booked Thu / 15:33
R-187-#8604,R-187,"Gym / Tue / 17:00
Gym (Top Pref)","Gym / Thu / 19:00
Nudge Thu / 07:16","Swimming Pool / Fri / 07:00
Booked Thu / 16:54",NO,0 of 4,0,Gym,Swimming Pool,Thu,Fri,19:00,07:00,Nudge Thu / 07:16,Booked Thu / 16:54
R-212-#8605,R-212,"Gym / Thu / 06:00
Gym (Top Pref)","Gym / Fri / 06:00
Nudge Thu / 15:16","Gym / Fri / 06:00
Booked Thu / 17:00",YES,4 of 4,4,Gym,Gym,Fri,Fri,06:00,06:00,Nudge Thu / 15:16,Booked Thu / 17:00
R-109-#8606,R-109,"Tennis Court / Thu / 08:00
Gym (Top Pref)","Gym / Fri / 08:00
Nudge Thu / 18:18","Gym / Fri / 06:00
Booked Thu / 17:05",NO,3 of 4,3,Gym,Gym,Fri,Fri,08:00,06:00,Nudge Thu / 18:18,Booked Thu / 17:05
R-186-#8607,R-186,"Badminton Court / Mon / 19:00
Swimming Pool (Top Pref)","Gym / Thu / 17:00
Nudge Thu / 05:12","Clubhouse / Fri / 08:00
Booked Thu / 17:09",NO,0 of 4,0,Gym,Clubhouse,Thu,Fri,17:00,08:00,Nudge Thu / 05:12,Booked Thu / 17:09
R-158-#8608,R-158,"Badminton Court / Thu / 08:00
Gym (Top Pref)","Gym / Fri / 07:00
Nudge Thu / 17:06","Gym / Fri / 09:00
Booked Thu / 17:19",NO,3 of 4,3,Gym,Gym,Fri,Fri,07:00,09:00,Nudge Thu / 17:06,Booked Thu / 17:19
R-130-#8609,R-130,"Clubhouse / Thu / 18:00
Tennis Court (Top Pref)","Tennis Court / Sat / 07:00
Nudge Thu / 16:23","Tennis Court / Sat / 17:00
Booked Thu / 17:22",NO,3 of 4,3,Tennis Court,Tennis Court,Sat,Sat,07:00,17:00,Nudge Thu / 16:23,Booked Thu / 17:22
R-117-#8610,R-117,"Gym / Thu / 07:00
Gym (Top Pref)","Gym / Fri / 06:00
Nudge Thu / 14:23","Gym / Fri / 07:00
Booked Thu / 18:05",NO,3 of 4,3,Gym,Gym,Fri,Fri,06:00,07:00,Nudge Thu / 14:23,Booked Thu / 18:05
R-119-#8611,R-119,"Badminton Court / Wed / 20:00
Badminton Court (Top Pref)","Badminton Court / Fri / 20:00
Nudge Thu / 20:15","Clubhouse / Fri / 20:00
Booked Thu / 18:09",NO,3 of 4,3,Badminton Court,Clubhouse,Fri,Fri,20:00,20:00,Nudge Thu / 20:15,Booked Thu / 18:09
R-204-#8612,R-204,"Clubhouse / Thu / 08:00
Tennis Court (Top Pref)","Gym / Fri / 07:00
Nudge Thu / 17:09","Tennis Court / Fri / 07:00
Booked Thu / 18:16",NO,3 of 4,3,Gym,Tennis Court,Fri,Fri,07:00,07:00,Nudge Thu / 17:09,Booked Thu / 18:16
R-156-#8613,R-156,"Gym / Thu / 06:00
Gym (Top Pref)","Gym / Fri / 07:00
Nudge Thu / 17:13","Gym / Fri / 06:00
Booked Thu / 18:32",YES,4 of 4,4,Gym,Gym,Fri,Fri,07:00,06:00,Nudge Thu / 17:13,Booked Thu / 18:32
R-192-#8614,R-192,"Badminton Court / Thu / 19:00
Badminton Court (Top Pref)","Badminton Court / Fri / 18:00
Nudge Thu / 14:54","Badminton Court / Fri / 19:00
Booked Thu / 19:29",NO,3 of 4,3,Badminton Court,Badminton Court,Fri,Fri,18:00,19:00,Nudge Thu / 14:54,Booked Thu / 19:29
R-113-#8615,R-113,"Gym / Thu / 06:00
Gym (Top Pref)","Gym / Fri / 08:00
Nudge Thu / 19:50","Gym / Fri / 08:00
Booked Thu / 19:38",YES,4 of 4,4,Gym,Gym,Fri,Fri,08:00,08:00,Nudge Thu / 19:50,Booked Thu / 19:38
R-102-#8616,R-102,"Gym / Thu / 06:00
Gym (Top Pref)","Gym / Fri / 07:00
Nudge Thu / 19:32","Clubhouse / Fri / 08:00
Booked Thu / 19:43",NO,3 of 4,3,Gym,Clubhouse,Fri,Fri,07:00,08:00,Nudge Thu / 19:32,Booked Thu / 19:43
R-169-#8617,R-169,"Badminton Court / Thu / 07:00
Badminton Court (Top Pref)","Gym / Fri / 07:00
Nudge Thu / 17:02","Clubhouse / Fri / 08:00
Booked Thu / 19:45",NO,2 of 4,2,Gym,Clubhouse,Fri,Fri,07:00,08:00,Nudge Thu / 17:02,Booked Thu / 19:45
R-214-#8618,R-214,"Clubhouse / Sun / 10:00
Clubhouse (Top Pref)","Clubhouse / Fri / 19:00
Nudge Thu / 23:02","Clubhouse / Fri / 19:00
Booked Thu / 19:47",NO,3 of 4,3,Clubhouse,Clubhouse,Fri,Fri,19:00,19:00,Nudge Thu / 23:02,Booked Thu / 19:47
R-135-#8619,R-135,"Gym / Thu / 11:00
Gym (Top Pref)","Gym / Fri / 06:00
Nudge Thu / 15:50","Clubhouse / Fri / 08:00
Booked Thu / 20:05",NO,1 of 4,1,Gym,Clubhouse,Fri,Fri,06:00,08:00,Nudge Thu / 15:50,Booked Thu / 20:05
R-174-#8620,R-174,"Swimming Pool / Thu / 06:00
Gym (Top Pref)","Gym / Fri / 08:00
Nudge Thu / 20:24","Gym / Fri / 08:00
Booked Thu / 20:08",YES,4 of 4,4,Gym,Gym,Fri,Fri,08:00,08:00,Nudge Thu / 20:24,Booked Thu / 20:08
R-101-#8621,R-101,"Swimming Pool / Thu / 06:00
Gym (Top Pref)","Gym / Fri / 07:00
Nudge Thu / 16:29","Gym / Fri / 06:00
Booked Thu / 20:09",NO,3 of 4,3,Gym,Gym,Fri,Fri,07:00,06:00,Nudge Thu / 16:29,Booked Thu / 20:09
R-191-#8622,R-191,"Swimming Pool / Thu / 19:00
Swimming Pool (Top Pref)","Gym / Fri / 07:00
Nudge Thu / 16:08","Badminton Court / Fri / 08:00
Booked Thu / 20:19",NO,2 of 4,2,Gym,Badminton Court,Fri,Fri,07:00,08:00,Nudge Thu / 16:08,Booked Thu / 20:19
R-197-#8623,R-197,"Tennis Court / Sun / 07:00
Tennis Court (Top Pref)","Tennis Court / Thu / 07:00
Nudge Tue / 11:10","Tennis Court / Sat / 07:00
Booked Thu / 20:21",NO,2 of 4,2,Tennis Court,Tennis Court,Thu,Sat,07:00,07:00,Nudge Tue / 11:10,Booked Thu / 20:21
R-168-#8624,R-168,"Gym / Thu / 06:00
Gym (Top Pref)","Gym / Fri / 08:00
Nudge Thu / 20:21","Gym / Fri / 07:00
Booked Thu / 21:13",YES,4 of 4,4,Gym,Gym,Fri,Fri,08:00,07:00,Nudge Thu / 20:21,Booked Thu / 21:13
R-154-#8625,R-154,"Tennis Court / Sat / 11:00
Tennis Court (Top Pref)","Tennis Court / Sun / 07:00
Nudge Fri / 08:14","Tennis Court / Sun / 07:00
Booked Thu / 21:22",NO,3 of 4,3,Tennis Court,Tennis Court,Sun,Sun,07:00,07:00,Nudge Fri / 08:14,Booked Thu / 21:22
R-138-#8626,R-138,"Tennis Court / Sun / 13:00
Tennis Court (Top Pref)","Tennis Court / Tue / 18:00
Nudge Mon / 02:43","Tennis Court / Sat / 08:00
Booked Thu / 21:37",NO,1 of 4,1,Tennis Court,Tennis Court,Tue,Sat,18:00,08:00,Nudge Mon / 02:43,Booked Thu / 21:37
R-133-#8627,R-133,"Clubhouse / Mon / 14:00
Clubhouse (Top Pref)","Clubhouse / Fri / 19:00
Nudge Thu / 22:15","Clubhouse / Fri / 19:00
Booked Thu / 21:41",YES,4 of 4,4,Clubhouse,Clubhouse,Fri,Fri,19:00,19:00,Nudge Thu / 22:15,Booked Thu / 21:41
R-116-#8628,R-116,"Swimming Pool / Thu / 06:00
Gym (Top Pref)","Gym / Fri / 08:00
Nudge Thu / 19:53","Gym / Fri / 12:00
Booked Thu / 21:43",NO,3 of 4,3,Gym,Gym,Fri,Fri,08:00,12:00,Nudge Thu / 19:53,Booked Thu / 21:43
R-136-#8629,R-136,"Badminton Court / Thu / 19:00
Badminton Court (Top Pref)","Badminton Court / Fri / 18:00
Nudge Thu / 15:54","Badminton Court / Fri / 19:00
Booked Thu / 21:51",NO,3 of 4,3,Badminton Court,Badminton Court,Fri,Fri,18:00,19:00,Nudge Thu / 15:54,Booked Thu / 21:51
R-112-#8630,R-112,"Tennis Court / Thu / 19:00
Clubhouse (Top Pref)","Clubhouse / Fri / 19:00
Nudge Thu / 22:17","Badminton Court / Fri / 19:00
Booked Thu / 22:10",NO,3 of 4,3,Clubhouse,Badminton Court,Fri,Fri,19:00,19:00,Nudge Thu / 22:17,Booked Thu / 22:10
R-119-#8631,R-119,"Clubhouse / Fri / 20:00
Badminton Court (Top Pref)","Badminton Court / Fri / 18:00
Nudge Thu / 10:01","Clubhouse / Sat / 18:00
Booked Thu / 22:12",NO,1 of 4,1,Badminton Court,Clubhouse,Fri,Sat,18:00,18:00,Nudge Thu / 10:01,Booked Thu / 22:12
R-157-#8632,R-157,"Gym / Tue / 18:00
Tennis Court (Top Pref)","Tennis Court / Sat / 18:00
Nudge Fri / 07:07","Tennis Court / Sat / 07:00
Booked Thu / 22:57",NO,2 of 4,2,Tennis Court,Tennis Court,Sat,Sat,18:00,07:00,Nudge Fri / 07:07,Booked Thu / 22:57
R-105-#8633,R-105,"Swimming Pool / Thu / 19:00
Badminton Court (Top Pref)","Badminton Court / Fri / 19:00
Nudge Thu / 13:52","Badminton Court / Fri / 19:00
Booked Thu / 22:57",NO,3 of 4,3,Badminton Court,Badminton Court,Fri,Fri,19:00,19:00,Nudge Thu / 13:52,Booked Thu / 22:57
R-167-#8634,R-167,"Gym / Thu / 06:00
Gym (Top Pref)","Gym / Fri / 06:00
Nudge Thu / 18:43","Swimming Pool / Fri / 07:00
Booked Fri / 00:07",NO,2 of 4,2,Gym,Swimming Pool,Fri,Fri,06:00,07:00,Nudge Thu / 18:43,Booked Fri / 00:07
R-115-#8635,R-115,"Tennis Court / Fri / 07:00
Tennis Court (Top Pref)","Tennis Court / Sun / 07:00
Nudge Fri / 10:03","Gym / Sat / 21:00
Booked Fri / 03:26",NO,0 of 4,0,Tennis Court,Gym,Sun,Sat,07:00,21:00,Nudge Fri / 10:03,Booked Fri / 03:26
R-131-#8636,R-131,"Badminton Court / Wed / 18:00
Badminton Court (Top Pref)","Badminton Court / Fri / 20:00
Nudge Thu / 20:25","Clubhouse / Fri / 20:00
Booked Fri / 04:03",NO,2 of 4,2,Badminton Court,Clubhouse,Fri,Fri,20:00,20:00,Nudge Thu / 20:25,Booked Fri / 04:03
R-159-#8637,R-159,"Badminton Court / Thu / 20:00
Clubhouse (Top Pref)","Clubhouse / Fri / 19:00
Nudge Thu / 23:14","Tennis Court / Fri / 20:00
Booked Fri / 04:20",NO,2 of 4,2,Clubhouse,Tennis Court,Fri,Fri,19:00,20:00,Nudge Thu / 23:14,Booked Fri / 04:20
R-127-#8638,R-127,"Swimming Pool / Tue / 21:00
Swimming Pool (Top Pref)","Gym / Fri / 19:00
Nudge Fri / 06:01","Clubhouse / Fri / 19:00
Booked Fri / 04:32",NO,3 of 4,3,Gym,Clubhouse,Fri,Fri,19:00,19:00,Nudge Fri / 06:01,Booked Fri / 04:32
R-180-#8639,R-180,"Badminton Court / Thu / 19:00
Badminton Court (Top Pref)","Badminton Court / Fri / 20:00
Nudge Thu / 17:27","Swimming Pool / Fri / 20:00
Booked Fri / 05:42",NO,2 of 4,2,Badminton Court,Swimming Pool,Fri,Fri,20:00,20:00,Nudge Thu / 17:27,Booked Fri / 05:42
R-139-#8640,R-139,"Badminton Court / Thu / 19:00
Swimming Pool (Top Pref)","Swimming Pool / Sat / 11:00
Nudge Sat / 05:07","Clubhouse / Fri / 11:00
Booked Fri / 06:06",NO,1 of 4,1,Swimming Pool,Clubhouse,Sat,Fri,11:00,11:00,Nudge Sat / 05:07,Booked Fri / 06:06
R-110-#8641,R-110,"Gym / Wed / 11:00
Swimming Pool (Top Pref)","Gym / Fri / 17:00
Nudge Fri / 05:12","Tennis Court / Fri / 19:00
Booked Fri / 06:08",NO,2 of 4,2,Gym,Tennis Court,Fri,Fri,17:00,19:00,Nudge Fri / 05:12,Booked Fri / 06:08
R-105-#8642,R-105,"Badminton Court / Fri / 19:00
Badminton Court (Top Pref)","Badminton Court / Sat / 18:00
Nudge Fri / 09:32","Badminton Court / Sat / 18:00
Booked Fri / 08:05",YES,4 of 4,4,Badminton Court,Badminton Court,Sat,Sat,18:00,18:00,Nudge Fri / 09:32,Booked Fri / 08:05
R-189-#8643,R-189,"Gym / Thu / 07:00
Gym (Top Pref)","Gym / Fri / 07:00
Nudge Thu / 19:51","Tennis Court / Fri / 14:00
Booked Fri / 08:08",NO,1 of 4,1,Gym,Tennis Court,Fri,Fri,07:00,14:00,Nudge Thu / 19:51,Booked Fri / 08:08
R-188-#8644,R-188,"Swimming Pool / Thu / 07:00
Swimming Pool (Top Pref)","Swimming Pool / Sat / 17:00
Nudge Sat / 05:11","Clubhouse / Fri / 17:00
Booked Fri / 08:25",NO,1 of 4,1,Swimming Pool,Clubhouse,Sat,Fri,17:00,17:00,Nudge Sat / 05:11,Booked Fri / 08:25
R-142-#8645,R-142,"Badminton Court / Fri / 10:00
Badminton Court (Top Pref)","Badminton Court / Sat / 20:00
Nudge Fri / 15:02","Gym / Sat / 19:00
Booked Fri / 08:33",NO,2 of 4,2,Badminton Court,Gym,Sat,Sat,20:00,19:00,Nudge Fri / 15:02,Booked Fri / 08:33
R-103-#8646,R-103,"Gym / Thu / 19:00
Swimming Pool (Top Pref)","Swimming Pool / Fri / 17:00
Nudge Fri / 03:48","Badminton Court / Fri / 19:00
Booked Fri / 08:42",NO,1 of 4,1,Swimming Pool,Badminton Court,Fri,Fri,17:00,19:00,Nudge Fri / 03:48,Booked Fri / 08:42
R-170-#8647,R-170,"Tennis Court / Fri / 19:00
Badminton Court (Top Pref)","Badminton Court / Sat / 20:00
Nudge Fri / 15:18","Badminton Court / Sat / 19:00
Booked Fri / 09:07",NO,3 of 4,3,Badminton Court,Badminton Court,Sat,Sat,20:00,19:00,Nudge Fri / 15:18,Booked Fri / 09:07
R-138-#8648,R-138,"Tennis Court / Sat / 08:00
Tennis Court (Top Pref)","Tennis Court / Sun / 08:00
Nudge Fri / 09:07","Badminton Court / Sun / 11:00
Booked Fri / 09:16",NO,2 of 4,2,Tennis Court,Badminton Court,Sun,Sun,08:00,11:00,Nudge Fri / 09:07,Booked Fri / 09:16
R-152-#8649,R-152,"Gym / Thu / 07:00
Gym (Top Pref)","Gym / Fri / 06:00
Nudge Thu / 15:17","Tennis Court / Fri / 21:00
Booked Fri / 09:56",NO,1 of 4,1,Gym,Tennis Court,Fri,Fri,06:00,21:00,Nudge Thu / 15:17,Booked Fri / 09:56
R-171-#8650,R-171,"Swimming Pool / Wed / 16:00
Swimming Pool (Top Pref)","Swimming Pool / Sat / 15:00
Nudge Sat / 10:11","Clubhouse / Fri / 17:00
Booked Fri / 10:48",NO,0 of 4,0,Swimming Pool,Clubhouse,Sat,Fri,15:00,17:00,Nudge Sat / 10:11,Booked Fri / 10:48
R-129-#8651,R-129,"Clubhouse / Mon / 20:00
Clubhouse (Top Pref)","Clubhouse / Fri / 19:00
Nudge Thu / 22:19","Clubhouse / Sat / 12:00
Booked Fri / 11:02",NO,1 of 4,1,Clubhouse,Clubhouse,Fri,Sat,19:00,12:00,Nudge Thu / 22:19,Booked Fri / 11:02
R-181-#8652,R-181,"Swimming Pool / Sun / 17:00
Swimming Pool (Top Pref)","Swimming Pool / Sat / 11:00
Nudge Sat / 05:39","Swimming Pool / Fri / 17:00
Booked Fri / 11:40",NO,1 of 4,1,Swimming Pool,Swimming Pool,Sat,Fri,11:00,17:00,Nudge Sat / 05:39,Booked Fri / 11:40
R-151-#8653,R-151,"Clubhouse / Mon / 10:00
Swimming Pool (Top Pref)","Swimming Pool / Sun / 15:00
Nudge Sun / 09:05","Swimming Pool / Fri / 15:00
Booked Fri / 11:42",NO,2 of 4,2,Swimming Pool,Swimming Pool,Sun,Fri,15:00,15:00,Nudge Sun / 09:05,Booked Fri / 11:42
R-102-#8654,R-102,"Clubhouse / Fri / 08:00
Gym (Top Pref)","Gym / Sat / 06:00
Nudge Fri / 12:29","Gym / Sat / 08:00
Booked Fri / 12:54",NO,3 of 4,3,Gym,Gym,Sat,Sat,06:00,08:00,Nudge Fri / 12:29,Booked Fri / 12:54
R-117-#8655,R-117,"Gym / Fri / 07:00
Gym (Top Pref)","Gym / Fri / 06:00
Nudge Thu / 13:34","Gym / Sat / 06:00
Booked Fri / 13:15",NO,2 of 4,2,Gym,Gym,Fri,Sat,06:00,06:00,Nudge Thu / 13:34,Booked Fri / 13:15
R-180-#8656,R-180,"Swimming Pool / Fri / 20:00
Badminton Court (Top Pref)","Badminton Court / Sat / 18:00
Nudge Fri / 09:20","Badminton Court / Sat / 20:00
Booked Fri / 13:35",NO,2 of 4,2,Badminton Court,Badminton Court,Sat,Sat,18:00,20:00,Nudge Fri / 09:20,Booked Fri / 13:35
R-186-#8657,R-186,"Clubhouse / Fri / 08:00
Swimming Pool (Top Pref)","Gym / Sat / 17:00
Nudge Sat / 03:21","Tennis Court / Sat / 07:00
Booked Fri / 14:39",NO,1 of 4,1,Gym,Tennis Court,Sat,Sat,17:00,07:00,Nudge Sat / 03:21,Booked Fri / 14:39
R-177-#8658,R-177,"Tennis Court / Sat / 07:00
Tennis Court (Top Pref)","Tennis Court / Sun / 07:00
Nudge Fri / 07:32","Tennis Court / Sun / 18:00
Booked Fri / 15:40",NO,2 of 4,2,Tennis Court,Tennis Court,Sun,Sun,07:00,18:00,Nudge Fri / 07:32,Booked Fri / 15:40
R-159-#8659,R-159,"Tennis Court / Fri / 20:00
Clubhouse (Top Pref)","Clubhouse / Sat / 15:00
Nudge Fri / 14:10","Clubhouse / Sat / 15:00
Booked Fri / 16:55",NO,3 of 4,3,Clubhouse,Clubhouse,Sat,Sat,15:00,15:00,Nudge Fri / 14:10,Booked Fri / 16:55
R-118-#8660,R-118,"Badminton Court / Fri / 06:00
Gym (Top Pref)","Gym / Fri / 06:00
Nudge Thu / 16:10","Gym / Sat / 07:00
Booked Fri / 17:04",NO,2 of 4,2,Gym,Gym,Fri,Sat,06:00,07:00,Nudge Thu / 16:10,Booked Fri / 17:04
R-113-#8661,R-113,"Gym / Fri / 08:00
Gym (Top Pref)","Gym / Sat / 06:00
Nudge Fri / 14:58","Gym / Sat / 07:00
Booked Fri / 17:05",YES,4 of 4,4,Gym,Gym,Sat,Sat,06:00,07:00,Nudge Fri / 14:58,Booked Fri / 17:05
R-121-#8662,R-121,"Clubhouse / Sat / 19:00
Clubhouse (Top Pref)","Clubhouse / Fri / 20:00
Nudge Thu / 23:54","Clubhouse / Sat / 14:00
Booked Fri / 17:56",NO,1 of 4,1,Clubhouse,Clubhouse,Fri,Sat,20:00,14:00,Nudge Thu / 23:54,Booked Fri / 17:56
R-150-#8663,R-150,"Clubhouse / Tue / 18:00
Clubhouse (Top Pref)","Clubhouse / Fri / 15:00
Nudge Thu / 19:37","Gym / Sat / 19:00
Booked Fri / 18:01",NO,0 of 4,0,Clubhouse,Gym,Fri,Sat,15:00,19:00,Nudge Thu / 19:37,Booked Fri / 18:01
R-100-#8664,R-100,"Clubhouse / Tue / 07:00
Swimming Pool (Top Pref)","Gym / Fri / 17:00
Nudge Fri / 05:30","Swimming Pool / Sat / 07:00
Booked Fri / 18:39",NO,0 of 4,0,Gym,Swimming Pool,Fri,Sat,17:00,07:00,Nudge Fri / 05:30,Booked Fri / 18:39
R-132-#8665,R-132,"Tennis Court / Thu / 18:00
Tennis Court (Top Pref)","Tennis Court / Sat / 07:00
Nudge Thu / 13:46","Badminton Court / Sun / 08:00
Booked Fri / 18:53",NO,1 of 4,1,Tennis Court,Badminton Court,Sat,Sun,07:00,08:00,Nudge Thu / 13:46,Booked Fri / 18:53
R-128-#8666,R-128,"Tennis Court / Tue / 11:00
Swimming Pool (Top Pref)","Swimming Pool / Sat / 19:00
Nudge Sat / 04:55","Swimming Pool / Sat / 08:00
Booked Fri / 19:00",NO,2 of 4,2,Swimming Pool,Swimming Pool,Sat,Sat,19:00,08:00,Nudge Sat / 04:55,Booked Fri / 19:00
R-162-#8667,R-162,"Swimming Pool / Fri / 14:00
Clubhouse (Top Pref)","Clubhouse / Sat / 19:00
Nudge Sat / 00:10","Clubhouse / Sat / 15:00
Booked Fri / 20:26",NO,2 of 4,2,Clubhouse,Clubhouse,Sat,Sat,19:00,15:00,Nudge Sat / 00:10,Booked Fri / 20:26
R-112-#8668,R-112,"Badminton Court / Fri / 19:00
Clubhouse (Top Pref)","Clubhouse / Sat / 19:00
Nudge Fri / 22:48","Clubhouse / Sat / 19:00
Booked Fri / 20:32",YES,4 of 4,4,Clubhouse,Clubhouse,Sat,Sat,19:00,19:00,Nudge Fri / 22:48,Booked Fri / 20:32
R-106-#8669,R-106,"Badminton Court / Fri / 18:00
Badminton Court (Top Pref)","Badminton Court / Mon / 18:00
Nudge Sun / 13:45","Badminton Court / Sat / 20:00
Booked Fri / 20:37",NO,1 of 4,1,Badminton Court,Badminton Court,Mon,Sat,18:00,20:00,Nudge Sun / 13:45,Booked Fri / 20:37
R-146-#8670,R-146,"Tennis Court / Thu / 18:00
Tennis Court (Top Pref)","Tennis Court / Sat / 07:00
Nudge Thu / 15:46","Gym / Sun / 18:00
Booked Fri / 20:41",NO,0 of 4,0,Tennis Court,Gym,Sat,Sun,07:00,18:00,Nudge Thu / 15:46,Booked Fri / 20:41
R-202-#8671,R-202,"Swimming Pool / Sat / 20:00
Clubhouse (Top Pref)","Clubhouse / Fri / 14:00
Nudge Thu / 18:29","Clubhouse / Sat / 19:00
Booked Fri / 20:51",NO,1 of 4,1,Clubhouse,Clubhouse,Fri,Sat,14:00,19:00,Nudge Thu / 18:29,Booked Fri / 20:51
R-144-#8672,R-144,"Gym / Fri / 08:00
Gym (Top Pref)","Gym / Fri / 08:00
Nudge Thu / 20:18","Gym / Sat / 08:00
Booked Fri / 21:17",NO,2 of 4,2,Gym,Gym,Fri,Sat,08:00,08:00,Nudge Thu / 20:18,Booked Fri / 21:17
R-194-#8673,R-194,"Clubhouse / Tue / 08:00
Gym (Top Pref)","Gym / Fri / 17:00
Nudge Fri / 05:27","Badminton Court / Sat / 08:00
Booked Fri / 22:33",NO,0 of 4,0,Gym,Badminton Court,Fri,Sat,17:00,08:00,Nudge Fri / 05:27,Booked Fri / 22:33
R-108-#8674,R-108,"Gym / Tue / 18:00
Badminton Court (Top Pref)","Gym / Fri / 19:00
Nudge Fri / 07:31","Swimming Pool / Sat / 07:00
Booked Fri / 22:55",NO,0 of 4,0,Gym,Swimming Pool,Fri,Sat,19:00,07:00,Nudge Fri / 07:31,Booked Fri / 22:55
R-116-#8675,R-116,"Gym / Fri / 12:00
Gym (Top Pref)","Gym / Sat / 08:00
Nudge Fri / 19:21","Gym / Sat / 12:00
Booked Fri / 23:19",NO,2 of 4,2,Gym,Gym,Sat,Sat,08:00,12:00,Nudge Fri / 19:21,Booked Fri / 23:19
R-178-#8676,R-178,"Gym / Sun / 17:00
Gym (Top Pref)","Swimming Pool / Fri / 19:00
Nudge Fri / 07:09","Gym / Sat / 17:00
Booked Sat / 01:27",NO,0 of 4,0,Swimming Pool,Gym,Fri,Sat,19:00,17:00,Nudge Fri / 07:09,Booked Sat / 01:27
R-167-#8677,R-167,"Swimming Pool / Fri / 07:00
Gym (Top Pref)","Gym / Fri / 07:00
Nudge Thu / 18:09","Gym / Sat / 06:00
Booked Sat / 03:01",NO,2 of 4,2,Gym,Gym,Fri,Sat,07:00,06:00,Nudge Thu / 18:09,Booked Sat / 03:01
R-140-#8678,R-140,"Tennis Court / Sun / 10:00
Swimming Pool (Top Pref)","Swimming Pool / Sat / 16:00
Nudge Sat / 09:47","Swimming Pool / Sat / 10:00
Booked Sat / 03:34",NO,2 of 4,2,Swimming Pool,Swimming Pool,Sat,Sat,16:00,10:00,Nudge Sat / 09:47,Booked Sat / 03:34
R-191-#8679,R-191,"Badminton Court / Fri / 08:00
Swimming Pool (Top Pref)","Gym / Sat / 17:00
Nudge Sat / 05:24","Swimming Pool / Sat / 14:00
Booked Sat / 03:51",NO,2 of 4,2,Gym,Swimming Pool,Sat,Sat,17:00,14:00,Nudge Sat / 05:24,Booked Sat / 03:51
R-163-#8680,R-163,"Clubhouse / Mon / 10:00
Swimming Pool (Top Pref)","Swimming Pool / Sat / 15:00
Nudge Sat / 09:31","Clubhouse / Sat / 10:00
Booked Sat / 03:56",NO,1 of 4,1,Swimming Pool,Clubhouse,Sat,Sat,15:00,10:00,Nudge Sat / 09:31,Booked Sat / 03:56
R-199-#8681,R-199,"Tennis Court / Sun / 16:00
Swimming Pool (Top Pref)","Swimming Pool / Sat / 15:00
Nudge Sat / 08:55","Gym / Sat / 10:00
Booked Sat / 04:36",NO,1 of 4,1,Swimming Pool,Gym,Sat,Sat,15:00,10:00,Nudge Sat / 08:55,Booked Sat / 04:36
R-133-#8682,R-133,"Clubhouse / Fri / 19:00
Clubhouse (Top Pref)","Clubhouse / Sat / 19:00
Nudge Fri / 23:24","Swimming Pool / Sat / 19:00
Booked Sat / 05:00",NO,2 of 4,2,Clubhouse,Swimming Pool,Sat,Sat,19:00,19:00,Nudge Fri / 23:24,Booked Sat / 05:00
R-134-#8683,R-134,"Swimming Pool / Thu / 17:00
Swimming Pool (Top Pref)","Swimming Pool / Sat / 16:00
Nudge Sat / 10:56","Swimming Pool / Sat / 11:00
Booked Sat / 05:15",NO,2 of 4,2,Swimming Pool,Swimming Pool,Sat,Sat,16:00,11:00,Nudge Sat / 10:56,Booked Sat / 05:15
R-187-#8684,R-187,"Swimming Pool / Fri / 07:00
Gym (Top Pref)","Swimming Pool / Sat / 19:00
Nudge Sat / 07:00","Tennis Court / Sat / 19:00
Booked Sat / 05:33",NO,3 of 4,3,Swimming Pool,Tennis Court,Sat,Sat,19:00,19:00,Nudge Sat / 07:00,Booked Sat / 05:33
R-197-#8685,R-197,"Tennis Court / Sat / 07:00
Tennis Court (Top Pref)","Tennis Court / Sun / 07:00
Nudge Fri / 08:27","Clubhouse / Mon / 17:00
Booked Sat / 05:37",NO,0 of 4,0,Tennis Court,Clubhouse,Sun,Mon,07:00,17:00,Nudge Fri / 08:27,Booked Sat / 05:37
R-185-#8686,R-185,"Swimming Pool / Thu / 15:00
Swimming Pool (Top Pref)","Swimming Pool / Sat / 16:00
Nudge Sat / 10:06","Swimming Pool / Sat / 10:00
Booked Sat / 05:57",NO,2 of 4,2,Swimming Pool,Swimming Pool,Sat,Sat,16:00,10:00,Nudge Sat / 10:06,Booked Sat / 05:57
R-166-#8687,R-166,"Gym / Thu / 19:00
Gym (Top Pref)","Swimming Pool / Sat / 17:00
Nudge Sat / 02:58","Badminton Court / Sat / 19:00
Booked Sat / 06:16",NO,1 of 4,1,Swimming Pool,Badminton Court,Sat,Sat,17:00,19:00,Nudge Sat / 02:58,Booked Sat / 06:16
R-203-#8688,R-203,"Tennis Court / Fri / 19:00
Badminton Court (Top Pref)","Badminton Court / Mon / 18:00
Nudge Sun / 11:53","Badminton Court / Sat / 19:00
Booked Sat / 06:40",NO,2 of 4,2,Badminton Court,Badminton Court,Mon,Sat,18:00,19:00,Nudge Sun / 11:53,Booked Sat / 06:40
R-181-#8689,R-181,"Swimming Pool / Fri / 17:00
Swimming Pool (Top Pref)","Swimming Pool / Sat / 10:00
Nudge Sat / 04:20","Swimming Pool / Sat / 15:00
Booked Sat / 07:37",NO,2 of 4,2,Swimming Pool,Swimming Pool,Sat,Sat,10:00,15:00,Nudge Sat / 04:20,Booked Sat / 07:37
R-197-#8690,R-197,"Clubhouse / Mon / 17:00
Tennis Court (Top Pref)","Tennis Court / Tue / 07:00
Nudge Sun / 09:09","Tennis Court / Sun / 11:00
Booked Sat / 07:54",NO,1 of 4,1,Tennis Court,Tennis Court,Tue,Sun,07:00,11:00,Nudge Sun / 09:09,Booked Sat / 07:54
R-143-#8691,R-143,"Gym / Wed / 15:00
Swimming Pool (Top Pref)","Swimming Pool / Sat / 17:00
Nudge Sat / 11:48","Swimming Pool / Sat / 15:00
Booked Sat / 08:08",NO,2 of 4,2,Swimming Pool,Swimming Pool,Sat,Sat,17:00,15:00,Nudge Sat / 11:48,Booked Sat / 08:08
R-209-#8692,R-209,"Swimming Pool / Thu / 17:00
Swimming Pool (Top Pref)","Swimming Pool / Sat / 17:00
Nudge Sat / 11:39","Swimming Pool / Sat / 15:00
Booked Sat / 08:58",NO,2 of 4,2,Swimming Pool,Swimming Pool,Sat,Sat,17:00,15:00,Nudge Sat / 11:39,Booked Sat / 08:58
R-104-#8693,R-104,"Swimming Pool / Sun / 16:00
Swimming Pool (Top Pref)","Swimming Pool / Sat / 16:00
Nudge Sat / 09:49","Swimming Pool / Sat / 16:00
Booked Sat / 10:10",YES,4 of 4,4,Swimming Pool,Swimming Pool,Sat,Sat,16:00,16:00,Nudge Sat / 09:49,Booked Sat / 10:10
R-139-#8694,R-139,"Clubhouse / Fri / 11:00
Swimming Pool (Top Pref)","Swimming Pool / Sat / 15:00
Nudge Sat / 09:23","Clubhouse / Sat / 18:00
Booked Sat / 11:31",NO,2 of 4,2,Swimming Pool,Clubhouse,Sat,Sat,15:00,18:00,Nudge Sat / 09:23,Booked Sat / 11:31
R-160-#8695,R-160,"Swimming Pool / Thu / 06:00
Swimming Pool (Top Pref)","Swimming Pool / Sat / 17:00
Nudge Sat / 11:34","Swimming Pool / Sat / 20:00
Booked Sat / 12:22",NO,3 of 4,3,Swimming Pool,Swimming Pool,Sat,Sat,17:00,20:00,Nudge Sat / 11:34,Booked Sat / 12:22
R-118-#8696,R-118,"Gym / Sat / 07:00
Gym (Top Pref)","Gym / Mon / 06:00
Nudge Sun / 14:04","Gym / Sun / 08:00
Booked Sat / 12:47",NO,1 of 4,1,Gym,Gym,Mon,Sun,06:00,08:00,Nudge Sun / 14:04,Booked Sat / 12:47
R-177-#8697,R-177,"Tennis Court / Sun / 18:00
Tennis Court (Top Pref)","Tennis Court / Tue / 07:00
Nudge Sun / 06:19","Tennis Court / Mon / 07:00
Booked Sat / 13:41",NO,2 of 4,2,Tennis Court,Tennis Court,Tue,Mon,07:00,07:00,Nudge Sun / 06:19,Booked Sat / 13:41
R-150-#8698,R-150,"Gym / Sat / 19:00
Clubhouse (Top Pref)","Clubhouse / Sun / 15:00
Nudge Sat / 19:13","Clubhouse / Sun / 14:00
Booked Sat / 14:37",NO,3 of 4,3,Clubhouse,Clubhouse,Sun,Sun,15:00,14:00,Nudge Sat / 19:13,Booked Sat / 14:37
R-193-#8699,R-193,"Clubhouse / Fri / 18:00
Clubhouse (Top Pref)","Clubhouse / Sun / 20:00
Nudge Sat / 23:41","Clubhouse / Sun / 15:00
Booked Sat / 14:40",NO,2 of 4,2,Clubhouse,Clubhouse,Sun,Sun,20:00,15:00,Nudge Sat / 23:41,Booked Sat / 14:40
R-207-#8700,R-207,"Clubhouse / Fri / 06:00
Badminton Court (Top Pref)","Badminton Court / Mon / 18:00
Nudge Sun / 13:08","Clubhouse / Sun / 20:00
Booked Sat / 15:33",NO,0 of 4,0,Badminton Court,Clubhouse,Mon,Sun,18:00,20:00,Nudge Sun / 13:08,Booked Sat / 15:33
R-120-#8701,R-120,"Gym / Fri / 20:00
Badminton Court (Top Pref)","Badminton Court / Mon / 18:00
Nudge Sun / 12:13","Badminton Court / Sun / 20:00
Booked Sat / 15:59",NO,1 of 4,1,Badminton Court,Badminton Court,Mon,Sun,18:00,20:00,Nudge Sun / 12:13,Booked Sat / 15:59
R-167-#8702,R-167,"Gym / Sat / 06:00
Gym (Top Pref)","Gym / Fri / 07:00
Nudge Thu / 12:35","Clubhouse / Sun / 06:00
Booked Sat / 16:42",NO,1 of 4,1,Gym,Clubhouse,Fri,Sun,07:00,06:00,Nudge Thu / 12:35,Booked Sat / 16:42
R-210-#8703,R-210,"Badminton Court / Thu / 09:00
Tennis Court (Top Pref)","Tennis Court / Sat / 17:00
Nudge Fri / 00:10","Tennis Court / Sun / 17:00
Booked Sat / 17:03",NO,2 of 4,2,Tennis Court,Tennis Court,Sat,Sun,17:00,17:00,Nudge Fri / 00:10,Booked Sat / 17:03
R-202-#8704,R-202,"Clubhouse / Sat / 19:00
Clubhouse (Top Pref)","Clubhouse / Sun / 15:00
Nudge Sat / 18:47","Gym / Sun / 14:00
Booked Sat / 17:53",NO,3 of 4,3,Clubhouse,Gym,Sun,Sun,15:00,14:00,Nudge Sat / 18:47,Booked Sat / 17:53
R-109-#8705,R-109,"Gym / Fri / 06:00
Gym (Top Pref)","Gym / Mon / 06:00
Nudge Sun / 16:17","Gym / Sun / 06:00
Booked Sat / 18:37",NO,2 of 4,2,Gym,Gym,Mon,Sun,06:00,06:00,Nudge Sun / 16:17,Booked Sat / 18:37
R-198-#8706,R-198,"Tennis Court / Wed / 17:00
Tennis Court (Top Pref)","Tennis Court / Thu / 18:00
Nudge Wed / 01:06","Tennis Court / Mon / 07:00
Booked Sat / 19:03",NO,1 of 4,1,Tennis Court,Tennis Court,Thu,Mon,18:00,07:00,Nudge Wed / 01:06,Booked Sat / 19:03
R-194-#8707,R-194,"Badminton Court / Sat / 08:00
Gym (Top Pref)","Gym / Sun / 07:00
Nudge Sat / 17:30","Gym / Sun / 12:00
Booked Sat / 19:03",NO,3 of 4,3,Gym,Gym,Sun,Sun,07:00,12:00,Nudge Sat / 17:30,Booked Sat / 19:03
R-101-#8708,R-101,"Gym / Fri / 06:00
Gym (Top Pref)","Gym / Mon / 07:00
Nudge Sun / 16:21","Gym / Sun / 06:00
Booked Sat / 20:00",NO,2 of 4,2,Gym,Gym,Mon,Sun,07:00,06:00,Nudge Sun / 16:21,Booked Sat / 20:00
R-108-#8709,R-108,"Swimming Pool / Sat / 07:00
Badminton Court (Top Pref)","Swimming Pool / Sun / 19:00
Nudge Sun / 06:11","Clubhouse / Sun / 07:00
Booked Sat / 20:00",NO,1 of 4,1,Swimming Pool,Clubhouse,Sun,Sun,19:00,07:00,Nudge Sun / 06:11,Booked Sat / 20:00
R-146-#8710,R-146,"Gym / Sun / 18:00
Tennis Court (Top Pref)","Tennis Court / Tue / 07:00
Nudge Sun / 07:27","Badminton Court / Tue / 07:00
Booked Sat / 20:02",NO,2 of 4,2,Tennis Court,Badminton Court,Tue,Tue,07:00,07:00,Nudge Sun / 07:27,Booked Sat / 20:02
R-100-#8711,R-100,"Swimming Pool / Sat / 07:00
Swimming Pool (Top Pref)","Swimming Pool / Sun / 17:00
Nudge Sun / 04:58","Clubhouse / Sun / 08:00
Booked Sat / 20:18",NO,1 of 4,1,Swimming Pool,Clubhouse,Sun,Sun,17:00,08:00,Nudge Sun / 04:58,Booked Sat / 20:18
R-128-#8712,R-128,"Swimming Pool / Sat / 08:00
Swimming Pool (Top Pref)","Swimming Pool / Sun / 17:00
Nudge Sun / 02:44","Badminton Court / Sun / 11:00
Booked Sat / 20:41",NO,1 of 4,1,Swimming Pool,Badminton Court,Sun,Sun,17:00,11:00,Nudge Sun / 02:44,Booked Sat / 20:41
R-178-#8713,R-178,"Gym / Sat / 17:00
Gym (Top Pref)","Swimming Pool / Sun / 19:00
Nudge Sun / 07:06","Gym / Sun / 07:00
Booked Sat / 21:33",NO,1 of 4,1,Swimming Pool,Gym,Sun,Sun,19:00,07:00,Nudge Sun / 07:06,Booked Sat / 21:33
R-172-#8714,R-172,"Clubhouse / Fri / 06:00
Gym (Top Pref)","Gym / Mon / 07:00
Nudge Sun / 17:42","Gym / Sun / 07:00
Booked Sat / 21:42",NO,2 of 4,2,Gym,Gym,Mon,Sun,07:00,07:00,Nudge Sun / 17:42,Booked Sat / 21:42
R-107-#8715,R-107,"Badminton Court / Fri / 18:00
Badminton Court (Top Pref)","Badminton Court / Mon / 18:00
Nudge Sun / 13:39","Badminton Court / Sun / 20:00
Booked Sat / 22:28",NO,1 of 4,1,Badminton Court,Badminton Court,Mon,Sun,18:00,20:00,Nudge Sun / 13:39,Booked Sat / 22:28
R-133-#8716,R-133,"Swimming Pool / Sat / 19:00
Clubhouse (Top Pref)","Clubhouse / Sun / 19:00
Nudge Sat / 22:20","Badminton Court / Sun / 15:00
Booked Sat / 22:33",NO,2 of 4,2,Clubhouse,Badminton Court,Sun,Sun,19:00,15:00,Nudge Sat / 22:20,Booked Sat / 22:33
R-195-#8717,R-195,"Badminton Court / Fri / 19:00
Badminton Court (Top Pref)","Badminton Court / Mon / 19:00
Nudge Sun / 13:46","Badminton Court / Sun / 20:00
Booked Sat / 22:34",NO,2 of 4,2,Badminton Court,Badminton Court,Mon,Sun,19:00,20:00,Nudge Sun / 13:46,Booked Sat / 22:34
R-131-#8718,R-131,"Clubhouse / Fri / 20:00
Badminton Court (Top Pref)","Badminton Court / Mon / 20:00
Nudge Sun / 16:08","Tennis Court / Mon / 15:00
Booked Sat / 22:48",NO,1 of 4,1,Badminton Court,Tennis Court,Mon,Mon,20:00,15:00,Nudge Sun / 16:08,Booked Sat / 22:48
R-144-#8719,R-144,"Gym / Sat / 08:00
Gym (Top Pref)","Gym / Mon / 07:00
Nudge Sun / 17:20","Gym / Sun / 08:00
Booked Sat / 23:23",NO,2 of 4,2,Gym,Gym,Mon,Sun,07:00,08:00,Nudge Sun / 17:20,Booked Sat / 23:23
R-102-#8720,R-102,"Gym / Sat / 08:00
Gym (Top Pref)","Gym / Mon / 06:00
Nudge Sun / 18:25","Gym / Sun / 06:00
Booked Sat / 23:26",NO,2 of 4,2,Gym,Gym,Mon,Sun,06:00,06:00,Nudge Sun / 18:25,Booked Sat / 23:26
R-162-#8721,R-162,"Clubhouse / Sat / 15:00
Clubhouse (Top Pref)","Clubhouse / Sun / 19:00
Nudge Sat / 23:57","Badminton Court / Sun / 19:00
Booked Sun / 00:27",NO,3 of 4,3,Clubhouse,Badminton Court,Sun,Sun,19:00,19:00,Nudge Sat / 23:57,Booked Sun / 00:27
R-170-#8722,R-170,"Badminton Court / Sat / 19:00
Badminton Court (Top Pref)","Badminton Court / Mon / 18:00
Nudge Sun / 13:36","Swimming Pool / Sun / 19:00
Booked Sun / 00:28",NO,1 of 4,1,Badminton Court,Swimming Pool,Mon,Sun,18:00,19:00,Nudge Sun / 13:36,Booked Sun / 00:28
R-212-#8723,R-212,"Gym / Fri / 06:00
Gym (Top Pref)","Gym / Mon / 06:00
Nudge Sun / 16:47","Clubhouse / Sun / 16:00
Booked Sun / 00:59",NO,0 of 4,0,Gym,Clubhouse,Mon,Sun,06:00,16:00,Nudge Sun / 16:47,Booked Sun / 00:59
R-215-#8724,R-215,"Gym / Sun / 11:00
Badminton Court (Top Pref)","Gym / Thu / 17:00
Nudge Thu / 05:09","Badminton Court / Sun / 16:00
Booked Sun / 01:16",NO,1 of 4,1,Gym,Badminton Court,Thu,Sun,17:00,16:00,Nudge Thu / 05:09,Booked Sun / 01:16
R-198-#8725,R-198,"Tennis Court / Mon / 07:00
Tennis Court (Top Pref)","Tennis Court / Tue / 08:00
Nudge Sun / 10:14","Tennis Court / Tue / 08:00
Booked Sun / 02:21",NO,3 of 4,3,Tennis Court,Tennis Court,Tue,Tue,08:00,08:00,Nudge Sun / 10:14,Booked Sun / 02:21
R-216-#8726,R-216,"Tennis Court / Wed / 16:00
Swimming Pool (Top Pref)","Swimming Pool / Sat / 17:00
Nudge Sat / 10:52","Clubhouse / Sun / 10:00
Booked Sun / 02:31",NO,0 of 4,0,Swimming Pool,Clubhouse,Sat,Sun,17:00,10:00,Nudge Sat / 10:52,Booked Sun / 02:31
R-175-#8727,R-175,"Tennis Court / Tue / 17:00
Tennis Court (Top Pref)","Tennis Court / Sun / 18:00
Nudge Sat / 03:13","Tennis Court / Tue / 08:00
Booked Sun / 02:50",NO,1 of 4,1,Tennis Court,Tennis Court,Sun,Tue,18:00,08:00,Nudge Sat / 03:13,Booked Sun / 02:50
R-199-#8728,R-199,"Gym / Sat / 10:00
Swimming Pool (Top Pref)","Swimming Pool / Sun / 17:00
Nudge Sun / 10:52","Swimming Pool / Sun / 11:00
Booked Sun / 03:25",NO,2 of 4,2,Swimming Pool,Swimming Pool,Sun,Sun,17:00,11:00,Nudge Sun / 10:52,Booked Sun / 03:25
R-132-#8729,R-132,"Badminton Court / Sun / 08:00
Tennis Court (Top Pref)","Tennis Court / Tue / 07:00
Nudge Sun / 11:35","Tennis Court / Tue / 18:00
Booked Sun / 04:11",NO,2 of 4,2,Tennis Court,Tennis Court,Tue,Tue,07:00,18:00,Nudge Sun / 11:35,Booked Sun / 04:11
R-120-#8730,R-120,"Badminton Court / Sun / 20:00
Badminton Court (Top Pref)","Badminton Court / Mon / 18:00
Nudge Sun / 08:06","Badminton Court / Mon / 20:00
Booked Sun / 04:26",NO,2 of 4,2,Badminton Court,Badminton Court,Mon,Mon,18:00,20:00,Nudge Sun / 08:06,Booked Sun / 04:26
R-107-#8731,R-107,"Badminton Court / Sun / 20:00
Badminton Court (Top Pref)","Badminton Court / Fri / 18:00
Nudge Thu / 10:57","Badminton Court / Mon / 20:00
Booked Sun / 04:30",NO,1 of 4,1,Badminton Court,Badminton Court,Fri,Mon,18:00,20:00,Nudge Thu / 10:57,Booked Sun / 04:30
R-176-#8732,R-176,"Badminton Court / Sun / 14:00
Swimming Pool (Top Pref)","Swimming Pool / Sat / 16:00
Nudge Sat / 09:50","Swimming Pool / Sun / 10:00
Booked Sun / 04:34",NO,1 of 4,1,Swimming Pool,Swimming Pool,Sat,Sun,16:00,10:00,Nudge Sat / 09:50,Booked Sun / 04:34
R-148-#8733,R-148,"Swimming Pool / Wed / 17:00
Swimming Pool (Top Pref)","Swimming Pool / Sat / 17:00
Nudge Sat / 11:35","Gym / Sun / 11:00
Booked Sun / 05:47",NO,0 of 4,0,Swimming Pool,Gym,Sat,Sun,17:00,11:00,Nudge Sat / 11:35,Booked Sun / 05:47
R-181-#8734,R-181,"Swimming Pool / Sat / 15:00
Swimming Pool (Top Pref)","Swimming Pool / Sun / 10:00
Nudge Sun / 04:22","Swimming Pool / Sun / 10:00
Booked Sun / 06:40",YES,4 of 4,4,Swimming Pool,Swimming Pool,Sun,Sun,10:00,10:00,Nudge Sun / 04:22,Booked Sun / 06:40
R-197-#8735,R-197,"Tennis Court / Sun / 11:00
Tennis Court (Top Pref)","Tennis Court / Tue / 07:00
Nudge Sun / 06:46","Gym / Tue / 08:00
Booked Sun / 07:13",NO,3 of 4,3,Tennis Court,Gym,Tue,Tue,07:00,08:00,Nudge Sun / 06:46,Booked Sun / 07:13
R-111-#8736,R-111,"Swimming Pool / Wed / 19:00
Gym (Top Pref)","Gym / Sat / 19:00
Nudge Sat / 07:16","Swimming Pool / Sun / 19:00
Booked Sun / 08:40",NO,1 of 4,1,Gym,Swimming Pool,Sat,Sun,19:00,19:00,Nudge Sat / 07:16,Booked Sun / 08:40
R-186-#8737,R-186,"Tennis Court / Sat / 07:00
Swimming Pool (Top Pref)","Gym / Mon / 11:00
Nudge Sun / 22:59","Clubhouse / Sun / 19:00
Booked Sun / 08:42",NO,0 of 4,0,Gym,Clubhouse,Mon,Sun,11:00,19:00,Nudge Sun / 22:59,Booked Sun / 08:42
R-139-#8738,R-139,"Clubhouse / Sat / 18:00
Swimming Pool (Top Pref)","Swimming Pool / Sun / 11:00
Nudge Sun / 05:15","Swimming Pool / Sun / 17:00
Booked Sun / 08:43",NO,2 of 4,2,Swimming Pool,Swimming Pool,Sun,Sun,11:00,17:00,Nudge Sun / 05:15,Booked Sun / 08:43
R-183-#8739,R-183,"Tennis Court / Fri / 13:00
Badminton Court (Top Pref)","Badminton Court / Mon / 18:00
Nudge Sun / 13:12","Badminton Court / Mon / 18:00
Booked Sun / 08:47",NO,3 of 4,3,Badminton Court,Badminton Court,Mon,Mon,18:00,18:00,Nudge Sun / 13:12,Booked Sun / 08:47
R-163-#8740,R-163,"Clubhouse / Sat / 10:00
Swimming Pool (Top Pref)","Swimming Pool / Sun / 15:00
Nudge Sun / 09:40","Gym / Sun / 16:00
Booked Sun / 08:51",NO,3 of 4,3,Swimming Pool,Gym,Sun,Sun,15:00,16:00,Nudge Sun / 09:40,Booked Sun / 08:51
R-157-#8741,R-157,"Tennis Court / Sat / 07:00
Tennis Court (Top Pref)","Tennis Court / Tue / 18:00
Nudge Mon / 05:11","Tennis Court / Mon / 18:00
Booked Sun / 09:00",NO,2 of 4,2,Tennis Court,Tennis Court,Tue,Mon,18:00,18:00,Nudge Mon / 05:11,Booked Sun / 09:00
R-134-#8742,R-134,"Swimming Pool / Sat / 11:00
Swimming Pool (Top Pref)","Swimming Pool / Sun / 16:00
Nudge Sun / 10:55","Swimming Pool / Sun / 15:00
Booked Sun / 09:26",YES,4 of 4,4,Swimming Pool,Swimming Pool,Sun,Sun,16:00,15:00,Nudge Sun / 10:55,Booked Sun / 09:26
R-179-#8743,R-179,"Clubhouse / Sun / 16:00
Swimming Pool (Top Pref)","Swimming Pool / Sat / 17:00
Nudge Sat / 11:11","Clubhouse / Sun / 14:00
Booked Sun / 09:39",NO,0 of 4,0,Swimming Pool,Clubhouse,Sat,Sun,17:00,14:00,Nudge Sat / 11:11,Booked Sun / 09:39
R-166-#8744,R-166,"Badminton Court / Sat / 19:00
Gym (Top Pref)","Swimming Pool / Sun / 17:00
Nudge Sun / 02:35","Swimming Pool / Sun / 19:00
Booked Sun / 10:18",NO,2 of 4,2,Swimming Pool,Swimming Pool,Sun,Sun,17:00,19:00,Nudge Sun / 02:35,Booked Sun / 10:18
R-217-#8745,R-217,"Clubhouse / Fri / 19:00
Badminton Court (Top Pref)","Badminton Court / Mon / 18:00
Nudge Sun / 13:11","Badminton Court / Mon / 20:00
Booked Sun / 10:19",NO,2 of 4,2,Badminton Court,Badminton Court,Mon,Mon,18:00,20:00,Nudge Sun / 13:11,Booked Sun / 10:19
R-138-#8746,R-138,"Badminton Court / Sun / 11:00
Tennis Court (Top Pref)","Tennis Court / Tue / 18:00
Nudge Sun / 23:27","Tennis Court / Tue / 18:00
Booked Sun / 10:35",NO,3 of 4,3,Tennis Court,Tennis Court,Tue,Tue,18:00,18:00,Nudge Sun / 23:27,Booked Sun / 10:35
R-180-#8747,R-180,"Badminton Court / Sat / 20:00
Badminton Court (Top Pref)","Badminton Court / Mon / 18:00
Nudge Sun / 12:57","Tennis Court / Mon / 18:00
Booked Sun / 10:36",NO,3 of 4,3,Badminton Court,Tennis Court,Mon,Mon,18:00,18:00,Nudge Sun / 12:57,Booked Sun / 10:36
R-182-#8748,R-182,"Swimming Pool / Wed / 18:00
Swimming Pool (Top Pref)","Swimming Pool / Sat / 17:00
Nudge Sat / 11:31","Clubhouse / Sun / 17:00
Booked Sun / 10:53",NO,1 of 4,1,Swimming Pool,Clubhouse,Sat,Sun,17:00,17:00,Nudge Sat / 11:31,Booked Sun / 10:53
R-168-#8749,R-168,"Gym / Fri / 07:00
Gym (Top Pref)","Gym / Mon / 06:00
Nudge Sun / 14:47","Gym / Mon / 06:00
Booked Sun / 10:58",NO,3 of 4,3,Gym,Gym,Mon,Mon,06:00,06:00,Nudge Sun / 14:47,Booked Sun / 10:58
R-113-#8750,R-113,"Gym / Sat / 07:00
Gym (Top Pref)","Gym / Mon / 06:00
Nudge Sun / 15:19","Tennis Court / Mon / 06:00
Booked Sun / 10:59",NO,2 of 4,2,Gym,Tennis Court,Mon,Mon,06:00,06:00,Nudge Sun / 15:19,Booked Sun / 10:59
R-149-#8751,R-149,"Tennis Court / Sun / 10:00
Swimming Pool (Top Pref)","Swimming Pool / Sat / 15:00
Nudge Sat / 09:44","Swimming Pool / Sun / 16:00
Booked Sun / 11:04",NO,2 of 4,2,Swimming Pool,Swimming Pool,Sat,Sun,15:00,16:00,Nudge Sat / 09:44,Booked Sun / 11:04
R-140-#8752,R-140,"Swimming Pool / Sat / 10:00
Swimming Pool (Top Pref)","Swimming Pool / Sun / 16:00
Nudge Sun / 10:00","Swimming Pool / Sun / 15:00
Booked Sun / 11:38",YES,4 of 4,4,Swimming Pool,Swimming Pool,Sun,Sun,16:00,15:00,Nudge Sun / 10:00,Booked Sun / 11:38
R-174-#8753,R-174,"Gym / Fri / 08:00
Gym (Top Pref)","Gym / Mon / 08:00
Nudge Sun / 16:59","Swimming Pool / Mon / 08:00
Booked Sun / 12:26",NO,2 of 4,2,Gym,Swimming Pool,Mon,Mon,08:00,08:00,Nudge Sun / 16:59,Booked Sun / 12:26
R-144-#8754,R-144,"Gym / Sun / 08:00
Gym (Top Pref)","Gym / Mon / 06:00
Nudge Sun / 11:29","Badminton Court / Mon / 06:00
Booked Sun / 13:24",NO,3 of 4,3,Gym,Badminton Court,Mon,Mon,06:00,06:00,Nudge Sun / 11:29,Booked Sun / 13:24
R-189-#8755,R-189,"Tennis Court / Fri / 14:00
Gym (Top Pref)","Gym / Mon / 07:00
Nudge Sun / 17:23","Gym / Mon / 06:00
Booked Sun / 13:37",NO,3 of 4,3,Gym,Gym,Mon,Mon,07:00,06:00,Nudge Sun / 17:23,Booked Sun / 13:37
R-142-#8756,R-142,"Gym / Sat / 19:00
Badminton Court (Top Pref)","Badminton Court / Mon / 18:00
Nudge Sun / 13:36","Clubhouse / Mon / 19:00
Booked Sun / 15:21",NO,3 of 4,3,Badminton Court,Clubhouse,Mon,Mon,18:00,19:00,Nudge Sun / 13:36,Booked Sun / 15:21
R-109-#8757,R-109,"Gym / Sun / 06:00
Gym (Top Pref)","Gym / Mon / 07:00
Nudge Sun / 15:25","Swimming Pool / Mon / 08:00
Booked Sun / 15:43",NO,3 of 4,3,Gym,Swimming Pool,Mon,Mon,07:00,08:00,Nudge Sun / 15:25,Booked Sun / 15:43
R-115-#8758,R-115,"Gym / Sat / 21:00
Tennis Court (Top Pref)","Tennis Court / Tue / 18:00
Nudge Mon / 03:30","Badminton Court / Tue / 07:00
Booked Sun / 15:44",NO,1 of 4,1,Tennis Court,Badminton Court,Tue,Tue,18:00,07:00,Nudge Mon / 03:30,Booked Sun / 15:44
R-117-#8759,R-117,"Gym / Sat / 06:00
Gym (Top Pref)","Gym / Mon / 06:00
Nudge Sun / 17:04","Gym / Mon / 08:00
Booked Sun / 15:47",NO,3 of 4,3,Gym,Gym,Mon,Mon,06:00,08:00,Nudge Sun / 17:04,Booked Sun / 15:47
R-170-#8760,R-170,"Swimming Pool / Sun / 19:00
Badminton Court (Top Pref)","Badminton Court / Mon / 18:00
Nudge Sun / 11:07","Badminton Court / Mon / 18:00
Booked Sun / 16:28",NO,3 of 4,3,Badminton Court,Badminton Court,Mon,Mon,18:00,18:00,Nudge Sun / 11:07,Booked Sun / 16:28
R-145-#8761,R-145,"Gym / Fri / 06:00
Gym (Top Pref)","Gym / Mon / 08:00
Nudge Sun / 18:42","Gym / Mon / 06:00
Booked Sun / 16:34",NO,3 of 4,3,Gym,Gym,Mon,Mon,08:00,06:00,Nudge Sun / 18:42,Booked Sun / 16:34
R-165-#8762,R-165,"Badminton Court / Thu / 20:00
Badminton Court (Top Pref)","Badminton Court / Mon / 18:00
Nudge Sun / 14:32","Gym / Mon / 18:00
Booked Sun / 16:42",NO,3 of 4,3,Badminton Court,Gym,Mon,Mon,18:00,18:00,Nudge Sun / 14:32,Booked Sun / 16:42
R-178-#8763,R-178,"Gym / Sun / 07:00
Gym (Top Pref)","Gym / Mon / 11:00
Nudge Sun / 21:05","Gym / Mon / 07:00
Booked Sun / 16:47",NO,2 of 4,2,Gym,Gym,Mon,Mon,11:00,07:00,Nudge Sun / 21:05,Booked Sun / 16:47
R-116-#8764,R-116,"Gym / Sat / 12:00
Gym (Top Pref)","Gym / Mon / 08:00
Nudge Sun / 18:29","Swimming Pool / Mon / 07:00
Booked Sun / 16:51",NO,3 of 4,3,Gym,Swimming Pool,Mon,Mon,08:00,07:00,Nudge Sun / 18:29,Booked Sun / 16:51
R-123-#8765,R-123,"Gym / Fri / 06:00
Gym (Top Pref)","Gym / Mon / 06:00
Nudge Sun / 17:29","Tennis Court / Mon / 06:00
Booked Sun / 16:55",NO,3 of 4,3,Gym,Tennis Court,Mon,Mon,06:00,06:00,Nudge Sun / 17:29,Booked Sun / 16:55
R-192-#8766,R-192,"Badminton Court / Fri / 19:00
Badminton Court (Top Pref)","Badminton Court / Mon / 18:00
Nudge Sun / 12:41","Badminton Court / Mon / 19:00
Booked Sun / 16:57",NO,3 of 4,3,Badminton Court,Badminton Court,Mon,Mon,18:00,19:00,Nudge Sun / 12:41,Booked Sun / 16:57
R-167-#8767,R-167,"Clubhouse / Sun / 06:00
Gym (Top Pref)","Gym / Mon / 08:00
Nudge Sun / 17:47","Gym / Mon / 07:00
Booked Sun / 16:58",YES,4 of 4,4,Gym,Gym,Mon,Mon,08:00,07:00,Nudge Sun / 17:47,Booked Sun / 16:58
R-156-#8768,R-156,"Gym / Fri / 06:00
Gym (Top Pref)","Gym / Mon / 06:00
Nudge Sun / 15:20","Gym / Mon / 07:00
Booked Sun / 17:34",YES,4 of 4,4,Gym,Gym,Mon,Mon,06:00,07:00,Nudge Sun / 15:20,Booked Sun / 17:34
R-172-#8769,R-172,"Gym / Sun / 07:00
Gym (Top Pref)","Gym / Mon / 07:00
Nudge Sun / 15:27","Gym / Mon / 07:00
Booked Sun / 18:00",NO,3 of 4,3,Gym,Gym,Mon,Mon,07:00,07:00,Nudge Sun / 15:27,Booked Sun / 18:00
R-196-#8770,R-196,"Badminton Court / Fri / 08:00
Badminton Court (Top Pref)","Badminton Court / Mon / 18:00
Nudge Sun / 13:31","Badminton Court / Mon / 18:00
Booked Sun / 18:12",NO,3 of 4,3,Badminton Court,Badminton Court,Mon,Mon,18:00,18:00,Nudge Sun / 13:31,Booked Sun / 18:12
R-177-#8771,R-177,"Tennis Court / Mon / 07:00
Tennis Court (Top Pref)","Tennis Court / Tue / 07:00
Nudge Sun / 10:30","Tennis Court / Tue / 08:00
Booked Sun / 18:26",NO,3 of 4,3,Tennis Court,Tennis Court,Tue,Tue,07:00,08:00,Nudge Sun / 10:30,Booked Sun / 18:26
R-173-#8772,R-173,"Gym / Thu / 20:00
Badminton Court (Top Pref)","Badminton Court / Mon / 18:00
Nudge Sun / 14:37","Badminton Court / Mon / 19:00
Booked Sun / 19:27",NO,3 of 4,3,Badminton Court,Badminton Court,Mon,Mon,18:00,19:00,Nudge Sun / 14:37,Booked Sun / 19:27
R-206-#8773,R-206,"Gym / Thu / 07:00
Gym (Top Pref)","Gym / Mon / 07:00
Nudge Sun / 17:57","Gym / Mon / 08:00
Booked Sun / 19:28",YES,4 of 4,4,Gym,Gym,Mon,Mon,07:00,08:00,Nudge Sun / 17:57,Booked Sun / 19:28
R-118-#8774,R-118,"Gym / Sun / 08:00
Gym (Top Pref)","Gym / Mon / 06:00
Nudge Sun / 18:09","Gym / Mon / 08:00
Booked Sun / 19:43",NO,3 of 4,3,Gym,Gym,Mon,Mon,06:00,08:00,Nudge Sun / 18:09,Booked Sun / 19:43
R-213-#8775,R-213,"Tennis Court / Thu / 16:00
Badminton Court (Top Pref)","Badminton Court / Mon / 18:00
Nudge Sun / 15:12","Badminton Court / Mon / 19:00
Booked Sun / 19:59",NO,3 of 4,3,Badminton Court,Badminton Court,Mon,Mon,18:00,19:00,Nudge Sun / 15:12,Booked Sun / 19:59
R-105-#8776,R-105,"Badminton Court / Sat / 18:00
Badminton Court (Top Pref)","Badminton Court / Mon / 20:00
Nudge Sun / 16:04","Tennis Court / Mon / 18:00
Booked Sun / 20:05",NO,1 of 4,1,Badminton Court,Tennis Court,Mon,Mon,20:00,18:00,Nudge Sun / 16:04,Booked Sun / 20:05
R-147-#8777,R-147,"Gym / Fri / 06:00
Gym (Top Pref)","Gym / Mon / 08:00
Nudge Sun / 19:20","Gym / Mon / 10:00
Booked Sun / 20:10",NO,3 of 4,3,Gym,Gym,Mon,Mon,08:00,10:00,Nudge Sun / 19:20,Booked Sun / 20:10
R-208-#8778,R-208,"Gym / Fri / 06:00
Gym (Top Pref)","Gym / Mon / 07:00
Nudge Sun / 18:10","Gym / Mon / 08:00
Booked Sun / 20:46",NO,3 of 4,3,Gym,Gym,Mon,Mon,07:00,08:00,Nudge Sun / 18:10,Booked Sun / 20:46
R-125-#8779,R-125,"Clubhouse / Fri / 21:00
Badminton Court (Top Pref)","Badminton Court / Mon / 18:00
Nudge Sun / 19:02","Badminton Court / Mon / 18:00
Booked Sun / 21:11",YES,4 of 4,4,Badminton Court,Badminton Court,Mon,Mon,18:00,18:00,Nudge Sun / 19:02,Booked Sun / 21:11
R-100-#8780,R-100,"Clubhouse / Sun / 08:00
Swimming Pool (Top Pref)","Swimming Pool / Mon / 17:00
Nudge Mon / 04:56","Gym / Mon / 11:00
Booked Sun / 21:29",NO,1 of 4,1,Swimming Pool,Gym,Mon,Mon,17:00,11:00,Nudge Mon / 04:56,Booked Sun / 21:29
R-161-#8781,R-161,"Badminton Court / Wed / 08:00
Gym (Top Pref)","Gym / Fri / 11:00
Nudge Thu / 23:27","Gym / Mon / 12:00
Booked Sun / 22:19",NO,2 of 4,2,Gym,Gym,Fri,Mon,11:00,12:00,Nudge Thu / 23:27,Booked Sun / 22:19
R-102-#8782,R-102,"Gym / Sun / 06:00
Gym (Top Pref)","Gym / Mon / 07:00
Nudge Sun / 16:24","Gym / Mon / 08:00
Booked Sun / 22:27",NO,3 of 4,3,Gym,Gym,Mon,Mon,07:00,08:00,Nudge Sun / 16:24,Booked Sun / 22:27
R-110-#8783,R-110,"Tennis Court / Fri / 19:00
Swimming Pool (Top Pref)","Swimming Pool / Mon / 17:00
Nudge Mon / 03:44","Swimming Pool / Mon / 15:00
Booked Sun / 23:21",NO,2 of 4,2,Swimming Pool,Swimming Pool,Mon,Mon,17:00,15:00,Nudge Mon / 03:44,Booked Sun / 23:21
R-177-#8784,R-177,"Tennis Court / Tue / 08:00
Tennis Court (Top Pref)","Tennis Court / Thu / 07:00
Nudge Tue / 04:02","Badminton Court / Wed / 08:00
Booked Sun / 23:23",NO,1 of 4,1,Tennis Court,Badminton Court,Thu,Wed,07:00,08:00,Nudge Tue / 04:02,Booked Sun / 23:23
R-127-#8785,R-127,"Clubhouse / Fri / 19:00
Swimming Pool (Top Pref)","Gym / Mon / 17:00
Nudge Mon / 03:13","Gym / Mon / 08:00
Booked Mon / 00:15",NO,2 of 4,2,Gym,Gym,Mon,Mon,17:00,08:00,Nudge Mon / 03:13,Booked Mon / 00:15
R-209-#8786,R-209,"Swimming Pool / Sat / 15:00
Swimming Pool (Top Pref)","Swimming Pool / Sun / 17:00
Nudge Sun / 11:56","Gym / Mon / 09:00
Booked Mon / 02:48",NO,0 of 4,0,Swimming Pool,Gym,Sun,Mon,17:00,09:00,Nudge Sun / 11:56,Booked Mon / 02:48
R-180-#8787,R-180,"Tennis Court / Mon / 18:00
Badminton Court (Top Pref)","Badminton Court / Tue / 18:00
Nudge Mon / 10:56","Badminton Court / Tue / 06:00
Booked Mon / 02:53",NO,2 of 4,2,Badminton Court,Badminton Court,Tue,Tue,18:00,06:00,Nudge Mon / 10:56,Booked Mon / 02:53
R-201-#8788,R-201,"Gym / Thu / 06:00
Gym (Top Pref)","Swimming Pool / Mon / 19:00
Nudge Mon / 05:34","Clubhouse / Mon / 17:00
Booked Mon / 02:54",NO,1 of 4,1,Swimming Pool,Clubhouse,Mon,Mon,19:00,17:00,Nudge Mon / 05:34,Booked Mon / 02:54
R-126-#8789,R-126,"Gym / Mon / 19:00
Swimming Pool (Top Pref)","Gym / Wed / 19:00
Nudge Wed / 07:20","Swimming Pool / Mon / 15:00
Booked Mon / 02:59",NO,0 of 4,0,Gym,Swimming Pool,Wed,Mon,19:00,15:00,Nudge Wed / 07:20,Booked Mon / 02:59
R-210-#8790,R-210,"Tennis Court / Sun / 17:00
Tennis Court (Top Pref)","Tennis Court / Tue / 08:00
Nudge Sun / 14:14","Badminton Court / Tue / 08:00
Booked Mon / 03:39",NO,2 of 4,2,Tennis Court,Badminton Court,Tue,Tue,08:00,08:00,Nudge Sun / 14:14,Booked Mon / 03:39
R-141-#8791,R-141,"Clubhouse / Fri / 20:00
Badminton Court (Top Pref)","Badminton Court / Mon / 20:00
Nudge Sun / 19:43","Swimming Pool / Tue / 11:00
Booked Mon / 05:03",NO,0 of 4,0,Badminton Court,Swimming Pool,Mon,Tue,20:00,11:00,Nudge Sun / 19:43,Booked Mon / 05:03
R-170-#8792,R-170,"Badminton Court / Mon / 18:00
Badminton Court (Top Pref)","Badminton Court / Tue / 18:00
Nudge Mon / 09:59","Gym / Tue / 20:00
Booked Mon / 05:19",NO,1 of 4,1,Badminton Court,Gym,Tue,Tue,18:00,20:00,Nudge Mon / 09:59,Booked Mon / 05:19
R-139-#8793,R-139,"Swimming Pool / Sun / 17:00
Swimming Pool (Top Pref)","Swimming Pool / Mon / 10:00
Nudge Mon / 04:09","Tennis Court / Mon / 11:00
Booked Mon / 05:53",NO,3 of 4,3,Swimming Pool,Tennis Court,Mon,Mon,10:00,11:00,Nudge Mon / 04:09,Booked Mon / 05:53
R-120-#8794,R-120,"Badminton Court / Mon / 20:00
Badminton Court (Top Pref)","Badminton Court / Tue / 18:00
Nudge Mon / 13:40","Swimming Pool / Tue / 18:00
Booked Mon / 06:11",NO,2 of 4,2,Badminton Court,Swimming Pool,Tue,Tue,18:00,18:00,Nudge Mon / 13:40,Booked Mon / 06:11
R-192-#8795,R-192,"Badminton Court / Mon / 19:00
Badminton Court (Top Pref)","Badminton Court / Tue / 18:00
Nudge Mon / 08:24","Badminton Court / Tue / 12:00
Booked Mon / 06:19",NO,3 of 4,3,Badminton Court,Badminton Court,Tue,Tue,18:00,12:00,Nudge Mon / 08:24,Booked Mon / 06:19
R-211-#8796,R-211,"Tennis Court / Sun / 17:00
Swimming Pool (Top Pref)","Swimming Pool / Sat / 16:00
Nudge Sat / 09:52","Gym / Mon / 15:00
Booked Mon / 06:57",NO,1 of 4,1,Swimming Pool,Gym,Sat,Mon,16:00,15:00,Nudge Sat / 09:52,Booked Mon / 06:57
R-166-#8797,R-166,"Swimming Pool / Sun / 19:00
Gym (Top Pref)","Swimming Pool / Mon / 17:00
Nudge Mon / 04:50","Swimming Pool / Mon / 19:00
Booked Mon / 08:13",NO,2 of 4,2,Swimming Pool,Swimming Pool,Mon,Mon,17:00,19:00,Nudge Mon / 04:50,Booked Mon / 08:13
R-158-#8798,R-158,"Gym / Fri / 09:00
Gym (Top Pref)","Gym / Mon / 08:00
Nudge Sun / 18:53","Gym / Mon / 21:00
Booked Mon / 08:38",NO,2 of 4,2,Gym,Gym,Mon,Mon,08:00,21:00,Nudge Sun / 18:53,Booked Mon / 08:38
R-200-#8799,R-200,"Tennis Court / Thu / 07:00
Gym (Top Pref)","Gym / Mon / 17:00
Nudge Mon / 05:34","Tennis Court / Mon / 19:00
Booked Mon / 09:48",NO,1 of 4,1,Gym,Tennis Court,Mon,Mon,17:00,19:00,Nudge Mon / 05:34,Booked Mon / 09:48
R-206-#8800,R-206,"Gym / Mon / 08:00
Gym (Top Pref)","Gym / Tue / 07:00
Nudge Mon / 13:16","Gym / Tue / 07:00
Booked Mon / 10:30",NO,3 of 4,3,Gym,Gym,Tue,Tue,07:00,07:00,Nudge Mon / 13:16,Booked Mon / 10:30
R-199-#8801,R-199,"Swimming Pool / Sun / 11:00
Swimming Pool (Top Pref)","Swimming Pool / Mon / 17:00
Nudge Mon / 11:03","Swimming Pool / Mon / 17:00
Booked Mon / 11:23",YES,4 of 4,4,Swimming Pool,Swimming Pool,Mon,Mon,17:00,17:00,Nudge Mon / 11:03,Booked Mon / 11:23
R-123-#8802,R-123,"Tennis Court / Mon / 06:00
Gym (Top Pref)","Gym / Tue / 07:00
Nudge Mon / 15:16","Gym / Tue / 08:00
Booked Mon / 11:40",NO,3 of 4,3,Gym,Gym,Tue,Tue,07:00,08:00,Nudge Mon / 15:16,Booked Mon / 11:40
R-183-#8803,R-183,"Badminton Court / Mon / 18:00
Badminton Court (Top Pref)","Badminton Court / Tue / 18:00
Nudge Mon / 14:02","Badminton Court / Tue / 18:00
Booked Mon / 11:42",YES,4 of 4,4,Badminton Court,Badminton Court,Tue,Tue,18:00,18:00,Nudge Mon / 14:02,Booked Mon / 11:42
R-147-#8804,R-147,"Gym / Mon / 10:00
Gym (Top Pref)","Gym / Tue / 06:00
Nudge Mon / 12:58","Tennis Court / Tue / 08:00
Booked Mon / 12:06",NO,2 of 4,2,Gym,Tennis Court,Tue,Tue,06:00,08:00,Nudge Mon / 12:58,Booked Mon / 12:06
R-217-#8805,R-217,"Badminton Court / Mon / 20:00
Badminton Court (Top Pref)","Badminton Court / Tue / 18:00
Nudge Mon / 14:01","Gym / Tue / 18:00
Booked Mon / 12:08",NO,3 of 4,3,Badminton Court,Gym,Tue,Tue,18:00,18:00,Nudge Mon / 14:01,Booked Mon / 12:08
R-109-#8806,R-109,"Swimming Pool / Mon / 08:00
Gym (Top Pref)","Gym / Tue / 06:00
Nudge Mon / 14:25","Badminton Court / Tue / 06:00
Booked Mon / 12:18",NO,3 of 4,3,Gym,Badminton Court,Tue,Tue,06:00,06:00,Nudge Mon / 14:25,Booked Mon / 12:18
R-118-#8807,R-118,"Gym / Mon / 08:00
Gym (Top Pref)","Gym / Tue / 06:00
Nudge Mon / 12:45","Gym / Tue / 06:00
Booked Mon / 12:35",YES,4 of 4,4,Gym,Gym,Tue,Tue,06:00,06:00,Nudge Mon / 12:45,Booked Mon / 12:35
R-145-#8808,R-145,"Gym / Mon / 06:00
Gym (Top Pref)","Gym / Tue / 06:00
Nudge Mon / 14:06","Gym / Tue / 06:00
Booked Mon / 13:14",YES,4 of 4,4,Gym,Gym,Tue,Tue,06:00,06:00,Nudge Mon / 14:06,Booked Mon / 13:14
R-212-#8809,R-212,"Clubhouse / Sun / 16:00
Gym (Top Pref)","Gym / Mon / 08:00
Nudge Sun / 19:18","Gym / Tue / 06:00
Booked Mon / 13:19",NO,1 of 4,1,Gym,Gym,Mon,Tue,08:00,06:00,Nudge Sun / 19:18,Booked Mon / 13:19
R-174-#8810,R-174,"Swimming Pool / Mon / 08:00
Gym (Top Pref)","Gym / Tue / 07:00
Nudge Mon / 17:33","Tennis Court / Tue / 08:00
Booked Mon / 13:59",NO,2 of 4,2,Gym,Tennis Court,Tue,Tue,07:00,08:00,Nudge Mon / 17:33,Booked Mon / 13:59
R-207-#8811,R-207,"Clubhouse / Sun / 20:00
Badminton Court (Top Pref)","Badminton Court / Mon / 19:00
Nudge Sun / 15:22","Badminton Court / Tue / 20:00
Booked Mon / 13:59",NO,2 of 4,2,Badminton Court,Badminton Court,Mon,Tue,19:00,20:00,Nudge Sun / 15:22,Booked Mon / 13:59
R-156-#8812,R-156,"Gym / Mon / 07:00
Gym (Top Pref)","Gym / Tue / 06:00
Nudge Mon / 13:59","Gym / Tue / 06:00
Booked Mon / 14:19",YES,4 of 4,4,Gym,Gym,Tue,Tue,06:00,06:00,Nudge Mon / 13:59,Booked Mon / 14:19
R-165-#8813,R-165,"Gym / Mon / 18:00
Badminton Court (Top Pref)","Badminton Court / Tue / 19:00
Nudge Mon / 14:21","Badminton Court / Tue / 20:00
Booked Mon / 14:29",YES,4 of 4,4,Badminton Court,Badminton Court,Tue,Tue,19:00,20:00,Nudge Mon / 14:21,Booked Mon / 14:29
R-137-#8814,R-137,"Gym / Fri / 07:00
Swimming Pool (Top Pref)","Swimming Pool / Mon / 17:00
Nudge Mon / 03:14","Clubhouse / Tue / 08:00
Booked Mon / 15:30",NO,0 of 4,0,Swimming Pool,Clubhouse,Mon,Tue,17:00,08:00,Nudge Mon / 03:14,Booked Mon / 15:30
R-119-#8815,R-119,"Clubhouse / Sat / 18:00
Badminton Court (Top Pref)","Badminton Court / Mon / 18:00
Nudge Sun / 15:49","Badminton Court / Tue / 21:00
Booked Mon / 15:39",NO,1 of 4,1,Badminton Court,Badminton Court,Mon,Tue,18:00,21:00,Nudge Sun / 15:49,Booked Mon / 15:39
R-136-#8816,R-136,"Badminton Court / Fri / 19:00
Badminton Court (Top Pref)","Badminton Court / Mon / 18:00
Nudge Sun / 16:11","Gym / Tue / 20:00
Booked Mon / 16:12",NO,0 of 4,0,Badminton Court,Gym,Mon,Tue,18:00,20:00,Nudge Sun / 16:11,Booked Mon / 16:12
R-110-#8817,R-110,"Swimming Pool / Mon / 15:00
Swimming Pool (Top Pref)","Swimming Pool / Tue / 07:00
Nudge Mon / 17:55","Badminton Court / Tue / 07:00
Booked Mon / 16:23",NO,3 of 4,3,Swimming Pool,Badminton Court,Tue,Tue,07:00,07:00,Nudge Mon / 17:55,Booked Mon / 16:23
R-213-#8818,R-213,"Badminton Court / Mon / 19:00
Badminton Court (Top Pref)","Badminton Court / Tue / 18:00
Nudge Mon / 10:55","Badminton Court / Tue / 20:00
Booked Mon / 16:49",NO,2 of 4,2,Badminton Court,Badminton Court,Tue,Tue,18:00,20:00,Nudge Mon / 10:55,Booked Mon / 16:49
R-168-#8819,R-168,"Gym / Mon / 06:00
Gym (Top Pref)","Gym / Tue / 08:00
Nudge Mon / 19:44","Gym / Tue / 06:00
Booked Mon / 17:05",NO,2 of 4,2,Gym,Gym,Tue,Tue,08:00,06:00,Nudge Mon / 19:44,Booked Mon / 17:05
R-125-#8820,R-125,"Badminton Court / Mon / 18:00
Badminton Court (Top Pref)","Badminton Court / Tue / 18:00
Nudge Mon / 13:04","Badminton Court / Tue / 20:00
Booked Mon / 17:30",NO,2 of 4,2,Badminton Court,Badminton Court,Tue,Tue,18:00,20:00,Nudge Mon / 13:04,Booked Mon / 17:30
R-113-#8821,R-113,"Tennis Court / Mon / 06:00
Gym (Top Pref)","Gym / Tue / 08:00
Nudge Mon / 19:52","Gym / Tue / 08:00
Booked Mon / 17:59",YES,4 of 4,4,Gym,Gym,Tue,Tue,08:00,08:00,Nudge Mon / 19:52,Booked Mon / 17:59
R-167-#8822,R-167,"Gym / Mon / 07:00
Gym (Top Pref)","Gym / Tue / 07:00
Nudge Mon / 16:47","Badminton Court / Tue / 06:00
Booked Mon / 18:08",NO,3 of 4,3,Gym,Badminton Court,Tue,Tue,07:00,06:00,Nudge Mon / 16:47,Booked Mon / 18:08
R-189-#8823,R-189,"Gym / Mon / 06:00
Gym (Top Pref)","Gym / Tue / 07:00
Nudge Mon / 18:48","Gym / Tue / 08:00
Booked Mon / 18:31",YES,4 of 4,4,Gym,Gym,Tue,Tue,07:00,08:00,Nudge Mon / 18:48,Booked Mon / 18:31
R-107-#8824,R-107,"Badminton Court / Mon / 20:00
Badminton Court (Top Pref)","Badminton Court / Tue / 18:00
Nudge Mon / 18:26","Swimming Pool / Tue / 18:00
Booked Mon / 18:34",NO,3 of 4,3,Badminton Court,Swimming Pool,Tue,Tue,18:00,18:00,Nudge Mon / 18:26,Booked Mon / 18:34
R-172-#8825,R-172,"Gym / Mon / 07:00
Gym (Top Pref)","Gym / Tue / 07:00
Nudge Mon / 16:48","Gym / Tue / 07:00
Booked Mon / 19:19",NO,3 of 4,3,Gym,Gym,Tue,Tue,07:00,07:00,Nudge Mon / 16:48,Booked Mon / 19:19
R-204-#8826,R-204,"Tennis Court / Fri / 07:00
Tennis Court (Top Pref)","Gym / Mon / 17:00
Nudge Mon / 02:57","Swimming Pool / Tue / 07:00
Booked Mon / 19:36",NO,0 of 4,0,Gym,Swimming Pool,Mon,Tue,17:00,07:00,Nudge Mon / 02:57,Booked Mon / 19:36
R-193-#8827,R-193,"Clubhouse / Sun / 15:00
Clubhouse (Top Pref)","Clubhouse / Tue / 20:00
Nudge Mon / 23:44","Clubhouse / Tue / 20:00
Booked Mon / 19:39",NO,3 of 4,3,Clubhouse,Clubhouse,Tue,Tue,20:00,20:00,Nudge Mon / 23:44,Booked Mon / 19:39
R-152-#8828,R-152,"Tennis Court / Fri / 21:00
Gym (Top Pref)","Gym / Mon / 06:00
Nudge Sun / 17:20","Gym / Tue / 08:00
Booked Mon / 20:15",NO,1 of 4,1,Gym,Gym,Mon,Tue,06:00,08:00,Nudge Sun / 17:20,Booked Mon / 20:15
R-106-#8829,R-106,"Badminton Court / Sat / 20:00
Badminton Court (Top Pref)","Badminton Court / Mon / 20:00
Nudge Sun / 15:36","Badminton Court / Tue / 18:00
Booked Mon / 20:22",NO,1 of 4,1,Badminton Court,Badminton Court,Mon,Tue,20:00,18:00,Nudge Sun / 15:36,Booked Mon / 20:22
R-188-#8830,R-188,"Clubhouse / Fri / 17:00
Swimming Pool (Top Pref)","Swimming Pool / Mon / 17:00
Nudge Mon / 05:09","Gym / Tue / 08:00
Booked Mon / 20:39",NO,0 of 4,0,Swimming Pool,Gym,Mon,Tue,17:00,08:00,Nudge Mon / 05:09,Booked Mon / 20:39
R-117-#8831,R-117,"Gym / Mon / 08:00
Gym (Top Pref)","Gym / Tue / 07:00
Nudge Mon / 18:37","Gym / Tue / 11:00
Booked Mon / 20:43",NO,3 of 4,3,Gym,Gym,Tue,Tue,07:00,11:00,Nudge Mon / 18:37,Booked Mon / 20:43
R-116-#8832,R-116,"Swimming Pool / Mon / 07:00
Gym (Top Pref)","Gym / Tue / 08:00
Nudge Mon / 20:12","Gym / Tue / 07:00
Booked Mon / 21:18",YES,4 of 4,4,Gym,Gym,Tue,Tue,08:00,07:00,Nudge Mon / 20:12,Booked Mon / 21:18
R-195-#8833,R-195,"Badminton Court / Sun / 20:00
Badminton Court (Top Pref)","Badminton Court / Mon / 19:00
Nudge Sun / 14:48","Swimming Pool / Tue / 18:00
Booked Mon / 22:09",NO,1 of 4,1,Badminton Court,Swimming Pool,Mon,Tue,19:00,18:00,Nudge Sun / 14:48,Booked Mon / 22:09
R-196-#8834,R-196,"Badminton Court / Mon / 18:00
Badminton Court (Top Pref)","Badminton Court / Tue / 20:00
Nudge Mon / 16:28","Swimming Pool / Wed / 09:00
Booked Mon / 22:36",NO,0 of 4,0,Badminton Court,Swimming Pool,Tue,Wed,20:00,09:00,Nudge Mon / 16:28,Booked Mon / 22:36
R-186-#8835,R-186,"Clubhouse / Sun / 19:00
Swimming Pool (Top Pref)","Gym / Mon / 11:00
Nudge Sun / 22:53","Swimming Pool / Tue / 11:00
Booked Mon / 23:27",NO,1 of 4,1,Gym,Swimming Pool,Mon,Tue,11:00,11:00,Nudge Sun / 22:53,Booked Mon / 23:27
R-208-#8836,R-208,"Gym / Mon / 08:00
Gym (Top Pref)","Gym / Tue / 07:00
Nudge Mon / 18:26","Gym / Tue / 07:00
Booked Mon / 23:32",NO,3 of 4,3,Gym,Gym,Tue,Tue,07:00,07:00,Nudge Mon / 18:26,Booked Mon / 23:32
R-178-#8837,R-178,"Gym / Mon / 07:00
Gym (Top Pref)","Gym / Tue / 19:00
Nudge Tue / 06:06","Swimming Pool / Tue / 17:00
Booked Mon / 23:54",NO,1 of 4,1,Gym,Swimming Pool,Tue,Tue,19:00,17:00,Nudge Tue / 06:06,Booked Mon / 23:54
R-120-#8838,R-120,"Swimming Pool / Tue / 18:00
Badminton Court (Top Pref)","Badminton Court / Wed / 18:00
Nudge Tue / 08:47","Badminton Court / Wed / 19:00
Booked Tue / 00:00",NO,3 of 4,3,Badminton Court,Badminton Court,Wed,Wed,18:00,19:00,Nudge Tue / 08:47,Booked Tue / 00:00
R-175-#8839,R-175,"Tennis Court / Tue / 08:00
Tennis Court (Top Pref)","Tennis Court / Thu / 18:00
Nudge Tue / 21:33","Tennis Court / Wed / 18:00
Booked Tue / 00:19",NO,2 of 4,2,Tennis Court,Tennis Court,Thu,Wed,18:00,18:00,Nudge Tue / 21:33,Booked Tue / 00:19
R-102-#8840,R-102,"Gym / Mon / 08:00
Gym (Top Pref)","Gym / Tue / 07:00
Nudge Mon / 17:19","Swimming Pool / Tue / 08:00
Booked Tue / 00:36",NO,2 of 4,2,Gym,Swimming Pool,Tue,Tue,07:00,08:00,Nudge Mon / 17:19,Booked Tue / 00:36
R-101-#8841,R-101,"Gym / Sun / 06:00
Gym (Top Pref)","Gym / Mon / 07:00
Nudge Sun / 17:55","Swimming Pool / Tue / 12:00
Booked Tue / 00:46",NO,0 of 4,0,Gym,Swimming Pool,Mon,Tue,07:00,12:00,Nudge Sun / 17:55,Booked Tue / 00:46
R-144-#8842,R-144,"Badminton Court / Mon / 06:00
Gym (Top Pref)","Gym / Tue / 08:00
Nudge Mon / 20:02","Badminton Court / Tue / 16:00
Booked Tue / 03:24",NO,1 of 4,1,Gym,Badminton Court,Tue,Tue,08:00,16:00,Nudge Mon / 20:02,Booked Tue / 03:24
R-158-#8843,R-158,"Gym / Mon / 21:00
Gym (Top Pref)","Gym / Tue / 08:00
Nudge Mon / 19:23","Tennis Court / Tue / 12:00
Booked Tue / 03:44",NO,1 of 4,1,Gym,Tennis Court,Tue,Tue,08:00,12:00,Nudge Mon / 19:23,Booked Tue / 03:44
R-103-#8844,R-103,"Badminton Court / Fri / 19:00
Swimming Pool (Top Pref)","Gym / Mon / 17:00
Nudge Mon / 03:09","Tennis Court / Tue / 16:00
Booked Tue / 03:52",NO,1 of 4,1,Gym,Tennis Court,Mon,Tue,17:00,16:00,Nudge Mon / 03:09,Booked Tue / 03:52
R-191-#8845,R-191,"Swimming Pool / Sat / 14:00
Swimming Pool (Top Pref)","Gym / Mon / 17:00
Nudge Mon / 05:08","Gym / Tue / 11:00
Booked Tue / 04:16",NO,1 of 4,1,Gym,Gym,Mon,Tue,17:00,11:00,Nudge Mon / 05:08,Booked Tue / 04:16
R-135-#8846,R-135,"Clubhouse / Fri / 08:00
Gym (Top Pref)","Gym / Mon / 06:00
Nudge Sun / 17:32","Badminton Court / Tue / 21:00
Booked Tue / 06:07",NO,0 of 4,0,Gym,Badminton Court,Mon,Tue,06:00,21:00,Nudge Sun / 17:32,Booked Tue / 06:07
R-144-#8847,R-144,"Badminton Court / Tue / 16:00
Gym (Top Pref)","Gym / Wed / 06:00
Nudge Tue / 13:37","Gym / Wed / 06:00
Booked Tue / 07:54",NO,3 of 4,3,Gym,Gym,Wed,Wed,06:00,06:00,Nudge Tue / 13:37,Booked Tue / 07:54
R-195-#8848,R-195,"Swimming Pool / Tue / 18:00
Badminton Court (Top Pref)","Badminton Court / Wed / 18:00
Nudge Tue / 09:11","Clubhouse / Wed / 19:00
Booked Tue / 08:05",NO,3 of 4,3,Badminton Court,Clubhouse,Wed,Wed,18:00,19:00,Nudge Tue / 09:11,Booked Tue / 08:05
R-126-#8849,R-126,"Swimming Pool / Mon / 15:00
Swimming Pool (Top Pref)","Gym / Tue / 17:00
Nudge Tue / 05:24","Badminton Court / Tue / 19:00
Booked Tue / 08:49",NO,1 of 4,1,Gym,Badminton Court,Tue,Tue,17:00,19:00,Nudge Tue / 05:24,Booked Tue / 08:49
R-132-#8850,R-132,"Tennis Court / Tue / 18:00
Tennis Court (Top Pref)","Tennis Court / Thu / 07:00
Nudge Tue / 14:56","Gym / Thu / 07:00
Booked Tue / 09:04",NO,2 of 4,2,Tennis Court,Gym,Thu,Thu,07:00,07:00,Nudge Tue / 14:56,Booked Tue / 09:04
R-219-#8851,R-219,"Tennis Court / Sat / 08:00
Tennis Court (Top Pref)","Tennis Court / Thu / 08:00
Nudge Tue / 12:09","Badminton Court / Thu / 07:00
Booked Tue / 09:37",NO,2 of 4,2,Tennis Court,Badminton Court,Thu,Thu,08:00,07:00,Nudge Tue / 12:09,Booked Tue / 09:37
R-117-#8852,R-117,"Gym / Tue / 11:00
Gym (Top Pref)","Gym / Wed / 07:00
Nudge Tue / 13:18","Gym / Wed / 06:00
Booked Tue / 09:46",NO,3 of 4,3,Gym,Gym,Wed,Wed,07:00,06:00,Nudge Tue / 13:18,Booked Tue / 09:46
R-187-#8853,R-187,"Tennis Court / Sat / 19:00
Gym (Top Pref)","Swimming Pool / Mon / 17:00
Nudge Mon / 05:15","Swimming Pool / Tue / 19:00
Booked Tue / 10:06",NO,1 of 4,1,Swimming Pool,Swimming Pool,Mon,Tue,17:00,19:00,Nudge Mon / 05:15,Booked Tue / 10:06
R-203-#8854,R-203,"Badminton Court / Sat / 19:00
Badminton Court (Top Pref)","Badminton Court / Mon / 18:00
Nudge Sun / 12:48","Badminton Court / Tue / 18:00
Booked Tue / 10:07",NO,2 of 4,2,Badminton Court,Badminton Court,Mon,Tue,18:00,18:00,Nudge Sun / 12:48,Booked Tue / 10:07
R-207-#8855,R-207,"Badminton Court / Tue / 20:00
Badminton Court (Top Pref)","Badminton Court / Wed / 18:00
Nudge Tue / 11:53","Gym / Wed / 20:00
Booked Tue / 10:38",NO,2 of 4,2,Badminton Court,Gym,Wed,Wed,18:00,20:00,Nudge Tue / 11:53,Booked Tue / 10:38
R-206-#8856,R-206,"Gym / Tue / 07:00
Gym (Top Pref)","Gym / Wed / 07:00
Nudge Tue / 16:47","Gym / Wed / 06:00
Booked Tue / 11:02",NO,3 of 4,3,Gym,Gym,Wed,Wed,07:00,06:00,Nudge Tue / 16:47,Booked Tue / 11:02
R-217-#8857,R-217,"Gym / Tue / 18:00
Badminton Court (Top Pref)","Badminton Court / Wed / 18:00
Nudge Tue / 13:50","Badminton Court / Wed / 19:00
Booked Tue / 11:11",NO,3 of 4,3,Badminton Court,Badminton Court,Wed,Wed,18:00,19:00,Nudge Tue / 13:50,Booked Tue / 11:11
R-123-#8858,R-123,"Gym / Tue / 08:00
Gym (Top Pref)","Gym / Wed / 08:00
Nudge Tue / 18:40","Gym / Wed / 07:00
Booked Tue / 12:12",NO,3 of 4,3,Gym,Gym,Wed,Wed,08:00,07:00,Nudge Tue / 18:40,Booked Tue / 12:12
R-198-#8859,R-198,"Tennis Court / Tue / 08:00
Tennis Court (Top Pref)","Tennis Court / Thu / 18:00
Nudge Wed / 01:09","Gym / Thu / 17:00
Booked Tue / 13:08",NO,2 of 4,2,Tennis Court,Gym,Thu,Thu,18:00,17:00,Nudge Wed / 01:09,Booked Tue / 13:08
R-125-#8860,R-125,"Badminton Court / Tue / 20:00
Badminton Court (Top Pref)","Badminton Court / Wed / 18:00
Nudge Tue / 13:14","Gym / Wed / 19:00
Booked Tue / 13:17",NO,3 of 4,3,Badminton Court,Gym,Wed,Wed,18:00,19:00,Nudge Tue / 13:14,Booked Tue / 13:17
R-158-#8861,R-158,"Tennis Court / Tue / 12:00
Gym (Top Pref)","Gym / Wed / 08:00
Nudge Tue / 13:29","Gym / Wed / 07:00
Booked Tue / 13:30",YES,4 of 4,4,Gym,Gym,Wed,Wed,08:00,07:00,Nudge Tue / 13:29,Booked Tue / 13:30
R-160-#8862,R-160,"Swimming Pool / Sat / 20:00
Swimming Pool (Top Pref)","Swimming Pool / Sun / 16:00
Nudge Sun / 10:33","Gym / Tue / 15:00
Booked Tue / 13:40",NO,1 of 4,1,Swimming Pool,Gym,Sun,Tue,16:00,15:00,Nudge Sun / 10:33,Booked Tue / 13:40
R-167-#8863,R-167,"Badminton Court / Tue / 06:00
Gym (Top Pref)","Gym / Wed / 07:00
Nudge Tue / 14:39","Gym / Wed / 06:00
Booked Tue / 13:42",YES,4 of 4,4,Gym,Gym,Wed,Wed,07:00,06:00,Nudge Tue / 14:39,Booked Tue / 13:42
R-105-#8864,R-105,"Tennis Court / Mon / 18:00
Badminton Court (Top Pref)","Badminton Court / Tue / 20:00
Nudge Mon / 20:12","Badminton Court / Wed / 18:00
Booked Tue / 13:43",NO,1 of 4,1,Badminton Court,Badminton Court,Tue,Wed,20:00,18:00,Nudge Mon / 20:12,Booked Tue / 13:43
R-156-#8865,R-156,"Gym / Tue / 06:00
Gym (Top Pref)","Gym / Wed / 07:00
Nudge Tue / 16:43","Gym / Wed / 06:00
Booked Tue / 14:26",YES,4 of 4,4,Gym,Gym,Wed,Wed,07:00,06:00,Nudge Tue / 16:43,Booked Tue / 14:26
R-165-#8866,R-165,"Badminton Court / Tue / 20:00
Badminton Court (Top Pref)","Badminton Court / Wed / 19:00
Nudge Tue / 14:38","Badminton Court / Wed / 18:00
Booked Tue / 14:37",YES,4 of 4,4,Badminton Court,Badminton Court,Wed,Wed,19:00,18:00,Nudge Tue / 14:38,Booked Tue / 14:37
R-180-#8867,R-180,"Badminton Court / Tue / 06:00
Badminton Court (Top Pref)","Badminton Court / Wed / 20:00
Nudge Tue / 19:17","Clubhouse / Wed / 18:00
Booked Tue / 14:46",NO,1 of 4,1,Badminton Court,Clubhouse,Wed,Wed,20:00,18:00,Nudge Tue / 19:17,Booked Tue / 14:46
R-118-#8868,R-118,"Gym / Tue / 06:00
Gym (Top Pref)","Gym / Wed / 06:00
Nudge Tue / 16:01","Gym / Wed / 08:00
Booked Tue / 14:48",NO,3 of 4,3,Gym,Gym,Wed,Wed,06:00,08:00,Nudge Tue / 16:01,Booked Tue / 14:48
R-111-#8869,R-111,"Swimming Pool / Sun / 19:00
Gym (Top Pref)","Gym / Mon / 19:00
Nudge Mon / 07:20","Swimming Pool / Tue / 19:00
Booked Tue / 15:14",NO,1 of 4,1,Gym,Swimming Pool,Mon,Tue,19:00,19:00,Nudge Mon / 07:20,Booked Tue / 15:14
R-174-#8870,R-174,"Tennis Court / Tue / 08:00
Gym (Top Pref)","Gym / Wed / 07:00
Nudge Tue / 17:29","Gym / Wed / 07:00
Booked Tue / 15:25",YES,4 of 4,4,Gym,Gym,Wed,Wed,07:00,07:00,Nudge Tue / 17:29,Booked Tue / 15:25
R-101-#8871,R-101,"Swimming Pool / Tue / 12:00
Gym (Top Pref)","Gym / Wed / 07:00
Nudge Tue / 14:40","Gym / Wed / 07:00
Booked Tue / 16:37",YES,4 of 4,4,Gym,Gym,Wed,Wed,07:00,07:00,Nudge Tue / 14:40,Booked Tue / 16:37
R-131-#8872,R-131,"Tennis Court / Mon / 15:00
Badminton Court (Top Pref)","Badminton Court / Wed / 20:00
Nudge Tue / 20:28","Badminton Court / Wed / 20:00
Booked Tue / 16:46",NO,3 of 4,3,Badminton Court,Badminton Court,Wed,Wed,20:00,20:00,Nudge Tue / 20:28,Booked Tue / 16:46
R-177-#8873,R-177,"Badminton Court / Wed / 08:00
Tennis Court (Top Pref)","Tennis Court / Thu / 07:00
Nudge Tue / 13:18","Tennis Court / Thu / 21:00
Booked Tue / 17:09",NO,2 of 4,2,Tennis Court,Tennis Court,Thu,Thu,07:00,21:00,Nudge Tue / 13:18,Booked Tue / 17:09
R-145-#8874,R-145,"Gym / Tue / 06:00
Gym (Top Pref)","Gym / Wed / 06:00
Nudge Tue / 17:33","Gym / Wed / 06:00
Booked Tue / 17:15",YES,4 of 4,4,Gym,Gym,Wed,Wed,06:00,06:00,Nudge Tue / 17:33,Booked Tue / 17:15
R-116-#8875,R-116,"Gym / Tue / 07:00
Gym (Top Pref)","Gym / Wed / 08:00
Nudge Tue / 16:05","Gym / Wed / 08:00
Booked Tue / 17:22",YES,4 of 4,4,Gym,Gym,Wed,Wed,08:00,08:00,Nudge Tue / 16:05,Booked Tue / 17:22
R-107-#8876,R-107,"Swimming Pool / Tue / 18:00
Badminton Court (Top Pref)","Badminton Court / Wed / 18:00
Nudge Tue / 13:43","Badminton Court / Wed / 19:00
Booked Tue / 17:23",NO,3 of 4,3,Badminton Court,Badminton Court,Wed,Wed,18:00,19:00,Nudge Tue / 13:43,Booked Tue / 17:23
R-189-#8877,R-189,"Gym / Tue / 08:00
Gym (Top Pref)","Gym / Wed / 07:00
Nudge Tue / 17:13","Gym / Wed / 07:00
Booked Tue / 17:34",YES,4 of 4,4,Gym,Gym,Wed,Wed,07:00,07:00,Nudge Tue / 17:13,Booked Tue / 17:34
R-172-#8878,R-172,"Gym / Tue / 07:00
Gym (Top Pref)","Gym / Wed / 07:00
Nudge Tue / 16:09","Tennis Court / Wed / 11:00
Booked Tue / 17:39",NO,2 of 4,2,Gym,Tennis Court,Wed,Wed,07:00,11:00,Nudge Tue / 16:09,Booked Tue / 17:39
R-126-#8879,R-126,"Badminton Court / Tue / 19:00
Swimming Pool (Top Pref)","Gym / Wed / 07:00
Nudge Tue / 15:35","Gym / Wed / 08:00
Booked Tue / 17:54",YES,4 of 4,4,Gym,Gym,Wed,Wed,07:00,08:00,Nudge Tue / 15:35,Booked Tue / 17:54
R-197-#8880,R-197,"Gym / Tue / 08:00
Tennis Court (Top Pref)","Tennis Court / Thu / 07:00
Nudge Tue / 12:55","Tennis Court / Thu / 18:00
Booked Tue / 18:08",NO,2 of 4,2,Tennis Court,Tennis Court,Thu,Thu,07:00,18:00,Nudge Tue / 12:55,Booked Tue / 18:08
R-212-#8881,R-212,"Gym / Tue / 06:00
Gym (Top Pref)","Gym / Wed / 06:00
Nudge Tue / 17:30","Tennis Court / Wed / 07:00
Booked Tue / 18:14",NO,3 of 4,3,Gym,Tennis Court,Wed,Wed,06:00,07:00,Nudge Tue / 17:30,Booked Tue / 18:14
R-102-#8882,R-102,"Swimming Pool / Tue / 08:00
Gym (Top Pref)","Gym / Wed / 06:00
Nudge Tue / 13:33","Clubhouse / Wed / 06:00
Booked Tue / 18:37",NO,2 of 4,2,Gym,Clubhouse,Wed,Wed,06:00,06:00,Nudge Tue / 13:33,Booked Tue / 18:37
R-135-#8883,R-135,"Badminton Court / Tue / 21:00
Gym (Top Pref)","Gym / Wed / 06:00
Nudge Tue / 15:19","Badminton Court / Wed / 06:00
Booked Tue / 18:57",NO,2 of 4,2,Gym,Badminton Court,Wed,Wed,06:00,06:00,Nudge Tue / 15:19,Booked Tue / 18:57
R-152-#8884,R-152,"Gym / Tue / 08:00
Gym (Top Pref)","Gym / Wed / 06:00
Nudge Tue / 16:14","Gym / Wed / 08:00
Booked Tue / 19:34",NO,2 of 4,2,Gym,Gym,Wed,Wed,06:00,08:00,Nudge Tue / 16:14,Booked Tue / 19:34
R-113-#8885,R-113,"Gym / Tue / 08:00
Gym (Top Pref)","Gym / Wed / 06:00
Nudge Tue / 16:14","Tennis Court / Wed / 08:00
Booked Tue / 19:50",NO,1 of 4,1,Gym,Tennis Court,Wed,Wed,06:00,08:00,Nudge Tue / 16:14,Booked Tue / 19:50
R-203-#8886,R-203,"Badminton Court / Tue / 18:00
Badminton Court (Top Pref)","Badminton Court / Wed / 18:00
Nudge Tue / 08:29","Clubhouse / Wed / 18:00
Booked Tue / 20:04",NO,2 of 4,2,Badminton Court,Clubhouse,Wed,Wed,18:00,18:00,Nudge Tue / 08:29,Booked Tue / 20:04
R-138-#8887,R-138,"Tennis Court / Tue / 18:00
Tennis Court (Top Pref)","Tennis Court / Thu / 18:00
Nudge Wed / 02:04","Tennis Court / Fri / 08:00
Booked Tue / 20:22",NO,1 of 4,1,Tennis Court,Tennis Court,Thu,Fri,18:00,08:00,Nudge Wed / 02:04,Booked Tue / 20:22
R-168-#8888,R-168,"Gym / Tue / 06:00
Gym (Top Pref)","Gym / Wed / 07:00
Nudge Tue / 18:28","Gym / Wed / 08:00
Booked Tue / 20:59",NO,3 of 4,3,Gym,Gym,Wed,Wed,07:00,08:00,Nudge Tue / 18:28,Booked Tue / 20:59
R-111-#8889,R-111,"Swimming Pool / Tue / 19:00
Gym (Top Pref)","Gym / Wed / 08:00
Nudge Tue / 15:08","Tennis Court / Wed / 11:00
Booked Tue / 21:07",NO,1 of 4,1,Gym,Tennis Court,Wed,Wed,08:00,11:00,Nudge Tue / 15:08,Booked Tue / 21:07
R-109-#8890,R-109,"Badminton Court / Tue / 06:00
Gym (Top Pref)","Gym / Wed / 07:00
Nudge Tue / 19:28","Gym / Wed / 08:00
Booked Tue / 21:27",YES,4 of 4,4,Gym,Gym,Wed,Wed,07:00,08:00,Nudge Tue / 19:28,Booked Tue / 21:27
R-129-#8891,R-129,"Clubhouse / Sat / 12:00
Clubhouse (Top Pref)","Clubhouse / Fri / 19:00
Nudge Thu / 22:30","Clubhouse / Wed / 14:00
Booked Tue / 21:35",NO,1 of 4,1,Clubhouse,Clubhouse,Fri,Wed,19:00,14:00,Nudge Thu / 22:30,Booked Tue / 21:35
R-159-#8892,R-159,"Clubhouse / Sat / 15:00
Clubhouse (Top Pref)","Clubhouse / Fri / 20:00
Nudge Thu / 22:52","Clubhouse / Wed / 15:00
Booked Tue / 21:38",NO,1 of 4,1,Clubhouse,Clubhouse,Fri,Wed,20:00,15:00,Nudge Thu / 22:52,Booked Tue / 21:38
R-213-#8893,R-213,"Badminton Court / Tue / 20:00
Badminton Court (Top Pref)","Badminton Court / Wed / 18:00
Nudge Tue / 15:30","Badminton Court / Wed / 20:00
Booked Tue / 22:57",NO,2 of 4,2,Badminton Court,Badminton Court,Wed,Wed,18:00,20:00,Nudge Tue / 15:30,Booked Tue / 22:57
R-208-#8894,R-208,"Gym / Tue / 07:00
Gym (Top Pref)","Gym / Wed / 07:00
Nudge Tue / 16:49","Gym / Wed / 08:00
Booked Wed / 00:08",NO,3 of 4,3,Gym,Gym,Wed,Wed,07:00,08:00,Nudge Tue / 16:49,Booked Wed / 00:08
R-170-#8895,R-170,"Gym / Tue / 20:00
Badminton Court (Top Pref)","Badminton Court / Wed / 18:00
Nudge Tue / 18:10","Gym / Wed / 20:00
Booked Wed / 00:40",NO,1 of 4,1,Badminton Court,Gym,Wed,Wed,18:00,20:00,Nudge Tue / 18:10,Booked Wed / 00:40
R-106-#8896,R-106,"Badminton Court / Tue / 18:00
Badminton Court (Top Pref)","Badminton Court / Wed / 18:00
Nudge Tue / 16:05","Badminton Court / Wed / 19:00
Booked Wed / 01:35",NO,3 of 4,3,Badminton Court,Badminton Court,Wed,Wed,18:00,19:00,Nudge Tue / 16:05,Booked Wed / 01:35
R-137-#8897,R-137,"Clubhouse / Tue / 08:00
Swimming Pool (Top Pref)","Swimming Pool / Wed / 17:00
Nudge Wed / 03:20","Clubhouse / Wed / 17:00
Booked Wed / 03:03",NO,3 of 4,3,Swimming Pool,Clubhouse,Wed,Wed,17:00,17:00,Nudge Wed / 03:20,Booked Wed / 03:03
R-119-#8898,R-119,"Badminton Court / Tue / 21:00
Badminton Court (Top Pref)","Badminton Court / Wed / 18:00
Nudge Tue / 16:18","Gym / Wed / 20:00
Booked Wed / 03:04",NO,1 of 4,1,Badminton Court,Gym,Wed,Wed,18:00,20:00,Nudge Tue / 16:18,Booked Wed / 03:04
R-205-#8899,R-205,"Swimming Pool / Thu / 08:00
Swimming Pool (Top Pref)","Swimming Pool / Sat / 15:00
Nudge Sat / 09:13","Swimming Pool / Wed / 11:00
Booked Wed / 03:13",NO,1 of 4,1,Swimming Pool,Swimming Pool,Sat,Wed,15:00,11:00,Nudge Sat / 09:13,Booked Wed / 03:13
R-108-#8900,R-108,"Clubhouse / Sun / 07:00
Badminton Court (Top Pref)","Swimming Pool / Mon / 19:00
Nudge Mon / 07:30","Swimming Pool / Wed / 17:00
Booked Wed / 03:59",NO,1 of 4,1,Swimming Pool,Swimming Pool,Mon,Wed,19:00,17:00,Nudge Mon / 07:30,Booked Wed / 03:59
R-107-#8901,R-107,"Badminton Court / Wed / 19:00
Badminton Court (Top Pref)","Badminton Court / Thu / 18:00
Nudge Wed / 10:14","Clubhouse / Thu / 11:00
Booked Wed / 05:11",NO,1 of 4,1,Badminton Court,Clubhouse,Thu,Thu,18:00,11:00,Nudge Wed / 10:14,Booked Wed / 05:11
R-142-#8902,R-142,"Clubhouse / Mon / 19:00
Badminton Court (Top Pref)","Badminton Court / Wed / 18:00
Nudge Tue / 18:21","Badminton Court / Thu / 10:00
Booked Wed / 05:12",NO,1 of 4,1,Badminton Court,Badminton Court,Wed,Thu,18:00,10:00,Nudge Tue / 18:21,Booked Wed / 05:12
R-185-#8903,R-185,"Swimming Pool / Sat / 10:00
Swimming Pool (Top Pref)","Swimming Pool / Sun / 16:00
Nudge Sun / 10:10","Tennis Court / Wed / 10:00
Booked Wed / 05:18",NO,0 of 4,0,Swimming Pool,Tennis Court,Sun,Wed,16:00,10:00,Nudge Sun / 10:10,Booked Wed / 05:18
R-192-#8904,R-192,"Badminton Court / Tue / 12:00
Badminton Court (Top Pref)","Badminton Court / Thu / 18:00
Nudge Wed / 18:04","Badminton Court / Thu / 08:00
Booked Wed / 05:31",NO,2 of 4,2,Badminton Court,Badminton Court,Thu,Thu,18:00,08:00,Nudge Wed / 18:04,Booked Wed / 05:31
R-110-#8905,R-110,"Badminton Court / Tue / 07:00
Swimming Pool (Top Pref)","Gym / Wed / 17:00
Nudge Wed / 03:31","Swimming Pool / Wed / 17:00
Booked Wed / 05:40",NO,3 of 4,3,Gym,Swimming Pool,Wed,Wed,17:00,17:00,Nudge Wed / 03:31,Booked Wed / 05:40
R-100-#8906,R-100,"Gym / Mon / 11:00
Swimming Pool (Top Pref)","Gym / Wed / 17:00
Nudge Wed / 05:27","Clubhouse / Wed / 19:00
Booked Wed / 05:46",NO,2 of 4,2,Gym,Clubhouse,Wed,Wed,17:00,19:00,Nudge Wed / 05:27,Booked Wed / 05:46
R-178-#8907,R-178,"Swimming Pool / Tue / 17:00
Gym (Top Pref)","Swimming Pool / Wed / 19:00
Nudge Wed / 06:07","Clubhouse / Wed / 19:00
Booked Wed / 05:54",NO,3 of 4,3,Swimming Pool,Clubhouse,Wed,Wed,19:00,19:00,Nudge Wed / 06:07,Booked Wed / 05:54
R-176-#8908,R-176,"Swimming Pool / Sun / 10:00
Swimming Pool (Top Pref)","Swimming Pool / Sat / 16:00
Nudge Sat / 09:43","Swimming Pool / Wed / 10:00
Booked Wed / 06:06",NO,1 of 4,1,Swimming Pool,Swimming Pool,Sat,Wed,16:00,10:00,Nudge Sat / 09:43,Booked Wed / 06:06
R-147-#8909,R-147,"Tennis Court / Tue / 08:00
Gym (Top Pref)","Gym / Thu / 08:00
Nudge Wed / 17:18","Swimming Pool / Wed / 20:00
Booked Wed / 06:23",NO,0 of 4,0,Gym,Swimming Pool,Thu,Wed,08:00,20:00,Nudge Wed / 17:18,Booked Wed / 06:23
R-131-#8910,R-131,"Badminton Court / Wed / 20:00
Badminton Court (Top Pref)","Badminton Court / Thu / 20:00
Nudge Wed / 12:07","Badminton Court / Thu / 18:00
Booked Wed / 07:19",NO,2 of 4,2,Badminton Court,Badminton Court,Thu,Thu,20:00,18:00,Nudge Wed / 12:07,Booked Wed / 07:19
R-186-#8911,R-186,"Swimming Pool / Tue / 11:00
Swimming Pool (Top Pref)","Gym / Wed / 11:00
Nudge Tue / 21:44","Badminton Court / Wed / 15:00
Booked Wed / 07:58",NO,1 of 4,1,Gym,Badminton Court,Wed,Wed,11:00,15:00,Nudge Tue / 21:44,Booked Wed / 07:58
R-106-#8912,R-106,"Badminton Court / Wed / 19:00
Badminton Court (Top Pref)","Badminton Court / Thu / 20:00
Nudge Wed / 10:56","Gym / Thu / 07:00
Booked Wed / 08:05",NO,1 of 4,1,Badminton Court,Gym,Thu,Thu,20:00,07:00,Nudge Wed / 10:56,Booked Wed / 08:05
R-191-#8913,R-191,"Gym / Tue / 11:00
Swimming Pool (Top Pref)","Swimming Pool / Wed / 17:00
Nudge Wed / 03:49","Swimming Pool / Wed / 19:00
Booked Wed / 09:12",NO,2 of 4,2,Swimming Pool,Swimming Pool,Wed,Wed,17:00,19:00,Nudge Wed / 03:49,Booked Wed / 09:12
R-215-#8914,R-215,"Badminton Court / Sun / 16:00
Badminton Court (Top Pref)","Gym / Thu / 17:00
Nudge Thu / 05:03","Gym / Wed / 19:00
Booked Wed / 09:18",NO,1 of 4,1,Gym,Gym,Thu,Wed,17:00,19:00,Nudge Thu / 05:03,Booked Wed / 09:18
R-195-#8915,R-195,"Clubhouse / Wed / 19:00
Badminton Court (Top Pref)","Badminton Court / Thu / 18:00
Nudge Wed / 13:55","Badminton Court / Thu / 19:00
Booked Wed / 09:20",NO,3 of 4,3,Badminton Court,Badminton Court,Thu,Thu,18:00,19:00,Nudge Wed / 13:55,Booked Wed / 09:20
R-136-#8916,R-136,"Gym / Tue / 20:00
Badminton Court (Top Pref)","Badminton Court / Wed / 20:00
Nudge Tue / 20:01","Badminton Court / Thu / 20:00
Booked Wed / 09:25",NO,2 of 4,2,Badminton Court,Badminton Court,Wed,Thu,20:00,20:00,Nudge Tue / 20:01,Booked Wed / 09:25
R-175-#8917,R-175,"Tennis Court / Wed / 18:00
Tennis Court (Top Pref)","Tennis Court / Thu / 18:00
Nudge Tue / 22:38","Tennis Court / Thu / 18:00
Booked Wed / 09:52",NO,3 of 4,3,Tennis Court,Tennis Court,Thu,Thu,18:00,18:00,Nudge Tue / 22:38,Booked Wed / 09:52
R-115-#8918,R-115,"Badminton Court / Tue / 07:00
Tennis Court (Top Pref)","Tennis Court / Thu / 17:00
Nudge Wed / 03:24","Swimming Pool / Thu / 08:00
Booked Wed / 09:58",NO,1 of 4,1,Tennis Court,Swimming Pool,Thu,Thu,17:00,08:00,Nudge Wed / 03:24,Booked Wed / 09:58
R-148-#8919,R-148,"Gym / Sun / 11:00
Swimming Pool (Top Pref)","Swimming Pool / Sat / 17:00
Nudge Sat / 11:41","Swimming Pool / Wed / 16:00
Booked Wed / 10:27",NO,2 of 4,2,Swimming Pool,Swimming Pool,Sat,Wed,17:00,16:00,Nudge Sat / 11:41,Booked Wed / 10:27
R-182-#8920,R-182,"Clubhouse / Sun / 17:00
Swimming Pool (Top Pref)","Swimming Pool / Sat / 16:00
Nudge Sat / 10:27","Swimming Pool / Wed / 16:00
Booked Wed / 10:40",NO,2 of 4,2,Swimming Pool,Swimming Pool,Sat,Wed,16:00,16:00,Nudge Sat / 10:27,Booked Wed / 10:40
R-183-#8921,R-183,"Badminton Court / Tue / 18:00
Badminton Court (Top Pref)","Badminton Court / Thu / 18:00
Nudge Wed / 16:16","Tennis Court / Thu / 18:00
Booked Wed / 11:10",NO,2 of 4,2,Badminton Court,Tennis Court,Thu,Thu,18:00,18:00,Nudge Wed / 16:16,Booked Wed / 11:10
R-210-#8922,R-210,"Badminton Court / Tue / 08:00
Tennis Court (Top Pref)","Tennis Court / Thu / 07:00
Nudge Tue / 13:39","Tennis Court / Thu / 18:00
Booked Wed / 11:29",NO,2 of 4,2,Tennis Court,Tennis Court,Thu,Thu,07:00,18:00,Nudge Tue / 13:39,Booked Wed / 11:29
R-141-#8923,R-141,"Swimming Pool / Tue / 11:00
Badminton Court (Top Pref)","Badminton Court / Thu / 20:00
Nudge Wed / 20:32","Gym / Thu / 19:00
Booked Wed / 11:54",NO,2 of 4,2,Badminton Court,Gym,Thu,Thu,20:00,19:00,Nudge Wed / 20:32,Booked Wed / 11:54
R-118-#8924,R-118,"Gym / Wed / 08:00
Gym (Top Pref)","Gym / Thu / 06:00
Nudge Wed / 15:24","Gym / Thu / 07:00
Booked Wed / 12:18",NO,3 of 4,3,Gym,Gym,Thu,Thu,06:00,07:00,Nudge Wed / 15:24,Booked Wed / 12:18
R-211-#8925,R-211,"Gym / Mon / 15:00
Swimming Pool (Top Pref)","Swimming Pool / Sat / 16:00
Nudge Sat / 09:49","Swimming Pool / Wed / 17:00
Booked Wed / 12:25",NO,2 of 4,2,Swimming Pool,Swimming Pool,Sat,Wed,16:00,17:00,Nudge Sat / 09:49,Booked Wed / 12:25
R-119-#8926,R-119,"Gym / Wed / 20:00
Badminton Court (Top Pref)","Badminton Court / Thu / 18:00
Nudge Wed / 09:49","Swimming Pool / Thu / 19:00
Booked Wed / 12:52",NO,2 of 4,2,Badminton Court,Swimming Pool,Thu,Thu,18:00,19:00,Nudge Wed / 09:49,Booked Wed / 12:52
R-172-#8927,R-172,"Tennis Court / Wed / 11:00
Gym (Top Pref)","Gym / Thu / 08:00
Nudge Wed / 18:30","Tennis Court / Thu / 06:00
Booked Wed / 13:02",NO,1 of 4,1,Gym,Tennis Court,Thu,Thu,08:00,06:00,Nudge Wed / 18:30,Booked Wed / 13:02
R-165-#8928,R-165,"Badminton Court / Wed / 18:00
Badminton Court (Top Pref)","Badminton Court / Thu / 19:00
Nudge Wed / 14:12","Badminton Court / Thu / 19:00
Booked Wed / 13:11",YES,4 of 4,4,Badminton Court,Badminton Court,Thu,Thu,19:00,19:00,Nudge Wed / 14:12,Booked Wed / 13:11
R-101-#8929,R-101,"Gym / Wed / 07:00
Gym (Top Pref)","Gym / Thu / 07:00
Nudge Wed / 15:07","Gym / Thu / 07:00
Booked Wed / 13:33",YES,4 of 4,4,Gym,Gym,Thu,Thu,07:00,07:00,Nudge Wed / 15:07,Booked Wed / 13:33
R-145-#8930,R-145,"Gym / Wed / 06:00
Gym (Top Pref)","Gym / Thu / 06:00
Nudge Wed / 14:06","Swimming Pool / Thu / 07:00
Booked Wed / 14:05",NO,3 of 4,3,Gym,Swimming Pool,Thu,Thu,06:00,07:00,Nudge Wed / 14:06,Booked Wed / 14:05
R-217-#8931,R-217,"Badminton Court / Wed / 19:00
Badminton Court (Top Pref)","Badminton Court / Thu / 18:00
Nudge Wed / 14:31","Tennis Court / Thu / 10:00
Booked Wed / 15:16",NO,2 of 4,2,Badminton Court,Tennis Court,Thu,Thu,18:00,10:00,Nudge Wed / 14:31,Booked Wed / 15:16
R-144-#8932,R-144,"Gym / Wed / 06:00
Gym (Top Pref)","Gym / Thu / 07:00
Nudge Wed / 19:26","Swimming Pool / Thu / 08:00
Booked Wed / 15:30",NO,2 of 4,2,Gym,Swimming Pool,Thu,Thu,07:00,08:00,Nudge Wed / 19:26,Booked Wed / 15:30
R-196-#8933,R-196,"Swimming Pool / Wed / 09:00
Badminton Court (Top Pref)","Badminton Court / Thu / 20:00
Nudge Wed / 19:51","Badminton Court / Thu / 20:00
Booked Wed / 15:47",NO,3 of 4,3,Badminton Court,Badminton Court,Thu,Thu,20:00,20:00,Nudge Wed / 19:51,Booked Wed / 15:47
R-189-#8934,R-189,"Gym / Wed / 07:00
Gym (Top Pref)","Gym / Thu / 07:00
Nudge Wed / 16:33","Gym / Thu / 06:00
Booked Wed / 16:40",YES,4 of 4,4,Gym,Gym,Thu,Thu,07:00,06:00,Nudge Wed / 16:33,Booked Wed / 16:40
R-125-#8935,R-125,"Gym / Wed / 19:00
Badminton Court (Top Pref)","Badminton Court / Thu / 18:00
Nudge Wed / 14:54","Gym / Thu / 18:00
Booked Wed / 17:09",NO,3 of 4,3,Badminton Court,Gym,Thu,Thu,18:00,18:00,Nudge Wed / 14:54,Booked Wed / 17:09
R-191-#8936,R-191,"Swimming Pool / Wed / 19:00
Swimming Pool (Top Pref)","Gym / Thu / 07:00
Nudge Wed / 15:55","Clubhouse / Thu / 08:00
Booked Wed / 17:11",NO,3 of 4,3,Gym,Clubhouse,Thu,Thu,07:00,08:00,Nudge Wed / 15:55,Booked Wed / 17:11
R-212-#8937,R-212,"Tennis Court / Wed / 07:00
Gym (Top Pref)","Gym / Thu / 08:00
Nudge Wed / 17:53","Gym / Thu / 08:00
Booked Wed / 17:16",YES,4 of 4,4,Gym,Gym,Thu,Thu,08:00,08:00,Nudge Wed / 17:53,Booked Wed / 17:16
R-170-#8938,R-170,"Gym / Wed / 20:00
Badminton Court (Top Pref)","Badminton Court / Thu / 18:00
Nudge Wed / 11:17","Badminton Court / Thu / 19:00
Booked Wed / 17:19",NO,3 of 4,3,Badminton Court,Badminton Court,Thu,Thu,18:00,19:00,Nudge Wed / 11:17,Booked Wed / 17:19
R-102-#8939,R-102,"Clubhouse / Wed / 06:00
Gym (Top Pref)","Gym / Thu / 06:00
Nudge Wed / 15:18","Gym / Thu / 08:00
Booked Wed / 17:23",NO,3 of 4,3,Gym,Gym,Thu,Thu,06:00,08:00,Nudge Wed / 15:18,Booked Wed / 17:23
R-135-#8940,R-135,"Badminton Court / Wed / 06:00
Gym (Top Pref)","Gym / Thu / 06:00
Nudge Wed / 15:21","Tennis Court / Thu / 06:00
Booked Wed / 17:37",NO,3 of 4,3,Gym,Tennis Court,Thu,Thu,06:00,06:00,Nudge Wed / 15:21,Booked Wed / 17:37
R-117-#8941,R-117,"Gym / Wed / 06:00
Gym (Top Pref)","Gym / Thu / 07:00
Nudge Wed / 19:23","Badminton Court / Thu / 08:00
Booked Wed / 18:11",NO,3 of 4,3,Gym,Badminton Court,Thu,Thu,07:00,08:00,Nudge Wed / 19:23,Booked Wed / 18:11
R-113-#8942,R-113,"Tennis Court / Wed / 08:00
Gym (Top Pref)","Gym / Thu / 06:00
Nudge Wed / 15:51","Gym / Thu / 06:00
Booked Wed / 18:53",NO,3 of 4,3,Gym,Gym,Thu,Thu,06:00,06:00,Nudge Wed / 15:51,Booked Wed / 18:53
R-166-#8943,R-166,"Swimming Pool / Mon / 19:00
Gym (Top Pref)","Swimming Pool / Wed / 17:00
Nudge Wed / 03:00","Swimming Pool / Thu / 11:00
Booked Wed / 18:54",NO,1 of 4,1,Swimming Pool,Swimming Pool,Wed,Thu,17:00,11:00,Nudge Wed / 03:00,Booked Wed / 18:54
R-180-#8944,R-180,"Clubhouse / Wed / 18:00
Badminton Court (Top Pref)","Badminton Court / Thu / 18:00
Nudge Wed / 15:06","Badminton Court / Thu / 19:00
Booked Wed / 18:54",NO,3 of 4,3,Badminton Court,Badminton Court,Thu,Thu,18:00,19:00,Nudge Wed / 15:06,Booked Wed / 18:54
R-116-#8945,R-116,"Gym / Wed / 08:00
Gym (Top Pref)","Gym / Thu / 08:00
Nudge Wed / 18:34","Swimming Pool / Thu / 06:00
Booked Wed / 18:55",NO,2 of 4,2,Gym,Swimming Pool,Thu,Thu,08:00,06:00,Nudge Wed / 18:34,Booked Wed / 18:55
R-208-#8946,R-208,"Gym / Wed / 08:00
Gym (Top Pref)","Gym / Thu / 06:00
Nudge Wed / 14:10","Swimming Pool / Thu / 07:00
Booked Wed / 19:19",NO,2 of 4,2,Gym,Swimming Pool,Thu,Thu,06:00,07:00,Nudge Wed / 14:10,Booked Wed / 19:19
R-153-#8947,R-153,"Gym / Sun / 19:00
Swimming Pool (Top Pref)","Swimming Pool / Tue / 17:00
Nudge Tue / 05:10","Tennis Court / Thu / 07:00
Booked Wed / 19:19",NO,0 of 4,0,Swimming Pool,Tennis Court,Tue,Thu,17:00,07:00,Nudge Tue / 05:10,Booked Wed / 19:19
R-168-#8948,R-168,"Gym / Wed / 08:00
Gym (Top Pref)","Gym / Thu / 06:00
Nudge Wed / 15:06","Gym / Thu / 06:00
Booked Wed / 19:24",NO,3 of 4,3,Gym,Gym,Thu,Thu,06:00,06:00,Nudge Wed / 15:06,Booked Wed / 19:24
R-169-#8949,R-169,"Clubhouse / Fri / 08:00
Badminton Court (Top Pref)","Badminton Court / Mon / 17:00
Nudge Mon / 05:28","Clubhouse / Thu / 08:00
Booked Wed / 19:25",NO,0 of 4,0,Badminton Court,Clubhouse,Mon,Thu,17:00,08:00,Nudge Mon / 05:28,Booked Wed / 19:25
R-120-#8950,R-120,"Badminton Court / Wed / 19:00
Badminton Court (Top Pref)","Badminton Court / Thu / 18:00
Nudge Wed / 17:57","Badminton Court / Thu / 19:00
Booked Wed / 19:32",YES,4 of 4,4,Badminton Court,Badminton Court,Thu,Thu,18:00,19:00,Nudge Wed / 17:57,Booked Wed / 19:32
R-206-#8951,R-206,"Gym / Wed / 06:00
Gym (Top Pref)","Gym / Thu / 07:00
Nudge Wed / 19:35","Gym / Thu / 07:00
Booked Wed / 19:35",YES,4 of 4,4,Gym,Gym,Thu,Thu,07:00,07:00,Nudge Wed / 19:35,Booked Wed / 19:35
R-213-#8952,R-213,"Badminton Court / Wed / 20:00
Badminton Court (Top Pref)","Badminton Court / Thu / 18:00
Nudge Wed / 10:54","Badminton Court / Thu / 19:00
Booked Wed / 20:00",NO,3 of 4,3,Badminton Court,Badminton Court,Thu,Thu,18:00,19:00,Nudge Wed / 10:54,Booked Wed / 20:00
R-194-#8953,R-194,"Gym / Sun / 12:00
Gym (Top Pref)","Gym / Mon / 17:00
Nudge Mon / 05:09","Swimming Pool / Thu / 07:00
Booked Wed / 20:00",NO,0 of 4,0,Gym,Swimming Pool,Mon,Thu,17:00,07:00,Nudge Mon / 05:09,Booked Wed / 20:00
R-110-#8954,R-110,"Swimming Pool / Wed / 17:00
Swimming Pool (Top Pref)","Swimming Pool / Thu / 07:00
Nudge Wed / 18:25","Badminton Court / Thu / 11:00
Booked Wed / 20:29",NO,2 of 4,2,Swimming Pool,Badminton Court,Thu,Thu,07:00,11:00,Nudge Wed / 18:25,Booked Wed / 20:29
R-109-#8955,R-109,"Gym / Wed / 08:00
Gym (Top Pref)","Gym / Thu / 07:00
Nudge Wed / 17:01","Gym / Thu / 07:00
Booked Wed / 20:46",NO,3 of 4,3,Gym,Gym,Thu,Thu,07:00,07:00,Nudge Wed / 17:01,Booked Wed / 20:46
R-147-#8956,R-147,"Swimming Pool / Wed / 20:00
Gym (Top Pref)","Gym / Thu / 07:00
Nudge Wed / 16:46","Badminton Court / Thu / 08:00
Booked Wed / 21:24",NO,2 of 4,2,Gym,Badminton Court,Thu,Thu,07:00,08:00,Nudge Wed / 16:46,Booked Wed / 21:24
R-204-#8957,R-204,"Swimming Pool / Tue / 07:00
Tennis Court (Top Pref)","Gym / Wed / 17:00
Nudge Wed / 03:25","Clubhouse / Thu / 11:00
Booked Wed / 23:33",NO,0 of 4,0,Gym,Clubhouse,Wed,Thu,17:00,11:00,Nudge Wed / 03:25,Booked Wed / 23:33
R-133-#8958,R-133,"Badminton Court / Sun / 15:00
Clubhouse (Top Pref)","Clubhouse / Fri / 15:00
Nudge Thu / 18:13","Clubhouse / Fri / 06:00
Booked Thu / 00:11",NO,2 of 4,2,Clubhouse,Clubhouse,Fri,Fri,15:00,06:00,Nudge Thu / 18:13,Booked Thu / 00:11
R-158-#8959,R-158,"Gym / Wed / 07:00
Gym (Top Pref)","Gym / Thu / 08:00
Nudge Wed / 20:26","Gym / Thu / 08:00
Booked Thu / 00:26",NO,3 of 4,3,Gym,Gym,Thu,Thu,08:00,08:00,Nudge Wed / 20:26,Booked Thu / 00:26
R-141-#8960,R-141,"Gym / Thu / 19:00
Badminton Court (Top Pref)","Badminton Court / Fri / 18:00
Nudge Thu / 08:00","Badminton Court / Fri / 18:00
Booked Thu / 00:46",NO,3 of 4,3,Badminton Court,Badminton Court,Fri,Fri,18:00,18:00,Nudge Thu / 08:00,Booked Thu / 00:46
R-152-#8961,R-152,"Gym / Wed / 08:00
Gym (Top Pref)","Gym / Thu / 06:00
Nudge Wed / 18:08","Gym / Thu / 16:00
Booked Thu / 01:30",NO,2 of 4,2,Gym,Gym,Thu,Thu,06:00,16:00,Nudge Wed / 18:08,Booked Thu / 01:30
R-167-#8962,R-167,"Gym / Wed / 06:00
Gym (Top Pref)","Gym / Thu / 06:00
Nudge Wed / 18:38","Clubhouse / Thu / 06:00
Booked Thu / 01:40",NO,2 of 4,2,Gym,Clubhouse,Thu,Thu,06:00,06:00,Nudge Wed / 18:38,Booked Thu / 01:40
R-173-#8963,R-173,"Badminton Court / Mon / 19:00
Badminton Court (Top Pref)","Badminton Court / Thu / 18:00
Nudge Wed / 15:30","Badminton Court / Thu / 20:00
Booked Thu / 02:00",NO,2 of 4,2,Badminton Court,Badminton Court,Thu,Thu,18:00,20:00,Nudge Wed / 15:30,Booked Thu / 02:00
R-146-#8964,R-146,"Badminton Court / Tue / 07:00
Tennis Court (Top Pref)","Tennis Court / Sat / 07:00
Nudge Thu / 16:31","Tennis Court / Sat / 11:00
Booked Thu / 02:38",NO,2 of 4,2,Tennis Court,Tennis Court,Sat,Sat,07:00,11:00,Nudge Thu / 16:31,Booked Thu / 02:38
R-215-#8965,R-215,"Gym / Wed / 19:00
Badminton Court (Top Pref)","Gym / Thu / 11:00
Nudge Wed / 23:51","Swimming Pool / Thu / 11:00
Booked Thu / 02:53",NO,2 of 4,2,Gym,Swimming Pool,Thu,Thu,11:00,11:00,Nudge Wed / 23:51,Booked Thu / 02:53
R-180-#8966,R-180,"Badminton Court / Thu / 19:00
Badminton Court (Top Pref)","Badminton Court / Fri / 18:00
Nudge Thu / 08:33","Badminton Court / Fri / 08:00
Booked Thu / 04:32",NO,2 of 4,2,Badminton Court,Badminton Court,Fri,Fri,18:00,08:00,Nudge Thu / 08:33,Booked Thu / 04:32
R-132-#8967,R-132,"Gym / Thu / 07:00
Tennis Court (Top Pref)","Tennis Court / Sat / 07:00
Nudge Thu / 15:08","Tennis Court / Sat / 11:00
Booked Thu / 04:50",NO,2 of 4,2,Tennis Court,Tennis Court,Sat,Sat,07:00,11:00,Nudge Thu / 15:08,Booked Thu / 04:50
R-207-#8968,R-207,"Gym / Wed / 20:00
Badminton Court (Top Pref)","Badminton Court / Thu / 19:00
Nudge Wed / 19:10","Badminton Court / Thu / 20:00
Booked Thu / 05:28",NO,3 of 4,3,Badminton Court,Badminton Court,Thu,Thu,19:00,20:00,Nudge Wed / 19:10,Booked Thu / 05:28
R-183-#8969,R-183,"Tennis Court / Thu / 18:00
Badminton Court (Top Pref)","Badminton Court / Fri / 18:00
Nudge Thu / 11:10","Badminton Court / Fri / 06:00
Booked Thu / 05:54",NO,2 of 4,2,Badminton Court,Badminton Court,Fri,Fri,18:00,06:00,Nudge Thu / 11:10,Booked Thu / 05:54
R-187-#8970,R-187,"Swimming Pool / Tue / 19:00
Swimming Pool (Top Pref)","Swimming Pool / Wed / 19:00
Nudge Wed / 07:10","Gym / Thu / 19:00
Booked Thu / 06:09",NO,1 of 4,1,Swimming Pool,Gym,Wed,Thu,19:00,19:00,Nudge Wed / 07:10,Booked Thu / 06:09
R-174-#8971,R-174,"Gym / Wed / 07:00
Gym (Top Pref)","Gym / Fri / 08:00
Nudge Thu / 20:02","Gym / Thu / 20:00
Booked Thu / 06:23",NO,1 of 4,1,Gym,Gym,Fri,Thu,08:00,20:00,Nudge Thu / 20:02,Booked Thu / 06:23
R-130-#8972,R-130,"Tennis Court / Sat / 17:00
Tennis Court (Top Pref)","Tennis Court / Sat / 17:00
Nudge Fri / 02:45","Tennis Court / Sat / 18:00
Booked Thu / 07:17",NO,3 of 4,3,Tennis Court,Tennis Court,Sat,Sat,17:00,18:00,Nudge Fri / 02:45,Booked Thu / 07:17
R-218-#8973,R-218,"Badminton Court / Wed / 07:00
Gym (Top Pref)","Gym / Thu / 07:00
Nudge Wed / 19:23","Tennis Court / Thu / 19:00
Booked Thu / 07:31",NO,1 of 4,1,Gym,Tennis Court,Thu,Thu,07:00,19:00,Nudge Wed / 19:23,Booked Thu / 07:31
R-213-#8974,R-213,"Badminton Court / Thu / 19:00
Badminton Court (Top Pref)","Badminton Court / Fri / 18:00
Nudge Thu / 09:30","Badminton Court / Fri / 19:00
Booked Thu / 07:44",YES,4 of 4,4,Badminton Court,Badminton Court,Fri,Fri,18:00,19:00,Nudge Thu / 09:30,Booked Thu / 07:44
R-165-#8975,R-165,"Badminton Court / Thu / 19:00
Badminton Court (Top Pref)","Badminton Court / Fri / 19:00
Nudge Thu / 11:32","Badminton Court / Fri / 16:00
Booked Thu / 08:10",NO,2 of 4,2,Badminton Court,Badminton Court,Fri,Fri,19:00,16:00,Nudge Thu / 11:32,Booked Thu / 08:10
R-173-#8976,R-173,"Badminton Court / Thu / 20:00
Badminton Court (Top Pref)","Badminton Court / Fri / 18:00
Nudge Thu / 05:50","Badminton Court / Fri / 19:00
Booked Thu / 08:16",YES,4 of 4,4,Badminton Court,Badminton Court,Fri,Fri,18:00,19:00,Nudge Thu / 05:50,Booked Thu / 08:16
R-136-#8977,R-136,"Badminton Court / Thu / 20:00
Badminton Court (Top Pref)","Badminton Court / Fri / 20:00
Nudge Thu / 15:21","Badminton Court / Fri / 11:00
Booked Thu / 08:27",NO,2 of 4,2,Badminton Court,Badminton Court,Fri,Fri,20:00,11:00,Nudge Thu / 15:21,Booked Thu / 08:27
R-120-#8978,R-120,"Badminton Court / Thu / 19:00
Badminton Court (Top Pref)","Badminton Court / Fri / 18:00
Nudge Thu / 07:31","Clubhouse / Fri / 18:00
Booked Thu / 08:45",NO,3 of 4,3,Badminton Court,Clubhouse,Fri,Fri,18:00,18:00,Nudge Thu / 07:31,Booked Thu / 08:45
R-179-#8979,R-179,"Clubhouse / Sun / 14:00
Swimming Pool (Top Pref)","Swimming Pool / Sat / 17:00
Nudge Sat / 11:20","Badminton Court / Thu / 17:00
Booked Thu / 09:45",NO,1 of 4,1,Swimming Pool,Badminton Court,Sat,Thu,17:00,17:00,Nudge Sat / 11:20,Booked Thu / 09:45
R-111-#8980,R-111,"Tennis Court / Wed / 11:00
Gym (Top Pref)","Gym / Thu / 19:00
Nudge Thu / 07:28","Clubhouse / Thu / 19:00
Booked Thu / 10:09",NO,2 of 4,2,Gym,Clubhouse,Thu,Thu,19:00,19:00,Nudge Thu / 07:28,Booked Thu / 10:09
R-188-#8981,R-188,"Gym / Tue / 08:00
Swimming Pool (Top Pref)","Swimming Pool / Fri / 17:00
Nudge Fri / 03:47","Swimming Pool / Thu / 21:00
Booked Thu / 10:10",NO,1 of 4,1,Swimming Pool,Swimming Pool,Fri,Thu,17:00,21:00,Nudge Fri / 03:47,Booked Thu / 10:10
R-156-#8982,R-156,"Gym / Wed / 06:00
Gym (Top Pref)","Gym / Thu / 07:00
Nudge Wed / 16:34","Gym / Fri / 07:00
Booked Thu / 10:55",NO,2 of 4,2,Gym,Gym,Thu,Fri,07:00,07:00,Nudge Wed / 16:34,Booked Thu / 10:55
R-159-#8983,R-159,"Clubhouse / Wed / 15:00
Clubhouse (Top Pref)","Clubhouse / Fri / 19:00
Nudge Thu / 22:17","Clubhouse / Fri / 15:00
Booked Thu / 10:56",NO,2 of 4,2,Clubhouse,Clubhouse,Fri,Fri,19:00,15:00,Nudge Thu / 22:17,Booked Thu / 10:56
R-105-#8984,R-105,"Badminton Court / Wed / 18:00
Badminton Court (Top Pref)","Badminton Court / Fri / 20:00
Nudge Thu / 19:51","Swimming Pool / Fri / 19:00
Booked Thu / 11:08",NO,2 of 4,2,Badminton Court,Swimming Pool,Fri,Fri,20:00,19:00,Nudge Thu / 19:51,Booked Thu / 11:08
R-174-#8985,R-174,"Gym / Thu / 20:00
Gym (Top Pref)","Gym / Fri / 07:00
Nudge Thu / 14:52","Tennis Court / Fri / 08:00
Booked Thu / 11:20",NO,2 of 4,2,Gym,Tennis Court,Fri,Fri,07:00,08:00,Nudge Thu / 14:52,Booked Thu / 11:20
R-175-#8986,R-175,"Tennis Court / Thu / 18:00
Tennis Court (Top Pref)","Tennis Court / Sat / 18:00
Nudge Thu / 21:58","Tennis Court / Sat / 18:00
Booked Thu / 11:59",NO,3 of 4,3,Tennis Court,Tennis Court,Sat,Sat,18:00,18:00,Nudge Thu / 21:58,Booked Thu / 11:59
R-109-#8987,R-109,"Gym / Thu / 07:00
Gym (Top Pref)","Gym / Fri / 06:00
Nudge Thu / 12:03","Gym / Fri / 07:00
Booked Thu / 12:05",YES,4 of 4,4,Gym,Gym,Fri,Fri,06:00,07:00,Nudge Thu / 12:03,Booked Thu / 12:05
R-147-#8988,R-147,"Badminton Court / Thu / 08:00
Gym (Top Pref)","Gym / Fri / 06:00
Nudge Thu / 11:51","Swimming Pool / Fri / 08:00
Booked Thu / 12:07",NO,2 of 4,2,Gym,Swimming Pool,Fri,Fri,06:00,08:00,Nudge Thu / 11:51,Booked Thu / 12:07
R-214-#8989,R-214,"Clubhouse / Fri / 19:00
Clubhouse (Top Pref)","Clubhouse / Fri / 19:00
Nudge Thu / 22:58","Clubhouse / Fri / 15:00
Booked Thu / 12:37",NO,2 of 4,2,Clubhouse,Clubhouse,Fri,Fri,19:00,15:00,Nudge Thu / 22:58,Booked Thu / 12:37
R-189-#8990,R-189,"Gym / Thu / 06:00
Gym (Top Pref)","Gym / Fri / 06:00
Nudge Thu / 13:46","Gym / Fri / 06:00
Booked Thu / 12:38",YES,4 of 4,4,Gym,Gym,Fri,Fri,06:00,06:00,Nudge Thu / 13:46,Booked Thu / 12:38
R-137-#8991,R-137,"Clubhouse / Wed / 17:00
Swimming Pool (Top Pref)","Gym / Thu / 17:00
Nudge Thu / 03:17","Tennis Court / Thu / 19:00
Booked Thu / 12:46",NO,1 of 4,1,Gym,Tennis Court,Thu,Thu,17:00,19:00,Nudge Thu / 03:17,Booked Thu / 12:46
R-143-#8992,R-143,"Swimming Pool / Sat / 15:00
Swimming Pool (Top Pref)","Swimming Pool / Sat / 15:00
Nudge Sat / 09:45","Clubhouse / Thu / 17:00
Booked Thu / 12:57",NO,0 of 4,0,Swimming Pool,Clubhouse,Sat,Thu,15:00,17:00,Nudge Sat / 09:45,Booked Thu / 12:57
R-116-#8993,R-116,"Swimming Pool / Thu / 06:00
Gym (Top Pref)","Gym / Fri / 08:00
Nudge Thu / 15:31","Gym / Fri / 07:00
Booked Thu / 13:15",YES,4 of 4,4,Gym,Gym,Fri,Fri,08:00,07:00,Nudge Thu / 15:31,Booked Thu / 13:15
R-157-#8994,R-157,"Tennis Court / Mon / 18:00
Tennis Court (Top Pref)","Tennis Court / Sat / 18:00
Nudge Fri / 06:40","Tennis Court / Sat / 07:00
Booked Thu / 13:33",NO,2 of 4,2,Tennis Court,Tennis Court,Sat,Sat,18:00,07:00,Nudge Fri / 06:40,Booked Thu / 13:33
R-170-#8995,R-170,"Badminton Court / Thu / 19:00
Badminton Court (Top Pref)","Badminton Court / Fri / 18:00
Nudge Thu / 11:48","Badminton Court / Fri / 16:00
Booked Thu / 14:10",NO,3 of 4,3,Badminton Court,Badminton Court,Fri,Fri,18:00,16:00,Nudge Thu / 11:48,Booked Thu / 14:10
R-124-#8996,R-124,"Clubhouse / Fri / 15:00
Clubhouse (Top Pref)","Clubhouse / Fri / 20:00
Nudge Thu / 23:22","Clubhouse / Fri / 19:00
Booked Thu / 14:45",NO,3 of 4,3,Clubhouse,Clubhouse,Fri,Fri,20:00,19:00,Nudge Thu / 23:22,Booked Thu / 14:45
R-118-#8997,R-118,"Gym / Thu / 07:00
Gym (Top Pref)","Gym / Fri / 06:00
Nudge Thu / 17:18","Gym / Fri / 08:00
Booked Thu / 14:59",NO,3 of 4,3,Gym,Gym,Fri,Fri,06:00,08:00,Nudge Thu / 17:18,Booked Thu / 14:59
R-117-#8998,R-117,"Badminton Court / Thu / 08:00
Gym (Top Pref)","Gym / Fri / 07:00
Nudge Thu / 15:15","Badminton Court / Fri / 08:00
Booked Thu / 15:05",NO,3 of 4,3,Gym,Badminton Court,Fri,Fri,07:00,08:00,Nudge Thu / 15:15,Booked Thu / 15:05
R-212-#8999,R-212,"Gym / Thu / 08:00
Gym (Top Pref)","Gym / Fri / 08:00
Nudge Thu / 17:49","Swimming Pool / Fri / 07:00
Booked Thu / 15:53",NO,3 of 4,3,Gym,Swimming Pool,Fri,Fri,08:00,07:00,Nudge Thu / 17:49,Booked Thu / 15:53
R-107-#9000,R-107,"Clubhouse / Thu / 11:00
Badminton Court (Top Pref)","Badminton Court / Fri / 18:00
Nudge Thu / 17:08","Badminton Court / Fri / 18:00
Booked Thu / 16:01",YES,4 of 4,4,Badminton Court,Badminton Court,Fri,Fri,18:00,18:00,Nudge Thu / 17:08,Booked Thu / 16:01
R-152-#9001,R-152,"Gym / Thu / 16:00
Gym (Top Pref)","Gym / Fri / 06:00
Nudge Thu / 15:32","Gym / Fri / 06:00
Booked Thu / 16:03",YES,4 of 4,4,Gym,Gym,Fri,Fri,06:00,06:00,Nudge Thu / 15:32,Booked Thu / 16:03
R-106-#9002,R-106,"Gym / Thu / 07:00
Badminton Court (Top Pref)","Badminton Court / Fri / 18:00
Nudge Thu / 14:28","Gym / Fri / 18:00
Booked Thu / 16:22",NO,3 of 4,3,Badminton Court,Gym,Fri,Fri,18:00,18:00,Nudge Thu / 14:28,Booked Thu / 16:22
R-131-#9003,R-131,"Badminton Court / Thu / 18:00
Badminton Court (Top Pref)","Badminton Court / Fri / 20:00
Nudge Thu / 19:10","Tennis Court / Fri / 18:00
Booked Thu / 16:49",NO,2 of 4,2,Badminton Court,Tennis Court,Fri,Fri,20:00,18:00,Nudge Thu / 19:10,Booked Thu / 16:49
R-168-#9004,R-168,"Gym / Thu / 06:00
Gym (Top Pref)","Gym / Fri / 06:00
Nudge Thu / 13:55","Tennis Court / Fri / 06:00
Booked Thu / 16:57",NO,2 of 4,2,Gym,Tennis Court,Fri,Fri,06:00,06:00,Nudge Thu / 13:55,Booked Thu / 16:57
R-172-#9005,R-172,"Tennis Court / Thu / 06:00
Gym (Top Pref)","Gym / Fri / 06:00
Nudge Thu / 17:39","Gym / Fri / 08:00
Booked Thu / 17:04",NO,3 of 4,3,Gym,Gym,Fri,Fri,06:00,08:00,Nudge Thu / 17:39,Booked Thu / 17:04
R-113-#9006,R-113,"Gym / Thu / 06:00
Gym (Top Pref)","Gym / Fri / 06:00
Nudge Thu / 14:50","Gym / Fri / 08:00
Booked Thu / 17:21",NO,2 of 4,2,Gym,Gym,Fri,Fri,06:00,08:00,Nudge Thu / 14:50,Booked Thu / 17:21
R-142-#9007,R-142,"Badminton Court / Thu / 10:00
Badminton Court (Top Pref)","Badminton Court / Fri / 18:00
Nudge Thu / 17:55","Clubhouse / Fri / 19:00
Booked Thu / 17:39",NO,3 of 4,3,Badminton Court,Clubhouse,Fri,Fri,18:00,19:00,Nudge Thu / 17:55,Booked Thu / 17:39
R-121-#9008,R-121,"Clubhouse / Sat / 14:00
Clubhouse (Top Pref)","Clubhouse / Fri / 20:00
Nudge Fri / 00:02","Swimming Pool / Fri / 18:00
Booked Thu / 17:48",NO,1 of 4,1,Clubhouse,Swimming Pool,Fri,Fri,20:00,18:00,Nudge Fri / 00:02,Booked Thu / 17:48
R-158-#9009,R-158,"Gym / Thu / 08:00
Gym (Top Pref)","Gym / Fri / 06:00
Nudge Thu / 13:38","Swimming Pool / Fri / 08:00
Booked Thu / 18:15",NO,1 of 4,1,Gym,Swimming Pool,Fri,Fri,06:00,08:00,Nudge Thu / 13:38,Booked Thu / 18:15
R-188-#9010,R-188,"Swimming Pool / Thu / 21:00
Swimming Pool (Top Pref)","Swimming Pool / Sat / 07:00
Nudge Fri / 15:45","Badminton Court / Fri / 07:00
Booked Thu / 18:30",NO,1 of 4,1,Swimming Pool,Badminton Court,Sat,Fri,07:00,07:00,Nudge Fri / 15:45,Booked Thu / 18:30
R-145-#9011,R-145,"Swimming Pool / Thu / 07:00
Gym (Top Pref)","Gym / Fri / 06:00
Nudge Thu / 17:48","Gym / Fri / 08:00
Booked Thu / 18:35",NO,3 of 4,3,Gym,Gym,Fri,Fri,06:00,08:00,Nudge Thu / 17:48,Booked Thu / 18:35
R-206-#9012,R-206,"Gym / Thu / 07:00
Gym (Top Pref)","Gym / Fri / 07:00
Nudge Thu / 16:19","Swimming Pool / Fri / 07:00
Booked Thu / 19:11",NO,2 of 4,2,Gym,Swimming Pool,Fri,Fri,07:00,07:00,Nudge Thu / 16:19,Booked Thu / 19:11
R-119-#9013,R-119,"Swimming Pool / Thu / 19:00
Badminton Court (Top Pref)","Badminton Court / Fri / 20:00
Nudge Thu / 18:33","Gym / Fri / 20:00
Booked Thu / 19:29",NO,3 of 4,3,Badminton Court,Gym,Fri,Fri,20:00,20:00,Nudge Thu / 18:33,Booked Thu / 19:29
R-210-#9014,R-210,"Tennis Court / Thu / 18:00
Tennis Court (Top Pref)","Tennis Court / Sat / 07:00
Nudge Thu / 09:38","Badminton Court / Sat / 08:00
Booked Thu / 19:49",NO,2 of 4,2,Tennis Court,Badminton Court,Sat,Sat,07:00,08:00,Nudge Thu / 09:38,Booked Thu / 19:49
R-186-#9015,R-186,"Badminton Court / Wed / 15:00
Swimming Pool (Top Pref)","Gym / Thu / 17:00
Nudge Thu / 03:26","Clubhouse / Fri / 08:00
Booked Thu / 20:13",NO,0 of 4,0,Gym,Clubhouse,Thu,Fri,17:00,08:00,Nudge Thu / 03:26,Booked Thu / 20:13
R-202-#9016,R-202,"Gym / Sun / 14:00
Clubhouse (Top Pref)","Clubhouse / Fri / 15:00
Nudge Thu / 19:25","Swimming Pool / Fri / 20:00
Booked Thu / 20:15",NO,2 of 4,2,Clubhouse,Swimming Pool,Fri,Fri,15:00,20:00,Nudge Thu / 19:25,Booked Thu / 20:15
R-208-#9017,R-208,"Swimming Pool / Thu / 07:00
Gym (Top Pref)","Gym / Fri / 07:00
Nudge Thu / 16:49","Gym / Fri / 08:00
Booked Thu / 20:28",NO,3 of 4,3,Gym,Gym,Fri,Fri,07:00,08:00,Nudge Thu / 16:49,Booked Thu / 20:28
R-144-#9018,R-144,"Swimming Pool / Thu / 08:00
Gym (Top Pref)","Gym / Fri / 07:00
Nudge Thu / 19:03","Swimming Pool / Fri / 06:00
Booked Thu / 20:40",NO,3 of 4,3,Gym,Swimming Pool,Fri,Fri,07:00,06:00,Nudge Thu / 19:03,Booked Thu / 20:40
R-101-#9019,R-101,"Gym / Thu / 07:00
Gym (Top Pref)","Gym / Fri / 08:00
Nudge Thu / 20:28","Gym / Fri / 07:00
Booked Thu / 21:13",YES,4 of 4,4,Gym,Gym,Fri,Fri,08:00,07:00,Nudge Thu / 20:28,Booked Thu / 21:13
R-128-#9020,R-128,"Badminton Court / Sun / 11:00
Swimming Pool (Top Pref)","Badminton Court / Fri / 17:00
Nudge Fri / 02:37","Clubhouse / Fri / 08:00
Booked Thu / 21:50",NO,1 of 4,1,Badminton Court,Clubhouse,Fri,Fri,17:00,08:00,Nudge Fri / 02:37,Booked Thu / 21:50
R-102-#9021,R-102,"Gym / Thu / 08:00
Gym (Top Pref)","Gym / Fri / 07:00
Nudge Thu / 18:43","Gym / Fri / 08:00
Booked Thu / 22:02",NO,3 of 4,3,Gym,Gym,Fri,Fri,07:00,08:00,Nudge Thu / 18:43,Booked Thu / 22:02
R-122-#9022,R-122,"Clubhouse / Fri / 19:00
Clubhouse (Top Pref)","Clubhouse / Sat / 20:00
Nudge Sat / 00:05","Gym / Fri / 19:00
Booked Thu / 22:49",NO,1 of 4,1,Clubhouse,Gym,Sat,Fri,20:00,19:00,Nudge Sat / 00:05,Booked Thu / 22:49
R-154-#9023,R-154,"Tennis Court / Sun / 07:00
Tennis Court (Top Pref)","Tennis Court / Sat / 07:00
Nudge Thu / 15:20","Clubhouse / Sat / 08:00
Booked Thu / 23:47",NO,2 of 4,2,Tennis Court,Clubhouse,Sat,Sat,07:00,08:00,Nudge Thu / 15:20,Booked Thu / 23:47
R-195-#9024,R-195,"Badminton Court / Thu / 19:00
Badminton Court (Top Pref)","Badminton Court / Fri / 18:00
Nudge Thu / 18:23","Badminton Court / Fri / 19:00
Booked Thu / 23:49",NO,3 of 4,3,Badminton Court,Badminton Court,Fri,Fri,18:00,19:00,Nudge Thu / 18:23,Booked Thu / 23:49
R-162-#9025,R-162,"Badminton Court / Sun / 19:00
Clubhouse (Top Pref)","Clubhouse / Fri / 19:00
Nudge Thu / 22:54","Clubhouse / Fri / 14:00
Booked Fri / 00:17",NO,3 of 4,3,Clubhouse,Clubhouse,Fri,Fri,19:00,14:00,Nudge Thu / 22:54,Booked Fri / 00:17
R-135-#9026,R-135,"Tennis Court / Thu / 06:00
Gym (Top Pref)","Gym / Fri / 08:00
Nudge Thu / 20:01","Swimming Pool / Fri / 08:00
Booked Fri / 00:33",NO,2 of 4,2,Gym,Swimming Pool,Fri,Fri,08:00,08:00,Nudge Thu / 20:01,Booked Fri / 00:33
R-200-#9027,R-200,"Tennis Court / Mon / 19:00
Gym (Top Pref)","Gym / Wed / 19:00
Nudge Wed / 07:27","Gym / Fri / 11:00
Booked Fri / 01:02",NO,1 of 4,1,Gym,Gym,Wed,Fri,19:00,11:00,Nudge Wed / 07:27,Booked Fri / 01:02
R-217-#9028,R-217,"Tennis Court / Thu / 10:00
Badminton Court (Top Pref)","Badminton Court / Fri / 18:00
Nudge Thu / 16:50","Tennis Court / Fri / 18:00
Booked Fri / 01:26",NO,2 of 4,2,Badminton Court,Tennis Court,Fri,Fri,18:00,18:00,Nudge Thu / 16:50,Booked Fri / 01:26
R-108-#9029,R-108,"Swimming Pool / Wed / 17:00
Badminton Court (Top Pref)","Swimming Pool / Fri / 19:00
Nudge Fri / 07:31","Gym / Fri / 11:00
Booked Fri / 01:30",NO,1 of 4,1,Swimming Pool,Gym,Fri,Fri,19:00,11:00,Nudge Fri / 07:31,Booked Fri / 01:30
R-184-#9030,R-184,"Gym / Tue / 19:00
Gym (Top Pref)","Swimming Pool / Sat / 19:00
Nudge Sat / 05:11","Gym / Fri / 07:00
Booked Fri / 01:31",NO,0 of 4,0,Swimming Pool,Gym,Sat,Fri,19:00,07:00,Nudge Sat / 05:11,Booked Fri / 01:31
R-150-#9031,R-150,"Clubhouse / Sun / 14:00
Clubhouse (Top Pref)","Clubhouse / Fri / 15:00
Nudge Thu / 19:15","Badminton Court / Fri / 14:00
Booked Fri / 01:33",NO,2 of 4,2,Clubhouse,Badminton Court,Fri,Fri,15:00,14:00,Nudge Thu / 19:15,Booked Fri / 01:33
R-137-#9032,R-137,"Tennis Court / Thu / 19:00
Swimming Pool (Top Pref)","Gym / Fri / 07:00
Nudge Thu / 17:31","Swimming Pool / Fri / 16:00
Booked Fri / 02:08",NO,1 of 4,1,Gym,Swimming Pool,Fri,Fri,07:00,16:00,Nudge Thu / 17:31,Booked Fri / 02:08
R-167-#9033,R-167,"Clubhouse / Thu / 06:00
Gym (Top Pref)","Gym / Fri / 07:00
Nudge Thu / 17:59","Gym / Fri / 19:00
Booked Fri / 04:33",NO,2 of 4,2,Gym,Gym,Fri,Fri,07:00,19:00,Nudge Thu / 17:59,Booked Fri / 04:33
R-205-#9034,R-205,"Swimming Pool / Wed / 11:00
Swimming Pool (Top Pref)","Swimming Pool / Sat / 17:00
Nudge Sat / 11:19","Gym / Fri / 11:00
Booked Fri / 06:04",NO,0 of 4,0,Swimming Pool,Gym,Sat,Fri,17:00,11:00,Nudge Sat / 11:19,Booked Fri / 06:04
R-133-#9035,R-133,"Clubhouse / Fri / 06:00
Clubhouse (Top Pref)","Clubhouse / Sat / 14:00
Nudge Fri / 19:30","Clubhouse / Sat / 08:00
Booked Fri / 06:05",NO,2 of 4,2,Clubhouse,Clubhouse,Sat,Sat,14:00,08:00,Nudge Fri / 19:30,Booked Fri / 06:05
R-175-#9036,R-175,"Tennis Court / Sat / 18:00
Tennis Court (Top Pref)","Tennis Court / Sun / 18:00
Nudge Fri / 23:33","Tennis Court / Sun / 08:00
Booked Fri / 06:48",NO,2 of 4,2,Tennis Court,Tennis Court,Sun,Sun,18:00,08:00,Nudge Fri / 23:33,Booked Fri / 06:48
R-215-#9037,R-215,"Swimming Pool / Thu / 11:00
Badminton Court (Top Pref)","Gym / Fri / 17:00
Nudge Fri / 03:24","Clubhouse / Fri / 19:00
Booked Fri / 07:36",NO,1 of 4,1,Gym,Clubhouse,Fri,Fri,17:00,19:00,Nudge Fri / 03:24,Booked Fri / 07:36
R-219-#9038,R-219,"Badminton Court / Thu / 07:00
Tennis Court (Top Pref)","Tennis Court / Sat / 08:00
Nudge Thu / 14:03","Tennis Court / Sat / 17:00
Booked Fri / 07:38",NO,2 of 4,2,Tennis Court,Tennis Court,Sat,Sat,08:00,17:00,Nudge Thu / 14:03,Booked Fri / 07:38
R-185-#9039,R-185,"Tennis Court / Wed / 10:00
Swimming Pool (Top Pref)","Swimming Pool / Sat / 16:00
Nudge Sat / 10:23","Swimming Pool / Fri / 14:00
Booked Fri / 07:56",NO,1 of 4,1,Swimming Pool,Swimming Pool,Sat,Fri,16:00,14:00,Nudge Sat / 10:23,Booked Fri / 07:56
R-198-#9040,R-198,"Gym / Thu / 17:00
Tennis Court (Top Pref)","Tennis Court / Sat / 18:00
Nudge Fri / 02:23","Tennis Court / Sat / 08:00
Booked Fri / 08:14",NO,2 of 4,2,Tennis Court,Tennis Court,Sat,Sat,18:00,08:00,Nudge Fri / 02:23,Booked Fri / 08:14
R-115-#9041,R-115,"Swimming Pool / Thu / 08:00
Tennis Court (Top Pref)","Tennis Court / Sat / 07:00
Nudge Thu / 15:51","Tennis Court / Sat / 08:00
Booked Fri / 08:16",NO,3 of 4,3,Tennis Court,Tennis Court,Sat,Sat,07:00,08:00,Nudge Thu / 15:51,Booked Fri / 08:16
R-105-#9042,R-105,"Swimming Pool / Fri / 19:00
Badminton Court (Top Pref)","Badminton Court / Sat / 19:00
Nudge Fri / 15:12","Badminton Court / Sat / 18:00
Booked Fri / 09:48",NO,3 of 4,3,Badminton Court,Badminton Court,Sat,Sat,19:00,18:00,Nudge Fri / 15:12,Booked Fri / 09:48
R-207-#9043,R-207,"Badminton Court / Thu / 20:00
Badminton Court (Top Pref)","Badminton Court / Fri / 19:00
Nudge Thu / 15:47","Badminton Court / Sat / 19:00
Booked Fri / 10:32",NO,2 of 4,2,Badminton Court,Badminton Court,Fri,Sat,19:00,19:00,Nudge Thu / 15:47,Booked Fri / 10:32
R-149-#9044,R-149,"Swimming Pool / Sun / 16:00
Swimming Pool (Top Pref)","Swimming Pool / Sat / 15:00
Nudge Sat / 09:47","Swimming Pool / Fri / 16:00
Booked Fri / 11:52",NO,2 of 4,2,Swimming Pool,Swimming Pool,Sat,Fri,15:00,16:00,Nudge Sat / 09:47,Booked Fri / 11:52
R-103-#9045,R-103,"Tennis Court / Tue / 16:00
Swimming Pool (Top Pref)","Gym / Fri / 17:00
Nudge Fri / 03:22","Badminton Court / Fri / 17:00
Booked Fri / 12:11",NO,2 of 4,2,Gym,Badminton Court,Fri,Fri,17:00,17:00,Nudge Fri / 03:22,Booked Fri / 12:11
R-217-#9046,R-217,"Tennis Court / Fri / 18:00
Badminton Court (Top Pref)","Badminton Court / Fri / 18:00
Nudge Thu / 08:29","Badminton Court / Sat / 20:00
Booked Fri / 12:35",NO,1 of 4,1,Badminton Court,Badminton Court,Fri,Sat,18:00,20:00,Nudge Thu / 08:29,Booked Fri / 12:35
R-187-#9047,R-187,"Gym / Thu / 19:00
Gym (Top Pref)","Swimming Pool / Fri / 19:00
Nudge Fri / 07:13","Badminton Court / Fri / 21:00
Booked Fri / 12:53",NO,1 of 4,1,Swimming Pool,Badminton Court,Fri,Fri,19:00,21:00,Nudge Fri / 07:13,Booked Fri / 12:53
R-123-#9048,R-123,"Gym / Wed / 07:00
Gym (Top Pref)","Gym / Fri / 08:00
Nudge Thu / 18:51","Swimming Pool / Fri / 21:00
Booked Fri / 13:32",NO,1 of 4,1,Gym,Swimming Pool,Fri,Fri,08:00,21:00,Nudge Thu / 18:51,Booked Fri / 13:32
R-140-#9049,R-140,"Swimming Pool / Sun / 15:00
Swimming Pool (Top Pref)","Swimming Pool / Sat / 16:00
Nudge Sat / 09:57","Swimming Pool / Fri / 17:00
Booked Fri / 14:05",NO,2 of 4,2,Swimming Pool,Swimming Pool,Sat,Fri,16:00,17:00,Nudge Sat / 09:57,Booked Fri / 14:05
R-155-#9050,R-155,"Clubhouse / Tue / 14:00
Clubhouse (Top Pref)","Clubhouse / Fri / 19:00
Nudge Thu / 21:00","Badminton Court / Sat / 19:00
Booked Fri / 14:12",NO,1 of 4,1,Clubhouse,Badminton Court,Fri,Sat,19:00,19:00,Nudge Thu / 21:00,Booked Fri / 14:12
R-158-#9051,R-158,"Swimming Pool / Fri / 08:00
Gym (Top Pref)","Gym / Fri / 08:00
Nudge Thu / 16:24","Swimming Pool / Sat / 07:00
Booked Fri / 14:21",NO,1 of 4,1,Gym,Swimming Pool,Fri,Sat,08:00,07:00,Nudge Thu / 16:24,Booked Fri / 14:21
R-136-#9052,R-136,"Badminton Court / Fri / 11:00
Badminton Court (Top Pref)","Badminton Court / Sat / 20:00
Nudge Fri / 15:10","Swimming Pool / Sat / 18:00
Booked Fri / 15:48",NO,2 of 4,2,Badminton Court,Swimming Pool,Sat,Sat,20:00,18:00,Nudge Fri / 15:10,Booked Fri / 15:48
R-169-#9053,R-169,"Clubhouse / Thu / 08:00
Badminton Court (Top Pref)","Gym / Sat / 17:00
Nudge Sat / 05:21","Gym / Sat / 08:00
Booked Fri / 15:58",NO,2 of 4,2,Gym,Gym,Sat,Sat,17:00,08:00,Nudge Sat / 05:21,Booked Fri / 15:58
R-156-#9054,R-156,"Gym / Fri / 07:00
Gym (Top Pref)","Gym / Fri / 06:00
Nudge Thu / 17:47","Gym / Sat / 07:00
Booked Fri / 16:05",NO,2 of 4,2,Gym,Gym,Fri,Sat,06:00,07:00,Nudge Thu / 17:47,Booked Fri / 16:05
R-206-#9055,R-206,"Swimming Pool / Fri / 07:00
Gym (Top Pref)","Gym / Fri / 07:00
Nudge Thu / 15:16","Badminton Court / Sat / 07:00
Booked Fri / 16:06",NO,1 of 4,1,Gym,Badminton Court,Fri,Sat,07:00,07:00,Nudge Thu / 15:16,Booked Fri / 16:06
R-101-#9056,R-101,"Gym / Fri / 07:00
Gym (Top Pref)","Gym / Sat / 06:00
Nudge Fri / 13:50","Gym / Sat / 09:00
Booked Fri / 17:07",NO,2 of 4,2,Gym,Gym,Sat,Sat,06:00,09:00,Nudge Fri / 13:50,Booked Fri / 17:07
R-145-#9057,R-145,"Gym / Fri / 08:00
Gym (Top Pref)","Gym / Sat / 06:00
Nudge Fri / 16:29","Gym / Sat / 06:00
Booked Fri / 17:38",YES,4 of 4,4,Gym,Gym,Sat,Sat,06:00,06:00,Nudge Fri / 16:29,Booked Fri / 17:38
R-166-#9058,R-166,"Swimming Pool / Thu / 11:00
Gym (Top Pref)","Swimming Pool / Sat / 17:00
Nudge Sat / 02:52","Clubhouse / Sat / 07:00
Booked Fri / 17:58",NO,1 of 4,1,Swimming Pool,Clubhouse,Sat,Sat,17:00,07:00,Nudge Sat / 02:52,Booked Fri / 17:58
R-135-#9059,R-135,"Swimming Pool / Fri / 08:00
Gym (Top Pref)","Gym / Fri / 06:00
Nudge Thu / 13:39","Gym / Sat / 06:00
Booked Fri / 17:58",NO,2 of 4,2,Gym,Gym,Fri,Sat,06:00,06:00,Nudge Thu / 13:39,Booked Fri / 17:58
R-159-#9060,R-159,"Clubhouse / Fri / 15:00
Clubhouse (Top Pref)","Clubhouse / Sat / 20:00
Nudge Fri / 23:45","Clubhouse / Sat / 11:00
Booked Fri / 18:18",NO,2 of 4,2,Clubhouse,Clubhouse,Sat,Sat,20:00,11:00,Nudge Fri / 23:45,Booked Fri / 18:18
R-120-#9061,R-120,"Clubhouse / Fri / 18:00
Badminton Court (Top Pref)","Badminton Court / Sat / 18:00
Nudge Fri / 12:36","Swimming Pool / Sat / 15:00
Booked Fri / 18:49",NO,1 of 4,1,Badminton Court,Swimming Pool,Sat,Sat,18:00,15:00,Nudge Fri / 12:36,Booked Fri / 18:49
R-142-#9062,R-142,"Clubhouse / Fri / 19:00
Badminton Court (Top Pref)","Badminton Court / Sat / 18:00
Nudge Fri / 13:16","Gym / Sat / 18:00
Booked Fri / 18:57",NO,2 of 4,2,Badminton Court,Gym,Sat,Sat,18:00,18:00,Nudge Fri / 13:16,Booked Fri / 18:57
R-157-#9063,R-157,"Tennis Court / Sat / 07:00
Tennis Court (Top Pref)","Tennis Court / Sun / 18:00
Nudge Fri / 23:15","Gym / Sun / 18:00
Booked Fri / 19:00",NO,2 of 4,2,Tennis Court,Gym,Sun,Sun,18:00,18:00,Nudge Fri / 23:15,Booked Fri / 19:00
R-117-#9064,R-117,"Badminton Court / Fri / 08:00
Gym (Top Pref)","Gym / Fri / 07:00
Nudge Thu / 18:36","Gym / Sat / 08:00
Booked Fri / 19:12",NO,2 of 4,2,Gym,Gym,Fri,Sat,07:00,08:00,Nudge Thu / 18:36,Booked Fri / 19:12
R-141-#9065,R-141,"Badminton Court / Fri / 18:00
Badminton Court (Top Pref)","Badminton Court / Mon / 18:00
Nudge Sun / 12:33","Badminton Court / Sat / 19:00
Booked Fri / 19:17",NO,2 of 4,2,Badminton Court,Badminton Court,Mon,Sat,18:00,19:00,Nudge Sun / 12:33,Booked Fri / 19:17
R-187-#9066,R-187,"Badminton Court / Fri / 21:00
Gym (Top Pref)","Swimming Pool / Sat / 11:00
Nudge Fri / 18:37","Clubhouse / Sat / 07:00
Booked Fri / 19:39",NO,2 of 4,2,Swimming Pool,Clubhouse,Sat,Sat,11:00,07:00,Nudge Fri / 18:37,Booked Fri / 19:39
R-111-#9067,R-111,"Clubhouse / Thu / 19:00
Gym (Top Pref)","Gym / Fri / 19:00
Nudge Fri / 07:13","Tennis Court / Sat / 09:00
Booked Fri / 19:50",NO,0 of 4,0,Gym,Tennis Court,Fri,Sat,19:00,09:00,Nudge Fri / 07:13,Booked Fri / 19:50
R-121-#9068,R-121,"Swimming Pool / Fri / 18:00
Clubhouse (Top Pref)","Clubhouse / Sat / 18:00
Nudge Fri / 22:34","Clubhouse / Sat / 19:00
Booked Fri / 20:36",YES,4 of 4,4,Clubhouse,Clubhouse,Sat,Sat,18:00,19:00,Nudge Fri / 22:34,Booked Fri / 20:36
R-172-#9069,R-172,"Gym / Fri / 08:00
Gym (Top Pref)","Gym / Sat / 07:00
Nudge Fri / 18:48","Gym / Sat / 08:00
Booked Fri / 20:49",YES,4 of 4,4,Gym,Gym,Sat,Sat,07:00,08:00,Nudge Fri / 18:48,Booked Fri / 20:49
R-124-#9070,R-124,"Clubhouse / Fri / 19:00
Clubhouse (Top Pref)","Clubhouse / Sat / 20:00
Nudge Sat / 00:14","Clubhouse / Sat / 18:00
Booked Fri / 20:57",NO,2 of 4,2,Clubhouse,Clubhouse,Sat,Sat,20:00,18:00,Nudge Sat / 00:14,Booked Fri / 20:57
R-137-#9071,R-137,"Swimming Pool / Fri / 16:00
Swimming Pool (Top Pref)","Gym / Sun / 07:00
Nudge Sat / 18:38","Badminton Court / Sat / 07:00
Booked Fri / 21:19",NO,1 of 4,1,Gym,Badminton Court,Sun,Sat,07:00,07:00,Nudge Sat / 18:38,Booked Fri / 21:19
R-200-#9072,R-200,"Gym / Fri / 11:00
Gym (Top Pref)","Swimming Pool / Sat / 17:00
Nudge Sat / 03:35","Swimming Pool / Sat / 07:00
Booked Fri / 21:42",NO,2 of 4,2,Swimming Pool,Swimming Pool,Sat,Sat,17:00,07:00,Nudge Sat / 03:35,Booked Fri / 21:42
R-194-#9073,R-194,"Swimming Pool / Thu / 07:00
Gym (Top Pref)","Gym / Sat / 17:00
Nudge Sat / 03:29","Swimming Pool / Sat / 07:00
Booked Fri / 22:18",NO,1 of 4,1,Gym,Swimming Pool,Sat,Sat,17:00,07:00,Nudge Sat / 03:29,Booked Fri / 22:18
R-191-#9074,R-191,"Clubhouse / Thu / 08:00
Swimming Pool (Top Pref)","Swimming Pool / Sat / 17:00
Nudge Sat / 03:28","Badminton Court / Sat / 11:00
Booked Fri / 22:48",NO,1 of 4,1,Swimming Pool,Badminton Court,Sat,Sat,17:00,11:00,Nudge Sat / 03:28,Booked Fri / 22:48
R-184-#9075,R-184,"Gym / Fri / 07:00
Gym (Top Pref)","Swimming Pool / Sat / 07:00
Nudge Fri / 17:29","Clubhouse / Sat / 11:00
Booked Fri / 22:58",NO,1 of 4,1,Swimming Pool,Clubhouse,Sat,Sat,07:00,11:00,Nudge Fri / 17:29,Booked Fri / 22:58
R-161-#9076,R-161,"Gym / Mon / 12:00
Gym (Top Pref)","Gym / Wed / 17:00
Nudge Wed / 05:37","Swimming Pool / Sat / 08:00
Booked Fri / 23:08",NO,0 of 4,0,Gym,Swimming Pool,Wed,Sat,17:00,08:00,Nudge Wed / 05:37,Booked Fri / 23:08
R-214-#9077,R-214,"Clubhouse / Fri / 15:00
Clubhouse (Top Pref)","Clubhouse / Sat / 19:00
Nudge Sat / 00:04","Clubhouse / Sat / 20:00
Booked Sat / 00:21",YES,4 of 4,4,Clubhouse,Clubhouse,Sat,Sat,19:00,20:00,Nudge Sat / 00:04,Booked Sat / 00:21
R-132-#9078,R-132,"Tennis Court / Sat / 11:00
Tennis Court (Top Pref)","Tennis Court / Tue / 07:00
Nudge Sun / 15:43","Tennis Court / Sun / 10:00
Booked Sat / 01:18",NO,1 of 4,1,Tennis Court,Tennis Court,Tue,Sun,07:00,10:00,Nudge Sun / 15:43,Booked Sat / 01:18
R-112-#9079,R-112,"Clubhouse / Sat / 19:00
Clubhouse (Top Pref)","Clubhouse / Fri / 19:00
Nudge Thu / 23:22","Tennis Court / Sat / 20:00
Booked Sat / 01:43",NO,1 of 4,1,Clubhouse,Tennis Court,Fri,Sat,19:00,20:00,Nudge Thu / 23:22,Booked Sat / 01:43
R-127-#9080,R-127,"Gym / Mon / 08:00
Swimming Pool (Top Pref)","Swimming Pool / Wed / 17:00
Nudge Wed / 03:33","Swimming Pool / Sat / 11:00
Booked Sat / 01:49",NO,1 of 4,1,Swimming Pool,Swimming Pool,Wed,Sat,17:00,11:00,Nudge Wed / 03:33,Booked Sat / 01:49
R-213-#9081,R-213,"Badminton Court / Fri / 19:00
Badminton Court (Top Pref)","Badminton Court / Mon / 18:00
Nudge Sun / 13:37","Badminton Court / Sat / 20:00
Booked Sat / 03:37",NO,1 of 4,1,Badminton Court,Badminton Court,Mon,Sat,18:00,20:00,Nudge Sun / 13:37,Booked Sat / 03:37
R-164-#9082,R-164,"Clubhouse / Fri / 16:00
Clubhouse (Top Pref)","Clubhouse / Sat / 19:00
Nudge Fri / 22:19","Clubhouse / Sat / 18:00
Booked Sat / 03:44",NO,3 of 4,3,Clubhouse,Clubhouse,Sat,Sat,19:00,18:00,Nudge Fri / 22:19,Booked Sat / 03:44
R-185-#9083,R-185,"Swimming Pool / Fri / 14:00
Swimming Pool (Top Pref)","Swimming Pool / Sat / 10:00
Nudge Sat / 04:09","Swimming Pool / Sat / 11:00
Booked Sat / 03:53",YES,4 of 4,4,Swimming Pool,Swimming Pool,Sat,Sat,10:00,11:00,Nudge Sat / 04:09,Booked Sat / 03:53
R-143-#9084,R-143,"Clubhouse / Thu / 17:00
Swimming Pool (Top Pref)","Swimming Pool / Sat / 16:00
Nudge Sat / 10:51","Swimming Pool / Sat / 11:00
Booked Sat / 04:14",NO,2 of 4,2,Swimming Pool,Swimming Pool,Sat,Sat,16:00,11:00,Nudge Sat / 10:51,Booked Sat / 04:14
R-149-#9085,R-149,"Swimming Pool / Fri / 16:00
Swimming Pool (Top Pref)","Swimming Pool / Sat / 10:00
Nudge Sat / 04:27","Swimming Pool / Sat / 10:00
Booked Sat / 04:15",YES,4 of 4,4,Swimming Pool,Swimming Pool,Sat,Sat,10:00,10:00,Nudge Sat / 04:27,Booked Sat / 04:15
R-139-#9086,R-139,"Tennis Court / Mon / 11:00
Swimming Pool (Top Pref)","Swimming Pool / Sat / 16:00
Nudge Sat / 10:20","Swimming Pool / Sat / 11:00
Booked Sat / 04:21",NO,2 of 4,2,Swimming Pool,Swimming Pool,Sat,Sat,16:00,11:00,Nudge Sat / 10:20,Booked Sat / 04:21
R-171-#9087,R-171,"Clubhouse / Fri / 17:00
Swimming Pool (Top Pref)","Swimming Pool / Sat / 15:00
Nudge Sat / 10:37","Swimming Pool / Sat / 11:00
Booked Sat / 04:28",NO,2 of 4,2,Swimming Pool,Swimming Pool,Sat,Sat,15:00,11:00,Nudge Sat / 10:37,Booked Sat / 04:28
R-197-#9088,R-197,"Tennis Court / Thu / 18:00
Tennis Court (Top Pref)","Tennis Court / Sun / 07:00
Nudge Fri / 13:01","Tennis Court / Sun / 18:00
Booked Sat / 04:38",NO,2 of 4,2,Tennis Court,Tennis Court,Sun,Sun,07:00,18:00,Nudge Fri / 13:01,Booked Sat / 04:38
R-193-#9089,R-193,"Clubhouse / Tue / 20:00
Clubhouse (Top Pref)","Clubhouse / Fri / 20:00
Nudge Thu / 22:56","Tennis Court / Sat / 20:00
Booked Sat / 05:21",NO,1 of 4,1,Clubhouse,Tennis Court,Fri,Sat,20:00,20:00,Nudge Thu / 22:56,Booked Sat / 05:21
R-106-#9090,R-106,"Gym / Fri / 18:00
Badminton Court (Top Pref)","Badminton Court / Mon / 18:00
Nudge Sun / 13:43","Gym / Sun / 20:00
Booked Sat / 06:08",NO,0 of 4,0,Badminton Court,Gym,Mon,Sun,18:00,20:00,Nudge Sun / 13:43,Booked Sat / 06:08
R-199-#9091,R-199,"Swimming Pool / Mon / 17:00
Swimming Pool (Top Pref)","Swimming Pool / Sat / 17:00
Nudge Sat / 11:35","Swimming Pool / Sat / 10:00
Booked Sat / 06:09",NO,2 of 4,2,Swimming Pool,Swimming Pool,Sat,Sat,17:00,10:00,Nudge Sat / 11:35,Booked Sat / 06:09
R-129-#9092,R-129,"Clubhouse / Wed / 14:00
Clubhouse (Top Pref)","Clubhouse / Fri / 19:00
Nudge Thu / 22:39","Tennis Court / Sun / 14:00
Booked Sat / 06:22",NO,0 of 4,0,Clubhouse,Tennis Court,Fri,Sun,19:00,14:00,Nudge Thu / 22:39,Booked Sat / 06:22
R-107-#9093,R-107,"Badminton Court / Fri / 18:00
Badminton Court (Top Pref)","Badminton Court / Fri / 18:00
Nudge Thu / 14:11","Badminton Court / Sun / 15:00
Booked Sat / 06:23",NO,1 of 4,1,Badminton Court,Badminton Court,Fri,Sun,18:00,15:00,Nudge Thu / 14:11,Booked Sat / 06:23
R-108-#9094,R-108,"Gym / Fri / 11:00
Badminton Court (Top Pref)","Gym / Mon / 19:00
Nudge Mon / 07:34","Badminton Court / Sat / 19:00
Booked Sat / 06:32",NO,1 of 4,1,Gym,Badminton Court,Mon,Sat,19:00,19:00,Nudge Mon / 07:34,Booked Sat / 06:32
R-128-#9095,R-128,"Clubhouse / Fri / 08:00
Swimming Pool (Top Pref)","Swimming Pool / Sat / 17:00
Nudge Sat / 02:23","Gym / Sat / 16:00
Booked Sat / 06:33",NO,2 of 4,2,Swimming Pool,Gym,Sat,Sat,17:00,16:00,Nudge Sat / 02:23,Booked Sat / 06:33
R-151-#9096,R-151,"Swimming Pool / Fri / 15:00
Swimming Pool (Top Pref)","Swimming Pool / Sun / 15:00
Nudge Sun / 09:24","Clubhouse / Sat / 16:00
Booked Sat / 08:31",NO,1 of 4,1,Swimming Pool,Clubhouse,Sun,Sat,15:00,16:00,Nudge Sun / 09:24,Booked Sat / 08:31
R-216-#9097,R-216,"Clubhouse / Sun / 10:00
Swimming Pool (Top Pref)","Swimming Pool / Sat / 17:00
Nudge Sat / 10:52","Clubhouse / Sat / 17:00
Booked Sat / 09:42",NO,3 of 4,3,Swimming Pool,Clubhouse,Sat,Sat,17:00,17:00,Nudge Sat / 10:52,Booked Sat / 09:42
R-100-#9098,R-100,"Clubhouse / Wed / 19:00
Swimming Pool (Top Pref)","Gym / Fri / 17:00
Nudge Fri / 05:25","Gym / Sat / 17:00
Booked Sat / 09:48",NO,2 of 4,2,Gym,Gym,Fri,Sat,17:00,17:00,Nudge Fri / 05:25,Booked Sat / 09:48
R-179-#9099,R-179,"Badminton Court / Thu / 17:00
Swimming Pool (Top Pref)","Swimming Pool / Sat / 17:00
Nudge Sat / 11:26","Swimming Pool / Sat / 15:00
Booked Sat / 09:52",NO,3 of 4,3,Swimming Pool,Swimming Pool,Sat,Sat,17:00,15:00,Nudge Sat / 11:26,Booked Sat / 09:52
R-148-#9100,R-148,"Swimming Pool / Wed / 16:00
Swimming Pool (Top Pref)","Swimming Pool / Sat / 17:00
Nudge Sat / 11:34","Clubhouse / Sat / 16:00
Booked Sat / 10:42",NO,3 of 4,3,Swimming Pool,Clubhouse,Sat,Sat,17:00,16:00,Nudge Sat / 11:34,Booked Sat / 10:42
R-103-#9101,R-103,"Badminton Court / Fri / 17:00
Swimming Pool (Top Pref)","Gym / Sat / 19:00
Nudge Sat / 05:58","Swimming Pool / Sat / 19:00
Booked Sat / 11:12",NO,2 of 4,2,Gym,Swimming Pool,Sat,Sat,19:00,19:00,Nudge Sat / 05:58,Booked Sat / 11:12
R-182-#9102,R-182,"Swimming Pool / Wed / 16:00
Swimming Pool (Top Pref)","Swimming Pool / Sat / 17:00
Nudge Sat / 11:27","Swimming Pool / Sat / 16:00
Booked Sat / 11:44",YES,4 of 4,4,Swimming Pool,Swimming Pool,Sat,Sat,17:00,16:00,Nudge Sat / 11:27,Booked Sat / 11:44
R-140-#9103,R-140,"Swimming Pool / Fri / 17:00
Swimming Pool (Top Pref)","Swimming Pool / Sat / 10:00
Nudge Sat / 04:26","Badminton Court / Sat / 17:00
Booked Sat / 12:03",NO,1 of 4,1,Swimming Pool,Badminton Court,Sat,Sat,10:00,17:00,Nudge Sat / 04:26,Booked Sat / 12:03
R-206-#9104,R-206,"Badminton Court / Sat / 07:00
Gym (Top Pref)","Gym / Mon / 07:00
Nudge Sun / 14:50","Gym / Sun / 06:00
Booked Sat / 12:07",NO,2 of 4,2,Gym,Gym,Mon,Sun,07:00,06:00,Nudge Sun / 14:50,Booked Sat / 12:07
R-210-#9105,R-210,"Badminton Court / Sat / 08:00
Tennis Court (Top Pref)","Tennis Court / Tue / 08:00
Nudge Sun / 13:39","Tennis Court / Mon / 07:00
Booked Sat / 13:57",NO,2 of 4,2,Tennis Court,Tennis Court,Tue,Mon,08:00,07:00,Nudge Sun / 13:39,Booked Sat / 13:57
R-192-#9106,R-192,"Badminton Court / Thu / 08:00
Badminton Court (Top Pref)","Badminton Court / Mon / 18:00
Nudge Sun / 15:48","Badminton Court / Sun / 19:00
Booked Sat / 14:58",NO,2 of 4,2,Badminton Court,Badminton Court,Mon,Sun,18:00,19:00,Nudge Sun / 15:48,Booked Sat / 14:58
R-113-#9107,R-113,"Gym / Fri / 08:00
Gym (Top Pref)","Gym / Mon / 06:00
Nudge Sun / 15:19","Gym / Sun / 07:00
Booked Sat / 15:17",NO,2 of 4,2,Gym,Gym,Mon,Sun,06:00,07:00,Nudge Sun / 15:19,Booked Sat / 15:17
R-201-#9108,R-201,"Clubhouse / Mon / 17:00
Gym (Top Pref)","Swimming Pool / Wed / 19:00
Nudge Wed / 05:25","Clubhouse / Sun / 08:00
Booked Sat / 15:53",NO,0 of 4,0,Swimming Pool,Clubhouse,Wed,Sun,19:00,08:00,Nudge Wed / 05:25,Booked Sat / 15:53
R-204-#9109,R-204,"Clubhouse / Thu / 11:00
Tennis Court (Top Pref)","Gym / Mon / 17:00
Nudge Mon / 03:17","Swimming Pool / Sun / 07:00
Booked Sat / 15:56",NO,0 of 4,0,Gym,Swimming Pool,Mon,Sun,17:00,07:00,Nudge Mon / 03:17,Booked Sat / 15:56
R-157-#9110,R-157,"Gym / Sun / 18:00
Tennis Court (Top Pref)","Tennis Court / Tue / 18:00
Nudge Sun / 19:19","Tennis Court / Tue / 07:00
Booked Sat / 16:06",NO,2 of 4,2,Tennis Court,Tennis Court,Tue,Tue,18:00,07:00,Nudge Sun / 19:19,Booked Sat / 16:06
R-202-#9111,R-202,"Swimming Pool / Fri / 20:00
Clubhouse (Top Pref)","Clubhouse / Sun / 15:00
Nudge Sat / 19:30","Tennis Court / Sun / 15:00
Booked Sat / 17:41",NO,3 of 4,3,Clubhouse,Tennis Court,Sun,Sun,15:00,15:00,Nudge Sat / 19:30,Booked Sat / 17:41
R-161-#9112,R-161,"Swimming Pool / Sat / 08:00
Gym (Top Pref)","Swimming Pool / Sun / 07:00
Nudge Sat / 16:54","Clubhouse / Sun / 06:00
Booked Sat / 18:05",NO,3 of 4,3,Swimming Pool,Clubhouse,Sun,Sun,07:00,06:00,Nudge Sat / 16:54,Booked Sat / 18:05
R-155-#9113,R-155,"Badminton Court / Sat / 19:00
Clubhouse (Top Pref)","Clubhouse / Sun / 19:00
Nudge Sat / 22:49","Clubhouse / Sun / 19:00
Booked Sat / 18:08",NO,3 of 4,3,Clubhouse,Clubhouse,Sun,Sun,19:00,19:00,Nudge Sat / 22:49,Booked Sat / 18:08
R-122-#9114,R-122,"Gym / Fri / 19:00
Clubhouse (Top Pref)","Clubhouse / Sun / 18:00
Nudge Sat / 23:54","Swimming Pool / Sun / 19:00
Booked Sat / 18:16",NO,2 of 4,2,Clubhouse,Swimming Pool,Sun,Sun,18:00,19:00,Nudge Sat / 23:54,Booked Sat / 18:16
R-130-#9115,R-130,"Tennis Court / Sat / 18:00
Tennis Court (Top Pref)","Tennis Court / Tue / 17:00
Nudge Mon / 03:34","Gym / Tue / 17:00
Booked Sat / 18:35",NO,2 of 4,2,Tennis Court,Gym,Tue,Tue,17:00,17:00,Nudge Mon / 03:34,Booked Sat / 18:35
R-124-#9116,R-124,"Clubhouse / Sat / 18:00
Clubhouse (Top Pref)","Clubhouse / Sun / 20:00
Nudge Sat / 23:06","Clubhouse / Sun / 15:00
Booked Sat / 19:24",NO,2 of 4,2,Clubhouse,Clubhouse,Sun,Sun,20:00,15:00,Nudge Sat / 23:06,Booked Sat / 19:24
R-166-#9117,R-166,"Clubhouse / Sat / 07:00
Gym (Top Pref)","Swimming Pool / Sun / 17:00
Nudge Sun / 02:33","Clubhouse / Sun / 08:00
Booked Sat / 21:02",NO,1 of 4,1,Swimming Pool,Clubhouse,Sun,Sun,17:00,08:00,Nudge Sun / 02:33,Booked Sat / 21:02
R-197-#9118,R-197,"Tennis Court / Sun / 18:00
Tennis Court (Top Pref)","Tennis Court / Tue / 07:00
Nudge Sun / 05:51","Tennis Court / Tue / 08:00
Booked Sat / 21:58",NO,3 of 4,3,Tennis Court,Tennis Court,Tue,Tue,07:00,08:00,Nudge Sun / 05:51,Booked Sat / 21:58
R-215-#9119,R-215,"Clubhouse / Fri / 19:00
Badminton Court (Top Pref)","Swimming Pool / Sun / 17:00
Nudge Sun / 03:18","Gym / Sun / 12:00
Booked Sat / 21:59",NO,1 of 4,1,Swimming Pool,Gym,Sun,Sun,17:00,12:00,Nudge Sun / 03:18,Booked Sat / 21:59
R-132-#9120,R-132,"Tennis Court / Sun / 10:00
Tennis Court (Top Pref)","Tennis Court / Tue / 07:00
Nudge Sun / 08:34","Badminton Court / Tue / 07:00
Booked Sat / 22:24",NO,2 of 4,2,Tennis Court,Badminton Court,Tue,Tue,07:00,07:00,Nudge Sun / 08:34,Booked Sat / 22:24
R-186-#9121,R-186,"Clubhouse / Fri / 08:00
Swimming Pool (Top Pref)","Gym / Mon / 17:00
Nudge Mon / 03:10","Clubhouse / Sun / 07:00
Booked Sat / 22:27",NO,0 of 4,0,Gym,Clubhouse,Mon,Sun,17:00,07:00,Nudge Mon / 03:10,Booked Sat / 22:27
R-162-#9122,R-162,"Clubhouse / Fri / 14:00
Clubhouse (Top Pref)","Clubhouse / Sun / 19:00
Nudge Sat / 23:12","Badminton Court / Sun / 15:00
Booked Sat / 23:00",NO,2 of 4,2,Clubhouse,Badminton Court,Sun,Sun,19:00,15:00,Nudge Sat / 23:12,Booked Sat / 23:00
R-164-#9123,R-164,"Clubhouse / Sat / 18:00
Clubhouse (Top Pref)","Clubhouse / Sun / 15:00
Nudge Sat / 18:37","Clubhouse / Sun / 15:00
Booked Sat / 23:40",NO,3 of 4,3,Clubhouse,Clubhouse,Sun,Sun,15:00,15:00,Nudge Sat / 18:37,Booked Sat / 23:40
R-133-#9124,R-133,"Clubhouse / Sat / 08:00
Clubhouse (Top Pref)","Clubhouse / Sun / 15:00
Nudge Sat / 19:45","Swimming Pool / Sun / 15:00
Booked Sun / 00:07",NO,2 of 4,2,Clubhouse,Swimming Pool,Sun,Sun,15:00,15:00,Nudge Sat / 19:45,Booked Sun / 00:07
R-207-#9125,R-207,"Badminton Court / Sat / 19:00
Badminton Court (Top Pref)","Badminton Court / Mon / 19:00
Nudge Sun / 15:20","Badminton Court / Sun / 18:00
Booked Sun / 01:12",NO,2 of 4,2,Badminton Court,Badminton Court,Mon,Sun,19:00,18:00,Nudge Sun / 15:20,Booked Sun / 01:12
R-169-#9126,R-169,"Gym / Sat / 08:00
Badminton Court (Top Pref)","Gym / Sun / 17:00
Nudge Sun / 05:10","Badminton Court / Sun / 11:00
Booked Sun / 01:43",NO,1 of 4,1,Gym,Badminton Court,Sun,Sun,17:00,11:00,Nudge Sun / 05:10,Booked Sun / 01:43
R-111-#9127,R-111,"Tennis Court / Sat / 09:00
Gym (Top Pref)","Gym / Sun / 19:00
Nudge Sun / 06:55","Swimming Pool / Sun / 14:00
Booked Sun / 02:19",NO,1 of 4,1,Gym,Swimming Pool,Sun,Sun,19:00,14:00,Nudge Sun / 06:55,Booked Sun / 02:19
R-103-#9128,R-103,"Swimming Pool / Sat / 19:00
Swimming Pool (Top Pref)","Gym / Sun / 11:00
Nudge Sat / 22:35","Gym / Sun / 11:00
Booked Sun / 02:54",NO,3 of 4,3,Gym,Gym,Sun,Sun,11:00,11:00,Nudge Sat / 22:35,Booked Sun / 02:54
R-110-#9129,R-110,"Badminton Court / Thu / 11:00
Swimming Pool (Top Pref)","Badminton Court / Mon / 17:00
Nudge Mon / 03:21","Gym / Sun / 19:00
Booked Sun / 03:13",NO,0 of 4,0,Badminton Court,Gym,Mon,Sun,17:00,19:00,Nudge Mon / 03:21,Booked Sun / 03:13
R-194-#9130,R-194,"Swimming Pool / Sat / 07:00
Gym (Top Pref)","Gym / Sun / 17:00
Nudge Sun / 03:09","Gym / Sun / 19:00
Booked Sun / 03:24",NO,3 of 4,3,Gym,Gym,Sun,Sun,17:00,19:00,Nudge Sun / 03:09,Booked Sun / 03:24
R-143-#9131,R-143,"Swimming Pool / Sat / 11:00
Swimming Pool (Top Pref)","Swimming Pool / Sun / 15:00
Nudge Sun / 09:32","Swimming Pool / Sun / 11:00
Booked Sun / 03:40",NO,2 of 4,2,Swimming Pool,Swimming Pool,Sun,Sun,15:00,11:00,Nudge Sun / 09:32,Booked Sun / 03:40
R-203-#9132,R-203,"Clubhouse / Wed / 18:00
Badminton Court (Top Pref)","Badminton Court / Mon / 20:00
Nudge Sun / 17:14","Clubhouse / Mon / 18:00
Booked Sun / 03:47",NO,1 of 4,1,Badminton Court,Clubhouse,Mon,Mon,20:00,18:00,Nudge Sun / 17:14,Booked Sun / 03:47
R-213-#9133,R-213,"Badminton Court / Sat / 20:00
Badminton Court (Top Pref)","Badminton Court / Mon / 18:00
Nudge Sun / 13:59","Badminton Court / Mon / 17:00
Booked Sun / 03:50",NO,3 of 4,3,Badminton Court,Badminton Court,Mon,Mon,18:00,17:00,Nudge Sun / 13:59,Booked Sun / 03:50
R-209-#9134,R-209,"Gym / Mon / 09:00
Swimming Pool (Top Pref)","Swimming Pool / Sat / 17:00
Nudge Sat / 11:46","Clubhouse / Sun / 11:00
Booked Sun / 04:34",NO,0 of 4,0,Swimming Pool,Clubhouse,Sat,Sun,17:00,11:00,Nudge Sat / 11:46,Booked Sun / 04:34
R-100-#9135,R-100,"Gym / Sat / 17:00
Swimming Pool (Top Pref)","Swimming Pool / Sun / 17:00
Nudge Sun / 05:02","Clubhouse / Sun / 19:00
Booked Sun / 04:34",NO,2 of 4,2,Swimming Pool,Clubhouse,Sun,Sun,17:00,19:00,Nudge Sun / 05:02,Booked Sun / 04:34
R-219-#9136,R-219,"Tennis Court / Sat / 17:00
Tennis Court (Top Pref)","Tennis Court / Tue / 08:00
Nudge Sun / 09:17","Tennis Court / Mon / 07:00
Booked Sun / 04:48",NO,2 of 4,2,Tennis Court,Tennis Court,Tue,Mon,08:00,07:00,Nudge Sun / 09:17,Booked Sun / 04:48
R-181-#9137,R-181,"Swimming Pool / Sun / 10:00
Swimming Pool (Top Pref)","Swimming Pool / Sun / 17:00
Nudge Sun / 11:31","Swimming Pool / Sun / 10:00
Booked Sun / 04:56",NO,2 of 4,2,Swimming Pool,Swimming Pool,Sun,Sun,17:00,10:00,Nudge Sun / 11:31,Booked Sun / 04:56
R-140-#9138,R-140,"Badminton Court / Sat / 17:00
Swimming Pool (Top Pref)","Swimming Pool / Sun / 10:00
Nudge Sun / 04:17","Swimming Pool / Sun / 14:00
Booked Sun / 06:04",NO,3 of 4,3,Swimming Pool,Swimming Pool,Sun,Sun,10:00,14:00,Nudge Sun / 04:17,Booked Sun / 06:04
R-208-#9139,R-208,"Gym / Fri / 08:00
Gym (Top Pref)","Gym / Mon / 07:00
Nudge Sun / 17:47","Tennis Court / Sun / 21:00
Booked Sun / 06:30",NO,0 of 4,0,Gym,Tennis Court,Mon,Sun,07:00,21:00,Nudge Sun / 17:47,Booked Sun / 06:30
R-106-#9140,R-106,"Gym / Sun / 20:00
Badminton Court (Top Pref)","Badminton Court / Mon / 18:00
Nudge Sun / 14:11","Tennis Court / Mon / 20:00
Booked Sun / 07:46",NO,1 of 4,1,Badminton Court,Tennis Court,Mon,Mon,18:00,20:00,Nudge Sun / 14:11,Booked Sun / 07:46
R-199-#9141,R-199,"Swimming Pool / Sat / 10:00
Swimming Pool (Top Pref)","Swimming Pool / Sun / 17:00
Nudge Sun / 11:33","Swimming Pool / Sun / 17:00
Booked Sun / 07:52",NO,3 of 4,3,Swimming Pool,Swimming Pool,Sun,Sun,17:00,17:00,Nudge Sun / 11:33,Booked Sun / 07:52
R-191-#9142,R-191,"Badminton Court / Sat / 11:00
Swimming Pool (Top Pref)","Swimming Pool / Sun / 17:00
Nudge Sun / 03:14","Gym / Sun / 19:00
Booked Sun / 08:09",NO,1 of 4,1,Swimming Pool,Gym,Sun,Sun,17:00,19:00,Nudge Sun / 03:14,Booked Sun / 08:09
R-125-#9143,R-125,"Gym / Thu / 18:00
Badminton Court (Top Pref)","Badminton Court / Mon / 18:00
Nudge Sun / 15:25","Badminton Court / Mon / 20:00
Booked Sun / 08:40",NO,2 of 4,2,Badminton Court,Badminton Court,Mon,Mon,18:00,20:00,Nudge Sun / 15:25,Booked Sun / 08:40
R-163-#9144,R-163,"Gym / Sun / 16:00
Swimming Pool (Top Pref)","Swimming Pool / Sat / 15:00
Nudge Sat / 09:47","Clubhouse / Sun / 15:00
Booked Sun / 09:08",NO,1 of 4,1,Swimming Pool,Clubhouse,Sat,Sun,15:00,15:00,Nudge Sat / 09:47,Booked Sun / 09:08
R-182-#9145,R-182,"Swimming Pool / Sat / 16:00
Swimming Pool (Top Pref)","Swimming Pool / Sun / 10:00
Nudge Sun / 04:15","Swimming Pool / Sun / 17:00
Booked Sun / 09:54",NO,2 of 4,2,Swimming Pool,Swimming Pool,Sun,Sun,10:00,17:00,Nudge Sun / 04:15,Booked Sun / 09:54
R-148-#9146,R-148,"Clubhouse / Sat / 16:00
Swimming Pool (Top Pref)","Swimming Pool / Sun / 17:00
Nudge Sun / 11:26","Swimming Pool / Sun / 17:00
Booked Sun / 09:57",YES,4 of 4,4,Swimming Pool,Swimming Pool,Sun,Sun,17:00,17:00,Nudge Sun / 11:26,Booked Sun / 09:57
R-149-#9147,R-149,"Swimming Pool / Sat / 10:00
Swimming Pool (Top Pref)","Swimming Pool / Sun / 15:00
Nudge Sun / 10:01","Swimming Pool / Sun / 15:00
Booked Sun / 10:35",YES,4 of 4,4,Swimming Pool,Swimming Pool,Sun,Sun,15:00,15:00,Nudge Sun / 10:01,Booked Sun / 10:35
R-134-#9148,R-134,"Swimming Pool / Sun / 15:00
Swimming Pool (Top Pref)","Swimming Pool / Sat / 16:00
Nudge Sat / 10:54","Gym / Sun / 17:00
Booked Sun / 10:42",NO,1 of 4,1,Swimming Pool,Gym,Sat,Sun,16:00,17:00,Nudge Sat / 10:54,Booked Sun / 10:42
R-188-#9149,R-188,"Badminton Court / Fri / 07:00
Swimming Pool (Top Pref)","Swimming Pool / Mon / 17:00
Nudge Mon / 02:57","Clubhouse / Sun / 19:00
Booked Sun / 10:49",NO,0 of 4,0,Swimming Pool,Clubhouse,Mon,Sun,17:00,19:00,Nudge Mon / 02:57,Booked Sun / 10:49
R-113-#9150,R-113,"Gym / Sun / 07:00
Gym (Top Pref)","Gym / Mon / 06:00
Nudge Sun / 13:50","Gym / Mon / 06:00
Booked Sun / 10:54",NO,3 of 4,3,Gym,Gym,Mon,Mon,06:00,06:00,Nudge Sun / 13:50,Booked Sun / 10:54
R-196-#9151,R-196,"Badminton Court / Thu / 20:00
Badminton Court (Top Pref)","Badminton Court / Mon / 18:00
Nudge Sun / 15:09","Badminton Court / Mon / 20:00
Booked Sun / 11:00",NO,2 of 4,2,Badminton Court,Badminton Court,Mon,Mon,18:00,20:00,Nudge Sun / 15:09,Booked Sun / 11:00
R-179-#9152,R-179,"Swimming Pool / Sat / 15:00
Swimming Pool (Top Pref)","Swimming Pool / Sun / 17:00
Nudge Sun / 11:14","Clubhouse / Sun / 17:00
Booked Sun / 11:15",NO,3 of 4,3,Swimming Pool,Clubhouse,Sun,Sun,17:00,17:00,Nudge Sun / 11:14,Booked Sun / 11:15
R-171-#9153,R-171,"Swimming Pool / Sat / 11:00
Swimming Pool (Top Pref)","Swimming Pool / Sun / 15:00
Nudge Sun / 10:29","Swimming Pool / Sun / 16:00
Booked Sun / 11:58",YES,4 of 4,4,Swimming Pool,Swimming Pool,Sun,Sun,15:00,16:00,Nudge Sun / 10:29,Booked Sun / 11:58
R-144-#9154,R-144,"Swimming Pool / Fri / 06:00
Gym (Top Pref)","Gym / Mon / 07:00
Nudge Sun / 16:19","Badminton Court / Mon / 06:00
Booked Sun / 13:05",NO,2 of 4,2,Gym,Badminton Court,Mon,Mon,07:00,06:00,Nudge Sun / 16:19,Booked Sun / 13:05
R-192-#9155,R-192,"Badminton Court / Sun / 19:00
Badminton Court (Top Pref)","Badminton Court / Mon / 19:00
Nudge Sun / 13:43","Badminton Court / Mon / 20:00
Booked Sun / 13:05",YES,4 of 4,4,Badminton Court,Badminton Court,Mon,Mon,19:00,20:00,Nudge Sun / 13:43,Booked Sun / 13:05
R-117-#9156,R-117,"Gym / Sat / 08:00
Gym (Top Pref)","Gym / Mon / 07:00
Nudge Sun / 16:12","Gym / Mon / 08:00
Booked Sun / 13:13",NO,3 of 4,3,Gym,Gym,Mon,Mon,07:00,08:00,Nudge Sun / 16:12,Booked Sun / 13:13
R-156-#9157,R-156,"Gym / Sat / 07:00
Gym (Top Pref)","Gym / Mon / 06:00
Nudge Sun / 15:14","Gym / Mon / 08:00
Booked Sun / 13:13",NO,3 of 4,3,Gym,Gym,Mon,Mon,06:00,08:00,Nudge Sun / 15:14,Booked Sun / 13:13
R-126-#9158,R-126,"Gym / Wed / 08:00
Swimming Pool (Top Pref)","Swimming Pool / Sat / 17:00
Nudge Sat / 05:19","Clubhouse / Mon / 08:00
Booked Sun / 13:20",NO,0 of 4,0,Swimming Pool,Clubhouse,Sat,Mon,17:00,08:00,Nudge Sat / 05:19,Booked Sun / 13:20
R-158-#9159,R-158,"Swimming Pool / Sat / 07:00
Gym (Top Pref)","Gym / Mon / 08:00
Nudge Sun / 17:26","Gym / Mon / 08:00
Booked Sun / 13:23",NO,3 of 4,3,Gym,Gym,Mon,Mon,08:00,08:00,Nudge Sun / 17:26,Booked Sun / 13:23
R-206-#9160,R-206,"Gym / Sun / 06:00
Gym (Top Pref)","Gym / Mon / 07:00
Nudge Sun / 16:50","Clubhouse / Mon / 06:00
Booked Sun / 14:24",NO,3 of 4,3,Gym,Clubhouse,Mon,Mon,07:00,06:00,Nudge Sun / 16:50,Booked Sun / 14:24
R-207-#9161,R-207,"Badminton Court / Sun / 18:00
Badminton Court (Top Pref)","Badminton Court / Mon / 19:00
Nudge Sun / 10:57","Badminton Court / Mon / 19:00
Booked Sun / 14:44",NO,3 of 4,3,Badminton Court,Badminton Court,Mon,Mon,19:00,19:00,Nudge Sun / 10:57,Booked Sun / 14:44
R-195-#9162,R-195,"Badminton Court / Fri / 19:00
Badminton Court (Top Pref)","Badminton Court / Mon / 18:00
Nudge Sun / 12:45","Badminton Court / Mon / 18:00
Booked Sun / 15:10",YES,4 of 4,4,Badminton Court,Badminton Court,Mon,Mon,18:00,18:00,Nudge Sun / 12:45,Booked Sun / 15:10
R-116-#9163,R-116,"Gym / Fri / 07:00
Gym (Top Pref)","Gym / Mon / 08:00
Nudge Sun / 19:03","Gym / Mon / 08:00
Booked Sun / 15:42",NO,3 of 4,3,Gym,Gym,Mon,Mon,08:00,08:00,Nudge Sun / 19:03,Booked Sun / 15:42
R-123-#9164,R-123,"Swimming Pool / Fri / 21:00
Gym (Top Pref)","Gym / Mon / 08:00
Nudge Sun / 18:26","Gym / Mon / 08:00
Booked Sun / 16:01",YES,4 of 4,4,Gym,Gym,Mon,Mon,08:00,08:00,Nudge Sun / 18:26,Booked Sun / 16:01
R-173-#9165,R-173,"Badminton Court / Fri / 19:00
Badminton Court (Top Pref)","Badminton Court / Mon / 18:00
Nudge Sun / 17:01","Badminton Court / Mon / 18:00
Booked Sun / 16:22",YES,4 of 4,4,Badminton Court,Badminton Court,Mon,Mon,18:00,18:00,Nudge Sun / 17:01,Booked Sun / 16:22
R-174-#9166,R-174,"Tennis Court / Fri / 08:00
Gym (Top Pref)","Gym / Mon / 06:00
Nudge Sun / 17:38","Clubhouse / Mon / 06:00
Booked Sun / 17:05",NO,3 of 4,3,Gym,Clubhouse,Mon,Mon,06:00,06:00,Nudge Sun / 17:38,Booked Sun / 17:05
R-120-#9167,R-120,"Swimming Pool / Sat / 15:00
Badminton Court (Top Pref)","Badminton Court / Mon / 18:00
Nudge Sun / 11:58","Clubhouse / Mon / 19:00
Booked Sun / 17:15",NO,2 of 4,2,Badminton Court,Clubhouse,Mon,Mon,18:00,19:00,Nudge Sun / 11:58,Booked Sun / 17:15
R-170-#9168,R-170,"Badminton Court / Fri / 16:00
Badminton Court (Top Pref)","Badminton Court / Mon / 19:00
Nudge Sun / 14:32","Clubhouse / Mon / 20:00
Booked Sun / 17:45",NO,2 of 4,2,Badminton Court,Clubhouse,Mon,Mon,19:00,20:00,Nudge Sun / 14:32,Booked Sun / 17:45
R-208-#9169,R-208,"Tennis Court / Sun / 21:00
Gym (Top Pref)","Gym / Mon / 06:00
Nudge Sun / 14:33","Gym / Mon / 06:00
Booked Sun / 17:54",NO,3 of 4,3,Gym,Gym,Mon,Mon,06:00,06:00,Nudge Sun / 14:33,Booked Sun / 17:54
R-119-#9170,R-119,"Gym / Fri / 20:00
Badminton Court (Top Pref)","Badminton Court / Mon / 18:00
Nudge Sun / 13:52","Tennis Court / Mon / 18:00
Booked Sun / 19:01",NO,2 of 4,2,Badminton Court,Tennis Court,Mon,Mon,18:00,18:00,Nudge Sun / 13:52,Booked Sun / 19:01
R-189-#9171,R-189,"Gym / Fri / 06:00
Gym (Top Pref)","Gym / Mon / 06:00
Nudge Sun / 16:51","Badminton Court / Mon / 07:00
Booked Sun / 19:11",NO,3 of 4,3,Gym,Badminton Court,Mon,Mon,06:00,07:00,Nudge Sun / 16:51,Booked Sun / 19:11
R-101-#9172,R-101,"Gym / Sat / 09:00
Gym (Top Pref)","Gym / Mon / 07:00
Nudge Sun / 17:55","Gym / Mon / 07:00
Booked Sun / 19:13",YES,4 of 4,4,Gym,Gym,Mon,Mon,07:00,07:00,Nudge Sun / 17:55,Booked Sun / 19:13
R-194-#9173,R-194,"Gym / Sun / 19:00
Gym (Top Pref)","Swimming Pool / Mon / 07:00
Nudge Sun / 18:52","Tennis Court / Mon / 11:00
Booked Sun / 19:14",NO,2 of 4,2,Swimming Pool,Tennis Court,Mon,Mon,07:00,11:00,Nudge Sun / 18:52,Booked Sun / 19:14
R-186-#9174,R-186,"Clubhouse / Sun / 07:00
Swimming Pool (Top Pref)","Gym / Mon / 11:00
Nudge Sun / 21:00","Gym / Mon / 07:00
Booked Sun / 19:15",NO,3 of 4,3,Gym,Gym,Mon,Mon,11:00,07:00,Nudge Sun / 21:00,Booked Sun / 19:15
R-212-#9175,R-212,"Swimming Pool / Fri / 07:00
Gym (Top Pref)","Gym / Mon / 06:00
Nudge Sun / 16:56","Gym / Mon / 12:00
Booked Sun / 19:31",NO,2 of 4,2,Gym,Gym,Mon,Mon,06:00,12:00,Nudge Sun / 16:56,Booked Sun / 19:31
R-135-#9176,R-135,"Gym / Sat / 06:00
Gym (Top Pref)","Gym / Mon / 07:00
Nudge Sun / 17:39","Badminton Court / Mon / 06:00
Booked Sun / 19:39",NO,3 of 4,3,Gym,Badminton Court,Mon,Mon,07:00,06:00,Nudge Sun / 17:39,Booked Sun / 19:39
R-147-#9177,R-147,"Swimming Pool / Fri / 08:00
Gym (Top Pref)","Gym / Mon / 08:00
Nudge Sun / 19:27","Gym / Mon / 06:00
Booked Sun / 19:40",NO,3 of 4,3,Gym,Gym,Mon,Mon,08:00,06:00,Nudge Sun / 19:27,Booked Sun / 19:40
R-168-#9178,R-168,"Tennis Court / Fri / 06:00
Gym (Top Pref)","Gym / Mon / 07:00
Nudge Sun / 18:12","Gym / Mon / 07:00
Booked Sun / 19:42",YES,4 of 4,4,Gym,Gym,Mon,Mon,07:00,07:00,Nudge Sun / 18:12,Booked Sun / 19:42
R-152-#9179,R-152,"Gym / Fri / 06:00
Gym (Top Pref)","Gym / Mon / 06:00
Nudge Sun / 16:49","Tennis Court / Mon / 11:00
Booked Sun / 20:10",NO,1 of 4,1,Gym,Tennis Court,Mon,Mon,06:00,11:00,Nudge Sun / 16:49,Booked Sun / 20:10
R-217-#9180,R-217,"Badminton Court / Sat / 20:00
Badminton Court (Top Pref)","Badminton Court / Mon / 18:00
Nudge Sun / 13:06","Badminton Court / Mon / 19:00
Booked Sun / 20:32",NO,3 of 4,3,Badminton Court,Badminton Court,Mon,Mon,18:00,19:00,Nudge Sun / 13:06,Booked Sun / 20:32
R-105-#9181,R-105,"Badminton Court / Sat / 18:00
Badminton Court (Top Pref)","Badminton Court / Mon / 20:00
Nudge Sun / 15:42","Badminton Court / Mon / 19:00
Booked Sun / 21:12",NO,3 of 4,3,Badminton Court,Badminton Court,Mon,Mon,20:00,19:00,Nudge Sun / 15:42,Booked Sun / 21:12
R-145-#9182,R-145,"Gym / Sat / 06:00
Gym (Top Pref)","Gym / Mon / 08:00
Nudge Sun / 19:01","Gym / Mon / 08:00
Booked Sun / 21:57",NO,3 of 4,3,Gym,Gym,Mon,Mon,08:00,08:00,Nudge Sun / 19:01,Booked Sun / 21:57
R-178-#9183,R-178,"Clubhouse / Wed / 19:00
Gym (Top Pref)","Badminton Court / Sun / 19:00
Nudge Sun / 06:03","Gym / Mon / 07:00
Booked Sun / 22:42",NO,0 of 4,0,Badminton Court,Gym,Sun,Mon,19:00,07:00,Nudge Sun / 06:03,Booked Sun / 22:42
R-150-#9184,R-150,"Badminton Court / Fri / 14:00
Clubhouse (Top Pref)","Clubhouse / Sat / 15:00
Nudge Fri / 19:57","Clubhouse / Mon / 19:00
Booked Sun / 22:52",NO,1 of 4,1,Clubhouse,Clubhouse,Sat,Mon,15:00,19:00,Nudge Fri / 19:57,Booked Sun / 22:52
R-165-#9185,R-165,"Badminton Court / Fri / 16:00
Badminton Court (Top Pref)","Badminton Court / Mon / 18:00
Nudge Sun / 15:22","Badminton Court / Mon / 19:00
Booked Sun / 23:07",NO,3 of 4,3,Badminton Court,Badminton Court,Mon,Mon,18:00,19:00,Nudge Sun / 15:22,Booked Sun / 23:07
R-218-#9186,R-218,"Tennis Court / Thu / 19:00
Gym (Top Pref)","Gym / Mon / 17:00
Nudge Mon / 05:21","Swimming Pool / Mon / 09:00
Booked Sun / 23:10",NO,1 of 4,1,Gym,Swimming Pool,Mon,Mon,17:00,09:00,Nudge Mon / 05:21,Booked Sun / 23:10
R-109-#9187,R-109,"Gym / Fri / 07:00
Gym (Top Pref)","Gym / Mon / 07:00
Nudge Sun / 18:18","Tennis Court / Mon / 07:00
Booked Sun / 23:34",NO,2 of 4,2,Gym,Tennis Court,Mon,Mon,07:00,07:00,Nudge Sun / 18:18,Booked Sun / 23:34
R-118-#9188,R-118,"Gym / Fri / 08:00
Gym (Top Pref)","Gym / Mon / 07:00
Nudge Sun / 18:20","Gym / Mon / 16:00
Booked Mon / 00:35",NO,2 of 4,2,Gym,Gym,Mon,Mon,07:00,16:00,Nudge Sun / 18:20,Booked Mon / 00:35
R-141-#9189,R-141,"Badminton Court / Sat / 19:00
Badminton Court (Top Pref)","Badminton Court / Mon / 18:00
Nudge Sun / 13:04","Badminton Court / Tue / 07:00
Booked Mon / 02:20",NO,1 of 4,1,Badminton Court,Badminton Court,Mon,Tue,18:00,07:00,Nudge Sun / 13:04,Booked Mon / 02:20
R-142-#9190,R-142,"Gym / Sat / 18:00
Badminton Court (Top Pref)","Badminton Court / Mon / 18:00
Nudge Sun / 13:37","Badminton Court / Mon / 20:00
Booked Mon / 03:34",NO,2 of 4,2,Badminton Court,Badminton Court,Mon,Mon,18:00,20:00,Nudge Sun / 13:37,Booked Mon / 03:34
R-142-#9191,R-142,"Badminton Court / Mon / 20:00
Badminton Court (Top Pref)","Badminton Court / Tue / 18:00
Nudge Mon / 08:11","Gym / Tue / 20:00
Booked Mon / 03:58",NO,1 of 4,1,Badminton Court,Gym,Tue,Tue,18:00,20:00,Nudge Mon / 08:11,Booked Mon / 03:58
R-217-#9192,R-217,"Badminton Court / Mon / 19:00
Badminton Court (Top Pref)","Badminton Court / Tue / 18:00
Nudge Mon / 07:39","Badminton Court / Tue / 19:00
Booked Mon / 04:28",NO,3 of 4,3,Badminton Court,Badminton Court,Tue,Tue,18:00,19:00,Nudge Mon / 07:39,Booked Mon / 04:28
R-171-#9193,R-171,"Swimming Pool / Sun / 16:00
Swimming Pool (Top Pref)","Swimming Pool / Mon / 10:00
Nudge Mon / 04:32","Swimming Pool / Mon / 11:00
Booked Mon / 04:30",YES,4 of 4,4,Swimming Pool,Swimming Pool,Mon,Mon,10:00,11:00,Nudge Mon / 04:32,Booked Mon / 04:30
R-107-#9194,R-107,"Badminton Court / Sun / 15:00
Badminton Court (Top Pref)","Badminton Court / Mon / 18:00
Nudge Sun / 14:01","Badminton Court / Mon / 20:00
Booked Mon / 04:38",NO,2 of 4,2,Badminton Court,Badminton Court,Mon,Mon,18:00,20:00,Nudge Sun / 14:01,Booked Mon / 04:38
R-120-#9195,R-120,"Clubhouse / Mon / 19:00
Badminton Court (Top Pref)","Badminton Court / Tue / 18:00
Nudge Mon / 07:16","Gym / Tue / 18:00
Booked Mon / 04:56",NO,3 of 4,3,Badminton Court,Gym,Tue,Tue,18:00,18:00,Nudge Mon / 07:16,Booked Mon / 04:56
R-149-#9196,R-149,"Swimming Pool / Sun / 15:00
Swimming Pool (Top Pref)","Swimming Pool / Mon / 10:00
Nudge Mon / 04:32","Swimming Pool / Mon / 11:00
Booked Mon / 05:20",YES,4 of 4,4,Swimming Pool,Swimming Pool,Mon,Mon,10:00,11:00,Nudge Mon / 04:32,Booked Mon / 05:20
R-200-#9197,R-200,"Swimming Pool / Sat / 07:00
Gym (Top Pref)","Gym / Mon / 17:00
Nudge Mon / 05:08","Gym / Mon / 19:00
Booked Mon / 05:25",NO,3 of 4,3,Gym,Gym,Mon,Mon,17:00,19:00,Nudge Mon / 05:08,Booked Mon / 05:25
R-115-#9198,R-115,"Tennis Court / Sat / 08:00
Tennis Court (Top Pref)","Tennis Court / Tue / 17:00
Nudge Mon / 02:22","Tennis Court / Tue / 18:00
Booked Mon / 05:57",NO,3 of 4,3,Tennis Court,Tennis Court,Tue,Tue,17:00,18:00,Nudge Mon / 02:22,Booked Mon / 05:57
R-166-#9199,R-166,"Clubhouse / Sun / 08:00
Gym (Top Pref)","Swimming Pool / Mon / 17:00
Nudge Mon / 02:52","Badminton Court / Mon / 11:00
Booked Mon / 06:00",NO,1 of 4,1,Swimming Pool,Badminton Court,Mon,Mon,17:00,11:00,Nudge Mon / 02:52,Booked Mon / 06:00
R-209-#9200,R-209,"Clubhouse / Sun / 11:00
Swimming Pool (Top Pref)","Swimming Pool / Mon / 17:00
Nudge Mon / 11:42","Swimming Pool / Mon / 11:00
Booked Mon / 06:06",NO,2 of 4,2,Swimming Pool,Swimming Pool,Mon,Mon,17:00,11:00,Nudge Mon / 11:42,Booked Mon / 06:06
R-111-#9201,R-111,"Swimming Pool / Sun / 14:00
Gym (Top Pref)","Gym / Mon / 19:00
Nudge Mon / 05:35","Badminton Court / Mon / 17:00
Booked Mon / 07:00",NO,2 of 4,2,Gym,Badminton Court,Mon,Mon,19:00,17:00,Nudge Mon / 05:35,Booked Mon / 07:00
R-103-#9202,R-103,"Gym / Sun / 11:00
Swimming Pool (Top Pref)","Swimming Pool / Mon / 17:00
Nudge Mon / 03:08","Swimming Pool / Mon / 19:00
Booked Mon / 07:37",NO,2 of 4,2,Swimming Pool,Swimming Pool,Mon,Mon,17:00,19:00,Nudge Mon / 03:08,Booked Mon / 07:37
R-141-#9203,R-141,"Badminton Court / Tue / 07:00
Badminton Court (Top Pref)","Badminton Court / Wed / 18:00
Nudge Tue / 10:01","Badminton Court / Mon / 20:00
Booked Mon / 08:57",NO,1 of 4,1,Badminton Court,Badminton Court,Wed,Mon,18:00,20:00,Nudge Tue / 10:01,Booked Mon / 08:57
R-127-#9204,R-127,"Swimming Pool / Sat / 11:00
Swimming Pool (Top Pref)","Swimming Pool / Mon / 17:00
Nudge Mon / 02:57","Badminton Court / Mon / 19:00
Booked Mon / 09:16",NO,1 of 4,1,Swimming Pool,Badminton Court,Mon,Mon,17:00,19:00,Nudge Mon / 02:57,Booked Mon / 09:16
R-134-#9205,R-134,"Gym / Sun / 17:00
Swimming Pool (Top Pref)","Swimming Pool / Mon / 16:00
Nudge Mon / 10:35","Gym / Mon / 15:00
Booked Mon / 09:28",NO,3 of 4,3,Swimming Pool,Gym,Mon,Mon,16:00,15:00,Nudge Mon / 10:35,Booked Mon / 09:28
R-113-#9206,R-113,"Gym / Mon / 06:00
Gym (Top Pref)","Gym / Tue / 07:00
Nudge Mon / 16:11","Gym / Tue / 06:00
Booked Mon / 10:10",NO,3 of 4,3,Gym,Gym,Tue,Tue,07:00,06:00,Nudge Mon / 16:11,Booked Mon / 10:10
R-135-#9207,R-135,"Badminton Court / Mon / 06:00
Gym (Top Pref)","Gym / Tue / 06:00
Nudge Mon / 11:49","Swimming Pool / Tue / 06:00
Booked Mon / 10:25",NO,3 of 4,3,Gym,Swimming Pool,Tue,Tue,06:00,06:00,Nudge Mon / 11:49,Booked Mon / 10:25
R-148-#9208,R-148,"Swimming Pool / Sun / 17:00
Swimming Pool (Top Pref)","Swimming Pool / Mon / 17:00
Nudge Mon / 11:33","Swimming Pool / Mon / 16:00
Booked Mon / 10:56",YES,4 of 4,4,Swimming Pool,Swimming Pool,Mon,Mon,17:00,16:00,Nudge Mon / 11:33,Booked Mon / 10:56
R-101-#9209,R-101,"Gym / Mon / 07:00
Gym (Top Pref)","Gym / Tue / 07:00
Nudge Mon / 13:03","Gym / Tue / 07:00
Booked Mon / 11:12",YES,4 of 4,4,Gym,Gym,Tue,Tue,07:00,07:00,Nudge Mon / 13:03,Booked Mon / 11:12
R-203-#9210,R-203,"Clubhouse / Mon / 18:00
Badminton Court (Top Pref)","Badminton Court / Tue / 20:00
Nudge Mon / 18:12","Gym / Tue / 18:00
Booked Mon / 11:13",NO,1 of 4,1,Badminton Court,Gym,Tue,Tue,20:00,18:00,Nudge Mon / 18:12,Booked Mon / 11:13
R-106-#9211,R-106,"Tennis Court / Mon / 20:00
Badminton Court (Top Pref)","Badminton Court / Tue / 18:00
Nudge Mon / 15:40","Badminton Court / Tue / 18:00
Booked Mon / 11:26",NO,3 of 4,3,Badminton Court,Badminton Court,Tue,Tue,18:00,18:00,Nudge Mon / 15:40,Booked Mon / 11:26
R-191-#9212,R-191,"Gym / Sun / 19:00
Swimming Pool (Top Pref)","Swimming Pool / Mon / 17:00
Nudge Mon / 03:10","Badminton Court / Mon / 19:00
Booked Mon / 11:33",NO,1 of 4,1,Swimming Pool,Badminton Court,Mon,Mon,17:00,19:00,Nudge Mon / 03:10,Booked Mon / 11:33
R-105-#9213,R-105,"Badminton Court / Mon / 19:00
Badminton Court (Top Pref)","Badminton Court / Tue / 19:00
Nudge Mon / 10:44","Badminton Court / Tue / 19:00
Booked Mon / 11:42",YES,4 of 4,4,Badminton Court,Badminton Court,Tue,Tue,19:00,19:00,Nudge Mon / 10:44,Booked Mon / 11:42
R-118-#9214,R-118,"Gym / Mon / 16:00
Gym (Top Pref)","Gym / Tue / 06:00
Nudge Mon / 14:28","Gym / Tue / 06:00
Booked Mon / 12:11",YES,4 of 4,4,Gym,Gym,Tue,Tue,06:00,06:00,Nudge Mon / 14:28,Booked Mon / 12:11
R-183-#9215,R-183,"Badminton Court / Fri / 06:00
Badminton Court (Top Pref)","Badminton Court / Mon / 18:00
Nudge Sun / 17:30","Badminton Court / Tue / 18:00
Booked Mon / 12:30",NO,2 of 4,2,Badminton Court,Badminton Court,Mon,Tue,18:00,18:00,Nudge Sun / 17:30,Booked Mon / 12:30
R-167-#9216,R-167,"Gym / Fri / 19:00
Gym (Top Pref)","Gym / Mon / 06:00
Nudge Sun / 17:17","Gym / Tue / 06:00
Booked Mon / 12:33",NO,2 of 4,2,Gym,Gym,Mon,Tue,06:00,06:00,Nudge Sun / 17:17,Booked Mon / 12:33
R-104-#9217,R-104,"Swimming Pool / Sat / 16:00
Swimming Pool (Top Pref)","Swimming Pool / Sun / 16:00
Nudge Sun / 09:54","Clubhouse / Mon / 17:00
Booked Mon / 13:12",NO,1 of 4,1,Swimming Pool,Clubhouse,Sun,Mon,16:00,17:00,Nudge Sun / 09:54,Booked Mon / 13:12
R-109-#9218,R-109,"Tennis Court / Mon / 07:00
Gym (Top Pref)","Gym / Tue / 06:00
Nudge Mon / 11:58","Gym / Tue / 06:00
Booked Mon / 13:40",YES,4 of 4,4,Gym,Gym,Tue,Tue,06:00,06:00,Nudge Mon / 11:58,Booked Mon / 13:40
R-172-#9219,R-172,"Gym / Sat / 08:00
Gym (Top Pref)","Gym / Mon / 06:00
Nudge Sun / 15:45","Gym / Tue / 08:00
Booked Mon / 14:00",NO,1 of 4,1,Gym,Gym,Mon,Tue,06:00,08:00,Nudge Sun / 15:45,Booked Mon / 14:00
R-189-#9220,R-189,"Badminton Court / Mon / 07:00
Gym (Top Pref)","Gym / Tue / 06:00
Nudge Mon / 13:51","Gym / Tue / 07:00
Booked Mon / 14:02",YES,4 of 4,4,Gym,Gym,Tue,Tue,06:00,07:00,Nudge Mon / 13:51,Booked Mon / 14:02
R-117-#9221,R-117,"Gym / Mon / 08:00
Gym (Top Pref)","Gym / Tue / 07:00
Nudge Mon / 17:20","Gym / Tue / 07:00
Booked Mon / 14:26",NO,3 of 4,3,Gym,Gym,Tue,Tue,07:00,07:00,Nudge Mon / 17:20,Booked Mon / 14:26
R-147-#9222,R-147,"Gym / Mon / 06:00
Gym (Top Pref)","Gym / Tue / 06:00
Nudge Mon / 13:22","Gym / Tue / 08:00
Booked Mon / 14:30",NO,3 of 4,3,Gym,Gym,Tue,Tue,06:00,08:00,Nudge Mon / 13:22,Booked Mon / 14:30
R-210-#9223,R-210,"Tennis Court / Mon / 07:00
Tennis Court (Top Pref)","Tennis Court / Thu / 07:00
Nudge Tue / 11:52","Gym / Tue / 18:00
Booked Mon / 14:32",NO,0 of 4,0,Tennis Court,Gym,Thu,Tue,07:00,18:00,Nudge Tue / 11:52,Booked Mon / 14:32
R-116-#9224,R-116,"Gym / Mon / 08:00
Gym (Top Pref)","Gym / Tue / 08:00
Nudge Mon / 18:30","Gym / Tue / 06:00
Booked Mon / 15:16",NO,2 of 4,2,Gym,Gym,Tue,Tue,08:00,06:00,Nudge Mon / 18:30,Booked Mon / 15:16
R-165-#9225,R-165,"Badminton Court / Mon / 19:00
Badminton Court (Top Pref)","Badminton Court / Tue / 19:00
Nudge Mon / 11:32","Swimming Pool / Tue / 18:00
Booked Mon / 15:22",NO,2 of 4,2,Badminton Court,Swimming Pool,Tue,Tue,19:00,18:00,Nudge Mon / 11:32,Booked Mon / 15:22
R-144-#9226,R-144,"Badminton Court / Mon / 06:00
Gym (Top Pref)","Gym / Tue / 07:00
Nudge Mon / 17:55","Gym / Tue / 08:00
Booked Mon / 15:39",YES,4 of 4,4,Gym,Gym,Tue,Tue,07:00,08:00,Nudge Mon / 17:55,Booked Mon / 15:39
R-180-#9227,R-180,"Badminton Court / Fri / 08:00
Badminton Court (Top Pref)","Badminton Court / Mon / 20:00
Nudge Sun / 19:29","Badminton Court / Tue / 19:00
Booked Mon / 15:41",NO,2 of 4,2,Badminton Court,Badminton Court,Mon,Tue,20:00,19:00,Nudge Sun / 19:29,Booked Mon / 15:41
R-212-#9228,R-212,"Gym / Mon / 12:00
Gym (Top Pref)","Gym / Tue / 08:00
Nudge Mon / 19:05","Gym / Tue / 07:00
Booked Mon / 15:56",NO,3 of 4,3,Gym,Gym,Tue,Tue,08:00,07:00,Nudge Mon / 19:05,Booked Mon / 15:56
R-152-#9229,R-152,"Tennis Court / Mon / 11:00
Gym (Top Pref)","Gym / Tue / 06:00
Nudge Mon / 17:01","Gym / Tue / 06:00
Booked Mon / 16:16",YES,4 of 4,4,Gym,Gym,Tue,Tue,06:00,06:00,Nudge Mon / 17:01,Booked Mon / 16:16
R-173-#9230,R-173,"Badminton Court / Mon / 18:00
Badminton Court (Top Pref)","Badminton Court / Tue / 19:00
Nudge Mon / 14:37","Gym / Tue / 18:00
Booked Mon / 16:31",NO,3 of 4,3,Badminton Court,Gym,Tue,Tue,19:00,18:00,Nudge Mon / 14:37,Booked Mon / 16:31
R-161-#9231,R-161,"Clubhouse / Sun / 06:00
Gym (Top Pref)","Gym / Mon / 17:00
Nudge Mon / 05:21","Gym / Tue / 07:00
Booked Mon / 16:45",NO,1 of 4,1,Gym,Gym,Mon,Tue,17:00,07:00,Nudge Mon / 05:21,Booked Mon / 16:45
R-206-#9232,R-206,"Clubhouse / Mon / 06:00
Gym (Top Pref)","Gym / Tue / 07:00
Nudge Mon / 17:54","Gym / Tue / 06:00
Booked Mon / 17:02",YES,4 of 4,4,Gym,Gym,Tue,Tue,07:00,06:00,Nudge Mon / 17:54,Booked Mon / 17:02
R-156-#9233,R-156,"Gym / Mon / 08:00
Gym (Top Pref)","Gym / Tue / 07:00
Nudge Mon / 18:42","Swimming Pool / Tue / 07:00
Booked Mon / 17:06",NO,3 of 4,3,Gym,Swimming Pool,Tue,Tue,07:00,07:00,Nudge Mon / 18:42,Booked Mon / 17:06
R-168-#9234,R-168,"Gym / Mon / 07:00
Gym (Top Pref)","Gym / Tue / 06:00
Nudge Mon / 14:19","Gym / Tue / 06:00
Booked Mon / 17:11",NO,3 of 4,3,Gym,Gym,Tue,Tue,06:00,06:00,Nudge Mon / 14:19,Booked Mon / 17:11
R-154-#9235,R-154,"Clubhouse / Sat / 08:00
Tennis Court (Top Pref)","Tennis Court / Tue / 07:00
Nudge Sun / 15:53","Swimming Pool / Wed / 07:00
Booked Mon / 17:22",NO,1 of 4,1,Tennis Court,Swimming Pool,Tue,Wed,07:00,07:00,Nudge Sun / 15:53,Booked Mon / 17:22
R-200-#9236,R-200,"Gym / Mon / 19:00
Gym (Top Pref)","Gym / Tue / 08:00
Nudge Mon / 19:21","Swimming Pool / Tue / 08:00
Booked Mon / 17:40",NO,3 of 4,3,Gym,Swimming Pool,Tue,Tue,08:00,08:00,Nudge Mon / 19:21,Booked Mon / 17:40
R-213-#9237,R-213,"Badminton Court / Mon / 17:00
Badminton Court (Top Pref)","Badminton Court / Tue / 18:00
Nudge Mon / 18:01","Swimming Pool / Tue / 19:00
Booked Mon / 18:20",NO,3 of 4,3,Badminton Court,Swimming Pool,Tue,Tue,18:00,19:00,Nudge Mon / 18:01,Booked Mon / 18:20
R-192-#9238,R-192,"Badminton Court / Mon / 20:00
Badminton Court (Top Pref)","Badminton Court / Tue / 20:00
Nudge Mon / 16:34","Badminton Court / Tue / 20:00
Booked Mon / 18:48",YES,4 of 4,4,Badminton Court,Badminton Court,Tue,Tue,20:00,20:00,Nudge Mon / 16:34,Booked Mon / 18:48
R-107-#9239,R-107,"Badminton Court / Mon / 20:00
Badminton Court (Top Pref)","Badminton Court / Tue / 18:00
Nudge Mon / 10:32","Badminton Court / Tue / 20:00
Booked Mon / 19:32",NO,2 of 4,2,Badminton Court,Badminton Court,Tue,Tue,18:00,20:00,Nudge Mon / 10:32,Booked Mon / 19:32
R-158-#9240,R-158,"Gym / Mon / 08:00
Gym (Top Pref)","Gym / Tue / 08:00
Nudge Mon / 20:04","Badminton Court / Tue / 07:00
Booked Mon / 19:38",NO,3 of 4,3,Gym,Badminton Court,Tue,Tue,08:00,07:00,Nudge Mon / 20:04,Booked Mon / 19:38
R-150-#9241,R-150,"Clubhouse / Mon / 19:00
Clubhouse (Top Pref)","Clubhouse / Sat / 14:00
Nudge Fri / 17:59","Gym / Tue / 18:00
Booked Mon / 19:40",NO,0 of 4,0,Clubhouse,Gym,Sat,Tue,14:00,18:00,Nudge Fri / 17:59,Booked Mon / 19:40
R-136-#9242,R-136,"Swimming Pool / Sat / 18:00
Badminton Court (Top Pref)","Badminton Court / Mon / 20:00
Nudge Sun / 16:13","Swimming Pool / Tue / 18:00
Booked Mon / 20:35",NO,0 of 4,0,Badminton Court,Swimming Pool,Mon,Tue,20:00,18:00,Nudge Sun / 16:13,Booked Mon / 20:35
R-215-#9243,R-215,"Gym / Sun / 12:00
Gym (Top Pref)","Swimming Pool / Tue / 17:00
Nudge Tue / 03:05","Gym / Tue / 11:00
Booked Mon / 20:58",NO,1 of 4,1,Swimming Pool,Gym,Tue,Tue,17:00,11:00,Nudge Tue / 03:05,Booked Mon / 20:58
R-208-#9244,R-208,"Gym / Mon / 06:00
Gym (Top Pref)","Gym / Tue / 07:00
Nudge Mon / 18:24","Gym / Tue / 07:00
Booked Mon / 21:12",NO,3 of 4,3,Gym,Gym,Tue,Tue,07:00,07:00,Nudge Mon / 18:24,Booked Mon / 21:12
R-207-#9245,R-207,"Badminton Court / Mon / 19:00
Badminton Court (Top Pref)","Badminton Court / Tue / 20:00
Nudge Mon / 18:03","Clubhouse / Tue / 18:00
Booked Mon / 21:13",NO,1 of 4,1,Badminton Court,Clubhouse,Tue,Tue,20:00,18:00,Nudge Mon / 18:03,Booked Mon / 21:13
R-195-#9246,R-195,"Badminton Court / Mon / 18:00
Badminton Court (Top Pref)","Badminton Court / Tue / 18:00
Nudge Mon / 15:48","Gym / Tue / 18:00
Booked Mon / 22:20",NO,2 of 4,2,Badminton Court,Gym,Tue,Tue,18:00,18:00,Nudge Mon / 15:48,Booked Mon / 22:20
R-127-#9247,R-127,"Badminton Court / Mon / 19:00
Swimming Pool (Top Pref)","Swimming Pool / Tue / 07:00
Nudge Mon / 18:21","Gym / Tue / 08:00
Booked Mon / 22:24",NO,2 of 4,2,Swimming Pool,Gym,Tue,Tue,07:00,08:00,Nudge Mon / 18:21,Booked Mon / 22:24
R-123-#9248,R-123,"Gym / Mon / 08:00
Gym (Top Pref)","Gym / Tue / 08:00
Nudge Mon / 20:13","Swimming Pool / Tue / 14:00
Booked Mon / 22:39",NO,2 of 4,2,Gym,Swimming Pool,Tue,Tue,08:00,14:00,Nudge Mon / 20:13,Booked Mon / 22:39
R-138-#9249,R-138,"Tennis Court / Fri / 08:00
Tennis Court (Top Pref)","Tennis Court / Tue / 18:00
Nudge Mon / 02:13","Tennis Court / Wed / 18:00
Booked Mon / 23:14",NO,2 of 4,2,Tennis Court,Tennis Court,Tue,Wed,18:00,18:00,Nudge Mon / 02:13,Booked Mon / 23:14
R-218-#9250,R-218,"Swimming Pool / Mon / 09:00
Gym (Top Pref)","Gym / Tue / 07:00
Nudge Mon / 18:49","Tennis Court / Tue / 08:00
Booked Mon / 23:57",NO,2 of 4,2,Gym,Tennis Court,Tue,Tue,07:00,08:00,Nudge Mon / 18:49,Booked Mon / 23:57
R-102-#9251,R-102,"Gym / Fri / 08:00
Gym (Top Pref)","Gym / Mon / 07:00
Nudge Sun / 18:07","Tennis Court / Tue / 14:00
Booked Tue / 00:00",NO,0 of 4,0,Gym,Tennis Court,Mon,Tue,07:00,14:00,Nudge Sun / 18:07,Booked Tue / 00:00
R-196-#9252,R-196,"Badminton Court / Mon / 20:00
Badminton Court (Top Pref)","Badminton Court / Tue / 18:00
Nudge Mon / 18:17","Badminton Court / Tue / 10:00
Booked Tue / 00:29",NO,2 of 4,2,Badminton Court,Badminton Court,Tue,Tue,18:00,10:00,Nudge Mon / 18:17,Booked Tue / 00:29
R-190-#9253,R-190,"Clubhouse / Sun / 18:00
Clubhouse (Top Pref)","Clubhouse / Fri / 14:00
Nudge Thu / 16:55","Clubhouse / Tue / 20:00
Booked Tue / 00:44",NO,1 of 4,1,Clubhouse,Clubhouse,Fri,Tue,14:00,20:00,Nudge Thu / 16:55,Booked Tue / 00:44
R-142-#9254,R-142,"Gym / Tue / 20:00
Badminton Court (Top Pref)","Badminton Court / Wed / 18:00
Nudge Tue / 12:31","Badminton Court / Wed / 15:00
Booked Tue / 00:58",NO,2 of 4,2,Badminton Court,Badminton Court,Wed,Wed,18:00,15:00,Nudge Tue / 12:31,Booked Tue / 00:58
R-132-#9255,R-132,"Badminton Court / Tue / 07:00
Tennis Court (Top Pref)","Tennis Court / Thu / 07:00
Nudge Tue / 14:26","Tennis Court / Wed / 17:00
Booked Tue / 01:19",NO,1 of 4,1,Tennis Court,Tennis Court,Thu,Wed,07:00,17:00,Nudge Tue / 14:26,Booked Tue / 01:19
R-108-#9256,R-108,"Badminton Court / Sat / 19:00
Badminton Court (Top Pref)","Badminton Court / Mon / 19:00
Nudge Mon / 07:08","Gym / Tue / 15:00
Booked Tue / 03:01",NO,0 of 4,0,Badminton Court,Gym,Mon,Tue,19:00,15:00,Nudge Mon / 07:08,Booked Tue / 03:01
R-106-#9257,R-106,"Badminton Court / Tue / 18:00
Badminton Court (Top Pref)","Badminton Court / Wed / 18:00
Nudge Tue / 09:52","Badminton Court / Wed / 19:00
Booked Tue / 03:04",NO,3 of 4,3,Badminton Court,Badminton Court,Wed,Wed,18:00,19:00,Nudge Tue / 09:52,Booked Tue / 03:04
R-183-#9258,R-183,"Badminton Court / Tue / 18:00
Badminton Court (Top Pref)","Badminton Court / Wed / 18:00
Nudge Tue / 09:02","Gym / Wed / 19:00
Booked Tue / 03:36",NO,2 of 4,2,Badminton Court,Gym,Wed,Wed,18:00,19:00,Nudge Tue / 09:02,Booked Tue / 03:36
R-201-#9259,R-201,"Clubhouse / Sun / 08:00
Gym (Top Pref)","Swimming Pool / Tue / 17:00
Nudge Tue / 03:08","Swimming Pool / Tue / 19:00
Booked Tue / 04:22",NO,3 of 4,3,Swimming Pool,Swimming Pool,Tue,Tue,17:00,19:00,Nudge Tue / 03:08,Booked Tue / 04:22
R-159-#9260,R-159,"Clubhouse / Sat / 11:00
Clubhouse (Top Pref)","Clubhouse / Sun / 20:00
Nudge Sat / 23:17","Badminton Court / Tue / 19:00
Booked Tue / 05:13",NO,1 of 4,1,Clubhouse,Badminton Court,Sun,Tue,20:00,19:00,Nudge Sat / 23:17,Booked Tue / 05:13
R-169-#9261,R-169,"Badminton Court / Sun / 11:00
Badminton Court (Top Pref)","Gym / Mon / 17:00
Nudge Mon / 05:04","Badminton Court / Tue / 17:00
Booked Tue / 05:20",NO,1 of 4,1,Gym,Badminton Court,Mon,Tue,17:00,17:00,Nudge Mon / 05:04,Booked Tue / 05:20
R-141-#9262,R-141,"Badminton Court / Mon / 20:00
Badminton Court (Top Pref)","Badminton Court / Tue / 18:00
Nudge Mon / 12:32","Gym / Wed / 08:00
Booked Tue / 05:50",NO,0 of 4,0,Badminton Court,Gym,Tue,Wed,18:00,08:00,Nudge Mon / 12:32,Booked Tue / 05:50
R-131-#9263,R-131,"Tennis Court / Fri / 18:00
Badminton Court (Top Pref)","Badminton Court / Mon / 20:00
Nudge Sun / 18:27","Badminton Court / Tue / 20:00
Booked Tue / 06:43",NO,2 of 4,2,Badminton Court,Badminton Court,Mon,Tue,20:00,20:00,Nudge Sun / 18:27,Booked Tue / 06:43
R-178-#9264,R-178,"Gym / Mon / 07:00
Gym (Top Pref)","Gym / Tue / 19:00
Nudge Tue / 06:10","Clubhouse / Tue / 19:00
Booked Tue / 07:02",NO,3 of 4,3,Gym,Clubhouse,Tue,Tue,19:00,19:00,Nudge Tue / 06:10,Booked Tue / 07:02
R-176-#9265,R-176,"Swimming Pool / Wed / 10:00
Swimming Pool (Top Pref)","Swimming Pool / Sat / 16:00
Nudge Sat / 09:54","Swimming Pool / Tue / 11:00
Booked Tue / 07:04",NO,1 of 4,1,Swimming Pool,Swimming Pool,Sat,Tue,16:00,11:00,Nudge Sat / 09:54,Booked Tue / 07:04
R-187-#9266,R-187,"Clubhouse / Sat / 07:00
Gym (Top Pref)","Gym / Mon / 17:00
Nudge Mon / 05:06","Badminton Court / Tue / 19:00
Booked Tue / 07:48",NO,0 of 4,0,Gym,Badminton Court,Mon,Tue,17:00,19:00,Nudge Mon / 05:06,Booked Tue / 07:48
R-140-#9267,R-140,"Swimming Pool / Sun / 14:00
Swimming Pool (Top Pref)","Swimming Pool / Tue / 16:00
Nudge Tue / 10:40","Swimming Pool / Tue / 16:00
Booked Tue / 08:06",NO,3 of 4,3,Swimming Pool,Swimming Pool,Tue,Tue,16:00,16:00,Nudge Tue / 10:40,Booked Tue / 08:06
R-165-#9268,R-165,"Swimming Pool / Tue / 18:00
Badminton Court (Top Pref)","Badminton Court / Wed / 19:00
Nudge Tue / 11:50","Badminton Court / Wed / 11:00
Booked Tue / 08:19",NO,2 of 4,2,Badminton Court,Badminton Court,Wed,Wed,19:00,11:00,Nudge Tue / 11:50,Booked Tue / 08:19
R-123-#9269,R-123,"Swimming Pool / Tue / 14:00
Gym (Top Pref)","Gym / Wed / 07:00
Nudge Tue / 14:31","Gym / Wed / 08:00
Booked Tue / 08:57",NO,3 of 4,3,Gym,Gym,Wed,Wed,07:00,08:00,Nudge Tue / 14:31,Booked Tue / 08:57
R-194-#9270,R-194,"Tennis Court / Mon / 11:00
Gym (Top Pref)","Gym / Tue / 17:00
Nudge Tue / 03:04","Clubhouse / Tue / 19:00
Booked Tue / 09:30",NO,1 of 4,1,Gym,Clubhouse,Tue,Tue,17:00,19:00,Nudge Tue / 03:04,Booked Tue / 09:30
R-132-#9271,R-132,"Tennis Court / Wed / 17:00
Tennis Court (Top Pref)","Tennis Court / Thu / 07:00
Nudge Tue / 06:09","Tennis Court / Thu / 07:00
Booked Tue / 09:43",NO,3 of 4,3,Tennis Court,Tennis Court,Thu,Thu,07:00,07:00,Nudge Tue / 06:09,Booked Tue / 09:43
R-149-#9272,R-149,"Swimming Pool / Mon / 11:00
Swimming Pool (Top Pref)","Swimming Pool / Sun / 16:00
Nudge Sun / 10:49","Swimming Pool / Tue / 16:00
Booked Tue / 11:44",NO,2 of 4,2,Swimming Pool,Swimming Pool,Sun,Tue,16:00,16:00,Nudge Sun / 10:49,Booked Tue / 11:44
R-212-#9273,R-212,"Gym / Tue / 07:00
Gym (Top Pref)","Gym / Wed / 06:00
Nudge Tue / 14:19","Gym / Wed / 06:00
Booked Tue / 12:19",YES,4 of 4,4,Gym,Gym,Wed,Wed,06:00,06:00,Nudge Tue / 14:19,Booked Tue / 12:19
R-111-#9274,R-111,"Badminton Court / Mon / 17:00
Gym (Top Pref)","Gym / Tue / 19:00
Nudge Tue / 05:37","Badminton Court / Tue / 19:00
Booked Tue / 12:35",NO,2 of 4,2,Gym,Badminton Court,Tue,Tue,19:00,19:00,Nudge Tue / 05:37,Booked Tue / 12:35
R-135-#9275,R-135,"Swimming Pool / Tue / 06:00
Gym (Top Pref)","Gym / Wed / 08:00
Nudge Tue / 18:08","Gym / Wed / 08:00
Booked Tue / 12:45",NO,3 of 4,3,Gym,Gym,Wed,Wed,08:00,08:00,Nudge Tue / 18:08,Booked Tue / 12:45
R-210-#9276,R-210,"Gym / Tue / 18:00
Tennis Court (Top Pref)","Tennis Court / Thu / 07:00
Nudge Tue / 09:52","Tennis Court / Thu / 17:00
Booked Tue / 13:28",NO,2 of 4,2,Tennis Court,Tennis Court,Thu,Thu,07:00,17:00,Nudge Tue / 09:52,Booked Tue / 13:28
R-195-#9277,R-195,"Gym / Tue / 18:00
Badminton Court (Top Pref)","Badminton Court / Wed / 18:00
Nudge Tue / 09:59","Clubhouse / Wed / 20:00
Booked Tue / 13:29",NO,1 of 4,1,Badminton Court,Clubhouse,Wed,Wed,18:00,20:00,Nudge Tue / 09:59,Booked Tue / 13:29
R-131-#9278,R-131,"Badminton Court / Tue / 20:00
Badminton Court (Top Pref)","Badminton Court / Wed / 20:00
Nudge Tue / 11:06","Badminton Court / Wed / 20:00
Booked Tue / 13:42",NO,3 of 4,3,Badminton Court,Badminton Court,Wed,Wed,20:00,20:00,Nudge Tue / 11:06,Booked Tue / 13:42
R-136-#9279,R-136,"Swimming Pool / Tue / 18:00
Badminton Court (Top Pref)","Badminton Court / Wed / 20:00
Nudge Tue / 13:52","Badminton Court / Wed / 19:00
Booked Tue / 15:29",YES,4 of 4,4,Badminton Court,Badminton Court,Wed,Wed,20:00,19:00,Nudge Tue / 13:52,Booked Tue / 15:29
R-206-#9280,R-206,"Gym / Tue / 06:00
Gym (Top Pref)","Gym / Wed / 07:00
Nudge Tue / 16:08","Gym / Wed / 06:00
Booked Tue / 15:33",YES,4 of 4,4,Gym,Gym,Wed,Wed,07:00,06:00,Nudge Tue / 16:08,Booked Tue / 15:33
R-192-#9281,R-192,"Badminton Court / Tue / 20:00
Badminton Court (Top Pref)","Badminton Court / Wed / 18:00
Nudge Tue / 11:32","Badminton Court / Wed / 20:00
Booked Tue / 15:37",NO,2 of 4,2,Badminton Court,Badminton Court,Wed,Wed,18:00,20:00,Nudge Tue / 11:32,Booked Tue / 15:37
R-107-#9282,R-107,"Badminton Court / Tue / 20:00
Badminton Court (Top Pref)","Badminton Court / Wed / 18:00
Nudge Tue / 12:01","Badminton Court / Wed / 19:00
Booked Tue / 16:00",NO,3 of 4,3,Badminton Court,Badminton Court,Wed,Wed,18:00,19:00,Nudge Tue / 12:01,Booked Tue / 16:00
R-120-#9283,R-120,"Gym / Tue / 18:00
Badminton Court (Top Pref)","Badminton Court / Wed / 18:00
Nudge Tue / 15:59","Badminton Court / Wed / 19:00
Booked Tue / 16:12",YES,4 of 4,4,Badminton Court,Badminton Court,Wed,Wed,18:00,19:00,Nudge Tue / 15:59,Booked Tue / 16:12
R-174-#9284,R-174,"Clubhouse / Mon / 06:00
Gym (Top Pref)","Gym / Wed / 06:00
Nudge Tue / 15:25","Gym / Wed / 08:00
Booked Tue / 16:24",NO,3 of 4,3,Gym,Gym,Wed,Wed,06:00,08:00,Nudge Tue / 15:25,Booked Tue / 16:24
R-167-#9285,R-167,"Gym / Tue / 06:00
Gym (Top Pref)","Gym / Wed / 07:00
Nudge Tue / 18:41","Gym / Wed / 07:00
Booked Tue / 16:28",YES,4 of 4,4,Gym,Gym,Wed,Wed,07:00,07:00,Nudge Tue / 18:41,Booked Tue / 16:28
R-101-#9286,R-101,"Gym / Tue / 07:00
Gym (Top Pref)","Gym / Wed / 08:00
Nudge Tue / 20:13","Badminton Court / Wed / 06:00
Booked Tue / 16:38",NO,1 of 4,1,Gym,Badminton Court,Wed,Wed,08:00,06:00,Nudge Tue / 20:13,Booked Tue / 16:38
R-196-#9287,R-196,"Badminton Court / Tue / 10:00
Badminton Court (Top Pref)","Badminton Court / Wed / 18:00
Nudge Tue / 11:07","Badminton Court / Wed / 18:00
Booked Tue / 16:40",NO,3 of 4,3,Badminton Court,Badminton Court,Wed,Wed,18:00,18:00,Nudge Tue / 11:07,Booked Tue / 16:40
R-170-#9288,R-170,"Clubhouse / Mon / 20:00
Badminton Court (Top Pref)","Badminton Court / Tue / 18:00
Nudge Mon / 18:23","Badminton Court / Wed / 20:00
Booked Tue / 16:44",NO,1 of 4,1,Badminton Court,Badminton Court,Tue,Wed,18:00,20:00,Nudge Mon / 18:23,Booked Tue / 16:44
R-168-#9289,R-168,"Gym / Tue / 06:00
Gym (Top Pref)","Gym / Wed / 07:00
Nudge Tue / 16:22","Swimming Pool / Wed / 08:00
Booked Tue / 16:51",NO,3 of 4,3,Gym,Swimming Pool,Wed,Wed,07:00,08:00,Nudge Tue / 16:22,Booked Tue / 16:51
R-189-#9290,R-189,"Gym / Tue / 07:00
Gym (Top Pref)","Gym / Wed / 07:00
Nudge Tue / 18:36","Gym / Wed / 06:00
Booked Tue / 17:23",YES,4 of 4,4,Gym,Gym,Wed,Wed,07:00,06:00,Nudge Tue / 18:36,Booked Tue / 17:23
R-117-#9291,R-117,"Gym / Tue / 07:00
Gym (Top Pref)","Gym / Wed / 07:00
Nudge Tue / 17:59","Gym / Wed / 08:00
Booked Tue / 17:24",YES,4 of 4,4,Gym,Gym,Wed,Wed,07:00,08:00,Nudge Tue / 17:59,Booked Tue / 17:24
R-172-#9292,R-172,"Gym / Tue / 08:00
Gym (Top Pref)","Gym / Wed / 07:00
Nudge Tue / 18:43","Swimming Pool / Wed / 08:00
Booked Tue / 17:31",NO,3 of 4,3,Gym,Swimming Pool,Wed,Wed,07:00,08:00,Nudge Tue / 18:43,Booked Tue / 17:31
R-109-#9293,R-109,"Gym / Tue / 06:00
Gym (Top Pref)","Gym / Wed / 07:00
Nudge Tue / 18:48","Gym / Wed / 07:00
Booked Tue / 18:06",YES,4 of 4,4,Gym,Gym,Wed,Wed,07:00,07:00,Nudge Tue / 18:48,Booked Tue / 18:06
R-116-#9294,R-116,"Gym / Tue / 06:00
Gym (Top Pref)","Gym / Wed / 08:00
Nudge Tue / 19:19","Gym / Wed / 07:00
Booked Tue / 18:20",YES,4 of 4,4,Gym,Gym,Wed,Wed,08:00,07:00,Nudge Tue / 19:19,Booked Tue / 18:20
R-156-#9295,R-156,"Swimming Pool / Tue / 07:00
Gym (Top Pref)","Gym / Wed / 07:00
Nudge Tue / 16:41","Gym / Wed / 08:00
Booked Tue / 18:31",YES,4 of 4,4,Gym,Gym,Wed,Wed,07:00,08:00,Nudge Tue / 16:41,Booked Tue / 18:31
R-152-#9296,R-152,"Gym / Tue / 06:00
Gym (Top Pref)","Gym / Wed / 06:00
Nudge Tue / 17:04","Gym / Wed / 09:00
Booked Tue / 18:52",NO,3 of 4,3,Gym,Gym,Wed,Wed,06:00,09:00,Nudge Tue / 17:04,Booked Tue / 18:52
R-119-#9297,R-119,"Tennis Court / Mon / 18:00
Badminton Court (Top Pref)","Badminton Court / Wed / 20:00
Nudge Tue / 19:43","Swimming Pool / Wed / 19:00
Booked Tue / 18:54",NO,3 of 4,3,Badminton Court,Swimming Pool,Wed,Wed,20:00,19:00,Nudge Tue / 19:43,Booked Tue / 18:54
R-198-#9298,R-198,"Tennis Court / Sat / 08:00
Tennis Court (Top Pref)","Tennis Court / Tue / 18:00
Nudge Mon / 00:52","Tennis Court / Thu / 11:00
Booked Tue / 19:43",NO,1 of 4,1,Tennis Court,Tennis Court,Tue,Thu,18:00,11:00,Nudge Mon / 00:52,Booked Tue / 19:43
R-145-#9299,R-145,"Gym / Mon / 08:00
Gym (Top Pref)","Gym / Wed / 08:00
Nudge Tue / 17:37","Gym / Wed / 08:00
Booked Tue / 20:13",NO,3 of 4,3,Gym,Gym,Wed,Wed,08:00,08:00,Nudge Tue / 17:37,Booked Tue / 20:13
R-197-#9300,R-197,"Tennis Court / Tue / 08:00
Tennis Court (Top Pref)","Tennis Court / Thu / 07:00
Nudge Tue / 13:21","Gym / Thu / 08:00
Booked Tue / 21:15",NO,2 of 4,2,Tennis Court,Gym,Thu,Thu,07:00,08:00,Nudge Tue / 13:21,Booked Tue / 21:15
R-147-#9301,R-147,"Gym / Tue / 08:00
Gym (Top Pref)","Gym / Wed / 08:00
Nudge Tue / 20:21","Swimming Pool / Wed / 06:00
Booked Tue / 21:35",NO,2 of 4,2,Gym,Swimming Pool,Wed,Wed,08:00,06:00,Nudge Tue / 20:21,Booked Tue / 21:35
R-158-#9302,R-158,"Badminton Court / Tue / 07:00
Gym (Top Pref)","Gym / Wed / 08:00
Nudge Tue / 18:50","Badminton Court / Wed / 17:00
Booked Tue / 22:07",NO,1 of 4,1,Gym,Badminton Court,Wed,Wed,08:00,17:00,Nudge Tue / 18:50,Booked Tue / 22:07
R-204-#9303,R-204,"Swimming Pool / Sun / 07:00
Tennis Court (Top Pref)","Gym / Mon / 17:00
Nudge Mon / 03:12","Tennis Court / Wed / 11:00
Booked Tue / 22:13",NO,0 of 4,0,Gym,Tennis Court,Mon,Wed,17:00,11:00,Nudge Mon / 03:12,Booked Tue / 22:13
R-102-#9304,R-102,"Tennis Court / Tue / 14:00
Gym (Top Pref)","Gym / Wed / 06:00
Nudge Tue / 17:45","Gym / Wed / 08:00
Booked Tue / 22:43",NO,2 of 4,2,Gym,Gym,Wed,Wed,06:00,08:00,Nudge Tue / 17:45,Booked Tue / 22:43
R-207-#9305,R-207,"Clubhouse / Tue / 18:00
Badminton Court (Top Pref)","Badminton Court / Wed / 20:00
Nudge Tue / 16:01","Tennis Court / Wed / 18:00
Booked Tue / 22:46",NO,1 of 4,1,Badminton Court,Tennis Court,Wed,Wed,20:00,18:00,Nudge Tue / 16:01,Booked Tue / 22:46
R-139-#9306,R-139,"Swimming Pool / Sat / 11:00
Swimming Pool (Top Pref)","Swimming Pool / Sun / 15:00
Nudge Sun / 09:25","Swimming Pool / Wed / 06:00
Booked Tue / 23:00",NO,1 of 4,1,Swimming Pool,Swimming Pool,Sun,Wed,15:00,06:00,Nudge Sun / 09:25,Booked Tue / 23:00
R-208-#9307,R-208,"Gym / Tue / 07:00
Gym (Top Pref)","Gym / Wed / 07:00
Nudge Tue / 16:56","Badminton Court / Wed / 06:00
Booked Tue / 23:00",NO,2 of 4,2,Gym,Badminton Court,Wed,Wed,07:00,06:00,Nudge Tue / 16:56,Booked Tue / 23:00
R-125-#9308,R-125,"Badminton Court / Mon / 20:00
Badminton Court (Top Pref)","Badminton Court / Wed / 18:00
Nudge Tue / 17:38","Badminton Court / Wed / 18:00
Booked Tue / 23:47",NO,3 of 4,3,Badminton Court,Badminton Court,Wed,Wed,18:00,18:00,Nudge Tue / 17:38,Booked Tue / 23:47
R-170-#9309,R-170,"Badminton Court / Wed / 20:00
Badminton Court (Top Pref)","Badminton Court / Thu / 18:00
Nudge Wed / 10:22","Gym / Thu / 14:00
Booked Tue / 23:54",NO,1 of 4,1,Badminton Court,Gym,Thu,Thu,18:00,14:00,Nudge Wed / 10:22,Booked Tue / 23:54
R-100-#9310,R-100,"Clubhouse / Sun / 19:00
Swimming Pool (Top Pref)","Gym / Mon / 17:00
Nudge Mon / 05:18","Tennis Court / Wed / 11:00
Booked Wed / 00:35",NO,0 of 4,0,Gym,Tennis Court,Mon,Wed,17:00,11:00,Nudge Mon / 05:18,Booked Wed / 00:35
R-136-#9311,R-136,"Badminton Court / Wed / 19:00
Badminton Court (Top Pref)","Badminton Court / Thu / 18:00
Nudge Wed / 08:48","Badminton Court / Thu / 20:00
Booked Wed / 01:16",NO,2 of 4,2,Badminton Court,Badminton Court,Thu,Thu,18:00,20:00,Nudge Wed / 08:48,Booked Wed / 01:16
R-203-#9312,R-203,"Gym / Tue / 18:00
Badminton Court (Top Pref)","Badminton Court / Wed / 20:00
Nudge Tue / 19:46","Tennis Court / Wed / 19:00
Booked Wed / 03:33",NO,2 of 4,2,Badminton Court,Tennis Court,Wed,Wed,20:00,19:00,Nudge Tue / 19:46,Booked Wed / 03:33
R-107-#9313,R-107,"Badminton Court / Wed / 19:00
Badminton Court (Top Pref)","Badminton Court / Thu / 18:00
Nudge Wed / 09:38","Swimming Pool / Thu / 15:00
Booked Wed / 03:34",NO,1 of 4,1,Badminton Court,Swimming Pool,Thu,Thu,18:00,15:00,Nudge Wed / 09:38,Booked Wed / 03:34
R-108-#9314,R-108,"Gym / Tue / 15:00
Badminton Court (Top Pref)","Gym / Wed / 19:00
Nudge Wed / 07:09","Badminton Court / Wed / 19:00
Booked Wed / 04:39",NO,3 of 4,3,Gym,Badminton Court,Wed,Wed,19:00,19:00,Nudge Wed / 07:09,Booked Wed / 04:39
R-128-#9315,R-128,"Gym / Sat / 16:00
Swimming Pool (Top Pref)","Swimming Pool / Mon / 19:00
Nudge Mon / 04:31","Tennis Court / Wed / 17:00
Booked Wed / 04:42",NO,0 of 4,0,Swimming Pool,Tennis Court,Mon,Wed,19:00,17:00,Nudge Mon / 04:31,Booked Wed / 04:42
R-126-#9316,R-126,"Clubhouse / Mon / 08:00
Swimming Pool (Top Pref)","Swimming Pool / Wed / 19:00
Nudge Wed / 07:13","Badminton Court / Wed / 11:00
Booked Wed / 05:14",NO,2 of 4,2,Swimming Pool,Badminton Court,Wed,Wed,19:00,11:00,Nudge Wed / 07:13,Booked Wed / 05:14
R-125-#9317,R-125,"Badminton Court / Wed / 18:00
Badminton Court (Top Pref)","Badminton Court / Thu / 18:00
Nudge Wed / 10:23","Badminton Court / Thu / 19:00
Booked Wed / 05:23",NO,3 of 4,3,Badminton Court,Badminton Court,Thu,Thu,18:00,19:00,Nudge Wed / 10:23,Booked Wed / 05:23
R-186-#9318,R-186,"Gym / Mon / 07:00
Swimming Pool (Top Pref)","Gym / Wed / 17:00
Nudge Wed / 03:29","Swimming Pool / Wed / 19:00
Booked Wed / 06:29",NO,1 of 4,1,Gym,Swimming Pool,Wed,Wed,17:00,19:00,Nudge Wed / 03:29,Booked Wed / 06:29
R-113-#9319,R-113,"Gym / Tue / 06:00
Gym (Top Pref)","Gym / Thu / 07:00
Nudge Wed / 16:21","Gym / Wed / 18:00
Booked Wed / 07:04",NO,1 of 4,1,Gym,Gym,Thu,Wed,07:00,18:00,Nudge Wed / 16:21,Booked Wed / 07:04
R-195-#9320,R-195,"Clubhouse / Wed / 20:00
Badminton Court (Top Pref)","Badminton Court / Thu / 18:00
Nudge Wed / 10:12","Badminton Court / Thu / 18:00
Booked Wed / 07:08",NO,3 of 4,3,Badminton Court,Badminton Court,Thu,Thu,18:00,18:00,Nudge Wed / 10:12,Booked Wed / 07:08
R-200-#9321,R-200,"Swimming Pool / Tue / 08:00
Gym (Top Pref)","Swimming Pool / Wed / 17:00
Nudge Wed / 03:47","Swimming Pool / Wed / 15:00
Booked Wed / 07:13",NO,2 of 4,2,Swimming Pool,Swimming Pool,Wed,Wed,17:00,15:00,Nudge Wed / 03:47,Booked Wed / 07:13
R-147-#9322,R-147,"Swimming Pool / Wed / 06:00
Gym (Top Pref)","Gym / Thu / 06:00
Nudge Wed / 09:52","Tennis Court / Thu / 06:00
Booked Wed / 07:54",NO,3 of 4,3,Gym,Tennis Court,Thu,Thu,06:00,06:00,Nudge Wed / 09:52,Booked Wed / 07:54
R-180-#9323,R-180,"Badminton Court / Tue / 19:00
Badminton Court (Top Pref)","Badminton Court / Wed / 20:00
Nudge Tue / 20:04","Badminton Court / Wed / 19:00
Booked Wed / 08:14",NO,3 of 4,3,Badminton Court,Badminton Court,Wed,Wed,20:00,19:00,Nudge Tue / 20:04,Booked Wed / 08:14
R-104-#9324,R-104,"Clubhouse / Mon / 17:00
Swimming Pool (Top Pref)","Swimming Pool / Sat / 16:00
Nudge Sat / 09:54","Swimming Pool / Wed / 16:00
Booked Wed / 10:05",NO,2 of 4,2,Swimming Pool,Swimming Pool,Sat,Wed,16:00,16:00,Nudge Sat / 09:54,Booked Wed / 10:05
R-173-#9325,R-173,"Gym / Tue / 18:00
Badminton Court (Top Pref)","Badminton Court / Wed / 18:00
Nudge Tue / 17:57","Badminton Court / Thu / 18:00
Booked Wed / 10:20",NO,2 of 4,2,Badminton Court,Badminton Court,Wed,Thu,18:00,18:00,Nudge Tue / 17:57,Booked Wed / 10:20
R-192-#9326,R-192,"Badminton Court / Wed / 20:00
Badminton Court (Top Pref)","Badminton Court / Thu / 18:00
Nudge Wed / 09:58","Gym / Thu / 14:00
Booked Wed / 10:31",NO,2 of 4,2,Badminton Court,Gym,Thu,Thu,18:00,14:00,Nudge Wed / 09:58,Booked Wed / 10:31
R-163-#9327,R-163,"Clubhouse / Sun / 15:00
Swimming Pool (Top Pref)","Swimming Pool / Wed / 15:00
Nudge Wed / 09:41","Gym / Wed / 17:00
Booked Wed / 10:59",NO,2 of 4,2,Swimming Pool,Gym,Wed,Wed,15:00,17:00,Nudge Wed / 09:41,Booked Wed / 10:59
R-134-#9328,R-134,"Gym / Mon / 15:00
Swimming Pool (Top Pref)","Swimming Pool / Wed / 16:00
Nudge Wed / 10:59","Clubhouse / Wed / 17:00
Booked Wed / 12:25",NO,3 of 4,3,Swimming Pool,Clubhouse,Wed,Wed,16:00,17:00,Nudge Wed / 10:59,Booked Wed / 12:25
R-102-#9329,R-102,"Gym / Wed / 08:00
Gym (Top Pref)","Gym / Thu / 06:00
Nudge Wed / 11:21","Gym / Thu / 07:00
Booked Wed / 13:12",YES,4 of 4,4,Gym,Gym,Thu,Thu,06:00,07:00,Nudge Wed / 11:21,Booked Wed / 13:12
R-105-#9330,R-105,"Badminton Court / Tue / 19:00
Badminton Court (Top Pref)","Badminton Court / Thu / 20:00
Nudge Wed / 20:12","Tennis Court / Thu / 20:00
Booked Wed / 13:26",NO,2 of 4,2,Badminton Court,Tennis Court,Thu,Thu,20:00,20:00,Nudge Wed / 20:12,Booked Wed / 13:26
R-196-#9331,R-196,"Badminton Court / Wed / 18:00
Badminton Court (Top Pref)","Badminton Court / Thu / 18:00
Nudge Wed / 13:51","Badminton Court / Thu / 19:00
Booked Wed / 13:55",YES,4 of 4,4,Badminton Court,Badminton Court,Thu,Thu,18:00,19:00,Nudge Wed / 13:51,Booked Wed / 13:55
R-217-#9332,R-217,"Badminton Court / Tue / 19:00
Badminton Court (Top Pref)","Badminton Court / Thu / 18:00
Nudge Wed / 17:40","Swimming Pool / Thu / 18:00
Booked Wed / 14:06",NO,2 of 4,2,Badminton Court,Swimming Pool,Thu,Thu,18:00,18:00,Nudge Wed / 17:40,Booked Wed / 14:06
R-206-#9333,R-206,"Gym / Wed / 06:00
Gym (Top Pref)","Gym / Thu / 07:00
Nudge Wed / 16:16","Gym / Thu / 07:00
Booked Wed / 14:11",YES,4 of 4,4,Gym,Gym,Thu,Thu,07:00,07:00,Nudge Wed / 16:16,Booked Wed / 14:11
R-118-#9334,R-118,"Gym / Tue / 06:00
Gym (Top Pref)","Gym / Wed / 06:00
Nudge Tue / 17:06","Badminton Court / Thu / 07:00
Booked Wed / 14:37",NO,1 of 4,1,Gym,Badminton Court,Wed,Thu,06:00,07:00,Nudge Tue / 17:06,Booked Wed / 14:37
R-144-#9335,R-144,"Gym / Tue / 08:00
Gym (Top Pref)","Gym / Thu / 07:00
Nudge Wed / 16:22","Tennis Court / Wed / 20:00
Booked Wed / 14:58",NO,1 of 4,1,Gym,Tennis Court,Thu,Wed,07:00,20:00,Nudge Wed / 16:22,Booked Wed / 14:58
R-167-#9336,R-167,"Gym / Wed / 07:00
Gym (Top Pref)","Gym / Thu / 07:00
Nudge Wed / 16:21","Gym / Thu / 06:00
Booked Wed / 15:04",YES,4 of 4,4,Gym,Gym,Thu,Thu,07:00,06:00,Nudge Wed / 16:21,Booked Wed / 15:04
R-189-#9337,R-189,"Gym / Wed / 06:00
Gym (Top Pref)","Gym / Thu / 06:00
Nudge Wed / 14:42","Gym / Thu / 07:00
Booked Wed / 15:14",YES,4 of 4,4,Gym,Gym,Thu,Thu,06:00,07:00,Nudge Wed / 14:42,Booked Wed / 15:14
R-173-#9338,R-173,"Badminton Court / Thu / 18:00
Badminton Court (Top Pref)","Badminton Court / Fri / 18:00
Nudge Thu / 05:30","Clubhouse / Wed / 20:00
Booked Wed / 15:33",NO,0 of 4,0,Badminton Court,Clubhouse,Fri,Wed,18:00,20:00,Nudge Thu / 05:30,Booked Wed / 15:33
R-122-#9339,R-122,"Swimming Pool / Sun / 19:00
Clubhouse (Top Pref)","Clubhouse / Fri / 18:00
Nudge Thu / 23:09","Swimming Pool / Thu / 14:00
Booked Wed / 15:34",NO,0 of 4,0,Clubhouse,Swimming Pool,Fri,Thu,18:00,14:00,Nudge Thu / 23:09,Booked Wed / 15:34
R-213-#9340,R-213,"Swimming Pool / Tue / 19:00
Badminton Court (Top Pref)","Badminton Court / Wed / 18:00
Nudge Tue / 17:54","Badminton Court / Thu / 14:00
Booked Wed / 15:38",NO,1 of 4,1,Badminton Court,Badminton Court,Wed,Thu,18:00,14:00,Nudge Tue / 17:54,Booked Wed / 15:38
R-156-#9341,R-156,"Gym / Wed / 08:00
Gym (Top Pref)","Gym / Thu / 07:00
Nudge Wed / 15:42","Badminton Court / Thu / 07:00
Booked Wed / 16:20",NO,3 of 4,3,Gym,Badminton Court,Thu,Thu,07:00,07:00,Nudge Wed / 15:42,Booked Wed / 16:20
R-154-#9342,R-154,"Swimming Pool / Wed / 07:00
Tennis Court (Top Pref)","Tennis Court / Thu / 07:00
Nudge Tue / 13:35","Clubhouse / Thu / 17:00
Booked Wed / 16:37",NO,1 of 4,1,Tennis Court,Clubhouse,Thu,Thu,07:00,17:00,Nudge Tue / 13:35,Booked Wed / 16:37
R-183-#9343,R-183,"Gym / Wed / 19:00
Badminton Court (Top Pref)","Badminton Court / Thu / 18:00
Nudge Wed / 16:11","Clubhouse / Thu / 19:00
Booked Wed / 16:40",NO,3 of 4,3,Badminton Court,Clubhouse,Thu,Thu,18:00,19:00,Nudge Wed / 16:11,Booked Wed / 16:40
R-142-#9344,R-142,"Badminton Court / Wed / 15:00
Badminton Court (Top Pref)","Badminton Court / Thu / 18:00
Nudge Wed / 18:29","Badminton Court / Thu / 18:00
Booked Wed / 16:59",YES,4 of 4,4,Badminton Court,Badminton Court,Thu,Thu,18:00,18:00,Nudge Wed / 18:29,Booked Wed / 16:59
R-135-#9345,R-135,"Gym / Wed / 08:00
Gym (Top Pref)","Gym / Thu / 08:00
Nudge Wed / 19:56","Tennis Court / Thu / 06:00
Booked Wed / 17:38",NO,2 of 4,2,Gym,Tennis Court,Thu,Thu,08:00,06:00,Nudge Wed / 19:56,Booked Wed / 17:38
R-157-#9346,R-157,"Tennis Court / Tue / 07:00
Tennis Court (Top Pref)","Tennis Court / Sat / 18:00
Nudge Fri / 05:56","Tennis Court / Fri / 18:00
Booked Wed / 18:05",NO,2 of 4,2,Tennis Court,Tennis Court,Sat,Fri,18:00,18:00,Nudge Fri / 05:56,Booked Wed / 18:05
R-153-#9347,R-153,"Tennis Court / Thu / 07:00
Swimming Pool (Top Pref)","Swimming Pool / Mon / 11:00
Nudge Sun / 23:13","Clubhouse / Thu / 08:00
Booked Wed / 18:17",NO,0 of 4,0,Swimming Pool,Clubhouse,Mon,Thu,11:00,08:00,Nudge Sun / 23:13,Booked Wed / 18:17
R-172-#9348,R-172,"Swimming Pool / Wed / 08:00
Gym (Top Pref)","Gym / Thu / 07:00
Nudge Wed / 17:11","Badminton Court / Thu / 06:00
Booked Wed / 18:28",NO,3 of 4,3,Gym,Badminton Court,Thu,Thu,07:00,06:00,Nudge Wed / 17:11,Booked Wed / 18:28
R-114-#9349,R-114,"Clubhouse / Wed / 10:00
Clubhouse (Top Pref)","Clubhouse / Fri / 14:00
Nudge Thu / 16:58","Clubhouse / Thu / 18:00
Booked Wed / 18:28",NO,1 of 4,1,Clubhouse,Clubhouse,Fri,Thu,14:00,18:00,Nudge Thu / 16:58,Booked Wed / 18:28
R-158-#9350,R-158,"Badminton Court / Wed / 17:00
Gym (Top Pref)","Gym / Thu / 07:00
Nudge Wed / 19:22","Swimming Pool / Thu / 08:00
Booked Wed / 18:40",NO,3 of 4,3,Gym,Swimming Pool,Thu,Thu,07:00,08:00,Nudge Wed / 19:22,Booked Wed / 18:40
R-219-#9351,R-219,"Tennis Court / Mon / 07:00
Tennis Court (Top Pref)","Tennis Court / Thu / 08:00
Nudge Tue / 12:34","Badminton Court / Sat / 07:00
Booked Wed / 19:08",NO,1 of 4,1,Tennis Court,Badminton Court,Thu,Sat,08:00,07:00,Nudge Tue / 12:34,Booked Wed / 19:08
R-144-#9352,R-144,"Tennis Court / Wed / 20:00
Gym (Top Pref)","Gym / Thu / 06:00
Nudge Wed / 13:51","Gym / Thu / 08:00
Booked Wed / 19:19",NO,2 of 4,2,Gym,Gym,Thu,Thu,06:00,08:00,Nudge Wed / 13:51,Booked Wed / 19:19
R-208-#9353,R-208,"Badminton Court / Wed / 06:00
Gym (Top Pref)","Gym / Thu / 06:00
Nudge Wed / 13:41","Gym / Thu / 08:00
Booked Wed / 19:20",NO,2 of 4,2,Gym,Gym,Thu,Thu,06:00,08:00,Nudge Wed / 13:41,Booked Wed / 19:20
R-113-#9354,R-113,"Gym / Wed / 18:00
Gym (Top Pref)","Gym / Thu / 06:00
Nudge Wed / 15:30","Tennis Court / Thu / 08:00
Booked Wed / 19:22",NO,1 of 4,1,Gym,Tennis Court,Thu,Thu,06:00,08:00,Nudge Wed / 15:30,Booked Wed / 19:22
R-212-#9355,R-212,"Gym / Wed / 06:00
Gym (Top Pref)","Gym / Thu / 08:00
Nudge Wed / 19:53","Gym / Thu / 07:00
Booked Wed / 19:50",YES,4 of 4,4,Gym,Gym,Thu,Thu,08:00,07:00,Nudge Wed / 19:53,Booked Wed / 19:50
R-210-#9356,R-210,"Tennis Court / Thu / 17:00
Tennis Court (Top Pref)","Tennis Court / Sat / 08:00
Nudge Thu / 11:33","Gym / Fri / 18:00
Booked Wed / 19:53",NO,0 of 4,0,Tennis Court,Gym,Sat,Fri,08:00,18:00,Nudge Thu / 11:33,Booked Wed / 19:53
R-197-#9357,R-197,"Gym / Thu / 08:00
Tennis Court (Top Pref)","Tennis Court / Sat / 07:00
Nudge Thu / 07:21","Gym / Sat / 08:00
Booked Wed / 20:05",NO,2 of 4,2,Tennis Court,Gym,Sat,Sat,07:00,08:00,Nudge Thu / 07:21,Booked Wed / 20:05
R-109-#9358,R-109,"Gym / Wed / 07:00
Gym (Top Pref)","Gym / Thu / 07:00
Nudge Wed / 17:10","Gym / Thu / 07:00
Booked Wed / 20:25",NO,3 of 4,3,Gym,Gym,Thu,Thu,07:00,07:00,Nudge Wed / 17:10,Booked Wed / 20:25
R-101-#9359,R-101,"Badminton Court / Wed / 06:00
Gym (Top Pref)","Gym / Thu / 07:00
Nudge Wed / 18:42","Gym / Thu / 08:00
Booked Wed / 20:46",YES,4 of 4,4,Gym,Gym,Thu,Thu,07:00,08:00,Nudge Wed / 18:42,Booked Wed / 20:46
R-146-#9360,R-146,"Tennis Court / Sat / 11:00
Tennis Court (Top Pref)","Tennis Court / Sat / 07:00
Nudge Thu / 15:52","Clubhouse / Fri / 18:00
Booked Wed / 20:59",NO,0 of 4,0,Tennis Court,Clubhouse,Sat,Fri,07:00,18:00,Nudge Thu / 15:52,Booked Wed / 20:59
R-190-#9361,R-190,"Clubhouse / Tue / 20:00
Clubhouse (Top Pref)","Clubhouse / Fri / 20:00
Nudge Thu / 23:33","Clubhouse / Thu / 20:00
Booked Wed / 21:34",NO,2 of 4,2,Clubhouse,Clubhouse,Fri,Thu,20:00,20:00,Nudge Thu / 23:33,Booked Wed / 21:34
R-117-#9362,R-117,"Gym / Wed / 08:00
Gym (Top Pref)","Gym / Thu / 07:00
Nudge Wed / 18:44","Gym / Thu / 09:00
Booked Wed / 21:37",NO,2 of 4,2,Gym,Gym,Thu,Thu,07:00,09:00,Nudge Wed / 18:44,Booked Wed / 21:37
R-131-#9363,R-131,"Badminton Court / Wed / 20:00
Badminton Court (Top Pref)","Badminton Court / Thu / 20:00
Nudge Wed / 18:09","Badminton Court / Thu / 18:00
Booked Wed / 21:40",NO,2 of 4,2,Badminton Court,Badminton Court,Thu,Thu,20:00,18:00,Nudge Wed / 18:09,Booked Wed / 21:40
R-188-#9364,R-188,"Clubhouse / Sun / 19:00
Swimming Pool (Top Pref)","Swimming Pool / Mon / 17:00
Nudge Mon / 03:06","Swimming Pool / Thu / 11:00
Booked Wed / 21:56",NO,1 of 4,1,Swimming Pool,Swimming Pool,Mon,Thu,17:00,11:00,Nudge Mon / 03:06,Booked Wed / 21:56
R-116-#9365,R-116,"Gym / Wed / 07:00
Gym (Top Pref)","Gym / Thu / 08:00
Nudge Wed / 19:26","Gym / Thu / 15:00
Booked Wed / 21:57",NO,2 of 4,2,Gym,Gym,Thu,Thu,08:00,15:00,Nudge Wed / 19:26,Booked Wed / 21:57
R-141-#9366,R-141,"Gym / Wed / 08:00
Badminton Court (Top Pref)","Badminton Court / Thu / 18:00
Nudge Wed / 17:45","Badminton Court / Thu / 19:00
Booked Wed / 22:26",NO,3 of 4,3,Badminton Court,Badminton Court,Thu,Thu,18:00,19:00,Nudge Wed / 17:45,Booked Wed / 22:26
R-165-#9367,R-165,"Badminton Court / Wed / 11:00
Badminton Court (Top Pref)","Badminton Court / Thu / 20:00
Nudge Wed / 19:42","Gym / Thu / 20:00
Booked Wed / 23:18",NO,2 of 4,2,Badminton Court,Gym,Thu,Thu,20:00,20:00,Nudge Wed / 19:42,Booked Wed / 23:18
R-145-#9368,R-145,"Gym / Wed / 08:00
Gym (Top Pref)","Gym / Thu / 08:00
Nudge Wed / 19:37","Gym / Thu / 06:00
Booked Wed / 23:20",NO,2 of 4,2,Gym,Gym,Thu,Thu,08:00,06:00,Nudge Wed / 19:37,Booked Wed / 23:20
R-165-#9369,R-165,"Gym / Thu / 20:00
Badminton Court (Top Pref)","Badminton Court / Fri / 18:00
Nudge Thu / 12:57","Clubhouse / Fri / 20:00
Booked Wed / 23:36",NO,1 of 4,1,Badminton Court,Clubhouse,Fri,Fri,18:00,20:00,Nudge Thu / 12:57,Booked Wed / 23:36
R-123-#9370,R-123,"Gym / Wed / 08:00
Gym (Top Pref)","Gym / Thu / 08:00
Nudge Wed / 20:00","Gym / Thu / 18:00
Booked Wed / 23:41",NO,2 of 4,2,Gym,Gym,Thu,Thu,08:00,18:00,Nudge Wed / 20:00,Booked Wed / 23:41
R-207-#9371,R-207,"Tennis Court / Wed / 18:00
Badminton Court (Top Pref)","Badminton Court / Thu / 19:00
Nudge Wed / 15:31","Badminton Court / Thu / 17:00
Booked Wed / 23:46",NO,2 of 4,2,Badminton Court,Badminton Court,Thu,Thu,19:00,17:00,Nudge Wed / 15:31,Booked Wed / 23:46
R-110-#9372,R-110,"Gym / Sun / 19:00
Swimming Pool (Top Pref)","Swimming Pool / Mon / 17:00
Nudge Mon / 03:24","Tennis Court / Thu / 17:00
Booked Wed / 23:53",NO,1 of 4,1,Swimming Pool,Tennis Court,Mon,Thu,17:00,17:00,Nudge Mon / 03:24,Booked Wed / 23:53
R-180-#9373,R-180,"Badminton Court / Wed / 19:00
Badminton Court (Top Pref)","Badminton Court / Thu / 18:00
Nudge Wed / 09:34","Gym / Thu / 18:00
Booked Thu / 00:53",NO,2 of 4,2,Badminton Court,Gym,Thu,Thu,18:00,18:00,Nudge Wed / 09:34,Booked Thu / 00:53
R-146-#9374,R-146,"Clubhouse / Fri / 18:00
Tennis Court (Top Pref)","Tennis Court / Sat / 07:00
Nudge Thu / 13:47","Clubhouse / Sat / 18:00
Booked Thu / 01:31",NO,1 of 4,1,Tennis Court,Clubhouse,Sat,Sat,07:00,18:00,Nudge Thu / 13:47,Booked Thu / 01:31
R-133-#9375,R-133,"Swimming Pool / Sun / 15:00
Clubhouse (Top Pref)","Clubhouse / Fri / 15:00
Nudge Thu / 19:18","Swimming Pool / Thu / 14:00
Booked Thu / 03:08",NO,1 of 4,1,Clubhouse,Swimming Pool,Fri,Thu,15:00,14:00,Nudge Thu / 19:18,Booked Thu / 03:08
R-177-#9376,R-177,"Tennis Court / Thu / 21:00
Tennis Court (Top Pref)","Tennis Court / Tue / 18:00
Nudge Mon / 04:41","Gym / Sat / 18:00
Booked Thu / 03:22",NO,1 of 4,1,Tennis Court,Gym,Tue,Sat,18:00,18:00,Nudge Mon / 04:41,Booked Thu / 03:22
R-200-#9377,R-200,"Swimming Pool / Wed / 15:00
Gym (Top Pref)","Swimming Pool / Thu / 07:00
Nudge Wed / 18:11","Clubhouse / Thu / 17:00
Booked Thu / 04:15",NO,1 of 4,1,Swimming Pool,Clubhouse,Thu,Thu,07:00,17:00,Nudge Wed / 18:11,Booked Thu / 04:15
R-108-#9378,R-108,"Badminton Court / Wed / 19:00
Badminton Court (Top Pref)","Badminton Court / Thu / 19:00
Nudge Thu / 06:13","Gym / Thu / 17:00
Booked Thu / 04:15",NO,2 of 4,2,Badminton Court,Gym,Thu,Thu,19:00,17:00,Nudge Thu / 06:13,Booked Thu / 04:15
R-184-#9379,R-184,"Clubhouse / Sat / 11:00
Gym (Top Pref)","Gym / Mon / 19:00
Nudge Mon / 04:57","Badminton Court / Thu / 19:00
Booked Thu / 04:51",NO,1 of 4,1,Gym,Badminton Court,Mon,Thu,19:00,19:00,Nudge Mon / 04:57,Booked Thu / 04:51
R-178-#9380,R-178,"Clubhouse / Tue / 19:00
Gym (Top Pref)","Gym / Thu / 19:00
Nudge Thu / 05:49","Gym / Thu / 19:00
Booked Thu / 04:59",YES,4 of 4,4,Gym,Gym,Thu,Thu,19:00,19:00,Nudge Thu / 05:49,Booked Thu / 04:59
R-152-#9381,R-152,"Gym / Wed / 09:00
Gym (Top Pref)","Gym / Thu / 06:00
Nudge Wed / 18:27","Gym / Thu / 20:00
Booked Thu / 05:12",NO,2 of 4,2,Gym,Gym,Thu,Thu,06:00,20:00,Nudge Wed / 18:27,Booked Thu / 05:12
R-183-#9382,R-183,"Clubhouse / Thu / 19:00
Badminton Court (Top Pref)","Badminton Court / Fri / 18:00
Nudge Thu / 07:52","Badminton Court / Fri / 18:00
Booked Thu / 05:16",NO,3 of 4,3,Badminton Court,Badminton Court,Fri,Fri,18:00,18:00,Nudge Thu / 07:52,Booked Thu / 05:16
R-161-#9383,R-161,"Gym / Tue / 07:00
Gym (Top Pref)","Gym / Fri / 17:00
Nudge Fri / 05:18","Gym / Thu / 13:00
Booked Thu / 06:22",NO,1 of 4,1,Gym,Gym,Fri,Thu,17:00,13:00,Nudge Fri / 05:18,Booked Thu / 06:22
R-106-#9384,R-106,"Badminton Court / Wed / 19:00
Badminton Court (Top Pref)","Badminton Court / Fri / 18:00
Nudge Thu / 18:11","Badminton Court / Fri / 19:00
Booked Thu / 07:20",NO,3 of 4,3,Badminton Court,Badminton Court,Fri,Fri,18:00,19:00,Nudge Thu / 18:11,Booked Thu / 07:20
R-191-#9385,R-191,"Badminton Court / Mon / 19:00
Swimming Pool (Top Pref)","Gym / Wed / 17:00
Nudge Wed / 03:28","Gym / Thu / 19:00
Booked Thu / 07:29",NO,1 of 4,1,Gym,Gym,Wed,Thu,17:00,19:00,Nudge Wed / 03:28,Booked Thu / 07:29
R-213-#9386,R-213,"Badminton Court / Thu / 14:00
Badminton Court (Top Pref)","Badminton Court / Fri / 18:00
Nudge Thu / 10:03","Badminton Court / Fri / 19:00
Booked Thu / 08:46",YES,4 of 4,4,Badminton Court,Badminton Court,Fri,Fri,18:00,19:00,Nudge Thu / 10:03,Booked Thu / 08:46
R-210-#9387,R-210,"Gym / Fri / 18:00
Tennis Court (Top Pref)","Tennis Court / Sat / 07:00
Nudge Thu / 08:48","Badminton Court / Sat / 17:00
Booked Thu / 09:16",NO,2 of 4,2,Tennis Court,Badminton Court,Sat,Sat,07:00,17:00,Nudge Thu / 08:48,Booked Thu / 09:16
R-105-#9388,R-105,"Tennis Court / Thu / 20:00
Badminton Court (Top Pref)","Badminton Court / Fri / 19:00
Nudge Thu / 13:41","Tennis Court / Fri / 18:00
Booked Thu / 10:07",NO,2 of 4,2,Badminton Court,Tennis Court,Fri,Fri,19:00,18:00,Nudge Thu / 13:41,Booked Thu / 10:07
R-132-#9389,R-132,"Tennis Court / Thu / 07:00
Tennis Court (Top Pref)","Tennis Court / Sat / 07:00
Nudge Thu / 15:06","Tennis Court / Sat / 08:00
Booked Thu / 10:09",NO,3 of 4,3,Tennis Court,Tennis Court,Sat,Sat,07:00,08:00,Nudge Thu / 15:06,Booked Thu / 10:09
R-102-#9390,R-102,"Gym / Thu / 07:00
Gym (Top Pref)","Gym / Fri / 06:00
Nudge Thu / 14:30","Gym / Fri / 06:00
Booked Thu / 10:15",NO,3 of 4,3,Gym,Gym,Fri,Fri,06:00,06:00,Nudge Thu / 14:30,Booked Thu / 10:15
R-142-#9391,R-142,"Badminton Court / Thu / 18:00
Badminton Court (Top Pref)","Badminton Court / Fri / 18:00
Nudge Thu / 10:03","Clubhouse / Fri / 07:00
Booked Thu / 10:20",NO,2 of 4,2,Badminton Court,Clubhouse,Fri,Fri,18:00,07:00,Nudge Thu / 10:03,Booked Thu / 10:20
R-122-#9392,R-122,"Swimming Pool / Thu / 14:00
Clubhouse (Top Pref)","Clubhouse / Sat / 15:00
Nudge Fri / 19:20","Clubhouse / Fri / 15:00
Booked Thu / 10:24",NO,2 of 4,2,Clubhouse,Clubhouse,Sat,Fri,15:00,15:00,Nudge Fri / 19:20,Booked Thu / 10:24
R-131-#9393,R-131,"Badminton Court / Thu / 18:00
Badminton Court (Top Pref)","Badminton Court / Fri / 19:00
Nudge Thu / 10:42","Badminton Court / Fri / 19:00
Booked Thu / 11:42",YES,4 of 4,4,Badminton Court,Badminton Court,Fri,Fri,19:00,19:00,Nudge Thu / 10:42,Booked Thu / 11:42
R-145-#9394,R-145,"Gym / Thu / 06:00
Gym (Top Pref)","Gym / Fri / 06:00
Nudge Thu / 10:12","Gym / Fri / 06:00
Booked Thu / 11:44",YES,4 of 4,4,Gym,Gym,Fri,Fri,06:00,06:00,Nudge Thu / 10:12,Booked Thu / 11:44
R-108-#9395,R-108,"Gym / Thu / 17:00
Badminton Court (Top Pref)","Gym / Fri / 08:00
Nudge Thu / 16:30","Gym / Fri / 08:00
Booked Thu / 12:58",NO,3 of 4,3,Gym,Gym,Fri,Fri,08:00,08:00,Nudge Thu / 16:30,Booked Thu / 12:58
R-206-#9396,R-206,"Gym / Thu / 07:00
Gym (Top Pref)","Gym / Fri / 07:00
Nudge Thu / 16:43","Gym / Fri / 06:00
Booked Thu / 14:14",YES,4 of 4,4,Gym,Gym,Fri,Fri,07:00,06:00,Nudge Thu / 16:43,Booked Thu / 14:14
R-180-#9397,R-180,"Gym / Thu / 18:00
Badminton Court (Top Pref)","Badminton Court / Fri / 20:00
Nudge Thu / 11:01","Gym / Fri / 20:00
Booked Thu / 15:26",NO,2 of 4,2,Badminton Court,Gym,Fri,Fri,20:00,20:00,Nudge Thu / 11:01,Booked Thu / 15:26
R-147-#9398,R-147,"Tennis Court / Thu / 06:00
Gym (Top Pref)","Gym / Fri / 08:00
Nudge Thu / 20:20","Gym / Fri / 06:00
Booked Thu / 15:31",NO,2 of 4,2,Gym,Gym,Fri,Fri,08:00,06:00,Nudge Thu / 20:20,Booked Thu / 15:31
R-144-#9399,R-144,"Gym / Thu / 08:00
Gym (Top Pref)","Gym / Fri / 06:00
Nudge Thu / 14:29","Clubhouse / Fri / 07:00
Booked Thu / 15:38",NO,3 of 4,3,Gym,Clubhouse,Fri,Fri,06:00,07:00,Nudge Thu / 14:29,Booked Thu / 15:38
R-201-#9400,R-201,"Swimming Pool / Tue / 19:00
Gym (Top Pref)","Swimming Pool / Thu / 19:00
Nudge Thu / 05:39","Tennis Court / Fri / 08:00
Booked Thu / 15:49",NO,0 of 4,0,Swimming Pool,Tennis Court,Thu,Fri,19:00,08:00,Nudge Thu / 05:39,Booked Thu / 15:49
R-192-#9401,R-192,"Gym / Thu / 14:00
Badminton Court (Top Pref)","Badminton Court / Fri / 18:00
Nudge Thu / 14:08","Badminton Court / Fri / 19:00
Booked Thu / 16:03",YES,4 of 4,4,Badminton Court,Badminton Court,Fri,Fri,18:00,19:00,Nudge Thu / 14:08,Booked Thu / 16:03
R-135-#9402,R-135,"Tennis Court / Thu / 06:00
Gym (Top Pref)","Gym / Fri / 08:00
Nudge Thu / 17:12","Badminton Court / Fri / 08:00
Booked Thu / 16:13",NO,3 of 4,3,Gym,Badminton Court,Fri,Fri,08:00,08:00,Nudge Thu / 17:12,Booked Thu / 16:13
R-208-#9403,R-208,"Gym / Thu / 08:00
Gym (Top Pref)","Gym / Fri / 06:00
Nudge Thu / 14:48","Gym / Fri / 06:00
Booked Thu / 16:14",YES,4 of 4,4,Gym,Gym,Fri,Fri,06:00,06:00,Nudge Thu / 14:48,Booked Thu / 16:14
R-174-#9404,R-174,"Gym / Wed / 08:00
Gym (Top Pref)","Gym / Fri / 06:00
Nudge Thu / 15:59","Badminton Court / Fri / 07:00
Booked Thu / 16:22",NO,3 of 4,3,Gym,Badminton Court,Fri,Fri,06:00,07:00,Nudge Thu / 15:59,Booked Thu / 16:22
R-121-#9405,R-121,"Clubhouse / Sat / 19:00
Clubhouse (Top Pref)","Clubhouse / Fri / 20:00
Nudge Thu / 23:48","Badminton Court / Fri / 18:00
Booked Thu / 16:34",NO,1 of 4,1,Clubhouse,Badminton Court,Fri,Fri,20:00,18:00,Nudge Thu / 23:48,Booked Thu / 16:34
R-158-#9406,R-158,"Swimming Pool / Thu / 08:00
Gym (Top Pref)","Gym / Fri / 08:00
Nudge Thu / 17:05","Gym / Fri / 07:00
Booked Thu / 16:43",YES,4 of 4,4,Gym,Gym,Fri,Fri,08:00,07:00,Nudge Thu / 17:05,Booked Thu / 16:43
R-203-#9407,R-203,"Tennis Court / Wed / 19:00
Badminton Court (Top Pref)","Badminton Court / Thu / 20:00
Nudge Wed / 20:11","Gym / Fri / 20:00
Booked Thu / 17:25",NO,1 of 4,1,Badminton Court,Gym,Thu,Fri,20:00,20:00,Nudge Wed / 20:11,Booked Thu / 17:25
R-119-#9408,R-119,"Swimming Pool / Wed / 19:00
Badminton Court (Top Pref)","Badminton Court / Fri / 18:00
Nudge Thu / 17:47","Gym / Fri / 20:00
Booked Thu / 17:26",NO,2 of 4,2,Badminton Court,Gym,Fri,Fri,18:00,20:00,Nudge Thu / 17:47,Booked Thu / 17:26
R-167-#9409,R-167,"Gym / Thu / 06:00
Gym (Top Pref)","Gym / Fri / 06:00
Nudge Thu / 17:00","Gym / Fri / 08:00
Booked Thu / 17:31",NO,3 of 4,3,Gym,Gym,Fri,Fri,06:00,08:00,Nudge Thu / 17:00,Booked Thu / 17:31
R-168-#9410,R-168,"Swimming Pool / Wed / 08:00
Gym (Top Pref)","Gym / Fri / 07:00
Nudge Thu / 17:14","Gym / Fri / 07:00
Booked Thu / 17:44",YES,4 of 4,4,Gym,Gym,Fri,Fri,07:00,07:00,Nudge Thu / 17:14,Booked Thu / 17:44
R-109-#9411,R-109,"Gym / Thu / 07:00
Gym (Top Pref)","Gym / Fri / 06:00
Nudge Thu / 14:30","Gym / Fri / 07:00
Booked Thu / 18:01",NO,3 of 4,3,Gym,Gym,Fri,Fri,06:00,07:00,Nudge Thu / 14:30,Booked Thu / 18:01
R-195-#9412,R-195,"Badminton Court / Thu / 18:00
Badminton Court (Top Pref)","Badminton Court / Fri / 18:00
Nudge Thu / 16:27","Clubhouse / Fri / 18:00
Booked Thu / 18:01",NO,3 of 4,3,Badminton Court,Clubhouse,Fri,Fri,18:00,18:00,Nudge Thu / 16:27,Booked Thu / 18:01
R-152-#9413,R-152,"Gym / Thu / 20:00
Gym (Top Pref)","Gym / Fri / 06:00
Nudge Thu / 15:38","Gym / Fri / 08:00
Booked Thu / 18:16",NO,2 of 4,2,Gym,Gym,Fri,Fri,06:00,08:00,Nudge Thu / 15:38,Booked Thu / 18:16
R-125-#9414,R-125,"Badminton Court / Thu / 19:00
Badminton Court (Top Pref)","Badminton Court / Fri / 19:00
Nudge Thu / 18:37","Gym / Fri / 19:00
Booked Thu / 18:21",NO,3 of 4,3,Badminton Court,Gym,Fri,Fri,19:00,19:00,Nudge Thu / 18:37,Booked Thu / 18:21
R-118-#9415,R-118,"Badminton Court / Thu / 07:00
Gym (Top Pref)","Gym / Fri / 07:00
Nudge Thu / 18:55","Badminton Court / Fri / 07:00
Booked Thu / 18:39",NO,3 of 4,3,Gym,Badminton Court,Fri,Fri,07:00,07:00,Nudge Thu / 18:55,Booked Thu / 18:39
R-103-#9416,R-103,"Swimming Pool / Mon / 19:00
Swimming Pool (Top Pref)","Swimming Pool / Thu / 19:00
Nudge Thu / 05:22","Clubhouse / Fri / 08:00
Booked Thu / 18:47",NO,0 of 4,0,Swimming Pool,Clubhouse,Thu,Fri,19:00,08:00,Nudge Thu / 05:22,Booked Thu / 18:47
R-116-#9417,R-116,"Gym / Thu / 15:00
Gym (Top Pref)","Gym / Fri / 08:00
Nudge Thu / 20:17","Gym / Fri / 06:00
Booked Thu / 18:53",NO,3 of 4,3,Gym,Gym,Fri,Fri,08:00,06:00,Nudge Thu / 20:17,Booked Thu / 18:53
R-156-#9418,R-156,"Badminton Court / Thu / 07:00
Gym (Top Pref)","Gym / Fri / 07:00
Nudge Thu / 18:10","Gym / Fri / 08:00
Booked Thu / 19:00",YES,4 of 4,4,Gym,Gym,Fri,Fri,07:00,08:00,Nudge Thu / 18:10,Booked Thu / 19:00
R-172-#9419,R-172,"Badminton Court / Thu / 06:00
Gym (Top Pref)","Gym / Fri / 07:00
Nudge Thu / 16:46","Tennis Court / Fri / 06:00
Booked Thu / 19:19",NO,2 of 4,2,Gym,Tennis Court,Fri,Fri,07:00,06:00,Nudge Thu / 16:46,Booked Thu / 19:19
R-141-#9420,R-141,"Badminton Court / Thu / 19:00
Badminton Court (Top Pref)","Badminton Court / Fri / 18:00
Nudge Thu / 12:09","Badminton Court / Fri / 18:00
Booked Thu / 19:22",NO,3 of 4,3,Badminton Court,Badminton Court,Fri,Fri,18:00,18:00,Nudge Thu / 12:09,Booked Thu / 19:22
R-123-#9421,R-123,"Gym / Thu / 18:00
Gym (Top Pref)","Gym / Fri / 07:00
Nudge Thu / 18:44","Swimming Pool / Fri / 06:00
Booked Thu / 19:30",NO,3 of 4,3,Gym,Swimming Pool,Fri,Fri,07:00,06:00,Nudge Thu / 18:44,Booked Thu / 19:30
R-212-#9422,R-212,"Gym / Thu / 07:00
Gym (Top Pref)","Gym / Fri / 08:00
Nudge Thu / 17:41","Gym / Fri / 06:00
Booked Thu / 20:01",NO,3 of 4,3,Gym,Gym,Fri,Fri,08:00,06:00,Nudge Thu / 17:41,Booked Thu / 20:01
R-136-#9423,R-136,"Badminton Court / Thu / 20:00
Badminton Court (Top Pref)","Badminton Court / Fri / 18:00
Nudge Thu / 18:24","Badminton Court / Fri / 18:00
Booked Thu / 20:34",YES,4 of 4,4,Badminton Court,Badminton Court,Fri,Fri,18:00,18:00,Nudge Thu / 18:24,Booked Thu / 20:34
R-177-#9424,R-177,"Gym / Sat / 18:00
Tennis Court (Top Pref)","Tennis Court / Sun / 07:00
Nudge Fri / 07:00","Tennis Court / Sun / 18:00
Booked Thu / 20:58",NO,2 of 4,2,Tennis Court,Tennis Court,Sun,Sun,07:00,18:00,Nudge Fri / 07:00,Booked Thu / 20:58
R-112-#9425,R-112,"Tennis Court / Sat / 20:00
Clubhouse (Top Pref)","Clubhouse / Fri / 19:00
Nudge Thu / 23:22","Clubhouse / Fri / 19:00
Booked Thu / 21:41",YES,4 of 4,4,Clubhouse,Clubhouse,Fri,Fri,19:00,19:00,Nudge Thu / 23:22,Booked Thu / 21:41
R-170-#9426,R-170,"Gym / Thu / 14:00
Badminton Court (Top Pref)","Badminton Court / Fri / 18:00
Nudge Thu / 18:09","Badminton Court / Fri / 20:00
Booked Thu / 23:41",NO,2 of 4,2,Badminton Court,Badminton Court,Fri,Fri,18:00,20:00,Nudge Thu / 18:09,Booked Thu / 23:41
R-215-#9427,R-215,"Gym / Tue / 11:00
Gym (Top Pref)","Gym / Thu / 17:00
Nudge Thu / 03:15","Badminton Court / Fri / 07:00
Booked Fri / 00:07",NO,0 of 4,0,Gym,Badminton Court,Thu,Fri,17:00,07:00,Nudge Thu / 03:15,Booked Fri / 00:07
R-117-#9428,R-117,"Gym / Thu / 09:00
Gym (Top Pref)","Gym / Fri / 07:00
Nudge Thu / 18:01","Tennis Court / Fri / 10:00
Booked Fri / 00:24",NO,1 of 4,1,Gym,Tennis Court,Fri,Fri,07:00,10:00,Nudge Thu / 18:01,Booked Fri / 00:24
R-196-#9429,R-196,"Badminton Court / Thu / 19:00
Badminton Court (Top Pref)","Badminton Court / Fri / 18:00
Nudge Thu / 18:05","Badminton Court / Fri / 16:00
Booked Fri / 02:03",NO,2 of 4,2,Badminton Court,Badminton Court,Fri,Fri,18:00,16:00,Nudge Thu / 18:05,Booked Fri / 02:03
R-175-#9430,R-175,"Tennis Court / Sun / 08:00
Tennis Court (Top Pref)","Tennis Court / Thu / 18:00
Nudge Wed / 02:03","Tennis Court / Sat / 18:00
Booked Fri / 02:31",NO,2 of 4,2,Tennis Court,Tennis Court,Thu,Sat,18:00,18:00,Nudge Wed / 02:03,Booked Fri / 02:31
R-100-#9431,R-100,"Tennis Court / Wed / 11:00
Swimming Pool (Top Pref)","Gym / Fri / 17:00
Nudge Fri / 05:10","Tennis Court / Fri / 11:00
Booked Fri / 03:35",NO,2 of 4,2,Gym,Tennis Court,Fri,Fri,17:00,11:00,Nudge Fri / 05:10,Booked Fri / 03:35
R-176-#9432,R-176,"Swimming Pool / Tue / 11:00
Swimming Pool (Top Pref)","Swimming Pool / Sat / 16:00
Nudge Sat / 09:48","Clubhouse / Fri / 10:00
Booked Fri / 04:47",NO,0 of 4,0,Swimming Pool,Clubhouse,Sat,Fri,16:00,10:00,Nudge Sat / 09:48,Booked Fri / 04:47
R-198-#9433,R-198,"Tennis Court / Thu / 11:00
Tennis Court (Top Pref)","Tennis Court / Sat / 18:00
Nudge Fri / 01:13","Gym / Sat / 07:00
Booked Fri / 06:38",NO,1 of 4,1,Tennis Court,Gym,Sat,Sat,18:00,07:00,Nudge Fri / 01:13,Booked Fri / 06:38
R-153-#9434,R-153,"Clubhouse / Thu / 08:00
Swimming Pool (Top Pref)","Swimming Pool / Fri / 17:00
Nudge Fri / 05:07","Clubhouse / Fri / 19:00
Booked Fri / 06:45",NO,2 of 4,2,Swimming Pool,Clubhouse,Fri,Fri,17:00,19:00,Nudge Fri / 05:07,Booked Fri / 06:45
R-165-#9435,R-165,"Clubhouse / Fri / 20:00
Badminton Court (Top Pref)","Badminton Court / Fri / 20:00
Nudge Thu / 15:54","Gym / Sat / 16:00
Booked Fri / 06:45",NO,0 of 4,0,Badminton Court,Gym,Fri,Sat,20:00,16:00,Nudge Thu / 15:54,Booked Fri / 06:45
R-191-#9436,R-191,"Gym / Thu / 19:00
Swimming Pool (Top Pref)","Swimming Pool / Fri / 17:00
Nudge Fri / 04:07","Swimming Pool / Fri / 16:00
Booked Fri / 07:31",NO,3 of 4,3,Swimming Pool,Swimming Pool,Fri,Fri,17:00,16:00,Nudge Fri / 04:07,Booked Fri / 07:31
R-115-#9437,R-115,"Tennis Court / Tue / 18:00
Tennis Court (Top Pref)","Tennis Court / Sat / 17:00
Nudge Fri / 00:25","Tennis Court / Sat / 08:00
Booked Fri / 08:12",NO,2 of 4,2,Tennis Court,Tennis Court,Sat,Sat,17:00,08:00,Nudge Fri / 00:25,Booked Fri / 08:12
R-111-#9438,R-111,"Badminton Court / Tue / 19:00
Gym (Top Pref)","Gym / Wed / 19:00
Nudge Wed / 05:06","Tennis Court / Fri / 17:00
Booked Fri / 09:41",NO,0 of 4,0,Gym,Tennis Court,Wed,Fri,19:00,17:00,Nudge Wed / 05:06,Booked Fri / 09:41
R-140-#9439,R-140,"Swimming Pool / Tue / 16:00
Swimming Pool (Top Pref)","Swimming Pool / Sat / 16:00
Nudge Sat / 10:43","Clubhouse / Fri / 17:00
Booked Fri / 10:06",NO,1 of 4,1,Swimming Pool,Clubhouse,Sat,Fri,16:00,17:00,Nudge Sat / 10:43,Booked Fri / 10:06
R-114-#9440,R-114,"Clubhouse / Thu / 18:00
Clubhouse (Top Pref)","Clubhouse / Fri / 15:00
Nudge Thu / 19:52","Clubhouse / Sat / 15:00
Booked Fri / 11:51",NO,2 of 4,2,Clubhouse,Clubhouse,Fri,Sat,15:00,15:00,Nudge Thu / 19:52,Booked Fri / 11:51
R-138-#9441,R-138,"Tennis Court / Wed / 18:00
Tennis Court (Top Pref)","Tennis Court / Sat / 18:00
Nudge Fri / 01:56","Tennis Court / Sun / 08:00
Booked Fri / 11:55",NO,1 of 4,1,Tennis Court,Tennis Court,Sat,Sun,18:00,08:00,Nudge Fri / 01:56,Booked Fri / 11:55
R-155-#9442,R-155,"Clubhouse / Sun / 19:00
Clubhouse (Top Pref)","Clubhouse / Fri / 19:00
Nudge Thu / 22:00","Badminton Court / Sat / 15:00
Booked Fri / 12:08",NO,0 of 4,0,Clubhouse,Badminton Court,Fri,Sat,19:00,15:00,Nudge Thu / 22:00,Booked Fri / 12:08
R-183-#9443,R-183,"Badminton Court / Fri / 18:00
Badminton Court (Top Pref)","Badminton Court / Sat / 18:00
Nudge Fri / 13:48","Tennis Court / Sat / 07:00
Booked Fri / 13:09",NO,2 of 4,2,Badminton Court,Tennis Court,Sat,Sat,18:00,07:00,Nudge Fri / 13:48,Booked Fri / 13:09
R-135-#9444,R-135,"Badminton Court / Fri / 08:00
Gym (Top Pref)","Gym / Fri / 06:00
Nudge Thu / 15:58","Gym / Sat / 07:00
Booked Fri / 15:10",NO,2 of 4,2,Gym,Gym,Fri,Sat,06:00,07:00,Nudge Thu / 15:58,Booked Fri / 15:10
R-118-#9445,R-118,"Badminton Court / Fri / 07:00
Gym (Top Pref)","Gym / Fri / 06:00
Nudge Thu / 14:26","Gym / Sat / 08:00
Booked Fri / 15:30",NO,1 of 4,1,Gym,Gym,Fri,Sat,06:00,08:00,Nudge Thu / 14:26,Booked Fri / 15:30
R-154-#9446,R-154,"Clubhouse / Thu / 17:00
Tennis Court (Top Pref)","Tennis Court / Sat / 07:00
Nudge Thu / 12:49","Badminton Court / Sun / 10:00
Booked Fri / 15:36",NO,0 of 4,0,Tennis Court,Badminton Court,Sat,Sun,07:00,10:00,Nudge Thu / 12:49,Booked Fri / 15:36
R-187-#9447,R-187,"Badminton Court / Tue / 19:00
Gym (Top Pref)","Gym / Mon / 17:00
Nudge Mon / 05:11","Gym / Sat / 11:00
Booked Fri / 16:18",NO,1 of 4,1,Gym,Gym,Mon,Sat,17:00,11:00,Nudge Mon / 05:11,Booked Fri / 16:18
R-150-#9448,R-150,"Gym / Tue / 18:00
Clubhouse (Top Pref)","Clubhouse / Fri / 15:00
Nudge Thu / 19:04","Gym / Sat / 14:00
Booked Fri / 17:06",NO,1 of 4,1,Clubhouse,Gym,Fri,Sat,15:00,14:00,Nudge Thu / 19:04,Booked Fri / 17:06
R-109-#9449,R-109,"Gym / Fri / 07:00
Gym (Top Pref)","Gym / Sat / 07:00
Nudge Fri / 16:45","Badminton Court / Sat / 08:00
Booked Fri / 18:17",NO,3 of 4,3,Gym,Badminton Court,Sat,Sat,07:00,08:00,Nudge Fri / 16:45,Booked Fri / 18:17
R-207-#9450,R-207,"Badminton Court / Thu / 17:00
Badminton Court (Top Pref)","Badminton Court / Fri / 19:00
Nudge Thu / 19:33","Badminton Court / Sat / 18:00
Booked Fri / 18:19",NO,2 of 4,2,Badminton Court,Badminton Court,Fri,Sat,19:00,18:00,Nudge Thu / 19:33,Booked Fri / 18:19
R-129-#9451,R-129,"Tennis Court / Sun / 14:00
Clubhouse (Top Pref)","Clubhouse / Fri / 19:00
Nudge Thu / 22:36","Clubhouse / Sat / 18:00
Booked Fri / 18:49",NO,2 of 4,2,Clubhouse,Clubhouse,Fri,Sat,19:00,18:00,Nudge Thu / 22:36,Booked Fri / 18:49
R-146-#9452,R-146,"Clubhouse / Sat / 18:00
Tennis Court (Top Pref)","Tennis Court / Sun / 07:00
Nudge Fri / 15:07","Tennis Court / Sun / 17:00
Booked Fri / 19:28",NO,2 of 4,2,Tennis Court,Tennis Court,Sun,Sun,07:00,17:00,Nudge Fri / 15:07,Booked Fri / 19:28
R-191-#9453,R-191,"Swimming Pool / Fri / 16:00
Swimming Pool (Top Pref)","Swimming Pool / Sat / 07:00
Nudge Fri / 18:12","Badminton Court / Sat / 07:00
Booked Fri / 20:03",NO,3 of 4,3,Swimming Pool,Badminton Court,Sat,Sat,07:00,07:00,Nudge Fri / 18:12,Booked Fri / 20:03
R-167-#9454,R-167,"Gym / Fri / 08:00
Gym (Top Pref)","Gym / Fri / 07:00
Nudge Thu / 18:33","Gym / Sat / 06:00
Booked Fri / 20:48",NO,2 of 4,2,Gym,Gym,Fri,Sat,07:00,06:00,Nudge Thu / 18:33,Booked Fri / 20:48
R-178-#9455,R-178,"Gym / Thu / 19:00
Gym (Top Pref)","Swimming Pool / Sat / 19:00
Nudge Sat / 05:46","Badminton Court / Sat / 07:00
Booked Fri / 21:00",NO,1 of 4,1,Swimming Pool,Badminton Court,Sat,Sat,19:00,07:00,Nudge Sat / 05:46,Booked Fri / 21:00
R-164-#9456,R-164,"Clubhouse / Sun / 15:00
Clubhouse (Top Pref)","Clubhouse / Fri / 19:00
Nudge Thu / 23:20","Gym / Sat / 15:00
Booked Fri / 22:09",NO,0 of 4,0,Clubhouse,Gym,Fri,Sat,19:00,15:00,Nudge Thu / 23:20,Booked Fri / 22:09
R-125-#9457,R-125,"Gym / Fri / 19:00
Badminton Court (Top Pref)","Badminton Court / Sat / 18:00
Nudge Fri / 14:14","Gym / Sat / 20:00
Booked Fri / 22:26",NO,1 of 4,1,Badminton Court,Gym,Sat,Sat,18:00,20:00,Nudge Fri / 14:14,Booked Fri / 22:26
R-197-#9458,R-197,"Gym / Sat / 08:00
Tennis Court (Top Pref)","Tennis Court / Tue / 07:00
Nudge Sun / 08:22","Tennis Court / Sun / 07:00
Booked Fri / 22:32",NO,2 of 4,2,Tennis Court,Tennis Court,Tue,Sun,07:00,07:00,Nudge Sun / 08:22,Booked Fri / 22:32
R-126-#9459,R-126,"Badminton Court / Wed / 11:00
Swimming Pool (Top Pref)","Gym / Fri / 17:00
Nudge Fri / 05:20","Badminton Court / Sat / 08:00
Booked Fri / 22:34",NO,0 of 4,0,Gym,Badminton Court,Fri,Sat,17:00,08:00,Nudge Fri / 05:20,Booked Fri / 22:34
R-105-#9460,R-105,"Tennis Court / Fri / 18:00
Badminton Court (Top Pref)","Badminton Court / Mon / 18:00
Nudge Sun / 13:56","Badminton Court / Sat / 18:00
Booked Sat / 00:40",NO,2 of 4,2,Badminton Court,Badminton Court,Mon,Sat,18:00,18:00,Nudge Sun / 13:56,Booked Sat / 00:40
R-152-#9461,R-152,"Gym / Fri / 08:00
Gym (Top Pref)","Gym / Sat / 06:00
Nudge Fri / 18:02","Clubhouse / Sat / 06:00
Booked Sat / 01:09",NO,2 of 4,2,Gym,Clubhouse,Sat,Sat,06:00,06:00,Nudge Fri / 18:02,Booked Sat / 01:09
R-149-#9462,R-149,"Swimming Pool / Tue / 16:00
Swimming Pool (Top Pref)","Swimming Pool / Sat / 16:00
Nudge Sat / 10:42","Clubhouse / Sat / 10:00
Booked Sat / 02:13",NO,1 of 4,1,Swimming Pool,Clubhouse,Sat,Sat,16:00,10:00,Nudge Sat / 10:42,Booked Sat / 02:13
R-122-#9463,R-122,"Clubhouse / Fri / 15:00
Clubhouse (Top Pref)","Clubhouse / Sat / 15:00
Nudge Fri / 21:00","Badminton Court / Sat / 20:00
Booked Sat / 02:37",NO,1 of 4,1,Clubhouse,Badminton Court,Sat,Sat,15:00,20:00,Nudge Fri / 21:00,Booked Sat / 02:37
R-162-#9464,R-162,"Badminton Court / Sun / 15:00
Clubhouse (Top Pref)","Clubhouse / Fri / 19:00
Nudge Thu / 23:06","Gym / Sat / 18:00
Booked Sat / 03:40",NO,1 of 4,1,Clubhouse,Gym,Fri,Sat,19:00,18:00,Nudge Thu / 23:06,Booked Sat / 03:40
R-137-#9465,R-137,"Badminton Court / Sat / 07:00
Swimming Pool (Top Pref)","Swimming Pool / Mon / 17:00
Nudge Mon / 03:17","Tennis Court / Sat / 11:00
Booked Sat / 04:12",NO,0 of 4,0,Swimming Pool,Tennis Court,Mon,Sat,17:00,11:00,Nudge Mon / 03:17,Booked Sat / 04:12
R-181-#9466,R-181,"Swimming Pool / Sun / 10:00
Swimming Pool (Top Pref)","Swimming Pool / Sat / 15:00
Nudge Sat / 09:32","Swimming Pool / Sat / 10:00
Booked Sat / 04:27",NO,2 of 4,2,Swimming Pool,Swimming Pool,Sat,Sat,15:00,10:00,Nudge Sat / 09:32,Booked Sat / 04:27
R-208-#9467,R-208,"Gym / Fri / 06:00
Gym (Top Pref)","Gym / Mon / 07:00
Nudge Sun / 18:53","Gym / Sat / 19:00
Booked Sat / 05:01",NO,1 of 4,1,Gym,Gym,Mon,Sat,07:00,19:00,Nudge Sun / 18:53,Booked Sat / 05:01
R-131-#9468,R-131,"Badminton Court / Fri / 19:00
Badminton Court (Top Pref)","Badminton Court / Mon / 20:00
Nudge Sun / 15:44","Badminton Court / Sun / 19:00
Booked Sat / 05:44",NO,2 of 4,2,Badminton Court,Badminton Court,Mon,Sun,20:00,19:00,Nudge Sun / 15:44,Booked Sat / 05:44
R-115-#9469,R-115,"Tennis Court / Sat / 08:00
Tennis Court (Top Pref)","Tennis Court / Sun / 07:00
Nudge Fri / 08:22","Badminton Court / Sun / 17:00
Booked Sat / 05:54",NO,1 of 4,1,Tennis Court,Badminton Court,Sun,Sun,07:00,17:00,Nudge Fri / 08:22,Booked Sat / 05:54
R-100-#9470,R-100,"Tennis Court / Fri / 11:00
Swimming Pool (Top Pref)","Gym / Sat / 17:00
Nudge Sat / 04:48","Gym / Sat / 17:00
Booked Sat / 05:59",YES,4 of 4,4,Gym,Gym,Sat,Sat,17:00,17:00,Nudge Sat / 04:48,Booked Sat / 05:59
R-140-#9471,R-140,"Clubhouse / Fri / 17:00
Swimming Pool (Top Pref)","Swimming Pool / Sat / 10:00
Nudge Sat / 04:31","Swimming Pool / Sat / 15:00
Booked Sat / 07:34",NO,2 of 4,2,Swimming Pool,Swimming Pool,Sat,Sat,10:00,15:00,Nudge Sat / 04:31,Booked Sat / 07:34
R-205-#9472,R-205,"Gym / Fri / 11:00
Swimming Pool (Top Pref)","Swimming Pool / Sat / 15:00
Nudge Sat / 09:13","Swimming Pool / Sat / 16:00
Booked Sat / 07:37",YES,4 of 4,4,Swimming Pool,Swimming Pool,Sat,Sat,15:00,16:00,Nudge Sat / 09:13,Booked Sat / 07:37
R-216-#9473,R-216,"Clubhouse / Sat / 17:00
Swimming Pool (Top Pref)","Swimming Pool / Sat / 11:00
Nudge Sat / 04:50","Tennis Court / Sat / 11:00
Booked Sat / 07:37",NO,2 of 4,2,Swimming Pool,Tennis Court,Sat,Sat,11:00,11:00,Nudge Sat / 04:50,Booked Sat / 07:37
R-159-#9474,R-159,"Badminton Court / Tue / 19:00
Clubhouse (Top Pref)","Clubhouse / Fri / 19:00
Nudge Thu / 21:52","Clubhouse / Sat / 19:00
Booked Sat / 08:06",NO,2 of 4,2,Clubhouse,Clubhouse,Fri,Sat,19:00,19:00,Nudge Thu / 21:52,Booked Sat / 08:06
R-160-#9475,R-160,"Gym / Tue / 15:00
Swimming Pool (Top Pref)","Swimming Pool / Sat / 16:00
Nudge Sat / 10:51","Swimming Pool / Sat / 13:00
Booked Sat / 09:31",NO,3 of 4,3,Swimming Pool,Swimming Pool,Sat,Sat,16:00,13:00,Nudge Sat / 10:51,Booked Sat / 09:31
R-104-#9476,R-104,"Swimming Pool / Wed / 16:00
Swimming Pool (Top Pref)","Swimming Pool / Sat / 16:00
Nudge Sat / 10:06","Tennis Court / Sat / 16:00
Booked Sat / 09:33",NO,3 of 4,3,Swimming Pool,Tennis Court,Sat,Sat,16:00,16:00,Nudge Sat / 10:06,Booked Sat / 09:33
R-163-#9477,R-163,"Gym / Wed / 17:00
Swimming Pool (Top Pref)","Swimming Pool / Sat / 15:00
Nudge Sat / 09:41","Swimming Pool / Sat / 15:00
Booked Sat / 09:35",YES,4 of 4,4,Swimming Pool,Swimming Pool,Sat,Sat,15:00,15:00,Nudge Sat / 09:41,Booked Sat / 09:35
R-128-#9478,R-128,"Tennis Court / Wed / 17:00
Swimming Pool (Top Pref)","Swimming Pool / Sat / 17:00
Nudge Sat / 02:44","Gym / Sat / 19:00
Booked Sat / 09:49",NO,1 of 4,1,Swimming Pool,Gym,Sat,Sat,17:00,19:00,Nudge Sat / 02:44,Booked Sat / 09:49
R-199-#9479,R-199,"Swimming Pool / Sun / 17:00
Swimming Pool (Top Pref)","Swimming Pool / Sat / 16:00
Nudge Sat / 10:33","Swimming Pool / Sat / 16:00
Booked Sat / 09:50",YES,4 of 4,4,Swimming Pool,Swimming Pool,Sat,Sat,16:00,16:00,Nudge Sat / 10:33,Booked Sat / 09:50
R-171-#9480,R-171,"Swimming Pool / Mon / 11:00
Swimming Pool (Top Pref)","Swimming Pool / Sat / 16:00
Nudge Sat / 11:17","Swimming Pool / Sat / 16:00
Booked Sat / 10:02",YES,4 of 4,4,Swimming Pool,Swimming Pool,Sat,Sat,16:00,16:00,Nudge Sat / 11:17,Booked Sat / 10:02
R-130-#9481,R-130,"Gym / Tue / 17:00
Tennis Court (Top Pref)","Tennis Court / Sat / 17:00
Nudge Fri / 03:06","Tennis Court / Sun / 17:00
Booked Sat / 10:26",NO,2 of 4,2,Tennis Court,Tennis Court,Sat,Sun,17:00,17:00,Nudge Fri / 03:06,Booked Sat / 10:26
R-139-#9482,R-139,"Swimming Pool / Wed / 06:00
Swimming Pool (Top Pref)","Swimming Pool / Sat / 17:00
Nudge Sat / 11:26","Swimming Pool / Sat / 17:00
Booked Sat / 10:56",YES,4 of 4,4,Swimming Pool,Swimming Pool,Sat,Sat,17:00,17:00,Nudge Sat / 11:26,Booked Sat / 10:56
R-211-#9483,R-211,"Swimming Pool / Wed / 17:00
Swimming Pool (Top Pref)","Swimming Pool / Sat / 16:00
Nudge Sat / 10:04","Swimming Pool / Sat / 16:00
Booked Sat / 11:00",YES,4 of 4,4,Swimming Pool,Swimming Pool,Sat,Sat,16:00,16:00,Nudge Sat / 10:04,Booked Sat / 11:00
R-151-#9484,R-151,"Clubhouse / Sat / 16:00
Swimming Pool (Top Pref)","Swimming Pool / Sun / 11:00
Nudge Sun / 05:35","Swimming Pool / Sat / 16:00
Booked Sat / 11:49",NO,1 of 4,1,Swimming Pool,Swimming Pool,Sun,Sat,11:00,16:00,Nudge Sun / 05:35,Booked Sat / 11:49
R-218-#9485,R-218,"Tennis Court / Tue / 08:00
Gym (Top Pref)","Gym / Wed / 07:00
Nudge Tue / 19:13","Gym / Sun / 08:00
Booked Sat / 14:21",NO,2 of 4,2,Gym,Gym,Wed,Sun,07:00,08:00,Nudge Tue / 19:13,Booked Sat / 14:21
R-120-#9486,R-120,"Badminton Court / Wed / 19:00
Badminton Court (Top Pref)","Badminton Court / Mon / 18:00
Nudge Sun / 15:07","Tennis Court / Mon / 06:00
Booked Sat / 15:27",NO,1 of 4,1,Badminton Court,Tennis Court,Mon,Mon,18:00,06:00,Nudge Sun / 15:07,Booked Sat / 15:27
R-172-#9487,R-172,"Tennis Court / Fri / 06:00
Gym (Top Pref)","Gym / Mon / 06:00
Nudge Sun / 15:27","Gym / Sun / 07:00
Booked Sat / 15:37",NO,2 of 4,2,Gym,Gym,Mon,Sun,06:00,07:00,Nudge Sun / 15:27,Booked Sat / 15:37
R-135-#9488,R-135,"Gym / Sat / 07:00
Gym (Top Pref)","Gym / Mon / 06:00
Nudge Sun / 15:47","Gym / Sun / 07:00
Booked Sat / 15:47",NO,2 of 4,2,Gym,Gym,Mon,Sun,06:00,07:00,Nudge Sun / 15:47,Booked Sat / 15:47
R-158-#9489,R-158,"Gym / Fri / 07:00
Gym (Top Pref)","Gym / Mon / 08:00
Nudge Sun / 17:35","Gym / Sun / 07:00
Booked Sat / 16:23",NO,2 of 4,2,Gym,Gym,Mon,Sun,08:00,07:00,Nudge Sun / 17:35,Booked Sat / 16:23
R-213-#9490,R-213,"Badminton Court / Fri / 19:00
Badminton Court (Top Pref)","Badminton Court / Mon / 18:00
Nudge Sun / 12:52","Badminton Court / Mon / 12:00
Booked Sat / 17:05",NO,2 of 4,2,Badminton Court,Badminton Court,Mon,Mon,18:00,12:00,Nudge Sun / 12:52,Booked Sat / 17:05
R-150-#9491,R-150,"Gym / Sat / 14:00
Clubhouse (Top Pref)","Clubhouse / Sun / 15:00
Nudge Sat / 20:40","Clubhouse / Sun / 14:00
Booked Sat / 17:28",NO,3 of 4,3,Clubhouse,Clubhouse,Sun,Sun,15:00,14:00,Nudge Sat / 20:40,Booked Sat / 17:28
R-118-#9492,R-118,"Gym / Sat / 08:00
Gym (Top Pref)","Gym / Mon / 06:00
Nudge Sun / 16:51","Swimming Pool / Sun / 14:00
Booked Sat / 17:48",NO,0 of 4,0,Gym,Swimming Pool,Mon,Sun,06:00,14:00,Nudge Sun / 16:51,Booked Sat / 17:48
R-189-#9493,R-189,"Gym / Thu / 07:00
Gym (Top Pref)","Gym / Mon / 06:00
Nudge Sun / 16:40","Gym / Sun / 08:00
Booked Sat / 18:18",NO,1 of 4,1,Gym,Gym,Mon,Sun,06:00,08:00,Nudge Sun / 16:40,Booked Sat / 18:18
R-128-#9494,R-128,"Gym / Sat / 19:00
Gym (Top Pref)","Swimming Pool / Sun / 07:00
Nudge Sat / 15:42","Gym / Sun / 07:00
Booked Sat / 18:34",NO,2 of 4,2,Swimming Pool,Gym,Sun,Sun,07:00,07:00,Nudge Sat / 15:42,Booked Sat / 18:34
R-191-#9495,R-191,"Badminton Court / Sat / 07:00
Swimming Pool (Top Pref)","Swimming Pool / Sun / 07:00
Nudge Sat / 17:24","Tennis Court / Sun / 11:00
Booked Sat / 18:44",NO,2 of 4,2,Swimming Pool,Tennis Court,Sun,Sun,07:00,11:00,Nudge Sat / 17:24,Booked Sat / 18:44
R-124-#9496,R-124,"Clubhouse / Sun / 15:00
Clubhouse (Top Pref)","Clubhouse / Fri / 20:00
Nudge Thu / 23:51","Swimming Pool / Sun / 18:00
Booked Sat / 21:06",NO,0 of 4,0,Clubhouse,Swimming Pool,Fri,Sun,20:00,18:00,Nudge Thu / 23:51,Booked Sat / 21:06
R-202-#9497,R-202,"Tennis Court / Sun / 15:00
Clubhouse (Top Pref)","Clubhouse / Fri / 14:00
Nudge Thu / 17:40","Swimming Pool / Sun / 15:00
Booked Sat / 21:26",NO,1 of 4,1,Clubhouse,Swimming Pool,Fri,Sun,14:00,15:00,Nudge Thu / 17:40,Booked Sat / 21:26
R-217-#9498,R-217,"Swimming Pool / Thu / 18:00
Badminton Court (Top Pref)","Badminton Court / Mon / 18:00
Nudge Sun / 15:51","Badminton Court / Sun / 19:00
Booked Sat / 21:33",NO,2 of 4,2,Badminton Court,Badminton Court,Mon,Sun,18:00,19:00,Nudge Sun / 15:51,Booked Sat / 21:33
R-121-#9499,R-121,"Badminton Court / Fri / 18:00
Clubhouse (Top Pref)","Clubhouse / Sun / 19:00
Nudge Sat / 23:02","Clubhouse / Sun / 14:00
Booked Sat / 22:00",NO,3 of 4,3,Clubhouse,Clubhouse,Sun,Sun,19:00,14:00,Nudge Sat / 23:02,Booked Sat / 22:00
R-154-#9500,R-154,"Badminton Court / Sun / 10:00
Tennis Court (Top Pref)","Tennis Court / Tue / 07:00
Nudge Sun / 11:32","Tennis Court / Mon / 07:00
Booked Sat / 22:05",NO,2 of 4,2,Tennis Court,Tennis Court,Tue,Mon,07:00,07:00,Nudge Sun / 11:32,Booked Sat / 22:05
R-180-#9501,R-180,"Gym / Fri / 20:00
Badminton Court (Top Pref)","Badminton Court / Mon / 20:00
Nudge Sun / 14:55","Badminton Court / Mon / 06:00
Booked Sat / 22:27",NO,2 of 4,2,Badminton Court,Badminton Court,Mon,Mon,20:00,06:00,Nudge Sun / 14:55,Booked Sat / 22:27
R-122-#9502,R-122,"Badminton Court / Sat / 20:00
Clubhouse (Top Pref)","Clubhouse / Sun / 15:00
Nudge Sat / 20:08","Swimming Pool / Sun / 19:00
Booked Sat / 22:51",NO,1 of 4,1,Clubhouse,Swimming Pool,Sun,Sun,15:00,19:00,Nudge Sat / 20:08,Booked Sat / 22:51
R-162-#9503,R-162,"Gym / Sat / 18:00
Clubhouse (Top Pref)","Clubhouse / Sun / 15:00
Nudge Sat / 17:53","Badminton Court / Sun / 15:00
Booked Sat / 23:34",NO,2 of 4,2,Clubhouse,Badminton Court,Sun,Sun,15:00,15:00,Nudge Sat / 17:53,Booked Sat / 23:34
R-180-#9504,R-180,"Badminton Court / Mon / 06:00
Badminton Court (Top Pref)","Badminton Court / Tue / 20:00
Nudge Mon / 19:47","Badminton Court / Sun / 20:00
Booked Sun / 00:09",NO,2 of 4,2,Badminton Court,Badminton Court,Tue,Sun,20:00,20:00,Nudge Mon / 19:47,Booked Sun / 00:09
R-155-#9505,R-155,"Badminton Court / Sat / 15:00
Clubhouse (Top Pref)","Clubhouse / Sun / 20:00
Nudge Sun / 00:12","Clubhouse / Sun / 19:00
Booked Sun / 00:11",YES,4 of 4,4,Clubhouse,Clubhouse,Sun,Sun,20:00,19:00,Nudge Sun / 00:12,Booked Sun / 00:11
R-186-#9506,R-186,"Swimming Pool / Wed / 19:00
Swimming Pool (Top Pref)","Gym / Sat / 17:00
Nudge Sat / 03:13","Clubhouse / Sun / 11:00
Booked Sun / 00:26",NO,0 of 4,0,Gym,Clubhouse,Sat,Sun,17:00,11:00,Nudge Sat / 03:13,Booked Sun / 00:26
R-177-#9507,R-177,"Tennis Court / Sun / 18:00
Tennis Court (Top Pref)","Tennis Court / Tue / 07:00
Nudge Sun / 13:03","Tennis Court / Tue / 09:00
Booked Sun / 00:32",NO,2 of 4,2,Tennis Court,Tennis Court,Tue,Tue,07:00,09:00,Nudge Sun / 13:03,Booked Sun / 00:32
R-142-#9508,R-142,"Clubhouse / Fri / 07:00
Badminton Court (Top Pref)","Badminton Court / Mon / 18:00
Nudge Sun / 13:43","Badminton Court / Sun / 19:00
Booked Sun / 01:37",NO,2 of 4,2,Badminton Court,Badminton Court,Mon,Sun,18:00,19:00,Nudge Sun / 13:43,Booked Sun / 01:37
R-164-#9509,R-164,"Gym / Sat / 15:00
Clubhouse (Top Pref)","Clubhouse / Sun / 15:00
Nudge Sat / 20:17","Clubhouse / Sun / 19:00
Booked Sun / 01:57",NO,2 of 4,2,Clubhouse,Clubhouse,Sun,Sun,15:00,19:00,Nudge Sat / 20:17,Booked Sun / 01:57
R-193-#9510,R-193,"Tennis Court / Sat / 20:00
Clubhouse (Top Pref)","Clubhouse / Fri / 20:00
Nudge Thu / 22:49","Clubhouse / Sun / 14:00
Booked Sun / 02:46",NO,1 of 4,1,Clubhouse,Clubhouse,Fri,Sun,20:00,14:00,Nudge Thu / 22:49,Booked Sun / 02:46
R-133-#9511,R-133,"Swimming Pool / Thu / 14:00
Clubhouse (Top Pref)","Clubhouse / Fri / 15:00
Nudge Thu / 19:07","Clubhouse / Sun / 20:00
Booked Sun / 02:53",NO,1 of 4,1,Clubhouse,Clubhouse,Fri,Sun,15:00,20:00,Nudge Thu / 19:07,Booked Sun / 02:53
R-131-#9512,R-131,"Badminton Court / Sun / 19:00
Badminton Court (Top Pref)","Badminton Court / Mon / 18:00
Nudge Sun / 13:58","Badminton Court / Mon / 20:00
Booked Sun / 03:55",NO,2 of 4,2,Badminton Court,Badminton Court,Mon,Mon,18:00,20:00,Nudge Sun / 13:58,Booked Sun / 03:55
R-125-#9513,R-125,"Gym / Sat / 20:00
Badminton Court (Top Pref)","Badminton Court / Mon / 18:00
Nudge Sun / 14:23","Gym / Mon / 07:00
Booked Sun / 04:09",NO,1 of 4,1,Badminton Court,Gym,Mon,Mon,18:00,07:00,Nudge Sun / 14:23,Booked Sun / 04:09
R-192-#9514,R-192,"Badminton Court / Fri / 19:00
Badminton Court (Top Pref)","Badminton Court / Mon / 18:00
Nudge Sun / 12:38","Badminton Court / Mon / 11:00
Booked Sun / 04:16",NO,2 of 4,2,Badminton Court,Badminton Court,Mon,Mon,18:00,11:00,Nudge Sun / 12:38,Booked Sun / 04:16
R-173-#9515,R-173,"Clubhouse / Wed / 20:00
Badminton Court (Top Pref)","Badminton Court / Mon / 18:00
Nudge Sun / 16:01","Tennis Court / Mon / 18:00
Booked Sun / 04:53",NO,2 of 4,2,Badminton Court,Tennis Court,Mon,Mon,18:00,18:00,Nudge Sun / 16:01,Booked Sun / 04:53
R-139-#9516,R-139,"Swimming Pool / Sat / 17:00
Swimming Pool (Top Pref)","Swimming Pool / Sun / 10:00
Nudge Sun / 04:14","Badminton Court / Sun / 11:00
Booked Sun / 04:57",NO,3 of 4,3,Swimming Pool,Badminton Court,Sun,Sun,10:00,11:00,Nudge Sun / 04:14,Booked Sun / 04:57
R-181-#9517,R-181,"Swimming Pool / Sat / 10:00
Swimming Pool (Top Pref)","Swimming Pool / Sun / 15:00
Nudge Sun / 09:16","Swimming Pool / Sun / 11:00
Booked Sun / 05:12",NO,2 of 4,2,Swimming Pool,Swimming Pool,Sun,Sun,15:00,11:00,Nudge Sun / 09:16,Booked Sun / 05:12
R-217-#9518,R-217,"Badminton Court / Sun / 19:00
Badminton Court (Top Pref)","Badminton Court / Mon / 18:00
Nudge Sun / 08:46","Badminton Court / Mon / 18:00
Booked Sun / 05:16",NO,3 of 4,3,Badminton Court,Badminton Court,Mon,Mon,18:00,18:00,Nudge Sun / 08:46,Booked Sun / 05:16
R-149-#9519,R-149,"Clubhouse / Sat / 10:00
Swimming Pool (Top Pref)","Swimming Pool / Sun / 15:00
Nudge Sun / 09:56","Clubhouse / Sun / 11:00
Booked Sun / 05:34",NO,1 of 4,1,Swimming Pool,Clubhouse,Sun,Sun,15:00,11:00,Nudge Sun / 09:56,Booked Sun / 05:34
R-100-#9520,R-100,"Gym / Sat / 17:00
Swimming Pool (Top Pref)","Swimming Pool / Sun / 07:00
Nudge Sat / 18:15","Badminton Court / Sun / 19:00
Booked Sun / 05:59",NO,1 of 4,1,Swimming Pool,Badminton Court,Sun,Sun,07:00,19:00,Nudge Sat / 18:15,Booked Sun / 05:59
R-103-#9521,R-103,"Clubhouse / Fri / 08:00
Swimming Pool (Top Pref)","Swimming Pool / Mon / 17:00
Nudge Mon / 02:55","Tennis Court / Sun / 19:00
Booked Sun / 06:08",NO,0 of 4,0,Swimming Pool,Tennis Court,Mon,Sun,17:00,19:00,Nudge Mon / 02:55,Booked Sun / 06:08
R-161-#9522,R-161,"Gym / Thu / 13:00
Gym (Top Pref)","Gym / Mon / 17:00
Nudge Mon / 05:18","Gym / Sun / 17:00
Booked Sun / 06:14",NO,2 of 4,2,Gym,Gym,Mon,Sun,17:00,17:00,Nudge Mon / 05:18,Booked Sun / 06:14
R-187-#9523,R-187,"Gym / Sat / 11:00
Gym (Top Pref)","Gym / Mon / 17:00
Nudge Mon / 04:49","Badminton Court / Sun / 19:00
Booked Sun / 07:18",NO,0 of 4,0,Gym,Badminton Court,Mon,Sun,17:00,19:00,Nudge Mon / 04:49,Booked Sun / 07:18
R-205-#9524,R-205,"Swimming Pool / Sat / 16:00
Swimming Pool (Top Pref)","Swimming Pool / Sun / 15:00
Nudge Sun / 09:22","Tennis Court / Sun / 15:00
Booked Sun / 08:24",NO,3 of 4,3,Swimming Pool,Tennis Court,Sun,Sun,15:00,15:00,Nudge Sun / 09:22,Booked Sun / 08:24
R-104-#9525,R-104,"Tennis Court / Sat / 16:00
Swimming Pool (Top Pref)","Swimming Pool / Sun / 16:00
Nudge Sun / 10:02","Clubhouse / Sun / 16:00
Booked Sun / 08:35",NO,3 of 4,3,Swimming Pool,Clubhouse,Sun,Sun,16:00,16:00,Nudge Sun / 10:02,Booked Sun / 08:35
R-133-#9526,R-133,"Clubhouse / Sun / 20:00
Clubhouse (Top Pref)","Clubhouse / Sun / 15:00
Nudge Sat / 13:48","Gym / Mon / 15:00
Booked Sun / 08:41",NO,1 of 4,1,Clubhouse,Gym,Sun,Mon,15:00,15:00,Nudge Sat / 13:48,Booked Sun / 08:41
R-151-#9527,R-151,"Swimming Pool / Sat / 16:00
Swimming Pool (Top Pref)","Swimming Pool / Sun / 10:00
Nudge Sun / 04:05","Swimming Pool / Sun / 16:00
Booked Sun / 09:02",NO,2 of 4,2,Swimming Pool,Swimming Pool,Sun,Sun,10:00,16:00,Nudge Sun / 04:05,Booked Sun / 09:02
R-216-#9528,R-216,"Tennis Court / Sat / 11:00
Swimming Pool (Top Pref)","Swimming Pool / Sun / 15:00
Nudge Sun / 08:54","Clubhouse / Sun / 16:00
Booked Sun / 09:16",NO,3 of 4,3,Swimming Pool,Clubhouse,Sun,Sun,15:00,16:00,Nudge Sun / 08:54,Booked Sun / 09:16
R-197-#9529,R-197,"Tennis Court / Sun / 07:00
Tennis Court (Top Pref)","Tennis Court / Tue / 07:00
Nudge Sun / 09:32","Tennis Court / Tue / 07:00
Booked Sun / 09:17",YES,4 of 4,4,Tennis Court,Tennis Court,Tue,Tue,07:00,07:00,Nudge Sun / 09:32,Booked Sun / 09:17
R-170-#9530,R-170,"Badminton Court / Fri / 20:00
Badminton Court (Top Pref)","Badminton Court / Mon / 18:00
Nudge Sun / 13:04","Swimming Pool / Mon / 15:00
Booked Sun / 09:55",NO,1 of 4,1,Badminton Court,Swimming Pool,Mon,Mon,18:00,15:00,Nudge Sun / 13:04,Booked Sun / 09:55
R-176-#9531,R-176,"Clubhouse / Fri / 10:00
Swimming Pool (Top Pref)","Swimming Pool / Sun / 16:00
Nudge Sun / 09:46","Swimming Pool / Sun / 15:00
Booked Sun / 10:01",YES,4 of 4,4,Swimming Pool,Swimming Pool,Sun,Sun,16:00,15:00,Nudge Sun / 09:46,Booked Sun / 10:01
R-199-#9532,R-199,"Swimming Pool / Sat / 16:00
Swimming Pool (Top Pref)","Swimming Pool / Sun / 16:00
Nudge Sun / 10:23","Badminton Court / Sun / 16:00
Booked Sun / 10:07",NO,3 of 4,3,Swimming Pool,Badminton Court,Sun,Sun,16:00,16:00,Nudge Sun / 10:23,Booked Sun / 10:07
R-182-#9533,R-182,"Swimming Pool / Sun / 17:00
Swimming Pool (Top Pref)","Swimming Pool / Sat / 16:00
Nudge Sat / 10:29","Tennis Court / Sun / 17:00
Booked Sun / 10:43",NO,1 of 4,1,Swimming Pool,Tennis Court,Sat,Sun,16:00,17:00,Nudge Sat / 10:29,Booked Sun / 10:43
R-143-#9534,R-143,"Swimming Pool / Sun / 11:00
Swimming Pool (Top Pref)","Swimming Pool / Sat / 16:00
Nudge Sat / 10:43","Tennis Court / Sun / 16:00
Booked Sun / 11:09",NO,1 of 4,1,Swimming Pool,Tennis Court,Sat,Sun,16:00,16:00,Nudge Sat / 10:43,Booked Sun / 11:09
R-185-#9535,R-185,"Swimming Pool / Sat / 11:00
Swimming Pool (Top Pref)","Swimming Pool / Sun / 16:00
Nudge Sun / 10:27","Gym / Sun / 17:00
Booked Sun / 11:24",NO,3 of 4,3,Swimming Pool,Gym,Sun,Sun,16:00,17:00,Nudge Sun / 10:27,Booked Sun / 11:24
R-154-#9536,R-154,"Tennis Court / Mon / 07:00
Tennis Court (Top Pref)","Tennis Court / Tue / 07:00
Nudge Sun / 07:16","Tennis Court / Tue / 18:00
Booked Sun / 11:53",NO,2 of 4,2,Tennis Court,Tennis Court,Tue,Tue,07:00,18:00,Nudge Sun / 07:16,Booked Sun / 11:53
R-206-#9537,R-206,"Gym / Fri / 06:00
Gym (Top Pref)","Gym / Mon / 06:00
Nudge Sun / 15:27","Clubhouse / Mon / 07:00
Booked Sun / 13:09",NO,3 of 4,3,Gym,Clubhouse,Mon,Mon,06:00,07:00,Nudge Sun / 15:27,Booked Sun / 13:09
R-209-#9538,R-209,"Swimming Pool / Mon / 11:00
Swimming Pool (Top Pref)","Swimming Pool / Sat / 16:00
Nudge Sat / 10:42","Clubhouse / Sun / 17:00
Booked Sun / 13:27",NO,1 of 4,1,Swimming Pool,Clubhouse,Sat,Sun,16:00,17:00,Nudge Sat / 10:42,Booked Sun / 13:27
R-148-#9539,R-148,"Swimming Pool / Mon / 16:00
Swimming Pool (Top Pref)","Swimming Pool / Sat / 17:00
Nudge Sat / 11:31","Swimming Pool / Sun / 17:00
Booked Sun / 13:42",NO,2 of 4,2,Swimming Pool,Swimming Pool,Sat,Sun,17:00,17:00,Nudge Sat / 11:31,Booked Sun / 13:42
R-127-#9540,R-127,"Gym / Tue / 08:00
Swimming Pool (Top Pref)","Swimming Pool / Wed / 17:00
Nudge Wed / 03:37","Tennis Court / Mon / 11:00
Booked Sun / 13:51",NO,0 of 4,0,Swimming Pool,Tennis Court,Wed,Mon,17:00,11:00,Nudge Wed / 03:37,Booked Sun / 13:51
R-135-#9541,R-135,"Gym / Sun / 07:00
Gym (Top Pref)","Gym / Mon / 06:00
Nudge Sun / 15:14","Badminton Court / Mon / 08:00
Booked Sun / 14:31",NO,2 of 4,2,Gym,Badminton Court,Mon,Mon,06:00,08:00,Nudge Sun / 15:14,Booked Sun / 14:31
R-101-#9542,R-101,"Gym / Thu / 08:00
Gym (Top Pref)","Gym / Mon / 07:00
Nudge Sun / 18:19","Gym / Mon / 08:00
Booked Sun / 14:59",NO,3 of 4,3,Gym,Gym,Mon,Mon,07:00,08:00,Nudge Sun / 18:19,Booked Sun / 14:59
R-167-#9543,R-167,"Gym / Sat / 06:00
Gym (Top Pref)","Gym / Mon / 08:00
Nudge Sun / 17:12","Swimming Pool / Mon / 07:00
Booked Sun / 15:37",NO,3 of 4,3,Gym,Swimming Pool,Mon,Mon,08:00,07:00,Nudge Sun / 17:12,Booked Sun / 15:37
R-152-#9544,R-152,"Clubhouse / Sat / 06:00
Gym (Top Pref)","Gym / Mon / 06:00
Nudge Sun / 17:24","Tennis Court / Mon / 08:00
Booked Sun / 15:40",NO,2 of 4,2,Gym,Tennis Court,Mon,Mon,06:00,08:00,Nudge Sun / 17:24,Booked Sun / 15:40
R-195-#9545,R-195,"Clubhouse / Fri / 18:00
Badminton Court (Top Pref)","Badminton Court / Mon / 18:00
Nudge Sun / 13:04","Clubhouse / Mon / 20:00
Booked Sun / 16:01",NO,1 of 4,1,Badminton Court,Clubhouse,Mon,Mon,18:00,20:00,Nudge Sun / 13:04,Booked Sun / 16:01
R-196-#9546,R-196,"Badminton Court / Fri / 16:00
Badminton Court (Top Pref)","Badminton Court / Mon / 20:00
Nudge Sun / 14:51","Gym / Mon / 20:00
Booked Sun / 16:03",NO,3 of 4,3,Badminton Court,Gym,Mon,Mon,20:00,20:00,Nudge Sun / 14:51,Booked Sun / 16:03
R-109-#9547,R-109,"Badminton Court / Sat / 08:00
Gym (Top Pref)","Gym / Mon / 07:00
Nudge Sun / 16:16","Gym / Mon / 06:00
Booked Sun / 16:07",YES,4 of 4,4,Gym,Gym,Mon,Mon,07:00,06:00,Nudge Sun / 16:16,Booked Sun / 16:07
R-105-#9548,R-105,"Badminton Court / Sat / 18:00
Badminton Court (Top Pref)","Badminton Court / Mon / 18:00
Nudge Sun / 14:06","Tennis Court / Mon / 20:00
Booked Sun / 16:15",NO,2 of 4,2,Badminton Court,Tennis Court,Mon,Mon,18:00,20:00,Nudge Sun / 14:06,Booked Sun / 16:15
R-198-#9549,R-198,"Gym / Sat / 07:00
Tennis Court (Top Pref)","Tennis Court / Tue / 18:00
Nudge Mon / 00:53","Gym / Tue / 08:00
Booked Sun / 16:18",NO,1 of 4,1,Tennis Court,Gym,Tue,Tue,18:00,08:00,Nudge Mon / 00:53,Booked Sun / 16:18
R-172-#9550,R-172,"Gym / Sun / 07:00
Gym (Top Pref)","Gym / Mon / 07:00
Nudge Sun / 16:44","Tennis Court / Mon / 07:00
Booked Sun / 16:30",NO,3 of 4,3,Gym,Tennis Court,Mon,Mon,07:00,07:00,Nudge Sun / 16:44,Booked Sun / 16:30
R-208-#9551,R-208,"Gym / Sat / 19:00
Gym (Top Pref)","Gym / Mon / 07:00
Nudge Sun / 18:05","Gym / Mon / 06:00
Booked Sun / 16:34",YES,4 of 4,4,Gym,Gym,Mon,Mon,07:00,06:00,Nudge Sun / 18:05,Booked Sun / 16:34
R-128-#9552,R-128,"Gym / Sun / 07:00
Gym (Top Pref)","Swimming Pool / Mon / 07:00
Nudge Sun / 17:24","Gym / Mon / 08:00
Booked Sun / 16:40",NO,3 of 4,3,Swimming Pool,Gym,Mon,Mon,07:00,08:00,Nudge Sun / 17:24,Booked Sun / 16:40
R-107-#9553,R-107,"Swimming Pool / Thu / 15:00
Badminton Court (Top Pref)","Badminton Court / Mon / 18:00
Nudge Sun / 15:22","Badminton Court / Mon / 18:00
Booked Sun / 16:43",YES,4 of 4,4,Badminton Court,Badminton Court,Mon,Mon,18:00,18:00,Nudge Sun / 15:22,Booked Sun / 16:43
R-175-#9554,R-175,"Tennis Court / Sat / 18:00
Tennis Court (Top Pref)","Tennis Court / Tue / 18:00
Nudge Sun / 23:56","Tennis Court / Tue / 08:00
Booked Sun / 16:46",NO,2 of 4,2,Tennis Court,Tennis Court,Tue,Tue,18:00,08:00,Nudge Sun / 23:56,Booked Sun / 16:46
R-106-#9555,R-106,"Badminton Court / Fri / 19:00
Badminton Court (Top Pref)","Badminton Court / Mon / 18:00
Nudge Sun / 17:26","Badminton Court / Mon / 18:00
Booked Sun / 17:10",YES,4 of 4,4,Badminton Court,Badminton Court,Mon,Mon,18:00,18:00,Nudge Sun / 17:26,Booked Sun / 17:10
R-132-#9556,R-132,"Tennis Court / Sat / 08:00
Tennis Court (Top Pref)","Tennis Court / Tue / 17:00
Nudge Mon / 02:16","Gym / Tue / 08:00
Booked Sun / 17:40",NO,1 of 4,1,Tennis Court,Gym,Tue,Tue,17:00,08:00,Nudge Mon / 02:16,Booked Sun / 17:40
R-174-#9557,R-174,"Badminton Court / Fri / 07:00
Gym (Top Pref)","Gym / Mon / 06:00
Nudge Sun / 16:38","Clubhouse / Mon / 13:00
Booked Sun / 17:53",NO,2 of 4,2,Gym,Clubhouse,Mon,Mon,06:00,13:00,Nudge Sun / 16:38,Booked Sun / 17:53
R-168-#9558,R-168,"Gym / Fri / 07:00
Gym (Top Pref)","Gym / Mon / 06:00
Nudge Sun / 15:28","Gym / Mon / 07:00
Booked Sun / 18:14",NO,3 of 4,3,Gym,Gym,Mon,Mon,06:00,07:00,Nudge Sun / 15:28,Booked Sun / 18:14
R-212-#9559,R-212,"Gym / Fri / 06:00
Gym (Top Pref)","Gym / Mon / 06:00
Nudge Sun / 15:39","Gym / Mon / 06:00
Booked Sun / 18:34",NO,3 of 4,3,Gym,Gym,Mon,Mon,06:00,06:00,Nudge Sun / 15:39,Booked Sun / 18:34
R-204-#9560,R-204,"Tennis Court / Wed / 11:00
Tennis Court (Top Pref)","Swimming Pool / Sat / 17:00
Nudge Sat / 03:07","Badminton Court / Mon / 11:00
Booked Sun / 19:08",NO,0 of 4,0,Swimming Pool,Badminton Court,Sat,Mon,17:00,11:00,Nudge Sat / 03:07,Booked Sun / 19:08
R-166-#9561,R-166,"Badminton Court / Mon / 11:00
Gym (Top Pref)","Swimming Pool / Thu / 17:00
Nudge Thu / 03:02","Badminton Court / Mon / 08:00
Booked Sun / 19:20",NO,0 of 4,0,Swimming Pool,Badminton Court,Thu,Mon,17:00,08:00,Nudge Thu / 03:02,Booked Sun / 19:20
R-118-#9562,R-118,"Swimming Pool / Sun / 14:00
Gym (Top Pref)","Gym / Mon / 06:00
Nudge Sun / 17:27","Clubhouse / Mon / 08:00
Booked Sun / 19:34",NO,2 of 4,2,Gym,Clubhouse,Mon,Mon,06:00,08:00,Nudge Sun / 17:27,Booked Sun / 19:34
R-203-#9563,R-203,"Gym / Fri / 20:00
Badminton Court (Top Pref)","Badminton Court / Mon / 18:00
Nudge Sun / 12:52","Badminton Court / Mon / 18:00
Booked Sun / 19:42",NO,3 of 4,3,Badminton Court,Badminton Court,Mon,Mon,18:00,18:00,Nudge Sun / 12:52,Booked Sun / 19:42
R-165-#9564,R-165,"Gym / Sat / 16:00
Badminton Court (Top Pref)","Badminton Court / Mon / 18:00
Nudge Sun / 13:26","Badminton Court / Mon / 10:00
Booked Sun / 19:56",NO,2 of 4,2,Badminton Court,Badminton Court,Mon,Mon,18:00,10:00,Nudge Sun / 13:26,Booked Sun / 19:56
R-145-#9565,R-145,"Gym / Fri / 06:00
Gym (Top Pref)","Gym / Mon / 08:00
Nudge Sun / 18:45","Gym / Mon / 08:00
Booked Sun / 20:10",YES,4 of 4,4,Gym,Gym,Mon,Mon,08:00,08:00,Nudge Sun / 18:45,Booked Sun / 20:10
R-141-#9566,R-141,"Badminton Court / Fri / 18:00
Badminton Court (Top Pref)","Badminton Court / Mon / 18:00
Nudge Sun / 12:45","Badminton Court / Mon / 18:00
Booked Sun / 20:24",NO,3 of 4,3,Badminton Court,Badminton Court,Mon,Mon,18:00,18:00,Nudge Sun / 12:45,Booked Sun / 20:24
R-155-#9567,R-155,"Clubhouse / Sun / 19:00
Clubhouse (Top Pref)","Clubhouse / Sun / 19:00
Nudge Sat / 21:37","Badminton Court / Mon / 15:00
Booked Sun / 20:48",NO,0 of 4,0,Clubhouse,Badminton Court,Sun,Mon,19:00,15:00,Nudge Sat / 21:37,Booked Sun / 20:48
R-123-#9568,R-123,"Swimming Pool / Fri / 06:00
Gym (Top Pref)","Gym / Mon / 07:00
Nudge Sun / 17:48","Gym / Mon / 08:00
Booked Sun / 20:55",NO,3 of 4,3,Gym,Gym,Mon,Mon,07:00,08:00,Nudge Sun / 17:48,Booked Sun / 20:55
R-136-#9569,R-136,"Badminton Court / Fri / 18:00
Badminton Court (Top Pref)","Badminton Court / Mon / 18:00
Nudge Sun / 12:53","Badminton Court / Mon / 20:00
Booked Sun / 21:28",NO,2 of 4,2,Badminton Court,Badminton Court,Mon,Mon,18:00,20:00,Nudge Sun / 12:53,Booked Sun / 21:28
R-156-#9570,R-156,"Gym / Fri / 08:00
Gym (Top Pref)","Gym / Mon / 06:00
Nudge Sun / 16:52","Clubhouse / Mon / 07:00
Booked Sun / 21:35",NO,2 of 4,2,Gym,Clubhouse,Mon,Mon,06:00,07:00,Nudge Sun / 16:52,Booked Sun / 21:35
R-158-#9571,R-158,"Gym / Sun / 07:00
Gym (Top Pref)","Gym / Mon / 08:00
Nudge Sun / 19:59","Tennis Court / Mon / 07:00
Booked Sun / 21:46",NO,3 of 4,3,Gym,Tennis Court,Mon,Mon,08:00,07:00,Nudge Sun / 19:59,Booked Sun / 21:46
R-119-#9572,R-119,"Gym / Fri / 20:00
Badminton Court (Top Pref)","Badminton Court / Mon / 18:00
Nudge Sun / 14:44","Tennis Court / Mon / 19:00
Booked Sun / 22:07",NO,2 of 4,2,Badminton Court,Tennis Court,Mon,Mon,18:00,19:00,Nudge Sun / 14:44,Booked Sun / 22:07
R-117-#9573,R-117,"Tennis Court / Fri / 10:00
Gym (Top Pref)","Gym / Mon / 06:00
Nudge Sun / 15:37","Gym / Mon / 09:00
Booked Sun / 22:41",NO,2 of 4,2,Gym,Gym,Mon,Mon,06:00,09:00,Nudge Sun / 15:37,Booked Sun / 22:41
R-110-#9574,R-110,"Tennis Court / Thu / 17:00
Swimming Pool (Top Pref)","Swimming Pool / Mon / 19:00
Nudge Mon / 05:32","Gym / Mon / 07:00
Booked Sun / 22:42",NO,1 of 4,1,Swimming Pool,Gym,Mon,Mon,19:00,07:00,Nudge Mon / 05:32,Booked Sun / 22:42
R-116-#9575,R-116,"Gym / Fri / 06:00
Gym (Top Pref)","Gym / Mon / 08:00
Nudge Sun / 19:10","Gym / Mon / 08:00
Booked Sun / 23:13",NO,3 of 4,3,Gym,Gym,Mon,Mon,08:00,08:00,Nudge Sun / 19:10,Booked Sun / 23:13
R-187-#9576,R-187,"Badminton Court / Sun / 19:00
Gym (Top Pref)","Gym / Mon / 08:00
Nudge Sun / 19:57","Gym / Mon / 08:00
Booked Sun / 23:55",NO,3 of 4,3,Gym,Gym,Mon,Mon,08:00,08:00,Nudge Sun / 19:57,Booked Sun / 23:55
R-162-#9577,R-162,"Badminton Court / Sun / 15:00
Clubhouse (Top Pref)","Clubhouse / Sun / 15:00
Nudge Sat / 19:39","Badminton Court / Mon / 18:00
Booked Mon / 00:37",NO,0 of 4,0,Clubhouse,Badminton Court,Sun,Mon,15:00,18:00,Nudge Sat / 19:39,Booked Mon / 00:37
R-119-#9578,R-119,"Tennis Court / Mon / 19:00
Badminton Court (Top Pref)","Badminton Court / Tue / 18:00
Nudge Mon / 11:07","Badminton Court / Tue / 19:00
Booked Mon / 00:45",NO,3 of 4,3,Badminton Court,Badminton Court,Tue,Tue,18:00,19:00,Nudge Mon / 11:07,Booked Mon / 00:45
R-217-#9579,R-217,"Badminton Court / Mon / 18:00
Badminton Court (Top Pref)","Badminton Court / Tue / 18:00
Nudge Mon / 12:26","Gym / Tue / 08:00
Booked Mon / 00:48",NO,1 of 4,1,Badminton Court,Gym,Tue,Tue,18:00,08:00,Nudge Mon / 12:26,Booked Mon / 00:48
R-188-#9580,R-188,"Swimming Pool / Thu / 11:00
Swimming Pool (Top Pref)","Swimming Pool / Mon / 17:00
Nudge Mon / 03:07","Clubhouse / Mon / 09:00
Booked Mon / 01:25",NO,2 of 4,2,Swimming Pool,Clubhouse,Mon,Mon,17:00,09:00,Nudge Mon / 03:07,Booked Mon / 01:25
R-102-#9581,R-102,"Gym / Fri / 06:00
Gym (Top Pref)","Gym / Mon / 06:00
Nudge Sun / 16:53","Tennis Court / Mon / 12:00
Booked Mon / 01:25",NO,1 of 4,1,Gym,Tennis Court,Mon,Mon,06:00,12:00,Nudge Sun / 16:53,Booked Mon / 01:25
R-115-#9582,R-115,"Badminton Court / Sun / 17:00
Tennis Court (Top Pref)","Tennis Court / Tue / 17:00
Nudge Mon / 01:02","Tennis Court / Tue / 08:00
Booked Mon / 02:34",NO,3 of 4,3,Tennis Court,Tennis Court,Tue,Tue,17:00,08:00,Nudge Mon / 01:02,Booked Mon / 02:34
R-200-#9583,R-200,"Clubhouse / Thu / 17:00
Gym (Top Pref)","Gym / Mon / 17:00
Nudge Mon / 03:21","Clubhouse / Mon / 17:00
Booked Mon / 02:58",NO,3 of 4,3,Gym,Clubhouse,Mon,Mon,17:00,17:00,Nudge Mon / 03:21,Booked Mon / 02:58
R-210-#9584,R-210,"Badminton Court / Sat / 17:00
Tennis Court (Top Pref)","Tennis Court / Tue / 08:00
Nudge Sun / 15:42","Gym / Tue / 17:00
Booked Mon / 03:16",NO,1 of 4,1,Tennis Court,Gym,Tue,Tue,08:00,17:00,Nudge Sun / 15:42,Booked Mon / 03:16
R-125-#9585,R-125,"Gym / Mon / 07:00
Badminton Court (Top Pref)","Badminton Court / Tue / 18:00
Nudge Mon / 11:25","Badminton Court / Tue / 09:00
Booked Mon / 04:13",NO,2 of 4,2,Badminton Court,Badminton Court,Tue,Tue,18:00,09:00,Nudge Mon / 11:25,Booked Mon / 04:13
R-104-#9586,R-104,"Clubhouse / Sun / 16:00
Swimming Pool (Top Pref)","Swimming Pool / Mon / 10:00
Nudge Mon / 03:58","Swimming Pool / Mon / 11:00
Booked Mon / 04:15",YES,4 of 4,4,Swimming Pool,Swimming Pool,Mon,Mon,10:00,11:00,Nudge Mon / 03:58,Booked Mon / 04:15
R-103-#9587,R-103,"Tennis Court / Sun / 19:00
Swimming Pool (Top Pref)","Swimming Pool / Mon / 17:00
Nudge Mon / 04:51","Tennis Court / Mon / 11:00
Booked Mon / 04:19",NO,2 of 4,2,Swimming Pool,Tennis Court,Mon,Mon,17:00,11:00,Nudge Mon / 04:51,Booked Mon / 04:19
R-131-#9588,R-131,"Badminton Court / Mon / 20:00
Badminton Court (Top Pref)","Badminton Court / Tue / 20:00
Nudge Mon / 17:00","Gym / Tue / 18:00
Booked Mon / 06:26",NO,1 of 4,1,Badminton Court,Gym,Tue,Tue,20:00,18:00,Nudge Mon / 17:00,Booked Mon / 06:26
R-100-#9589,R-100,"Badminton Court / Sun / 19:00
Swimming Pool (Top Pref)","Gym / Mon / 19:00
Nudge Mon / 06:05","Tennis Court / Mon / 21:00
Booked Mon / 07:03",NO,2 of 4,2,Gym,Tennis Court,Mon,Mon,19:00,21:00,Nudge Mon / 06:05,Booked Mon / 07:03
R-196-#9590,R-196,"Gym / Mon / 20:00
Badminton Court (Top Pref)","Badminton Court / Tue / 20:00
Nudge Mon / 12:37","Badminton Court / Tue / 20:00
Booked Mon / 07:09",NO,3 of 4,3,Badminton Court,Badminton Court,Tue,Tue,20:00,20:00,Nudge Mon / 12:37,Booked Mon / 07:09
R-201-#9591,R-201,"Tennis Court / Fri / 08:00
Gym (Top Pref)","Gym / Mon / 17:00
Nudge Mon / 03:12","Swimming Pool / Mon / 17:00
Booked Mon / 07:28",NO,2 of 4,2,Gym,Swimming Pool,Mon,Mon,17:00,17:00,Nudge Mon / 03:12,Booked Mon / 07:28
R-120-#9592,R-120,"Tennis Court / Mon / 06:00
Badminton Court (Top Pref)","Badminton Court / Tue / 18:00
Nudge Mon / 16:42","Badminton Court / Tue / 18:00
Booked Mon / 08:14",NO,3 of 4,3,Badminton Court,Badminton Court,Tue,Tue,18:00,18:00,Nudge Mon / 16:42,Booked Mon / 08:14
R-195-#9593,R-195,"Clubhouse / Mon / 20:00
Badminton Court (Top Pref)","Badminton Court / Tue / 18:00
Nudge Mon / 10:33","Badminton Court / Tue / 18:00
Booked Mon / 08:20",YES,4 of 4,4,Badminton Court,Badminton Court,Tue,Tue,18:00,18:00,Nudge Mon / 10:33,Booked Mon / 08:20
R-179-#9594,R-179,"Clubhouse / Sun / 17:00
Swimming Pool (Top Pref)","Swimming Pool / Sat / 17:00
Nudge Sat / 11:42","Tennis Court / Mon / 16:00
Booked Mon / 08:29",NO,1 of 4,1,Swimming Pool,Tennis Court,Sat,Mon,17:00,16:00,Nudge Sat / 11:42,Booked Mon / 08:29
R-160-#9595,R-160,"Swimming Pool / Sat / 13:00
Swimming Pool (Top Pref)","Swimming Pool / Sun / 17:00
Nudge Sun / 11:56","Swimming Pool / Mon / 15:00
Booked Mon / 08:58",NO,1 of 4,1,Swimming Pool,Swimming Pool,Sun,Mon,17:00,15:00,Nudge Sun / 11:56,Booked Mon / 08:58
R-184-#9596,R-184,"Badminton Court / Thu / 19:00
Gym (Top Pref)","Gym / Mon / 19:00
Nudge Mon / 05:15","Swimming Pool / Mon / 19:00
Booked Mon / 09:41",NO,2 of 4,2,Gym,Swimming Pool,Mon,Mon,19:00,19:00,Nudge Mon / 05:15,Booked Mon / 09:41
R-102-#9597,R-102,"Tennis Court / Mon / 12:00
Gym (Top Pref)","Gym / Tue / 08:00
Nudge Mon / 13:29","Gym / Tue / 06:00
Booked Mon / 11:46",NO,3 of 4,3,Gym,Gym,Tue,Tue,08:00,06:00,Nudge Mon / 13:29,Booked Mon / 11:46
R-141-#9598,R-141,"Badminton Court / Mon / 18:00
Badminton Court (Top Pref)","Badminton Court / Tue / 18:00
Nudge Mon / 08:16","Badminton Court / Tue / 18:00
Booked Mon / 12:15",NO,3 of 4,3,Badminton Court,Badminton Court,Tue,Tue,18:00,18:00,Nudge Mon / 08:16,Booked Mon / 12:15
R-142-#9599,R-142,"Badminton Court / Sun / 19:00
Badminton Court (Top Pref)","Badminton Court / Mon / 19:00
Nudge Sun / 16:29","Badminton Court / Tue / 18:00
Booked Mon / 12:27",NO,2 of 4,2,Badminton Court,Badminton Court,Mon,Tue,19:00,18:00,Nudge Sun / 16:29,Booked Mon / 12:27
R-170-#9600,R-170,"Swimming Pool / Mon / 15:00
Badminton Court (Top Pref)","Badminton Court / Tue / 18:00
Nudge Mon / 14:38","Badminton Court / Tue / 19:00
Booked Mon / 12:32",YES,4 of 4,4,Badminton Court,Badminton Court,Tue,Tue,18:00,19:00,Nudge Mon / 14:38,Booked Mon / 12:32
R-145-#9601,R-145,"Gym / Mon / 08:00
Gym (Top Pref)","Gym / Tue / 06:00
Nudge Mon / 11:59","Swimming Pool / Tue / 08:00
Booked Mon / 12:33",NO,2 of 4,2,Gym,Swimming Pool,Tue,Tue,06:00,08:00,Nudge Mon / 11:59,Booked Mon / 12:33
R-163-#9602,R-163,"Swimming Pool / Sat / 15:00
Swimming Pool (Top Pref)","Swimming Pool / Sun / 15:00
Nudge Sun / 09:47","Swimming Pool / Mon / 16:00
Booked Mon / 13:01",NO,2 of 4,2,Swimming Pool,Swimming Pool,Sun,Mon,15:00,16:00,Nudge Sun / 09:47,Booked Mon / 13:01
R-158-#9603,R-158,"Tennis Court / Mon / 07:00
Gym (Top Pref)","Gym / Tue / 06:00
Nudge Mon / 12:26","Gym / Tue / 08:00
Booked Mon / 13:26",NO,3 of 4,3,Gym,Gym,Tue,Tue,06:00,08:00,Nudge Mon / 12:26,Booked Mon / 13:26
R-203-#9604,R-203,"Badminton Court / Mon / 18:00
Badminton Court (Top Pref)","Badminton Court / Tue / 18:00
Nudge Mon / 11:29","Gym / Tue / 19:00
Booked Mon / 13:40",NO,3 of 4,3,Badminton Court,Gym,Tue,Tue,18:00,19:00,Nudge Mon / 11:29,Booked Mon / 13:40
R-200-#9605,R-200,"Clubhouse / Mon / 17:00
Gym (Top Pref)","Gym / Tue / 08:00
Nudge Mon / 19:13","Gym / Tue / 07:00
Booked Mon / 14:06",NO,3 of 4,3,Gym,Gym,Tue,Tue,08:00,07:00,Nudge Mon / 19:13,Booked Mon / 14:06
R-189-#9606,R-189,"Gym / Sun / 08:00
Gym (Top Pref)","Gym / Mon / 06:00
Nudge Sun / 15:19","Badminton Court / Tue / 07:00
Booked Mon / 14:26",NO,1 of 4,1,Gym,Badminton Court,Mon,Tue,06:00,07:00,Nudge Sun / 15:19,Booked Mon / 14:26
R-118-#9607,R-118,"Clubhouse / Mon / 08:00
Gym (Top Pref)","Gym / Tue / 06:00
Nudge Mon / 14:10","Gym / Tue / 08:00
Booked Mon / 14:26",NO,3 of 4,3,Gym,Gym,Tue,Tue,06:00,08:00,Nudge Mon / 14:10,Booked Mon / 14:26
R-123-#9608,R-123,"Gym / Mon / 08:00
Gym (Top Pref)","Gym / Tue / 07:00
Nudge Mon / 14:43","Swimming Pool / Tue / 06:00
Booked Mon / 14:33",NO,3 of 4,3,Gym,Swimming Pool,Tue,Tue,07:00,06:00,Nudge Mon / 14:43,Booked Mon / 14:33
R-197-#9609,R-197,"Tennis Court / Tue / 07:00
Tennis Court (Top Pref)","Tennis Court / Thu / 07:00
Nudge Tue / 09:31","Badminton Court / Thu / 08:00
Booked Mon / 15:23",NO,2 of 4,2,Tennis Court,Badminton Court,Thu,Thu,07:00,08:00,Nudge Tue / 09:31,Booked Mon / 15:23
R-135-#9610,R-135,"Badminton Court / Mon / 08:00
Gym (Top Pref)","Gym / Tue / 06:00
Nudge Mon / 16:16","Gym / Tue / 08:00
Booked Mon / 16:01",NO,3 of 4,3,Gym,Gym,Tue,Tue,06:00,08:00,Nudge Mon / 16:16,Booked Mon / 16:01
R-180-#9611,R-180,"Badminton Court / Sun / 20:00
Badminton Court (Top Pref)","Badminton Court / Mon / 20:00
Nudge Sun / 15:12","Badminton Court / Tue / 20:00
Booked Mon / 16:18",NO,2 of 4,2,Badminton Court,Badminton Court,Mon,Tue,20:00,20:00,Nudge Sun / 15:12,Booked Mon / 16:18
R-206-#9612,R-206,"Clubhouse / Mon / 07:00
Gym (Top Pref)","Gym / Tue / 07:00
Nudge Mon / 18:30","Gym / Tue / 06:00
Booked Mon / 16:25",YES,4 of 4,4,Gym,Gym,Tue,Tue,07:00,06:00,Nudge Mon / 18:30,Booked Mon / 16:25
R-152-#9613,R-152,"Tennis Court / Mon / 08:00
Gym (Top Pref)","Gym / Tue / 06:00
Nudge Mon / 16:30","Badminton Court / Tue / 07:00
Booked Mon / 16:29",NO,3 of 4,3,Gym,Badminton Court,Tue,Tue,06:00,07:00,Nudge Mon / 16:30,Booked Mon / 16:29
R-168-#9614,R-168,"Gym / Mon / 07:00
Gym (Top Pref)","Gym / Tue / 07:00
Nudge Mon / 15:52","Gym / Tue / 07:00
Booked Mon / 16:30",YES,4 of 4,4,Gym,Gym,Tue,Tue,07:00,07:00,Nudge Mon / 15:52,Booked Mon / 16:30
R-150-#9615,R-150,"Clubhouse / Sun / 14:00
Clubhouse (Top Pref)","Clubhouse / Tue / 15:00
Nudge Mon / 20:15","Clubhouse / Tue / 14:00
Booked Mon / 17:14",NO,3 of 4,3,Clubhouse,Clubhouse,Tue,Tue,15:00,14:00,Nudge Mon / 20:15,Booked Mon / 17:14
R-144-#9616,R-144,"Clubhouse / Fri / 07:00
Gym (Top Pref)","Gym / Mon / 06:00
Nudge Sun / 17:03","Gym / Tue / 08:00
Booked Mon / 17:38",NO,1 of 4,1,Gym,Gym,Mon,Tue,06:00,08:00,Nudge Sun / 17:03,Booked Mon / 17:38
R-107-#9617,R-107,"Badminton Court / Mon / 18:00
Badminton Court (Top Pref)","Badminton Court / Tue / 18:00
Nudge Mon / 13:50","Badminton Court / Tue / 18:00
Booked Mon / 17:54",NO,3 of 4,3,Badminton Court,Badminton Court,Tue,Tue,18:00,18:00,Nudge Mon / 13:50,Booked Mon / 17:54
R-178-#9618,R-178,"Badminton Court / Sat / 07:00
Gym (Top Pref)","Gym / Mon / 17:00
Nudge Mon / 03:19","Swimming Pool / Tue / 07:00
Booked Mon / 18:53",NO,0 of 4,0,Gym,Swimming Pool,Mon,Tue,17:00,07:00,Nudge Mon / 03:19,Booked Mon / 18:53
R-208-#9619,R-208,"Gym / Mon / 06:00
Gym (Top Pref)","Gym / Tue / 07:00
Nudge Mon / 17:25","Gym / Tue / 06:00
Booked Mon / 18:57",YES,4 of 4,4,Gym,Gym,Tue,Tue,07:00,06:00,Nudge Mon / 17:25,Booked Mon / 18:57
R-184-#9620,R-184,"Swimming Pool / Mon / 19:00
Gym (Top Pref)","Gym / Tue / 07:00
Nudge Mon / 16:31","Clubhouse / Tue / 07:00
Booked Mon / 19:06",NO,2 of 4,2,Gym,Clubhouse,Tue,Tue,07:00,07:00,Nudge Mon / 16:31,Booked Mon / 19:06
R-173-#9621,R-173,"Tennis Court / Mon / 18:00
Badminton Court (Top Pref)","Badminton Court / Tue / 18:00
Nudge Mon / 17:52","Badminton Court / Tue / 18:00
Booked Mon / 19:14",YES,4 of 4,4,Badminton Court,Badminton Court,Tue,Tue,18:00,18:00,Nudge Mon / 17:52,Booked Mon / 19:14
R-218-#9622,R-218,"Gym / Sun / 08:00
Gym (Top Pref)","Gym / Mon / 17:00
Nudge Mon / 04:48","Clubhouse / Tue / 08:00
Booked Mon / 19:18",NO,0 of 4,0,Gym,Clubhouse,Mon,Tue,17:00,08:00,Nudge Mon / 04:48,Booked Mon / 19:18
R-113-#9623,R-113,"Tennis Court / Thu / 08:00
Gym (Top Pref)","Gym / Mon / 06:00
Nudge Sun / 17:17","Gym / Tue / 07:00
Booked Mon / 19:25",NO,2 of 4,2,Gym,Gym,Mon,Tue,06:00,07:00,Nudge Sun / 17:17,Booked Mon / 19:25
R-126-#9624,R-126,"Badminton Court / Sat / 08:00
Swimming Pool (Top Pref)","Gym / Mon / 17:00
Nudge Mon / 04:56","Tennis Court / Tue / 08:00
Booked Mon / 19:51",NO,0 of 4,0,Gym,Tennis Court,Mon,Tue,17:00,08:00,Nudge Mon / 04:56,Booked Mon / 19:51
R-106-#9625,R-106,"Badminton Court / Mon / 18:00
Badminton Court (Top Pref)","Badminton Court / Tue / 18:00
Nudge Mon / 15:04","Badminton Court / Tue / 19:00
Booked Mon / 20:18",NO,3 of 4,3,Badminton Court,Badminton Court,Tue,Tue,18:00,19:00,Nudge Mon / 15:04,Booked Mon / 20:18
R-136-#9626,R-136,"Badminton Court / Mon / 20:00
Badminton Court (Top Pref)","Badminton Court / Tue / 19:00
Nudge Mon / 14:36","Gym / Tue / 19:00
Booked Mon / 21:14",NO,2 of 4,2,Badminton Court,Gym,Tue,Tue,19:00,19:00,Nudge Mon / 14:36,Booked Mon / 21:14
R-172-#9627,R-172,"Tennis Court / Mon / 07:00
Gym (Top Pref)","Gym / Tue / 08:00
Nudge Mon / 19:56","Clubhouse / Tue / 08:00
Booked Mon / 21:39",NO,3 of 4,3,Gym,Clubhouse,Tue,Tue,08:00,08:00,Nudge Mon / 19:56,Booked Mon / 21:39
R-187-#9628,R-187,"Gym / Mon / 08:00
Gym (Top Pref)","Gym / Tue / 08:00
Nudge Mon / 18:42","Gym / Tue / 08:00
Booked Mon / 21:41",NO,3 of 4,3,Gym,Gym,Tue,Tue,08:00,08:00,Nudge Mon / 18:42,Booked Mon / 21:41
R-156-#9629,R-156,"Clubhouse / Mon / 07:00
Gym (Top Pref)","Gym / Tue / 07:00
Nudge Mon / 16:44","Swimming Pool / Tue / 08:00
Booked Mon / 21:50",NO,2 of 4,2,Gym,Swimming Pool,Tue,Tue,07:00,08:00,Nudge Mon / 16:44,Booked Mon / 21:50
R-101-#9630,R-101,"Gym / Mon / 08:00
Gym (Top Pref)","Gym / Tue / 08:00
Nudge Mon / 20:20","Gym / Tue / 13:00
Booked Mon / 22:16",NO,3 of 4,3,Gym,Gym,Tue,Tue,08:00,13:00,Nudge Mon / 20:20,Booked Mon / 22:16
R-128-#9631,R-128,"Gym / Mon / 08:00
Gym (Top Pref)","Swimming Pool / Tue / 19:00
Nudge Tue / 04:45","Badminton Court / Tue / 08:00
Booked Mon / 23:12",NO,1 of 4,1,Swimming Pool,Badminton Court,Tue,Tue,19:00,08:00,Nudge Tue / 04:45,Booked Mon / 23:12
R-192-#9632,R-192,"Badminton Court / Mon / 11:00
Badminton Court (Top Pref)","Badminton Court / Tue / 20:00
Nudge Mon / 20:20","Badminton Court / Tue / 20:00
Booked Mon / 23:16",NO,3 of 4,3,Badminton Court,Badminton Court,Tue,Tue,20:00,20:00,Nudge Mon / 20:20,Booked Mon / 23:16
R-207-#9633,R-207,"Badminton Court / Sat / 18:00
Badminton Court (Top Pref)","Badminton Court / Mon / 19:00
Nudge Sun / 15:50","Badminton Court / Tue / 19:00
Booked Mon / 23:25",NO,2 of 4,2,Badminton Court,Badminton Court,Mon,Tue,19:00,19:00,Nudge Sun / 15:50,Booked Mon / 23:25
R-212-#9634,R-212,"Gym / Mon / 06:00
Gym (Top Pref)","Gym / Tue / 08:00
Nudge Mon / 19:44","Gym / Tue / 08:00
Booked Tue / 00:13",NO,3 of 4,3,Gym,Gym,Tue,Tue,08:00,08:00,Nudge Mon / 19:44,Booked Tue / 00:13
R-108-#9635,R-108,"Gym / Fri / 08:00
Badminton Court (Top Pref)","Badminton Court / Mon / 19:00
Nudge Mon / 04:51","Swimming Pool / Tue / 07:00
Booked Tue / 01:00",NO,0 of 4,0,Badminton Court,Swimming Pool,Mon,Tue,19:00,07:00,Nudge Mon / 04:51,Booked Tue / 01:00
R-111-#9636,R-111,"Tennis Court / Fri / 17:00
Gym (Top Pref)","Gym / Mon / 19:00
Nudge Mon / 04:42","Swimming Pool / Tue / 07:00
Booked Tue / 01:31",NO,0 of 4,0,Gym,Swimming Pool,Mon,Tue,19:00,07:00,Nudge Mon / 04:42,Booked Tue / 01:31
R-174-#9637,R-174,"Clubhouse / Mon / 13:00
Gym (Top Pref)","Gym / Tue / 08:00
Nudge Mon / 20:21","Gym / Tue / 07:00
Booked Tue / 01:33",NO,3 of 4,3,Gym,Gym,Tue,Tue,08:00,07:00,Nudge Mon / 20:21,Booked Tue / 01:33
R-110-#9638,R-110,"Gym / Mon / 07:00
Swimming Pool (Top Pref)","Gym / Tue / 19:00
Nudge Tue / 05:34","Swimming Pool / Tue / 17:00
Booked Tue / 03:16",NO,2 of 4,2,Gym,Swimming Pool,Tue,Tue,19:00,17:00,Nudge Tue / 05:34,Booked Tue / 03:16
R-165-#9639,R-165,"Badminton Court / Mon / 10:00
Badminton Court (Top Pref)","Badminton Court / Tue / 18:00
Nudge Mon / 15:42","Badminton Court / Wed / 20:00
Booked Tue / 03:34",NO,1 of 4,1,Badminton Court,Badminton Court,Tue,Wed,18:00,20:00,Nudge Mon / 15:42,Booked Tue / 03:34
R-154-#9640,R-154,"Tennis Court / Tue / 18:00
Tennis Court (Top Pref)","Tennis Court / Thu / 07:00
Nudge Tue / 14:06","Tennis Court / Thu / 07:00
Booked Tue / 03:44",NO,3 of 4,3,Tennis Court,Tennis Court,Thu,Thu,07:00,07:00,Nudge Tue / 14:06,Booked Tue / 03:44
R-153-#9641,R-153,"Clubhouse / Fri / 19:00
Swimming Pool (Top Pref)","Swimming Pool / Tue / 17:00
Nudge Tue / 05:16","Swimming Pool / Tue / 17:00
Booked Tue / 04:54",YES,4 of 4,4,Swimming Pool,Swimming Pool,Tue,Tue,17:00,17:00,Nudge Tue / 05:16,Booked Tue / 04:54
R-203-#9642,R-203,"Gym / Tue / 19:00
Badminton Court (Top Pref)","Badminton Court / Wed / 18:00
Nudge Tue / 10:19","Badminton Court / Wed / 18:00
Booked Tue / 05:20",NO,3 of 4,3,Badminton Court,Badminton Court,Wed,Wed,18:00,18:00,Nudge Tue / 10:19,Booked Tue / 05:20
R-180-#9643,R-180,"Badminton Court / Tue / 20:00
Badminton Court (Top Pref)","Badminton Court / Wed / 20:00
Nudge Tue / 09:59","Badminton Court / Wed / 20:00
Booked Tue / 05:42",NO,3 of 4,3,Badminton Court,Badminton Court,Wed,Wed,20:00,20:00,Nudge Tue / 09:59,Booked Tue / 05:42
R-196-#9644,R-196,"Badminton Court / Tue / 20:00
Badminton Court (Top Pref)","Badminton Court / Wed / 18:00
Nudge Tue / 14:16","Badminton Court / Wed / 20:00
Booked Tue / 05:52",NO,2 of 4,2,Badminton Court,Badminton Court,Wed,Wed,18:00,20:00,Nudge Tue / 14:16,Booked Tue / 05:52
R-146-#9645,R-146,"Tennis Court / Sun / 17:00
Tennis Court (Top Pref)","Tennis Court / Thu / 07:00
Nudge Tue / 13:27","Tennis Court / Thu / 17:00
Booked Tue / 06:05",NO,2 of 4,2,Tennis Court,Tennis Court,Thu,Thu,07:00,17:00,Nudge Tue / 13:27,Booked Tue / 06:05
R-173-#9646,R-173,"Badminton Court / Tue / 18:00
Badminton Court (Top Pref)","Badminton Court / Wed / 19:00
Nudge Tue / 07:13","Swimming Pool / Wed / 20:00
Booked Tue / 06:23",NO,3 of 4,3,Badminton Court,Swimming Pool,Wed,Wed,19:00,20:00,Nudge Tue / 07:13,Booked Tue / 06:23
R-147-#9647,R-147,"Gym / Fri / 06:00
Gym (Top Pref)","Gym / Mon / 08:00
Nudge Sun / 19:20","Gym / Tue / 14:00
Booked Tue / 06:41",NO,1 of 4,1,Gym,Gym,Mon,Tue,08:00,14:00,Nudge Sun / 19:20,Booked Tue / 06:41
R-191-#9648,R-191,"Tennis Court / Sun / 11:00
Swimming Pool (Top Pref)","Swimming Pool / Tue / 17:00
Nudge Tue / 03:08","Tennis Court / Tue / 19:00
Booked Tue / 06:42",NO,1 of 4,1,Swimming Pool,Tennis Court,Tue,Tue,17:00,19:00,Nudge Tue / 03:08,Booked Tue / 06:42
R-181-#9649,R-181,"Swimming Pool / Sun / 11:00
Swimming Pool (Top Pref)","Swimming Pool / Sat / 15:00
Nudge Sat / 09:31","Swimming Pool / Tue / 10:00
Booked Tue / 07:37",NO,1 of 4,1,Swimming Pool,Swimming Pool,Sat,Tue,15:00,10:00,Nudge Sat / 09:31,Booked Tue / 07:37
R-107-#9650,R-107,"Badminton Court / Tue / 18:00
Badminton Court (Top Pref)","Badminton Court / Wed / 18:00
Nudge Tue / 10:23","Clubhouse / Wed / 19:00
Booked Tue / 08:49",NO,3 of 4,3,Badminton Court,Clubhouse,Wed,Wed,18:00,19:00,Nudge Tue / 10:23,Booked Tue / 08:49
R-207-#9651,R-207,"Badminton Court / Tue / 19:00
Badminton Court (Top Pref)","Badminton Court / Wed / 20:00
Nudge Tue / 11:28","Badminton Court / Wed / 18:00
Booked Tue / 08:59",NO,3 of 4,3,Badminton Court,Badminton Court,Wed,Wed,20:00,18:00,Nudge Tue / 11:28,Booked Tue / 08:59
R-105-#9652,R-105,"Tennis Court / Mon / 20:00
Badminton Court (Top Pref)","Badminton Court / Tue / 19:00
Nudge Mon / 18:58","Badminton Court / Wed / 18:00
Booked Tue / 09:45",NO,2 of 4,2,Badminton Court,Badminton Court,Tue,Wed,19:00,18:00,Nudge Mon / 18:58,Booked Tue / 09:45
R-179-#9653,R-179,"Tennis Court / Mon / 16:00
Swimming Pool (Top Pref)","Swimming Pool / Sun / 17:00
Nudge Sun / 11:27","Swimming Pool / Tue / 15:00
Booked Tue / 10:23",NO,1 of 4,1,Swimming Pool,Swimming Pool,Sun,Tue,17:00,15:00,Nudge Sun / 11:27,Booked Tue / 10:23
R-199-#9654,R-199,"Badminton Court / Sun / 16:00
Swimming Pool (Top Pref)","Swimming Pool / Sat / 15:00
Nudge Sat / 09:28","Swimming Pool / Tue / 15:00
Booked Tue / 10:31",NO,2 of 4,2,Swimming Pool,Swimming Pool,Sat,Tue,15:00,15:00,Nudge Sat / 09:28,Booked Tue / 10:31
R-195-#9655,R-195,"Badminton Court / Tue / 18:00
Badminton Court (Top Pref)","Badminton Court / Wed / 18:00
Nudge Tue / 13:46","Badminton Court / Wed / 19:00
Booked Tue / 10:47",NO,3 of 4,3,Badminton Court,Badminton Court,Wed,Wed,18:00,19:00,Nudge Tue / 13:46,Booked Tue / 10:47
R-169-#9656,R-169,"Badminton Court / Tue / 17:00
Badminton Court (Top Pref)","Badminton Court / Sat / 11:00
Nudge Fri / 21:56","Swimming Pool / Tue / 19:00
Booked Tue / 11:04",NO,0 of 4,0,Badminton Court,Swimming Pool,Sat,Tue,11:00,19:00,Nudge Fri / 21:56,Booked Tue / 11:04
R-177-#9657,R-177,"Tennis Court / Tue / 09:00
Tennis Court (Top Pref)","Tennis Court / Thu / 07:00
Nudge Tue / 15:26","Tennis Court / Thu / 17:00
Booked Tue / 11:50",NO,2 of 4,2,Tennis Court,Tennis Court,Thu,Thu,07:00,17:00,Nudge Tue / 15:26,Booked Tue / 11:50
R-109-#9658,R-109,"Gym / Mon / 06:00
Gym (Top Pref)","Gym / Tue / 06:00
Nudge Mon / 15:10","Gym / Wed / 06:00
Booked Tue / 12:26",NO,2 of 4,2,Gym,Gym,Tue,Wed,06:00,06:00,Nudge Mon / 15:10,Booked Tue / 12:26
R-147-#9659,R-147,"Gym / Tue / 14:00
Gym (Top Pref)","Gym / Wed / 06:00
Nudge Tue / 13:33","Clubhouse / Wed / 08:00
Booked Tue / 12:31",NO,2 of 4,2,Gym,Clubhouse,Wed,Wed,06:00,08:00,Nudge Tue / 13:33,Booked Tue / 12:31
R-123-#9660,R-123,"Swimming Pool / Tue / 06:00
Gym (Top Pref)","Gym / Wed / 07:00
Nudge Tue / 16:20","Gym / Wed / 08:00
Booked Tue / 13:24",NO,3 of 4,3,Gym,Gym,Wed,Wed,07:00,08:00,Nudge Tue / 16:20,Booked Tue / 13:24
R-158-#9661,R-158,"Gym / Tue / 08:00
Gym (Top Pref)","Gym / Wed / 08:00
Nudge Tue / 18:15","Gym / Wed / 06:00
Booked Tue / 13:43",NO,2 of 4,2,Gym,Gym,Wed,Wed,08:00,06:00,Nudge Tue / 18:15,Booked Tue / 13:43
R-213-#9662,R-213,"Badminton Court / Mon / 12:00
Badminton Court (Top Pref)","Badminton Court / Thu / 18:00
Nudge Wed / 18:07","Gym / Wed / 19:00
Booked Tue / 14:13",NO,1 of 4,1,Badminton Court,Gym,Thu,Wed,18:00,19:00,Nudge Wed / 18:07,Booked Tue / 14:13
R-156-#9663,R-156,"Swimming Pool / Tue / 08:00
Gym (Top Pref)","Gym / Wed / 06:00
Nudge Tue / 12:36","Badminton Court / Wed / 07:00
Booked Tue / 14:14",NO,3 of 4,3,Gym,Badminton Court,Wed,Wed,06:00,07:00,Nudge Tue / 12:36,Booked Tue / 14:14
R-117-#9664,R-117,"Gym / Mon / 09:00
Gym (Top Pref)","Gym / Tue / 07:00
Nudge Mon / 17:22","Badminton Court / Wed / 07:00
Booked Tue / 15:06",NO,1 of 4,1,Gym,Badminton Court,Tue,Wed,07:00,07:00,Nudge Mon / 17:22,Booked Tue / 15:06
R-120-#9665,R-120,"Badminton Court / Tue / 18:00
Badminton Court (Top Pref)","Badminton Court / Wed / 18:00
Nudge Tue / 15:29","Badminton Court / Wed / 18:00
Booked Tue / 15:25",YES,4 of 4,4,Badminton Court,Badminton Court,Wed,Wed,18:00,18:00,Nudge Tue / 15:29,Booked Tue / 15:25
R-168-#9666,R-168,"Gym / Tue / 07:00
Gym (Top Pref)","Gym / Wed / 07:00
Nudge Tue / 16:21","Gym / Wed / 08:00
Booked Tue / 15:27",YES,4 of 4,4,Gym,Gym,Wed,Wed,07:00,08:00,Nudge Tue / 16:21,Booked Tue / 15:27
R-189-#9667,R-189,"Badminton Court / Tue / 07:00
Gym (Top Pref)","Gym / Wed / 07:00
Nudge Tue / 16:52","Clubhouse / Wed / 06:00
Booked Tue / 15:57",NO,3 of 4,3,Gym,Clubhouse,Wed,Wed,07:00,06:00,Nudge Tue / 16:52,Booked Tue / 15:57
R-103-#9668,R-103,"Tennis Court / Mon / 11:00
Swimming Pool (Top Pref)","Swimming Pool / Tue / 19:00
Nudge Tue / 05:01","Gym / Wed / 07:00
Booked Tue / 16:09",NO,0 of 4,0,Swimming Pool,Gym,Tue,Wed,19:00,07:00,Nudge Tue / 05:01,Booked Tue / 16:09
R-183-#9669,R-183,"Tennis Court / Sat / 07:00
Badminton Court (Top Pref)","Badminton Court / Mon / 18:00
Nudge Sun / 17:28","Badminton Court / Wed / 19:00
Booked Tue / 16:27",NO,2 of 4,2,Badminton Court,Badminton Court,Mon,Wed,18:00,19:00,Nudge Sun / 17:28,Booked Tue / 16:27
R-206-#9670,R-206,"Gym / Tue / 06:00
Gym (Top Pref)","Gym / Wed / 07:00
Nudge Tue / 16:44","Gym / Wed / 07:00
Booked Tue / 16:30",YES,4 of 4,4,Gym,Gym,Wed,Wed,07:00,07:00,Nudge Tue / 16:44,Booked Tue / 16:30
R-133-#9671,R-133,"Gym / Mon / 15:00
Clubhouse (Top Pref)","Clubhouse / Fri / 15:00
Nudge Thu / 18:32","Swimming Pool / Wed / 18:00
Booked Tue / 16:52",NO,0 of 4,0,Clubhouse,Swimming Pool,Fri,Wed,15:00,18:00,Nudge Thu / 18:32,Booked Tue / 16:52
R-208-#9672,R-208,"Gym / Tue / 06:00
Gym (Top Pref)","Gym / Wed / 07:00
Nudge Tue / 15:48","Badminton Court / Wed / 08:00
Booked Tue / 16:58",NO,3 of 4,3,Gym,Badminton Court,Wed,Wed,07:00,08:00,Nudge Tue / 15:48,Booked Tue / 16:58
R-217-#9673,R-217,"Gym / Tue / 08:00
Badminton Court (Top Pref)","Badminton Court / Wed / 18:00
Nudge Tue / 17:23","Badminton Court / Wed / 20:00
Booked Tue / 17:03",NO,3 of 4,3,Badminton Court,Badminton Court,Wed,Wed,18:00,20:00,Nudge Tue / 17:23,Booked Tue / 17:03
R-215-#9674,R-215,"Badminton Court / Fri / 07:00
Gym (Top Pref)","Gym / Thu / 17:00
Nudge Thu / 02:56","Tennis Court / Wed / 09:00
Booked Tue / 17:10",NO,0 of 4,0,Gym,Tennis Court,Thu,Wed,17:00,09:00,Nudge Thu / 02:56,Booked Tue / 17:10
R-130-#9675,R-130,"Tennis Court / Sun / 17:00
Tennis Court (Top Pref)","Tennis Court / Tue / 17:00
Nudge Mon / 01:13","Gym / Thu / 12:00
Booked Tue / 17:19",NO,0 of 4,0,Tennis Court,Gym,Tue,Thu,17:00,12:00,Nudge Mon / 01:13,Booked Tue / 17:19
R-135-#9676,R-135,"Gym / Tue / 08:00
Gym (Top Pref)","Gym / Wed / 06:00
Nudge Tue / 16:17","Gym / Wed / 08:00
Booked Tue / 17:38",NO,3 of 4,3,Gym,Gym,Wed,Wed,06:00,08:00,Nudge Tue / 16:17,Booked Tue / 17:38
R-102-#9677,R-102,"Gym / Tue / 06:00
Gym (Top Pref)","Gym / Wed / 08:00
Nudge Tue / 19:47","Swimming Pool / Wed / 08:00
Booked Tue / 17:45",NO,3 of 4,3,Gym,Swimming Pool,Wed,Wed,08:00,08:00,Nudge Tue / 19:47,Booked Tue / 17:45
R-144-#9678,R-144,"Gym / Tue / 08:00
Gym (Top Pref)","Gym / Wed / 07:00
Nudge Tue / 17:19","Gym / Wed / 08:00
Booked Tue / 18:03",YES,4 of 4,4,Gym,Gym,Wed,Wed,07:00,08:00,Nudge Tue / 17:19,Booked Tue / 18:03
R-101-#9679,R-101,"Gym / Tue / 13:00
Gym (Top Pref)","Gym / Wed / 07:00
Nudge Tue / 18:14","Gym / Wed / 06:00
Booked Tue / 18:08",YES,4 of 4,4,Gym,Gym,Wed,Wed,07:00,06:00,Nudge Tue / 18:14,Booked Tue / 18:08
R-145-#9680,R-145,"Swimming Pool / Tue / 08:00
Gym (Top Pref)","Gym / Wed / 08:00
Nudge Tue / 20:06","Badminton Court / Wed / 08:00
Booked Tue / 18:18",NO,3 of 4,3,Gym,Badminton Court,Wed,Wed,08:00,08:00,Nudge Tue / 20:06,Booked Tue / 18:18
R-170-#9681,R-170,"Badminton Court / Tue / 19:00
Badminton Court (Top Pref)","Badminton Court / Wed / 18:00
Nudge Tue / 15:56","Badminton Court / Wed / 19:00
Booked Tue / 18:19",YES,4 of 4,4,Badminton Court,Badminton Court,Wed,Wed,18:00,19:00,Nudge Tue / 15:56,Booked Tue / 18:19
R-141-#9682,R-141,"Badminton Court / Tue / 18:00
Badminton Court (Top Pref)","Badminton Court / Wed / 18:00
Nudge Tue / 15:50","Clubhouse / Wed / 18:00
Booked Tue / 18:36",NO,2 of 4,2,Badminton Court,Clubhouse,Wed,Wed,18:00,18:00,Nudge Tue / 15:50,Booked Tue / 18:36
R-136-#9683,R-136,"Gym / Tue / 19:00
Badminton Court (Top Pref)","Badminton Court / Wed / 19:00
Nudge Tue / 13:51","Swimming Pool / Wed / 19:00
Booked Tue / 18:37",NO,2 of 4,2,Badminton Court,Swimming Pool,Wed,Wed,19:00,19:00,Nudge Tue / 13:51,Booked Tue / 18:37
R-212-#9684,R-212,"Gym / Tue / 08:00
Gym (Top Pref)","Gym / Wed / 06:00
Nudge Tue / 13:57","Clubhouse / Wed / 07:00
Booked Tue / 18:41",NO,2 of 4,2,Gym,Clubhouse,Wed,Wed,06:00,07:00,Nudge Tue / 13:57,Booked Tue / 18:41
R-152-#9685,R-152,"Badminton Court / Tue / 07:00
Gym (Top Pref)","Gym / Wed / 06:00
Nudge Tue / 16:28","Badminton Court / Wed / 10:00
Booked Tue / 18:50",NO,2 of 4,2,Gym,Badminton Court,Wed,Wed,06:00,10:00,Nudge Tue / 16:28,Booked Tue / 18:50
R-157-#9686,R-157,"Tennis Court / Fri / 18:00
Tennis Court (Top Pref)","Tennis Court / Sat / 18:00
Nudge Fri / 08:05","Gym / Thu / 07:00
Booked Tue / 18:54",NO,0 of 4,0,Tennis Court,Gym,Sat,Thu,18:00,07:00,Nudge Fri / 08:05,Booked Tue / 18:54
R-194-#9687,R-194,"Clubhouse / Tue / 19:00
Gym (Top Pref)","Swimming Pool / Mon / 19:00
Nudge Mon / 05:08","Gym / Wed / 07:00
Booked Tue / 18:56",NO,0 of 4,0,Swimming Pool,Gym,Mon,Wed,19:00,07:00,Nudge Mon / 05:08,Booked Tue / 18:56
R-113-#9688,R-113,"Gym / Tue / 07:00
Gym (Top Pref)","Gym / Wed / 06:00
Nudge Tue / 15:21","Tennis Court / Wed / 06:00
Booked Tue / 19:12",NO,2 of 4,2,Gym,Tennis Court,Wed,Wed,06:00,06:00,Nudge Tue / 15:21,Booked Tue / 19:12
R-116-#9689,R-116,"Gym / Mon / 08:00
Gym (Top Pref)","Gym / Tue / 08:00
Nudge Mon / 18:32","Tennis Court / Wed / 08:00
Booked Tue / 19:37",NO,1 of 4,1,Gym,Tennis Court,Tue,Wed,08:00,08:00,Nudge Mon / 18:32,Booked Tue / 19:37
R-118-#9690,R-118,"Gym / Tue / 08:00
Gym (Top Pref)","Gym / Wed / 06:00
Nudge Tue / 17:59","Gym / Wed / 08:00
Booked Tue / 19:39",NO,3 of 4,3,Gym,Gym,Wed,Wed,06:00,08:00,Nudge Tue / 17:59,Booked Tue / 19:39
R-186-#9691,R-186,"Clubhouse / Sun / 11:00
Swimming Pool (Top Pref)","Gym / Mon / 17:00
Nudge Mon / 03:16","Tennis Court / Wed / 08:00
Booked Tue / 19:48",NO,0 of 4,0,Gym,Tennis Court,Mon,Wed,17:00,08:00,Nudge Mon / 03:16,Booked Tue / 19:48
R-119-#9692,R-119,"Badminton Court / Tue / 19:00
Badminton Court (Top Pref)","Badminton Court / Wed / 18:00
Nudge Tue / 17:42","Badminton Court / Wed / 20:00
Booked Tue / 20:04",NO,3 of 4,3,Badminton Court,Badminton Court,Wed,Wed,18:00,20:00,Nudge Tue / 17:42,Booked Tue / 20:04
R-128-#9693,R-128,"Badminton Court / Tue / 08:00
Gym (Top Pref)","Swimming Pool / Wed / 07:00
Nudge Tue / 17:34","Gym / Wed / 08:00
Booked Tue / 20:11",NO,2 of 4,2,Swimming Pool,Gym,Wed,Wed,07:00,08:00,Nudge Tue / 17:34,Booked Tue / 20:11
R-204-#9694,R-204,"Badminton Court / Mon / 11:00
Tennis Court (Top Pref)","Gym / Wed / 17:00
Nudge Wed / 03:19","Gym / Wed / 08:00
Booked Tue / 22:17",NO,2 of 4,2,Gym,Gym,Wed,Wed,17:00,08:00,Nudge Wed / 03:19,Booked Tue / 22:17
R-131-#9695,R-131,"Gym / Tue / 18:00
Badminton Court (Top Pref)","Badminton Court / Wed / 20:00
Nudge Tue / 19:50","Swimming Pool / Wed / 20:00
Booked Tue / 22:50",NO,2 of 4,2,Badminton Court,Swimming Pool,Wed,Wed,20:00,20:00,Nudge Tue / 19:50,Booked Tue / 22:50
R-192-#9696,R-192,"Badminton Court / Tue / 20:00
Badminton Court (Top Pref)","Badminton Court / Wed / 18:00
Nudge Tue / 13:25","Badminton Court / Wed / 20:00
Booked Tue / 23:29",NO,2 of 4,2,Badminton Court,Badminton Court,Wed,Wed,18:00,20:00,Nudge Tue / 13:25,Booked Tue / 23:29
R-167-#9697,R-167,"Swimming Pool / Mon / 07:00
Gym (Top Pref)","Gym / Wed / 06:00
Nudge Tue / 16:40","Gym / Wed / 08:00
Booked Tue / 23:39",NO,2 of 4,2,Gym,Gym,Wed,Wed,06:00,08:00,Nudge Tue / 16:40,Booked Tue / 23:39
R-207-#9698,R-207,"Badminton Court / Wed / 18:00
Badminton Court (Top Pref)","Badminton Court / Thu / 19:00
Nudge Wed / 11:41","Badminton Court / Thu / 20:00
Booked Wed / 00:37",NO,3 of 4,3,Badminton Court,Badminton Court,Thu,Thu,19:00,20:00,Nudge Wed / 11:41,Booked Wed / 00:37
R-140-#9699,R-140,"Swimming Pool / Sat / 15:00
Swimming Pool (Top Pref)","Swimming Pool / Sun / 15:00
Nudge Sun / 09:43","Swimming Pool / Wed / 09:00
Booked Wed / 01:05",NO,1 of 4,1,Swimming Pool,Swimming Pool,Sun,Wed,15:00,09:00,Nudge Sun / 09:43,Booked Wed / 01:05
R-142-#9700,R-142,"Badminton Court / Tue / 18:00
Badminton Court (Top Pref)","Badminton Court / Wed / 18:00
Nudge Tue / 18:11","Badminton Court / Thu / 08:00
Booked Wed / 01:22",NO,1 of 4,1,Badminton Court,Badminton Court,Wed,Thu,18:00,08:00,Nudge Tue / 18:11,Booked Wed / 01:22
R-213-#9701,R-213,"Gym / Wed / 19:00
Badminton Court (Top Pref)","Badminton Court / Thu / 18:00
Nudge Wed / 09:53","Badminton Court / Thu / 16:00
Booked Wed / 04:41",NO,2 of 4,2,Badminton Court,Badminton Court,Thu,Thu,18:00,16:00,Nudge Wed / 09:53,Booked Wed / 04:41
R-171-#9702,R-171,"Swimming Pool / Sat / 16:00
Swimming Pool (Top Pref)","Swimming Pool / Sun / 15:00
Nudge Sun / 10:13","Tennis Court / Wed / 10:00
Booked Wed / 05:10",NO,0 of 4,0,Swimming Pool,Tennis Court,Sun,Wed,15:00,10:00,Nudge Sun / 10:13,Booked Wed / 05:10
R-166-#9703,R-166,"Badminton Court / Mon / 08:00
Gym (Top Pref)","Swimming Pool / Wed / 17:00
Nudge Wed / 03:02","Badminton Court / Wed / 17:00
Booked Wed / 06:11",NO,2 of 4,2,Swimming Pool,Badminton Court,Wed,Wed,17:00,17:00,Nudge Wed / 03:02,Booked Wed / 06:11
R-187-#9704,R-187,"Gym / Tue / 08:00
Gym (Top Pref)","Swimming Pool / Wed / 19:00
Nudge Wed / 04:56","Gym / Wed / 17:00
Booked Wed / 06:37",NO,2 of 4,2,Swimming Pool,Gym,Wed,Wed,19:00,17:00,Nudge Wed / 04:56,Booked Wed / 06:37
R-172-#9705,R-172,"Clubhouse / Tue / 08:00
Gym (Top Pref)","Gym / Wed / 08:00
Nudge Tue / 20:15","Gym / Wed / 16:00
Booked Wed / 07:05",NO,2 of 4,2,Gym,Gym,Wed,Wed,08:00,16:00,Nudge Tue / 20:15,Booked Wed / 07:05
R-105-#9706,R-105,"Badminton Court / Wed / 18:00
Badminton Court (Top Pref)","Badminton Court / Thu / 19:00
Nudge Wed / 15:25","Badminton Court / Thu / 18:00
Booked Wed / 07:34",NO,3 of 4,3,Badminton Court,Badminton Court,Thu,Thu,19:00,18:00,Nudge Wed / 15:25,Booked Wed / 07:34
R-126-#9707,R-126,"Tennis Court / Tue / 08:00
Swimming Pool (Top Pref)","Swimming Pool / Wed / 19:00
Nudge Wed / 07:06","Swimming Pool / Wed / 17:00
Booked Wed / 10:00",NO,2 of 4,2,Swimming Pool,Swimming Pool,Wed,Wed,19:00,17:00,Nudge Wed / 07:06,Booked Wed / 10:00
R-190-#9708,R-190,"Clubhouse / Thu / 20:00
Clubhouse (Top Pref)","Clubhouse / Fri / 20:00
Nudge Thu / 23:32","Clubhouse / Wed / 19:00
Booked Wed / 11:38",NO,2 of 4,2,Clubhouse,Clubhouse,Fri,Wed,20:00,19:00,Nudge Thu / 23:32,Booked Wed / 11:38
R-192-#9709,R-192,"Badminton Court / Wed / 20:00
Badminton Court (Top Pref)","Badminton Court / Thu / 19:00
Nudge Wed / 08:56","Badminton Court / Thu / 19:00
Booked Wed / 11:48",NO,3 of 4,3,Badminton Court,Badminton Court,Thu,Thu,19:00,19:00,Nudge Wed / 08:56,Booked Wed / 11:48
R-141-#9710,R-141,"Clubhouse / Wed / 18:00
Badminton Court (Top Pref)","Badminton Court / Thu / 18:00
Nudge Wed / 08:54","Clubhouse / Thu / 11:00
Booked Wed / 12:04",NO,1 of 4,1,Badminton Court,Clubhouse,Thu,Thu,18:00,11:00,Nudge Wed / 08:54,Booked Wed / 12:04
R-203-#9711,R-203,"Badminton Court / Wed / 18:00
Badminton Court (Top Pref)","Badminton Court / Thu / 18:00
Nudge Wed / 15:48","Clubhouse / Thu / 18:00
Booked Wed / 12:16",NO,2 of 4,2,Badminton Court,Clubhouse,Thu,Thu,18:00,18:00,Nudge Wed / 15:48,Booked Wed / 12:16
R-189-#9712,R-189,"Clubhouse / Wed / 06:00
Gym (Top Pref)","Gym / Thu / 06:00
Nudge Wed / 13:55","Tennis Court / Thu / 06:00
Booked Wed / 12:18",NO,3 of 4,3,Gym,Tennis Court,Thu,Thu,06:00,06:00,Nudge Wed / 13:55,Booked Wed / 12:18
R-172-#9713,R-172,"Gym / Wed / 16:00
Gym (Top Pref)","Gym / Thu / 06:00
Nudge Wed / 13:31","Gym / Thu / 06:00
Booked Wed / 12:22",YES,4 of 4,4,Gym,Gym,Thu,Thu,06:00,06:00,Nudge Wed / 13:31,Booked Wed / 12:22
R-147-#9714,R-147,"Clubhouse / Wed / 08:00
Gym (Top Pref)","Gym / Thu / 06:00
Nudge Wed / 16:06","Clubhouse / Thu / 06:00
Booked Wed / 12:27",NO,2 of 4,2,Gym,Clubhouse,Thu,Thu,06:00,06:00,Nudge Wed / 16:06,Booked Wed / 12:27
R-164-#9715,R-164,"Clubhouse / Sun / 19:00
Clubhouse (Top Pref)","Clubhouse / Fri / 14:00
Nudge Thu / 18:29","Clubhouse / Thu / 13:00
Booked Wed / 12:34",NO,2 of 4,2,Clubhouse,Clubhouse,Fri,Thu,14:00,13:00,Nudge Thu / 18:29,Booked Wed / 12:34
R-145-#9716,R-145,"Badminton Court / Wed / 08:00
Gym (Top Pref)","Gym / Thu / 06:00
Nudge Wed / 14:13","Gym / Thu / 06:00
Booked Wed / 13:56",YES,4 of 4,4,Gym,Gym,Thu,Thu,06:00,06:00,Nudge Wed / 14:13,Booked Wed / 13:56
R-168-#9717,R-168,"Gym / Wed / 08:00
Gym (Top Pref)","Gym / Thu / 06:00
Nudge Wed / 15:55","Clubhouse / Thu / 07:00
Booked Wed / 14:07",NO,3 of 4,3,Gym,Clubhouse,Thu,Thu,06:00,07:00,Nudge Wed / 15:55,Booked Wed / 14:07
R-156-#9718,R-156,"Badminton Court / Wed / 07:00
Gym (Top Pref)","Gym / Thu / 07:00
Nudge Wed / 16:41","Gym / Thu / 06:00
Booked Wed / 14:16",YES,4 of 4,4,Gym,Gym,Thu,Thu,07:00,06:00,Nudge Wed / 16:41,Booked Wed / 14:16
R-202-#9719,R-202,"Swimming Pool / Sun / 15:00
Clubhouse (Top Pref)","Clubhouse / Fri / 20:00
Nudge Thu / 23:37","Clubhouse / Thu / 11:00
Booked Wed / 15:04",NO,1 of 4,1,Clubhouse,Clubhouse,Fri,Thu,20:00,11:00,Nudge Thu / 23:37,Booked Wed / 15:04
R-117-#9720,R-117,"Badminton Court / Wed / 07:00
Gym (Top Pref)","Gym / Thu / 07:00
Nudge Wed / 16:38","Swimming Pool / Thu / 07:00
Booked Wed / 15:14",NO,3 of 4,3,Gym,Swimming Pool,Thu,Thu,07:00,07:00,Nudge Wed / 16:38,Booked Wed / 15:14
R-132-#9721,R-132,"Gym / Tue / 08:00
Tennis Court (Top Pref)","Tennis Court / Thu / 07:00
Nudge Tue / 16:22","Tennis Court / Thu / 20:00
Booked Wed / 15:18",NO,2 of 4,2,Tennis Court,Tennis Court,Thu,Thu,07:00,20:00,Nudge Tue / 16:22,Booked Wed / 15:18
R-135-#9722,R-135,"Gym / Wed / 08:00
Gym (Top Pref)","Gym / Thu / 06:00
Nudge Wed / 14:46","Clubhouse / Thu / 07:00
Booked Wed / 15:18",NO,3 of 4,3,Gym,Clubhouse,Thu,Thu,06:00,07:00,Nudge Wed / 14:46,Booked Wed / 15:18
R-125-#9723,R-125,"Badminton Court / Tue / 09:00
Badminton Court (Top Pref)","Badminton Court / Thu / 18:00
Nudge Wed / 17:32","Badminton Court / Thu / 19:00
Booked Wed / 15:22",YES,4 of 4,4,Badminton Court,Badminton Court,Thu,Thu,18:00,19:00,Nudge Wed / 17:32,Booked Wed / 15:22
R-170-#9724,R-170,"Badminton Court / Wed / 19:00
Badminton Court (Top Pref)","Badminton Court / Thu / 18:00
Nudge Wed / 12:47","Gym / Thu / 20:00
Booked Wed / 15:42",NO,1 of 4,1,Badminton Court,Gym,Thu,Thu,18:00,20:00,Nudge Wed / 12:47,Booked Wed / 15:42
R-102-#9725,R-102,"Swimming Pool / Wed / 08:00
Gym (Top Pref)","Gym / Thu / 06:00
Nudge Wed / 15:37","Gym / Thu / 07:00
Booked Wed / 16:23",YES,4 of 4,4,Gym,Gym,Thu,Thu,06:00,07:00,Nudge Wed / 15:37,Booked Wed / 16:23
R-136-#9726,R-136,"Swimming Pool / Wed / 19:00
Badminton Court (Top Pref)","Badminton Court / Thu / 20:00
Nudge Wed / 15:33","Badminton Court / Thu / 20:00
Booked Wed / 16:24",YES,4 of 4,4,Badminton Court,Badminton Court,Thu,Thu,20:00,20:00,Nudge Wed / 15:33,Booked Wed / 16:24
R-107-#9727,R-107,"Clubhouse / Wed / 19:00
Badminton Court (Top Pref)","Badminton Court / Thu / 18:00
Nudge Wed / 16:06","Gym / Thu / 18:00
Booked Wed / 16:27",NO,3 of 4,3,Badminton Court,Gym,Thu,Thu,18:00,18:00,Nudge Wed / 16:06,Booked Wed / 16:27
R-106-#9728,R-106,"Badminton Court / Tue / 19:00
Badminton Court (Top Pref)","Badminton Court / Thu / 18:00
Nudge Wed / 17:39","Gym / Thu / 20:00
Booked Wed / 16:51",NO,2 of 4,2,Badminton Court,Gym,Thu,Thu,18:00,20:00,Nudge Wed / 17:39,Booked Wed / 16:51
R-101-#9729,R-101,"Gym / Wed / 06:00
Gym (Top Pref)","Gym / Thu / 07:00
Nudge Wed / 15:59","Gym / Thu / 08:00
Booked Wed / 16:57",YES,4 of 4,4,Gym,Gym,Thu,Thu,07:00,08:00,Nudge Wed / 15:59,Booked Wed / 16:57
R-212-#9730,R-212,"Clubhouse / Wed / 07:00
Gym (Top Pref)","Gym / Thu / 06:00
Nudge Wed / 15:16","Gym / Thu / 06:00
Booked Wed / 17:04",YES,4 of 4,4,Gym,Gym,Thu,Thu,06:00,06:00,Nudge Wed / 15:16,Booked Wed / 17:04
R-174-#9731,R-174,"Gym / Tue / 07:00
Gym (Top Pref)","Gym / Wed / 06:00
Nudge Tue / 17:26","Tennis Court / Thu / 06:00
Booked Wed / 17:11",NO,1 of 4,1,Gym,Tennis Court,Wed,Thu,06:00,06:00,Nudge Tue / 17:26,Booked Wed / 17:11
R-120-#9732,R-120,"Badminton Court / Wed / 18:00
Badminton Court (Top Pref)","Badminton Court / Thu / 18:00
Nudge Wed / 13:40","Badminton Court / Thu / 19:00
Booked Wed / 17:30",NO,3 of 4,3,Badminton Court,Badminton Court,Thu,Thu,18:00,19:00,Nudge Wed / 13:40,Booked Wed / 17:30
R-119-#9733,R-119,"Badminton Court / Wed / 20:00
Badminton Court (Top Pref)","Badminton Court / Thu / 18:00
Nudge Wed / 14:13","Gym / Thu / 20:00
Booked Wed / 17:40",NO,1 of 4,1,Badminton Court,Gym,Thu,Thu,18:00,20:00,Nudge Wed / 14:13,Booked Wed / 17:40
R-118-#9734,R-118,"Gym / Wed / 08:00
Gym (Top Pref)","Gym / Thu / 06:00
Nudge Wed / 15:19","Gym / Thu / 07:00
Booked Wed / 17:52",NO,3 of 4,3,Gym,Gym,Thu,Thu,06:00,07:00,Nudge Wed / 15:19,Booked Wed / 17:52
R-113-#9735,R-113,"Tennis Court / Wed / 06:00
Gym (Top Pref)","Gym / Thu / 06:00
Nudge Wed / 15:07","Gym / Thu / 08:00
Booked Wed / 17:57",NO,2 of 4,2,Gym,Gym,Thu,Thu,06:00,08:00,Nudge Wed / 15:07,Booked Wed / 17:57
R-208-#9736,R-208,"Badminton Court / Wed / 08:00
Gym (Top Pref)","Gym / Thu / 07:00
Nudge Wed / 17:42","Gym / Thu / 07:00
Booked Wed / 18:12",YES,4 of 4,4,Gym,Gym,Thu,Thu,07:00,07:00,Nudge Wed / 17:42,Booked Wed / 18:12
R-173-#9737,R-173,"Swimming Pool / Wed / 20:00
Badminton Court (Top Pref)","Badminton Court / Thu / 20:00
Nudge Wed / 20:01","Badminton Court / Thu / 18:00
Booked Wed / 18:21",NO,3 of 4,3,Badminton Court,Badminton Court,Thu,Thu,20:00,18:00,Nudge Wed / 20:01,Booked Wed / 18:21
R-219-#9738,R-219,"Badminton Court / Sat / 07:00
Tennis Court (Top Pref)","Tennis Court / Sat / 08:00
Nudge Thu / 14:08","Swimming Pool / Thu / 18:00
Booked Wed / 18:29",NO,0 of 4,0,Tennis Court,Swimming Pool,Sat,Thu,08:00,18:00,Nudge Thu / 14:08,Booked Wed / 18:29
R-183-#9739,R-183,"Badminton Court / Wed / 19:00
Badminton Court (Top Pref)","Badminton Court / Thu / 18:00
Nudge Wed / 14:21","Badminton Court / Thu / 18:00
Booked Wed / 18:55",NO,3 of 4,3,Badminton Court,Badminton Court,Thu,Thu,18:00,18:00,Nudge Wed / 14:21,Booked Wed / 18:55
R-111-#9740,R-111,"Swimming Pool / Tue / 07:00
Gym (Top Pref)","Gym / Thu / 19:00
Nudge Thu / 05:04","Gym / Thu / 08:00
Booked Wed / 19:59",NO,2 of 4,2,Gym,Gym,Thu,Thu,19:00,08:00,Nudge Thu / 05:04,Booked Wed / 19:59
R-217-#9741,R-217,"Badminton Court / Wed / 20:00
Badminton Court (Top Pref)","Badminton Court / Thu / 18:00
Nudge Wed / 14:01","Clubhouse / Thu / 20:00
Booked Wed / 20:14",NO,1 of 4,1,Badminton Court,Clubhouse,Thu,Thu,18:00,20:00,Nudge Wed / 14:01,Booked Wed / 20:14
R-128-#9742,R-128,"Gym / Wed / 08:00
Gym (Top Pref)","Swimming Pool / Thu / 19:00
Nudge Thu / 04:58","Tennis Court / Thu / 08:00
Booked Wed / 20:39",NO,1 of 4,1,Swimming Pool,Tennis Court,Thu,Thu,19:00,08:00,Nudge Thu / 04:58,Booked Wed / 20:39
R-196-#9743,R-196,"Badminton Court / Wed / 20:00
Badminton Court (Top Pref)","Badminton Court / Thu / 18:00
Nudge Wed / 18:24","Badminton Court / Thu / 20:00
Booked Wed / 21:12",NO,2 of 4,2,Badminton Court,Badminton Court,Thu,Thu,18:00,20:00,Nudge Wed / 18:24,Booked Wed / 21:12
R-188-#9744,R-188,"Clubhouse / Mon / 09:00
Swimming Pool (Top Pref)","Swimming Pool / Thu / 17:00
Nudge Thu / 03:14","Swimming Pool / Thu / 17:00
Booked Wed / 21:27",NO,3 of 4,3,Swimming Pool,Swimming Pool,Thu,Thu,17:00,17:00,Nudge Thu / 03:14,Booked Wed / 21:27
R-165-#9745,R-165,"Badminton Court / Wed / 20:00
Badminton Court (Top Pref)","Badminton Court / Thu / 18:00
Nudge Wed / 17:43","Badminton Court / Thu / 20:00
Booked Wed / 21:45",NO,2 of 4,2,Badminton Court,Badminton Court,Thu,Thu,18:00,20:00,Nudge Wed / 17:43,Booked Wed / 21:45
R-203-#9746,R-203,"Clubhouse / Thu / 18:00
Badminton Court (Top Pref)","Badminton Court / Fri / 18:00
Nudge Thu / 08:48","Tennis Court / Fri / 19:00
Booked Wed / 21:58",NO,2 of 4,2,Badminton Court,Tennis Court,Fri,Fri,18:00,19:00,Nudge Thu / 08:48,Booked Wed / 21:58
R-108-#9747,R-108,"Swimming Pool / Tue / 07:00
Badminton Court (Top Pref)","Swimming Pool / Thu / 19:00
Nudge Thu / 05:05","Gym / Thu / 11:00
Booked Wed / 22:17",NO,1 of 4,1,Swimming Pool,Gym,Thu,Thu,19:00,11:00,Nudge Thu / 05:05,Booked Wed / 22:17
R-144-#9748,R-144,"Gym / Wed / 08:00
Gym (Top Pref)","Gym / Thu / 07:00
Nudge Wed / 19:03","Gym / Thu / 08:00
Booked Wed / 22:29",NO,3 of 4,3,Gym,Gym,Thu,Thu,07:00,08:00,Nudge Wed / 19:03,Booked Wed / 22:29
R-116-#9749,R-116,"Tennis Court / Wed / 08:00
Gym (Top Pref)","Gym / Thu / 08:00
Nudge Wed / 19:47","Tennis Court / Thu / 14:00
Booked Wed / 22:49",NO,1 of 4,1,Gym,Tennis Court,Thu,Thu,08:00,14:00,Nudge Wed / 19:47,Booked Wed / 22:49
R-165-#9750,R-165,"Badminton Court / Thu / 20:00
Badminton Court (Top Pref)","Badminton Court / Fri / 18:00
Nudge Thu / 13:39","Badminton Court / Fri / 17:00
Booked Wed / 23:04",NO,3 of 4,3,Badminton Court,Badminton Court,Fri,Fri,18:00,17:00,Nudge Thu / 13:39,Booked Wed / 23:04
R-195-#9751,R-195,"Badminton Court / Wed / 19:00
Badminton Court (Top Pref)","Badminton Court / Thu / 18:00
Nudge Wed / 17:53","Badminton Court / Fri / 09:00
Booked Wed / 23:18",NO,1 of 4,1,Badminton Court,Badminton Court,Thu,Fri,18:00,09:00,Nudge Wed / 17:53,Booked Wed / 23:18
R-206-#9752,R-206,"Gym / Wed / 07:00
Gym (Top Pref)","Gym / Thu / 07:00
Nudge Wed / 19:31","Gym / Thu / 08:00
Booked Thu / 00:33",NO,3 of 4,3,Gym,Gym,Thu,Thu,07:00,08:00,Nudge Wed / 19:31,Booked Thu / 00:33
R-219-#9753,R-219,"Swimming Pool / Thu / 18:00
Tennis Court (Top Pref)","Tennis Court / Sat / 08:00
Nudge Thu / 06:36","Tennis Court / Sat / 06:00
Booked Thu / 00:34",NO,2 of 4,2,Tennis Court,Tennis Court,Sat,Sat,08:00,06:00,Nudge Thu / 06:36,Booked Thu / 00:34
R-158-#9754,R-158,"Gym / Wed / 06:00
Gym (Top Pref)","Gym / Thu / 08:00
Nudge Wed / 20:18","Gym / Thu / 11:00
Booked Thu / 01:08",NO,2 of 4,2,Gym,Gym,Thu,Thu,08:00,11:00,Nudge Wed / 20:18,Booked Thu / 01:08
R-103-#9755,R-103,"Gym / Wed / 07:00
Swimming Pool (Top Pref)","Swimming Pool / Thu / 19:00
Nudge Thu / 05:04","Clubhouse / Thu / 11:00
Booked Thu / 01:11",NO,1 of 4,1,Swimming Pool,Clubhouse,Thu,Thu,19:00,11:00,Nudge Thu / 05:04,Booked Thu / 01:11
R-154-#9756,R-154,"Tennis Court / Thu / 07:00
Tennis Court (Top Pref)","Tennis Court / Sat / 07:00
Nudge Thu / 13:55","Tennis Court / Sat / 17:00
Booked Thu / 01:17",NO,2 of 4,2,Tennis Court,Tennis Court,Sat,Sat,07:00,17:00,Nudge Thu / 13:55,Booked Thu / 01:17
R-110-#9757,R-110,"Swimming Pool / Tue / 17:00
Swimming Pool (Top Pref)","Swimming Pool / Wed / 17:00
Nudge Wed / 03:40","Badminton Court / Thu / 17:00
Booked Thu / 01:32",NO,1 of 4,1,Swimming Pool,Badminton Court,Wed,Thu,17:00,17:00,Nudge Wed / 03:40,Booked Thu / 01:32
R-123-#9758,R-123,"Gym / Wed / 08:00
Gym (Top Pref)","Gym / Thu / 08:00
Nudge Wed / 20:35","Clubhouse / Thu / 17:00
Booked Thu / 01:51",NO,1 of 4,1,Gym,Clubhouse,Thu,Thu,08:00,17:00,Nudge Wed / 20:35,Booked Thu / 01:51
R-187-#9759,R-187,"Gym / Wed / 17:00
Gym (Top Pref)","Swimming Pool / Thu / 08:00
Nudge Wed / 20:05","Swimming Pool / Thu / 11:00
Booked Thu / 01:59",NO,2 of 4,2,Swimming Pool,Swimming Pool,Thu,Thu,08:00,11:00,Nudge Wed / 20:05,Booked Thu / 01:59
R-167-#9760,R-167,"Gym / Wed / 08:00
Gym (Top Pref)","Gym / Thu / 07:00
Nudge Wed / 18:36","Gym / Thu / 11:00
Booked Thu / 02:52",NO,2 of 4,2,Gym,Gym,Thu,Thu,07:00,11:00,Nudge Wed / 18:36,Booked Thu / 02:52
R-136-#9761,R-136,"Badminton Court / Thu / 20:00
Badminton Court (Top Pref)","Badminton Court / Fri / 20:00
Nudge Thu / 11:03","Gym / Fri / 08:00
Booked Thu / 03:19",NO,1 of 4,1,Badminton Court,Gym,Fri,Fri,20:00,08:00,Nudge Thu / 11:03,Booked Thu / 03:19
R-120-#9762,R-120,"Badminton Court / Thu / 19:00
Badminton Court (Top Pref)","Badminton Court / Fri / 18:00
Nudge Thu / 07:16","Tennis Court / Fri / 19:00
Booked Thu / 04:00",NO,2 of 4,2,Badminton Court,Tennis Court,Fri,Fri,18:00,19:00,Nudge Thu / 07:16,Booked Thu / 04:00
R-148-#9763,R-148,"Swimming Pool / Sun / 17:00
Swimming Pool (Top Pref)","Swimming Pool / Sat / 16:00
Nudge Sat / 10:35","Swimming Pool / Thu / 11:00
Booked Thu / 04:03",NO,1 of 4,1,Swimming Pool,Swimming Pool,Sat,Thu,16:00,11:00,Nudge Sat / 10:35,Booked Thu / 04:03
R-157-#9764,R-157,"Gym / Thu / 07:00
Tennis Court (Top Pref)","Tennis Court / Sat / 07:00
Nudge Thu / 13:10","Tennis Court / Sat / 18:00
Booked Thu / 04:22",NO,2 of 4,2,Tennis Court,Tennis Court,Sat,Sat,07:00,18:00,Nudge Thu / 13:10,Booked Thu / 04:22
R-199-#9765,R-199,"Swimming Pool / Tue / 15:00
Swimming Pool (Top Pref)","Swimming Pool / Sat / 15:00
Nudge Sat / 09:15","Clubhouse / Thu / 11:00
Booked Thu / 04:51",NO,0 of 4,0,Swimming Pool,Clubhouse,Sat,Thu,15:00,11:00,Nudge Sat / 09:15,Booked Thu / 04:51
R-215-#9766,R-215,"Tennis Court / Wed / 09:00
Gym (Top Pref)","Swimming Pool / Thu / 17:00
Nudge Thu / 02:54","Swimming Pool / Thu / 11:00
Booked Thu / 05:28",NO,2 of 4,2,Swimming Pool,Swimming Pool,Thu,Thu,17:00,11:00,Nudge Thu / 02:54,Booked Thu / 05:28
R-146-#9767,R-146,"Tennis Court / Thu / 17:00
Tennis Court (Top Pref)","Tennis Court / Sat / 07:00
Nudge Thu / 15:46","Badminton Court / Sat / 08:00
Booked Thu / 06:21",NO,2 of 4,2,Tennis Court,Badminton Court,Sat,Sat,07:00,08:00,Nudge Thu / 15:46,Booked Thu / 06:21
R-153-#9768,R-153,"Swimming Pool / Tue / 17:00
Swimming Pool (Top Pref)","Swimming Pool / Fri / 17:00
Nudge Fri / 05:04","Gym / Thu / 18:00
Booked Thu / 06:54",NO,1 of 4,1,Swimming Pool,Gym,Fri,Thu,17:00,18:00,Nudge Fri / 05:04,Booked Thu / 06:54
R-183-#9769,R-183,"Badminton Court / Thu / 18:00
Badminton Court (Top Pref)","Badminton Court / Fri / 18:00
Nudge Thu / 07:55","Badminton Court / Fri / 20:00
Booked Thu / 07:31",NO,3 of 4,3,Badminton Court,Badminton Court,Fri,Fri,18:00,20:00,Nudge Thu / 07:55,Booked Thu / 07:31
R-106-#9770,R-106,"Gym / Thu / 20:00
Badminton Court (Top Pref)","Badminton Court / Fri / 18:00
Nudge Thu / 09:51","Badminton Court / Fri / 20:00
Booked Thu / 08:47",NO,3 of 4,3,Badminton Court,Badminton Court,Fri,Fri,18:00,20:00,Nudge Thu / 09:51,Booked Thu / 08:47
R-161-#9771,R-161,"Gym / Sun / 17:00
Gym (Top Pref)","Gym / Mon / 19:00
Nudge Mon / 07:17","Clubhouse / Thu / 17:00
Booked Thu / 08:57",NO,0 of 4,0,Gym,Clubhouse,Mon,Thu,19:00,17:00,Nudge Mon / 07:17,Booked Thu / 08:57
R-121-#9772,R-121,"Clubhouse / Sun / 14:00
Clubhouse (Top Pref)","Clubhouse / Fri / 20:00
Nudge Fri / 00:23","Clubhouse / Fri / 14:00
Booked Thu / 09:21",NO,2 of 4,2,Clubhouse,Clubhouse,Fri,Fri,20:00,14:00,Nudge Fri / 00:23,Booked Thu / 09:21
R-113-#9773,R-113,"Gym / Thu / 08:00
Gym (Top Pref)","Gym / Fri / 06:00
Nudge Thu / 12:31","Gym / Fri / 06:00
Booked Thu / 10:14",YES,4 of 4,4,Gym,Gym,Fri,Fri,06:00,06:00,Nudge Thu / 12:31,Booked Thu / 10:14
R-126-#9774,R-126,"Swimming Pool / Wed / 17:00
Swimming Pool (Top Pref)","Swimming Pool / Thu / 19:00
Nudge Thu / 06:03","Tennis Court / Thu / 17:00
Booked Thu / 10:33",NO,1 of 4,1,Swimming Pool,Tennis Court,Thu,Thu,19:00,17:00,Nudge Thu / 06:03,Booked Thu / 10:33
R-174-#9775,R-174,"Tennis Court / Thu / 06:00
Gym (Top Pref)","Gym / Fri / 06:00
Nudge Thu / 13:27","Gym / Fri / 06:00
Booked Thu / 10:57",YES,4 of 4,4,Gym,Gym,Fri,Fri,06:00,06:00,Nudge Thu / 13:27,Booked Thu / 10:57
R-139-#9776,R-139,"Badminton Court / Sun / 11:00
Swimming Pool (Top Pref)","Swimming Pool / Sat / 16:00
Nudge Sat / 10:28","Gym / Thu / 17:00
Booked Thu / 12:48",NO,1 of 4,1,Swimming Pool,Gym,Sat,Thu,16:00,17:00,Nudge Sat / 10:28,Booked Thu / 12:48
R-214-#9777,R-214,"Clubhouse / Sat / 20:00
Clubhouse (Top Pref)","Clubhouse / Fri / 20:00
Nudge Thu / 23:22","Swimming Pool / Fri / 14:00
Booked Thu / 13:02",NO,1 of 4,1,Clubhouse,Swimming Pool,Fri,Fri,20:00,14:00,Nudge Thu / 23:22,Booked Thu / 13:02
R-176-#9778,R-176,"Swimming Pool / Sun / 15:00
Swimming Pool (Top Pref)","Swimming Pool / Thu / 16:00
Nudge Thu / 09:54","Clubhouse / Thu / 16:00
Booked Thu / 13:21",NO,2 of 4,2,Swimming Pool,Clubhouse,Thu,Thu,16:00,16:00,Nudge Thu / 09:54,Booked Thu / 13:21
R-179-#9779,R-179,"Swimming Pool / Tue / 15:00
Swimming Pool (Top Pref)","Swimming Pool / Sat / 17:00
Nudge Sat / 11:36","Gym / Thu / 19:00
Booked Thu / 13:30",NO,0 of 4,0,Swimming Pool,Gym,Sat,Thu,17:00,19:00,Nudge Sat / 11:36,Booked Thu / 13:30
R-141-#9780,R-141,"Clubhouse / Thu / 11:00
Badminton Court (Top Pref)","Badminton Court / Fri / 18:00
Nudge Thu / 14:49","Badminton Court / Fri / 20:00
Booked Thu / 13:43",NO,3 of 4,3,Badminton Court,Badminton Court,Fri,Fri,18:00,20:00,Nudge Thu / 14:49,Booked Thu / 13:43
R-119-#9781,R-119,"Gym / Thu / 20:00
Badminton Court (Top Pref)","Badminton Court / Fri / 18:00
Nudge Thu / 12:00","Tennis Court / Fri / 20:00
Booked Thu / 13:46",NO,2 of 4,2,Badminton Court,Tennis Court,Fri,Fri,18:00,20:00,Nudge Thu / 12:00,Booked Thu / 13:46
R-135-#9782,R-135,"Clubhouse / Thu / 07:00
Gym (Top Pref)","Gym / Fri / 08:00
Nudge Thu / 17:34","Swimming Pool / Fri / 07:00
Booked Thu / 14:33",NO,2 of 4,2,Gym,Swimming Pool,Fri,Fri,08:00,07:00,Nudge Thu / 17:34,Booked Thu / 14:33
R-101-#9783,R-101,"Gym / Thu / 08:00
Gym (Top Pref)","Gym / Fri / 07:00
Nudge Thu / 15:58","Gym / Fri / 06:00
Booked Thu / 14:41",YES,4 of 4,4,Gym,Gym,Fri,Fri,07:00,06:00,Nudge Thu / 15:58,Booked Thu / 14:41
R-213-#9784,R-213,"Badminton Court / Thu / 16:00
Badminton Court (Top Pref)","Badminton Court / Fri / 18:00
Nudge Thu / 17:39","Badminton Court / Fri / 18:00
Booked Thu / 15:00",NO,3 of 4,3,Badminton Court,Badminton Court,Fri,Fri,18:00,18:00,Nudge Thu / 17:39,Booked Thu / 15:00
R-123-#9785,R-123,"Clubhouse / Thu / 17:00
Gym (Top Pref)","Gym / Fri / 07:00
Nudge Thu / 16:10","Gym / Fri / 06:00
Booked Thu / 15:02",YES,4 of 4,4,Gym,Gym,Fri,Fri,07:00,06:00,Nudge Thu / 16:10,Booked Thu / 15:02
R-198-#9786,R-198,"Gym / Tue / 08:00
Tennis Court (Top Pref)","Tennis Court / Sat / 18:00
Nudge Fri / 00:19","Clubhouse / Sat / 07:00
Booked Thu / 15:07",NO,1 of 4,1,Tennis Court,Clubhouse,Sat,Sat,18:00,07:00,Nudge Fri / 00:19,Booked Thu / 15:07
R-107-#9787,R-107,"Gym / Thu / 18:00
Badminton Court (Top Pref)","Badminton Court / Fri / 18:00
Nudge Thu / 13:35","Clubhouse / Fri / 07:00
Booked Thu / 15:29",NO,2 of 4,2,Badminton Court,Clubhouse,Fri,Fri,18:00,07:00,Nudge Thu / 13:35,Booked Thu / 15:29
R-116-#9788,R-116,"Tennis Court / Thu / 14:00
Gym (Top Pref)","Gym / Fri / 08:00
Nudge Thu / 19:18","Gym / Fri / 07:00
Booked Thu / 15:45",NO,3 of 4,3,Gym,Gym,Fri,Fri,08:00,07:00,Nudge Thu / 19:18,Booked Thu / 15:45
R-131-#9789,R-131,"Swimming Pool / Wed / 20:00
Badminton Court (Top Pref)","Badminton Court / Thu / 20:00
Nudge Wed / 20:19","Badminton Court / Fri / 20:00
Booked Thu / 16:08",NO,2 of 4,2,Badminton Court,Badminton Court,Thu,Fri,20:00,20:00,Nudge Wed / 20:19,Booked Thu / 16:08
R-189-#9790,R-189,"Tennis Court / Thu / 06:00
Gym (Top Pref)","Gym / Fri / 07:00
Nudge Thu / 18:48","Gym / Fri / 07:00
Booked Thu / 16:20",YES,4 of 4,4,Gym,Gym,Fri,Fri,07:00,07:00,Nudge Thu / 18:48,Booked Thu / 16:20
R-197-#9791,R-197,"Badminton Court / Thu / 08:00
Tennis Court (Top Pref)","Tennis Court / Sun / 07:00
Nudge Fri / 13:22","Tennis Court / Sat / 18:00
Booked Thu / 16:29",NO,1 of 4,1,Tennis Court,Tennis Court,Sun,Sat,07:00,18:00,Nudge Fri / 13:22,Booked Thu / 16:29
R-196-#9792,R-196,"Badminton Court / Thu / 20:00
Badminton Court (Top Pref)","Badminton Court / Fri / 18:00
Nudge Thu / 11:50","Badminton Court / Fri / 21:00
Booked Thu / 16:41",NO,2 of 4,2,Badminton Court,Badminton Court,Fri,Fri,18:00,21:00,Nudge Thu / 11:50,Booked Thu / 16:41
R-102-#9793,R-102,"Gym / Thu / 07:00
Gym (Top Pref)","Gym / Fri / 06:00
Nudge Thu / 15:33","Gym / Fri / 08:00
Booked Thu / 16:43",NO,3 of 4,3,Gym,Gym,Fri,Fri,06:00,08:00,Nudge Thu / 15:33,Booked Thu / 16:43
R-206-#9794,R-206,"Gym / Thu / 08:00
Gym (Top Pref)","Gym / Fri / 06:00
Nudge Thu / 12:31","Gym / Fri / 08:00
Booked Thu / 16:56",NO,2 of 4,2,Gym,Gym,Fri,Fri,06:00,08:00,Nudge Thu / 12:31,Booked Thu / 16:56
R-125-#9795,R-125,"Badminton Court / Thu / 19:00
Badminton Court (Top Pref)","Badminton Court / Fri / 19:00
Nudge Thu / 14:14","Badminton Court / Fri / 18:00
Booked Thu / 17:00",NO,3 of 4,3,Badminton Court,Badminton Court,Fri,Fri,19:00,18:00,Nudge Thu / 14:14,Booked Thu / 17:00
R-177-#9796,R-177,"Tennis Court / Thu / 17:00
Tennis Court (Top Pref)","Tennis Court / Sat / 07:00
Nudge Thu / 13:45","Tennis Court / Sat / 10:00
Booked Thu / 17:01",NO,2 of 4,2,Tennis Court,Tennis Court,Sat,Sat,07:00,10:00,Nudge Thu / 13:45,Booked Thu / 17:01
R-118-#9797,R-118,"Gym / Thu / 07:00
Gym (Top Pref)","Gym / Fri / 06:00
Nudge Thu / 15:41","Clubhouse / Fri / 06:00
Booked Thu / 17:18",NO,3 of 4,3,Gym,Clubhouse,Fri,Fri,06:00,06:00,Nudge Thu / 15:41,Booked Thu / 17:18
R-158-#9798,R-158,"Gym / Thu / 11:00
Gym (Top Pref)","Gym / Fri / 08:00
Nudge Thu / 16:51","Gym / Fri / 06:00
Booked Thu / 17:54",NO,3 of 4,3,Gym,Gym,Fri,Fri,08:00,06:00,Nudge Thu / 16:51,Booked Thu / 17:54
R-147-#9799,R-147,"Clubhouse / Thu / 06:00
Gym (Top Pref)","Gym / Fri / 06:00
Nudge Thu / 17:47","Gym / Fri / 06:00
Booked Thu / 18:03",YES,4 of 4,4,Gym,Gym,Fri,Fri,06:00,06:00,Nudge Thu / 17:47,Booked Thu / 18:03
R-156-#9800,R-156,"Gym / Thu / 06:00
Gym (Top Pref)","Gym / Fri / 07:00
Nudge Thu / 18:28","Gym / Fri / 08:00
Booked Thu / 18:13",YES,4 of 4,4,Gym,Gym,Fri,Fri,07:00,08:00,Nudge Thu / 18:28,Booked Thu / 18:13
R-138-#9801,R-138,"Tennis Court / Sun / 08:00
Tennis Court (Top Pref)","Tennis Court / Tue / 18:00
Nudge Mon / 02:54","Tennis Court / Sat / 08:00
Booked Thu / 18:13",NO,1 of 4,1,Tennis Court,Tennis Court,Tue,Sat,18:00,08:00,Nudge Mon / 02:54,Booked Thu / 18:13
R-100-#9802,R-100,"Tennis Court / Mon / 21:00
Swimming Pool (Top Pref)","Gym / Wed / 19:00
Nudge Wed / 05:25","Tennis Court / Fri / 11:00
Booked Thu / 18:30",NO,0 of 4,0,Gym,Tennis Court,Wed,Fri,19:00,11:00,Nudge Wed / 05:25,Booked Thu / 18:30
R-166-#9803,R-166,"Badminton Court / Wed / 17:00
Gym (Top Pref)","Swimming Pool / Thu / 17:00
Nudge Thu / 02:54","Tennis Court / Fri / 07:00
Booked Thu / 18:35",NO,0 of 4,0,Swimming Pool,Tennis Court,Thu,Fri,17:00,07:00,Nudge Thu / 02:54,Booked Thu / 18:35
R-138-#9804,R-138,"Tennis Court / Sat / 08:00
Tennis Court (Top Pref)","Tennis Court / Sun / 18:00
Nudge Fri / 19:50","Badminton Court / Sun / 08:00
Booked Thu / 18:58",NO,1 of 4,1,Tennis Court,Badminton Court,Sun,Sun,18:00,08:00,Nudge Fri / 19:50,Booked Thu / 18:58
R-117-#9805,R-117,"Swimming Pool / Thu / 07:00
Gym (Top Pref)","Gym / Fri / 07:00
Nudge Thu / 18:31","Gym / Fri / 11:00
Booked Thu / 19:11",NO,3 of 4,3,Gym,Gym,Fri,Fri,07:00,11:00,Nudge Thu / 18:31,Booked Thu / 19:11
R-109-#9806,R-109,"Gym / Wed / 06:00
Gym (Top Pref)","Gym / Fri / 07:00
Nudge Thu / 17:35","Clubhouse / Fri / 08:00
Booked Thu / 19:16",NO,3 of 4,3,Gym,Clubhouse,Fri,Fri,07:00,08:00,Nudge Thu / 17:35,Booked Thu / 19:16
R-192-#9807,R-192,"Badminton Court / Thu / 19:00
Badminton Court (Top Pref)","Badminton Court / Fri / 18:00
Nudge Thu / 16:14","Gym / Fri / 19:00
Booked Thu / 19:53",NO,2 of 4,2,Badminton Court,Gym,Fri,Fri,18:00,19:00,Nudge Thu / 16:14,Booked Thu / 19:53
R-152-#9808,R-152,"Badminton Court / Wed / 10:00
Gym (Top Pref)","Gym / Fri / 06:00
Nudge Thu / 16:40","Gym / Fri / 07:00
Booked Thu / 20:35",NO,3 of 4,3,Gym,Gym,Fri,Fri,06:00,07:00,Nudge Thu / 16:40,Booked Thu / 20:35
R-173-#9809,R-173,"Badminton Court / Thu / 18:00
Badminton Court (Top Pref)","Badminton Court / Fri / 20:00
Nudge Thu / 16:02","Clubhouse / Fri / 19:00
Booked Thu / 20:52",NO,2 of 4,2,Badminton Court,Clubhouse,Fri,Fri,20:00,19:00,Nudge Thu / 16:02,Booked Thu / 20:52
R-132-#9810,R-132,"Tennis Court / Thu / 20:00
Tennis Court (Top Pref)","Tennis Court / Sat / 07:00
Nudge Thu / 10:32","Gym / Sun / 08:00
Booked Thu / 20:57",NO,1 of 4,1,Tennis Court,Gym,Sat,Sun,07:00,08:00,Nudge Thu / 10:32,Booked Thu / 20:57
R-168-#9811,R-168,"Clubhouse / Thu / 07:00
Gym (Top Pref)","Gym / Fri / 07:00
Nudge Thu / 19:09","Gym / Fri / 07:00
Booked Thu / 21:07",YES,4 of 4,4,Gym,Gym,Fri,Fri,07:00,07:00,Nudge Thu / 19:09,Booked Thu / 21:07
R-215-#9812,R-215,"Swimming Pool / Thu / 11:00
Gym (Top Pref)","Swimming Pool / Fri / 11:00
Nudge Thu / 20:44","Badminton Court / Fri / 11:00
Booked Thu / 21:17",NO,3 of 4,3,Swimming Pool,Badminton Court,Fri,Fri,11:00,11:00,Nudge Thu / 20:44,Booked Thu / 21:17
R-112-#9813,R-112,"Clubhouse / Fri / 19:00
Clubhouse (Top Pref)","Clubhouse / Fri / 19:00
Nudge Thu / 23:01","Clubhouse / Fri / 15:00
Booked Thu / 21:26",NO,3 of 4,3,Clubhouse,Clubhouse,Fri,Fri,19:00,15:00,Nudge Thu / 23:01,Booked Thu / 21:26
R-212-#9814,R-212,"Gym / Thu / 06:00
Gym (Top Pref)","Gym / Fri / 06:00
Nudge Thu / 17:40","Gym / Fri / 08:00
Booked Thu / 21:43",NO,2 of 4,2,Gym,Gym,Fri,Fri,06:00,08:00,Nudge Thu / 17:40,Booked Thu / 21:43
R-191-#9815,R-191,"Tennis Court / Tue / 19:00
Swimming Pool (Top Pref)","Swimming Pool / Fri / 19:00
Nudge Fri / 05:35","Badminton Court / Fri / 10:00
Booked Thu / 22:21",NO,1 of 4,1,Swimming Pool,Badminton Court,Fri,Fri,19:00,10:00,Nudge Fri / 05:35,Booked Thu / 22:21
R-114-#9816,R-114,"Clubhouse / Sat / 15:00
Clubhouse (Top Pref)","Clubhouse / Fri / 20:00
Nudge Fri / 00:57","Clubhouse / Fri / 18:00
Booked Thu / 22:24",NO,2 of 4,2,Clubhouse,Clubhouse,Fri,Fri,20:00,18:00,Nudge Fri / 00:57,Booked Thu / 22:24
R-170-#9817,R-170,"Gym / Thu / 20:00
Badminton Court (Top Pref)","Badminton Court / Fri / 18:00
Nudge Thu / 15:49","Badminton Court / Fri / 19:00
Booked Thu / 22:40",NO,3 of 4,3,Badminton Court,Badminton Court,Fri,Fri,18:00,19:00,Nudge Thu / 15:49,Booked Thu / 22:40
R-217-#9818,R-217,"Clubhouse / Thu / 20:00
Badminton Court (Top Pref)","Badminton Court / Fri / 18:00
Nudge Thu / 14:08","Badminton Court / Fri / 18:00
Booked Thu / 22:44",NO,3 of 4,3,Badminton Court,Badminton Court,Fri,Fri,18:00,18:00,Nudge Thu / 14:08,Booked Thu / 22:44
R-208-#9819,R-208,"Gym / Thu / 07:00
Gym (Top Pref)","Gym / Fri / 06:00
Nudge Thu / 17:51","Badminton Court / Fri / 08:00
Booked Thu / 23:01",NO,1 of 4,1,Gym,Badminton Court,Fri,Fri,06:00,08:00,Nudge Thu / 17:51,Booked Thu / 23:01
R-142-#9820,R-142,"Badminton Court / Thu / 08:00
Badminton Court (Top Pref)","Badminton Court / Fri / 20:00
Nudge Thu / 19:45","Badminton Court / Fri / 18:00
Booked Thu / 23:11",NO,2 of 4,2,Badminton Court,Badminton Court,Fri,Fri,20:00,18:00,Nudge Thu / 19:45,Booked Thu / 23:11
R-103-#9821,R-103,"Clubhouse / Thu / 11:00
Swimming Pool (Top Pref)","Swimming Pool / Fri / 07:00
Nudge Thu / 17:37","Swimming Pool / Fri / 11:00
Booked Thu / 23:38",NO,2 of 4,2,Swimming Pool,Swimming Pool,Fri,Fri,07:00,11:00,Nudge Thu / 17:37,Booked Thu / 23:38
R-210-#9822,R-210,"Gym / Tue / 17:00
Tennis Court (Top Pref)","Tennis Court / Sat / 08:00
Nudge Thu / 14:41","Tennis Court / Sun / 08:00
Booked Fri / 00:23",NO,2 of 4,2,Tennis Court,Tennis Court,Sat,Sun,08:00,08:00,Nudge Thu / 14:41,Booked Fri / 00:23
R-132-#9823,R-132,"Gym / Sun / 08:00
Tennis Court (Top Pref)","Tennis Court / Tue / 07:00
Nudge Sun / 08:33","Tennis Court / Sat / 17:00
Booked Fri / 01:01",NO,1 of 4,1,Tennis Court,Tennis Court,Tue,Sat,07:00,17:00,Nudge Sun / 08:33,Booked Fri / 01:01
R-127-#9824,R-127,"Tennis Court / Mon / 11:00
Swimming Pool (Top Pref)","Swimming Pool / Wed / 17:00
Nudge Wed / 03:33","Gym / Fri / 11:00
Booked Fri / 01:14",NO,0 of 4,0,Swimming Pool,Gym,Wed,Fri,17:00,11:00,Nudge Wed / 03:33,Booked Fri / 01:14
R-199-#9825,R-199,"Clubhouse / Thu / 11:00
Swimming Pool (Top Pref)","Swimming Pool / Sat / 10:00
Nudge Sat / 04:20","Swimming Pool / Fri / 10:00
Booked Fri / 01:34",NO,2 of 4,2,Swimming Pool,Swimming Pool,Sat,Fri,10:00,10:00,Nudge Sat / 04:20,Booked Fri / 01:34
R-164-#9826,R-164,"Clubhouse / Thu / 13:00
Clubhouse (Top Pref)","Clubhouse / Fri / 19:00
Nudge Thu / 23:50","Badminton Court / Fri / 21:00
Booked Fri / 02:39",NO,1 of 4,1,Clubhouse,Badminton Court,Fri,Fri,19:00,21:00,Nudge Thu / 23:50,Booked Fri / 02:39
R-144-#9827,R-144,"Gym / Thu / 08:00
Gym (Top Pref)","Gym / Fri / 07:00
Nudge Thu / 18:58","Badminton Court / Fri / 08:00
Booked Fri / 03:17",NO,2 of 4,2,Gym,Badminton Court,Fri,Fri,07:00,08:00,Nudge Thu / 18:58,Booked Fri / 03:17
R-154-#9828,R-154,"Tennis Court / Sat / 17:00
Tennis Court (Top Pref)","Tennis Court / Sun / 07:00
Nudge Fri / 10:34","Tennis Court / Sun / 07:00
Booked Fri / 04:00",NO,3 of 4,3,Tennis Court,Tennis Court,Sun,Sun,07:00,07:00,Nudge Fri / 10:34,Booked Fri / 04:00
R-125-#9829,R-125,"Badminton Court / Fri / 18:00
Badminton Court (Top Pref)","Badminton Court / Sat / 19:00
Nudge Fri / 09:28","Badminton Court / Sat / 20:00
Booked Fri / 04:22",NO,3 of 4,3,Badminton Court,Badminton Court,Sat,Sat,19:00,20:00,Nudge Fri / 09:28,Booked Fri / 04:22
R-149-#9830,R-149,"Clubhouse / Sun / 11:00
Swimming Pool (Top Pref)","Swimming Pool / Sat / 15:00
Nudge Sat / 10:14","Gym / Fri / 10:00
Booked Fri / 05:32",NO,0 of 4,0,Swimming Pool,Gym,Sat,Fri,15:00,10:00,Nudge Sat / 10:14,Booked Fri / 05:32
R-145-#9831,R-145,"Gym / Thu / 06:00
Gym (Top Pref)","Gym / Fri / 06:00
Nudge Thu / 16:23","Gym / Fri / 17:00
Booked Fri / 05:56",NO,2 of 4,2,Gym,Gym,Fri,Fri,06:00,17:00,Nudge Thu / 16:23,Booked Fri / 05:56
R-187-#9832,R-187,"Swimming Pool / Thu / 11:00
Gym (Top Pref)","Swimming Pool / Fri / 19:00
Nudge Fri / 04:29","Swimming Pool / Fri / 19:00
Booked Fri / 06:11",YES,4 of 4,4,Swimming Pool,Swimming Pool,Fri,Fri,19:00,19:00,Nudge Fri / 04:29,Booked Fri / 06:11
R-200-#9833,R-200,"Gym / Tue / 07:00
Gym (Top Pref)","Gym / Wed / 17:00
Nudge Wed / 03:16","Badminton Court / Fri / 19:00
Booked Fri / 06:12",NO,0 of 4,0,Gym,Badminton Court,Wed,Fri,17:00,19:00,Nudge Wed / 03:16,Booked Fri / 06:12
R-151-#9834,R-151,"Swimming Pool / Sun / 16:00
Swimming Pool (Top Pref)","Swimming Pool / Sat / 15:00
Nudge Sat / 09:20","Gym / Fri / 10:00
Booked Fri / 06:27",NO,0 of 4,0,Swimming Pool,Gym,Sat,Fri,15:00,10:00,Nudge Sat / 09:20,Booked Fri / 06:27
R-204-#9835,R-204,"Gym / Wed / 08:00
Tennis Court (Top Pref)","Gym / Fri / 17:00
Nudge Fri / 03:16","Badminton Court / Fri / 19:00
Booked Fri / 07:44",NO,1 of 4,1,Gym,Badminton Court,Fri,Fri,17:00,19:00,Nudge Fri / 03:16,Booked Fri / 07:44
R-186-#9836,R-186,"Tennis Court / Wed / 08:00
Swimming Pool (Top Pref)","Gym / Fri / 17:00
Nudge Fri / 03:16","Swimming Pool / Fri / 19:00
Booked Fri / 07:55",NO,1 of 4,1,Gym,Swimming Pool,Fri,Fri,17:00,19:00,Nudge Fri / 03:16,Booked Fri / 07:55
R-216-#9837,R-216,"Clubhouse / Sun / 16:00
Swimming Pool (Top Pref)","Swimming Pool / Sat / 10:00
Nudge Sat / 03:56","Clubhouse / Fri / 15:00
Booked Fri / 09:05",NO,0 of 4,0,Swimming Pool,Clubhouse,Sat,Fri,10:00,15:00,Nudge Sat / 03:56,Booked Fri / 09:05
R-141-#9838,R-141,"Badminton Court / Fri / 20:00
Badminton Court (Top Pref)","Badminton Court / Sat / 18:00
Nudge Fri / 11:34","Badminton Court / Sat / 19:00
Booked Fri / 09:15",YES,4 of 4,4,Badminton Court,Badminton Court,Sat,Sat,18:00,19:00,Nudge Fri / 11:34,Booked Fri / 09:15
R-116-#9839,R-116,"Gym / Fri / 07:00
Gym (Top Pref)","Gym / Sat / 08:00
Nudge Fri / 15:52","Badminton Court / Sat / 07:00
Booked Fri / 11:20",NO,2 of 4,2,Gym,Badminton Court,Sat,Sat,08:00,07:00,Nudge Fri / 15:52,Booked Fri / 11:20
R-205-#9840,R-205,"Tennis Court / Sun / 15:00
Swimming Pool (Top Pref)","Swimming Pool / Sat / 15:00
Nudge Sat / 09:23","Swimming Pool / Fri / 18:00
Booked Fri / 11:50",NO,1 of 4,1,Swimming Pool,Swimming Pool,Sat,Fri,15:00,18:00,Nudge Sat / 09:23,Booked Fri / 11:50
R-194-#9841,R-194,"Gym / Wed / 07:00
Gym (Top Pref)","Gym / Fri / 17:00
Nudge Fri / 03:00","Gym / Fri / 19:00
Booked Fri / 12:07",NO,2 of 4,2,Gym,Gym,Fri,Fri,17:00,19:00,Nudge Fri / 03:00,Booked Fri / 12:07
R-130-#9842,R-130,"Gym / Thu / 12:00
Tennis Court (Top Pref)","Tennis Court / Sat / 18:00
Nudge Fri / 03:22","Clubhouse / Sun / 08:00
Booked Fri / 13:02",NO,0 of 4,0,Tennis Court,Clubhouse,Sat,Sun,18:00,08:00,Nudge Fri / 03:22,Booked Fri / 13:02
R-121-#9843,R-121,"Clubhouse / Fri / 14:00
Clubhouse (Top Pref)","Clubhouse / Sat / 20:00
Nudge Sat / 01:08","Clubhouse / Sat / 13:00
Booked Fri / 13:48",NO,2 of 4,2,Clubhouse,Clubhouse,Sat,Sat,20:00,13:00,Nudge Sat / 01:08,Booked Fri / 13:48
R-110-#9844,R-110,"Badminton Court / Thu / 17:00
Swimming Pool (Top Pref)","Swimming Pool / Fri / 17:00
Nudge Fri / 03:22","Swimming Pool / Fri / 19:00
Booked Fri / 14:56",NO,2 of 4,2,Swimming Pool,Swimming Pool,Fri,Fri,17:00,19:00,Nudge Fri / 03:22,Booked Fri / 14:56
R-175-#9845,R-175,"Tennis Court / Tue / 08:00
Tennis Court (Top Pref)","Tennis Court / Sat / 18:00
Nudge Fri / 02:08","Gym / Sat / 17:00
Booked Fri / 15:37",NO,2 of 4,2,Tennis Court,Gym,Sat,Sat,18:00,17:00,Nudge Fri / 02:08,Booked Fri / 15:37
R-147-#9846,R-147,"Gym / Fri / 06:00
Gym (Top Pref)","Gym / Sat / 06:00
Nudge Fri / 14:22","Gym / Sat / 06:00
Booked Fri / 15:45",YES,4 of 4,4,Gym,Gym,Sat,Sat,06:00,06:00,Nudge Fri / 14:22,Booked Fri / 15:45
R-135-#9847,R-135,"Swimming Pool / Fri / 07:00
Gym (Top Pref)","Gym / Fri / 06:00
Nudge Thu / 15:51","Gym / Sat / 07:00
Booked Fri / 16:19",NO,2 of 4,2,Gym,Gym,Fri,Sat,06:00,07:00,Nudge Thu / 15:51,Booked Fri / 16:19
R-159-#9848,R-159,"Clubhouse / Sat / 19:00
Clubhouse (Top Pref)","Clubhouse / Fri / 19:00
Nudge Thu / 22:36","Clubhouse / Sat / 14:00
Booked Fri / 17:54",NO,1 of 4,1,Clubhouse,Clubhouse,Fri,Sat,19:00,14:00,Nudge Thu / 22:36,Booked Fri / 17:54
R-108-#9849,R-108,"Gym / Thu / 11:00
Badminton Court (Top Pref)","Swimming Pool / Fri / 19:00
Nudge Fri / 05:01","Gym / Sat / 07:00
Booked Fri / 17:59",NO,0 of 4,0,Swimming Pool,Gym,Fri,Sat,19:00,07:00,Nudge Fri / 05:01,Booked Fri / 17:59
R-155-#9850,R-155,"Badminton Court / Mon / 15:00
Clubhouse (Top Pref)","Clubhouse / Fri / 19:00
Nudge Thu / 21:49","Gym / Sat / 19:00
Booked Fri / 18:46",NO,1 of 4,1,Clubhouse,Gym,Fri,Sat,19:00,19:00,Nudge Thu / 21:49,Booked Fri / 18:46
R-103-#9851,R-103,"Swimming Pool / Fri / 11:00
Swimming Pool (Top Pref)","Swimming Pool / Sat / 07:00
Nudge Fri / 17:24","Swimming Pool / Sat / 08:00
Booked Fri / 19:10",YES,4 of 4,4,Swimming Pool,Swimming Pool,Sat,Sat,07:00,08:00,Nudge Fri / 17:24,Booked Fri / 19:10
R-117-#9852,R-117,"Gym / Fri / 11:00
Gym (Top Pref)","Gym / Fri / 08:00
Nudge Thu / 18:47","Gym / Sat / 07:00
Booked Fri / 19:31",NO,2 of 4,2,Gym,Gym,Fri,Sat,08:00,07:00,Nudge Thu / 18:47,Booked Fri / 19:31
R-118-#9853,R-118,"Clubhouse / Fri / 06:00
Gym (Top Pref)","Gym / Fri / 06:00
Nudge Thu / 16:15","Gym / Sat / 07:00
Booked Fri / 19:36",NO,2 of 4,2,Gym,Gym,Fri,Sat,06:00,07:00,Nudge Thu / 16:15,Booked Fri / 19:36
R-124-#9854,R-124,"Swimming Pool / Sun / 18:00
Clubhouse (Top Pref)","Clubhouse / Fri / 20:00
Nudge Fri / 00:09","Swimming Pool / Sat / 14:00
Booked Fri / 20:51",NO,0 of 4,0,Clubhouse,Swimming Pool,Fri,Sat,20:00,14:00,Nudge Fri / 00:09,Booked Fri / 20:51
R-195-#9855,R-195,"Badminton Court / Fri / 09:00
Badminton Court (Top Pref)","Badminton Court / Mon / 18:00
Nudge Sun / 12:45","Tennis Court / Sat / 18:00
Booked Fri / 22:13",NO,1 of 4,1,Badminton Court,Tennis Court,Mon,Sat,18:00,18:00,Nudge Sun / 12:45,Booked Fri / 22:13
R-177-#9856,R-177,"Tennis Court / Sat / 10:00
Tennis Court (Top Pref)","Tennis Court / Sun / 07:00
Nudge Fri / 10:48","Tennis Court / Sun / 17:00
Booked Fri / 23:11",NO,2 of 4,2,Tennis Court,Tennis Court,Sun,Sun,07:00,17:00,Nudge Fri / 10:48,Booked Fri / 23:11
R-100-#9857,R-100,"Tennis Court / Fri / 11:00
Swimming Pool (Top Pref)","Gym / Sat / 17:00
Nudge Sat / 02:43","Clubhouse / Sat / 08:00
Booked Fri / 23:30",NO,1 of 4,1,Gym,Clubhouse,Sat,Sat,17:00,08:00,Nudge Sat / 02:43,Booked Fri / 23:30
R-131-#9858,R-131,"Badminton Court / Fri / 20:00
Badminton Court (Top Pref)","Badminton Court / Sat / 20:00
Nudge Fri / 16:11","Badminton Court / Sat / 20:00
Booked Sat / 00:07",NO,3 of 4,3,Badminton Court,Badminton Court,Sat,Sat,20:00,20:00,Nudge Fri / 16:11,Booked Sat / 00:07
R-129-#9859,R-129,"Clubhouse / Sat / 18:00
Clubhouse (Top Pref)","Clubhouse / Fri / 19:00
Nudge Thu / 22:34","Clubhouse / Sat / 18:00
Booked Sat / 00:11",NO,2 of 4,2,Clubhouse,Clubhouse,Fri,Sat,19:00,18:00,Nudge Thu / 22:34,Booked Sat / 00:11
R-112-#9860,R-112,"Clubhouse / Fri / 15:00
Clubhouse (Top Pref)","Clubhouse / Sat / 19:00
Nudge Fri / 23:55","Swimming Pool / Sat / 20:00
Booked Sat / 00:15",NO,3 of 4,3,Clubhouse,Swimming Pool,Sat,Sat,19:00,20:00,Nudge Fri / 23:55,Booked Sat / 00:15
R-170-#9861,R-170,"Badminton Court / Fri / 19:00
Badminton Court (Top Pref)","Badminton Court / Sat / 18:00
Nudge Fri / 13:21","Badminton Court / Sun / 09:00
Booked Sat / 00:30",NO,1 of 4,1,Badminton Court,Badminton Court,Sat,Sun,18:00,09:00,Nudge Fri / 13:21,Booked Sat / 00:30
R-120-#9862,R-120,"Tennis Court / Fri / 19:00
Badminton Court (Top Pref)","Badminton Court / Mon / 18:00
Nudge Sun / 12:28","Badminton Court / Sat / 20:00
Booked Sat / 01:14",NO,1 of 4,1,Badminton Court,Badminton Court,Mon,Sat,18:00,20:00,Nudge Sun / 12:28,Booked Sat / 01:14
R-215-#9863,R-215,"Badminton Court / Fri / 11:00
Badminton Court (Top Pref)","Gym / Sat / 17:00
Nudge Sat / 02:54","Swimming Pool / Sat / 08:00
Booked Sat / 01:36",NO,2 of 4,2,Gym,Swimming Pool,Sat,Sat,17:00,08:00,Nudge Sat / 02:54,Booked Sat / 01:36
R-212-#9864,R-212,"Gym / Fri / 08:00
Gym (Top Pref)","Gym / Sat / 06:00
Nudge Fri / 17:59","Gym / Sat / 14:00
Booked Sat / 02:29",NO,2 of 4,2,Gym,Gym,Sat,Sat,06:00,14:00,Nudge Fri / 17:59,Booked Sat / 02:29
R-142-#9865,R-142,"Badminton Court / Fri / 18:00
Badminton Court (Top Pref)","Badminton Court / Sat / 18:00
Nudge Fri / 14:10","Badminton Court / Sun / 18:00
Booked Sat / 02:44",NO,2 of 4,2,Badminton Court,Badminton Court,Sat,Sun,18:00,18:00,Nudge Fri / 14:10,Booked Sat / 02:44
R-111-#9866,R-111,"Gym / Thu / 08:00
Gym (Top Pref)","Gym / Sat / 19:00
Nudge Sat / 05:01","Tennis Court / Sat / 17:00
Booked Sat / 03:02",NO,2 of 4,2,Gym,Tennis Court,Sat,Sat,19:00,17:00,Nudge Sat / 05:01,Booked Sat / 03:02
R-156-#9867,R-156,"Gym / Fri / 08:00
Gym (Top Pref)","Gym / Fri / 06:00
Nudge Thu / 18:25","Tennis Court / Sat / 19:00
Booked Sat / 03:15",NO,0 of 4,0,Gym,Tennis Court,Fri,Sat,06:00,19:00,Nudge Thu / 18:25,Booked Sat / 03:15
R-104-#9868,R-104,"Swimming Pool / Mon / 11:00
Swimming Pool (Top Pref)","Swimming Pool / Sat / 16:00
Nudge Sat / 10:33","Badminton Court / Sat / 10:00
Booked Sat / 03:36",NO,1 of 4,1,Swimming Pool,Badminton Court,Sat,Sat,16:00,10:00,Nudge Sat / 10:33,Booked Sat / 03:36
R-151-#9869,R-151,"Gym / Fri / 10:00
Swimming Pool (Top Pref)","Swimming Pool / Sat / 10:00
Nudge Sat / 04:11","Swimming Pool / Sat / 10:00
Booked Sat / 03:46",YES,4 of 4,4,Swimming Pool,Swimming Pool,Sat,Sat,10:00,10:00,Nudge Sat / 04:11,Booked Sat / 03:46
R-175-#9870,R-175,"Gym / Sat / 17:00
Tennis Court (Top Pref)","Tennis Court / Sun / 18:00
Nudge Fri / 23:09","Tennis Court / Sun / 13:00
Booked Sat / 03:55",NO,2 of 4,2,Tennis Court,Tennis Court,Sun,Sun,18:00,13:00,Nudge Fri / 23:09,Booked Sat / 03:55
R-201-#9871,R-201,"Swimming Pool / Mon / 17:00
Gym (Top Pref)","Swimming Pool / Wed / 19:00
Nudge Wed / 05:36","Badminton Court / Sat / 12:00
Booked Sat / 04:08",NO,0 of 4,0,Swimming Pool,Badminton Court,Wed,Sat,19:00,12:00,Nudge Wed / 05:36,Booked Sat / 04:08
R-199-#9872,R-199,"Swimming Pool / Fri / 10:00
Swimming Pool (Top Pref)","Swimming Pool / Sat / 15:00
Nudge Sat / 09:31","Swimming Pool / Sat / 10:00
Booked Sat / 04:09",NO,2 of 4,2,Swimming Pool,Swimming Pool,Sat,Sat,15:00,10:00,Nudge Sat / 09:31,Booked Sat / 04:09
R-114-#9873,R-114,"Clubhouse / Fri / 18:00
Clubhouse (Top Pref)","Clubhouse / Sat / 15:00
Nudge Fri / 19:57","Badminton Court / Sat / 20:00
Booked Sat / 04:16",NO,1 of 4,1,Clubhouse,Badminton Court,Sat,Sat,15:00,20:00,Nudge Fri / 19:57,Booked Sat / 04:16
R-160-#9874,R-160,"Swimming Pool / Mon / 15:00
Swimming Pool (Top Pref)","Swimming Pool / Sat / 16:00
Nudge Sat / 10:43","Swimming Pool / Sat / 12:00
Booked Sat / 05:29",NO,2 of 4,2,Swimming Pool,Swimming Pool,Sat,Sat,16:00,12:00,Nudge Sat / 10:43,Booked Sat / 05:29
R-176-#9875,R-176,"Clubhouse / Thu / 16:00
Swimming Pool (Top Pref)","Swimming Pool / Sat / 16:00
Nudge Sat / 10:06","Swimming Pool / Sat / 11:00
Booked Sat / 06:07",NO,2 of 4,2,Swimming Pool,Swimming Pool,Sat,Sat,16:00,11:00,Nudge Sat / 10:06,Booked Sat / 06:07
R-110-#9876,R-110,"Swimming Pool / Fri / 19:00
Swimming Pool (Top Pref)","Swimming Pool / Sun / 17:00
Nudge Sun / 04:26","Clubhouse / Sat / 19:00
Booked Sat / 06:17",NO,0 of 4,0,Swimming Pool,Clubhouse,Sun,Sat,17:00,19:00,Nudge Sun / 04:26,Booked Sat / 06:17
R-185-#9877,R-185,"Gym / Sun / 17:00
Swimming Pool (Top Pref)","Swimming Pool / Sat / 16:00
Nudge Sat / 10:34","Tennis Court / Sat / 13:00
Booked Sat / 06:44",NO,1 of 4,1,Swimming Pool,Tennis Court,Sat,Sat,16:00,13:00,Nudge Sat / 10:34,Booked Sat / 06:44
R-149-#9878,R-149,"Gym / Fri / 10:00
Swimming Pool (Top Pref)","Swimming Pool / Sat / 15:00
Nudge Sat / 09:44","Swimming Pool / Sat / 15:00
Booked Sat / 08:25",YES,4 of 4,4,Swimming Pool,Swimming Pool,Sat,Sat,15:00,15:00,Nudge Sat / 09:44,Booked Sat / 08:25
R-211-#9879,R-211,"Swimming Pool / Sat / 16:00
Swimming Pool (Top Pref)","Swimming Pool / Sat / 16:00
Nudge Sat / 09:55","Swimming Pool / Sat / 17:00
Booked Sat / 08:36",YES,4 of 4,4,Swimming Pool,Swimming Pool,Sat,Sat,16:00,17:00,Nudge Sat / 09:55,Booked Sat / 08:36
R-171-#9880,R-171,"Tennis Court / Wed / 10:00
Swimming Pool (Top Pref)","Swimming Pool / Sat / 16:00
Nudge Sat / 11:05","Clubhouse / Sat / 16:00
Booked Sat / 08:39",NO,3 of 4,3,Swimming Pool,Clubhouse,Sat,Sat,16:00,16:00,Nudge Sat / 11:05,Booked Sat / 08:39
R-200-#9881,R-200,"Badminton Court / Fri / 19:00
Gym (Top Pref)","Gym / Sun / 19:00
Nudge Sun / 04:58","Badminton Court / Sat / 19:00
Booked Sat / 08:45",NO,1 of 4,1,Gym,Badminton Court,Sun,Sat,19:00,19:00,Nudge Sun / 04:58,Booked Sat / 08:45
R-163-#9882,R-163,"Swimming Pool / Mon / 16:00
Swimming Pool (Top Pref)","Swimming Pool / Sat / 16:00
Nudge Sat / 10:44","Clubhouse / Sat / 17:00
Booked Sat / 09:30",NO,3 of 4,3,Swimming Pool,Clubhouse,Sat,Sat,16:00,17:00,Nudge Sat / 10:44,Booked Sat / 09:30
R-205-#9883,R-205,"Swimming Pool / Fri / 18:00
Swimming Pool (Top Pref)","Swimming Pool / Sat / 10:00
Nudge Sat / 04:27","Swimming Pool / Sat / 16:00
Booked Sat / 09:49",NO,2 of 4,2,Swimming Pool,Swimming Pool,Sat,Sat,10:00,16:00,Nudge Sat / 04:27,Booked Sat / 09:49
R-143-#9884,R-143,"Tennis Court / Sun / 16:00
Swimming Pool (Top Pref)","Swimming Pool / Sat / 16:00
Nudge Sat / 10:45","Tennis Court / Sat / 17:00
Booked Sat / 10:08",NO,3 of 4,3,Swimming Pool,Tennis Court,Sat,Sat,16:00,17:00,Nudge Sat / 10:45,Booked Sat / 10:08
R-209-#9885,R-209,"Clubhouse / Sun / 17:00
Swimming Pool (Top Pref)","Swimming Pool / Sat / 16:00
Nudge Sat / 10:51","Clubhouse / Sat / 16:00
Booked Sat / 10:20",NO,3 of 4,3,Swimming Pool,Clubhouse,Sat,Sat,16:00,16:00,Nudge Sat / 10:51,Booked Sat / 10:20
R-216-#9886,R-216,"Clubhouse / Fri / 15:00
Swimming Pool (Top Pref)","Swimming Pool / Sat / 10:00
Nudge Sat / 04:05","Swimming Pool / Sat / 15:00
Booked Sat / 10:30",NO,2 of 4,2,Swimming Pool,Swimming Pool,Sat,Sat,10:00,15:00,Nudge Sat / 04:05,Booked Sat / 10:30
R-148-#9887,R-148,"Swimming Pool / Thu / 11:00
Swimming Pool (Top Pref)","Swimming Pool / Sat / 17:00
Nudge Sat / 11:36","Clubhouse / Sat / 16:00
Booked Sat / 10:31",NO,3 of 4,3,Swimming Pool,Clubhouse,Sat,Sat,17:00,16:00,Nudge Sat / 11:36,Booked Sat / 10:31
R-140-#9888,R-140,"Swimming Pool / Wed / 09:00
Swimming Pool (Top Pref)","Swimming Pool / Sat / 16:00
Nudge Sat / 10:43","Gym / Sat / 16:00
Booked Sat / 10:48",NO,3 of 4,3,Swimming Pool,Gym,Sat,Sat,16:00,16:00,Nudge Sat / 10:43,Booked Sat / 10:48
R-129-#9889,R-129,"Clubhouse / Sat / 18:00
Clubhouse (Top Pref)","Clubhouse / Sun / 19:00
Nudge Sat / 18:10","Clubhouse / Sun / 14:00
Booked Sat / 10:51",NO,2 of 4,2,Clubhouse,Clubhouse,Sun,Sun,19:00,14:00,Nudge Sat / 18:10,Booked Sat / 10:51
R-141-#9890,R-141,"Badminton Court / Sat / 19:00
Badminton Court (Top Pref)","Badminton Court / Mon / 18:00
Nudge Sun / 13:18","Badminton Court / Sun / 20:00
Booked Sat / 11:46",NO,1 of 4,1,Badminton Court,Badminton Court,Mon,Sun,18:00,20:00,Nudge Sun / 13:18,Booked Sat / 11:46
R-121-#9891,R-121,"Clubhouse / Sat / 13:00
Clubhouse (Top Pref)","Clubhouse / Sun / 15:00
Nudge Sat / 18:50","Tennis Court / Sun / 15:00
Booked Sat / 12:07",NO,2 of 4,2,Clubhouse,Tennis Court,Sun,Sun,15:00,15:00,Nudge Sat / 18:50,Booked Sat / 12:07
R-110-#9892,R-110,"Clubhouse / Sat / 19:00
Swimming Pool (Top Pref)","Gym / Sun / 07:00
Nudge Sat / 15:04","Badminton Court / Sun / 07:00
Booked Sat / 12:57",NO,3 of 4,3,Gym,Badminton Court,Sun,Sun,07:00,07:00,Nudge Sat / 15:04,Booked Sat / 12:57
R-114-#9893,R-114,"Badminton Court / Sat / 20:00
Clubhouse (Top Pref)","Clubhouse / Sun / 15:00
Nudge Sat / 14:19","Gym / Sun / 18:00
Booked Sat / 13:40",NO,2 of 4,2,Clubhouse,Gym,Sun,Sun,15:00,18:00,Nudge Sat / 14:19,Booked Sat / 13:40
R-124-#9894,R-124,"Swimming Pool / Sat / 14:00
Clubhouse (Top Pref)","Clubhouse / Sun / 20:00
Nudge Sat / 22:18","Clubhouse / Sun / 14:00
Booked Sat / 13:51",NO,2 of 4,2,Clubhouse,Clubhouse,Sun,Sun,20:00,14:00,Nudge Sat / 22:18,Booked Sat / 13:51
R-206-#9895,R-206,"Gym / Fri / 08:00
Gym (Top Pref)","Gym / Mon / 07:00
Nudge Sun / 16:19","Gym / Sun / 06:00
Booked Sat / 14:49",NO,2 of 4,2,Gym,Gym,Mon,Sun,07:00,06:00,Nudge Sun / 16:19,Booked Sat / 14:49
R-113-#9896,R-113,"Gym / Fri / 06:00
Gym (Top Pref)","Gym / Mon / 06:00
Nudge Sun / 17:07","Gym / Sun / 07:00
Booked Sat / 15:21",NO,2 of 4,2,Gym,Gym,Mon,Sun,06:00,07:00,Nudge Sun / 17:07,Booked Sat / 15:21
R-123-#9897,R-123,"Gym / Fri / 06:00
Gym (Top Pref)","Gym / Mon / 07:00
Nudge Sun / 17:10","Gym / Sun / 06:00
Booked Sat / 15:41",NO,2 of 4,2,Gym,Gym,Mon,Sun,07:00,06:00,Nudge Sun / 17:10,Booked Sat / 15:41
R-146-#9898,R-146,"Badminton Court / Sat / 08:00
Tennis Court (Top Pref)","Tennis Court / Tue / 07:00
Nudge Sun / 16:09","Clubhouse / Sun / 18:00
Booked Sat / 16:57",NO,0 of 4,0,Tennis Court,Clubhouse,Tue,Sun,07:00,18:00,Nudge Sun / 16:09,Booked Sat / 16:57
R-184-#9899,R-184,"Clubhouse / Tue / 07:00
Gym (Top Pref)","Swimming Pool / Sat / 19:00
Nudge Sat / 05:14","Badminton Court / Sun / 10:00
Booked Sat / 16:59",NO,0 of 4,0,Swimming Pool,Badminton Court,Sat,Sun,19:00,10:00,Nudge Sat / 05:14,Booked Sat / 16:59
R-135-#9900,R-135,"Gym / Sat / 07:00
Gym (Top Pref)","Gym / Mon / 07:00
Nudge Sun / 16:39","Tennis Court / Sun / 07:00
Booked Sat / 17:05",NO,1 of 4,1,Gym,Tennis Court,Mon,Sun,07:00,07:00,Nudge Sun / 16:39,Booked Sat / 17:05
R-144-#9901,R-144,"Badminton Court / Fri / 08:00
Gym (Top Pref)","Gym / Mon / 08:00
Nudge Sun / 20:05","Gym / Sun / 06:00
Booked Sat / 17:08",NO,1 of 4,1,Gym,Gym,Mon,Sun,08:00,06:00,Nudge Sun / 20:05,Booked Sat / 17:08
R-200-#9902,R-200,"Badminton Court / Sat / 19:00
Gym (Top Pref)","Gym / Sun / 07:00
Nudge Sat / 18:12","Tennis Court / Sun / 07:00
Booked Sat / 19:38",NO,3 of 4,3,Gym,Tennis Court,Sun,Sun,07:00,07:00,Nudge Sat / 18:12,Booked Sat / 19:38
R-172-#9903,R-172,"Gym / Thu / 06:00
Gym (Top Pref)","Gym / Mon / 06:00
Nudge Sun / 16:09","Gym / Sun / 06:00
Booked Sat / 20:00",NO,2 of 4,2,Gym,Gym,Mon,Sun,06:00,06:00,Nudge Sun / 16:09,Booked Sat / 20:00
R-183-#9904,R-183,"Badminton Court / Fri / 20:00
Badminton Court (Top Pref)","Badminton Court / Mon / 18:00
Nudge Sun / 13:02","Badminton Court / Mon / 18:00
Booked Sat / 20:38",NO,3 of 4,3,Badminton Court,Badminton Court,Mon,Mon,18:00,18:00,Nudge Sun / 13:02,Booked Sat / 20:38
R-125-#9905,R-125,"Badminton Court / Sat / 20:00
Badminton Court (Top Pref)","Badminton Court / Mon / 18:00
Nudge Sun / 14:55","Badminton Court / Sun / 18:00
Booked Sat / 20:48",NO,2 of 4,2,Badminton Court,Badminton Court,Mon,Sun,18:00,18:00,Nudge Sun / 14:55,Booked Sat / 20:48
R-178-#9906,R-178,"Swimming Pool / Tue / 07:00
Gym (Top Pref)","Gym / Fri / 17:00
Nudge Fri / 03:23","Badminton Court / Sun / 11:00
Booked Sat / 20:50",NO,0 of 4,0,Gym,Badminton Court,Fri,Sun,17:00,11:00,Nudge Fri / 03:23,Booked Sat / 20:50
R-100-#9907,R-100,"Clubhouse / Sat / 08:00
Swimming Pool (Top Pref)","Gym / Sun / 07:00
Nudge Sat / 17:45","Tennis Court / Sun / 11:00
Booked Sat / 20:55",NO,1 of 4,1,Gym,Tennis Court,Sun,Sun,07:00,11:00,Nudge Sat / 17:45,Booked Sat / 20:55
R-153-#9908,R-153,"Gym / Thu / 18:00
Swimming Pool (Top Pref)","Swimming Pool / Sat / 17:00
Nudge Sat / 04:57","Badminton Court / Sun / 07:00
Booked Sat / 20:57",NO,0 of 4,0,Swimming Pool,Badminton Court,Sat,Sun,17:00,07:00,Nudge Sat / 04:57,Booked Sat / 20:57
R-201-#9909,R-201,"Badminton Court / Sat / 12:00
Gym (Top Pref)","Swimming Pool / Sun / 07:00
Nudge Sat / 17:09","Gym / Sun / 07:00
Booked Sat / 21:22",NO,2 of 4,2,Swimming Pool,Gym,Sun,Sun,07:00,07:00,Nudge Sat / 17:09,Booked Sat / 21:22
R-162-#9910,R-162,"Badminton Court / Mon / 18:00
Clubhouse (Top Pref)","Clubhouse / Fri / 19:00
Nudge Thu / 22:25","Clubhouse / Sun / 15:00
Booked Sat / 21:58",NO,1 of 4,1,Clubhouse,Clubhouse,Fri,Sun,19:00,15:00,Nudge Thu / 22:25,Booked Sat / 21:58
R-168-#9911,R-168,"Gym / Fri / 07:00
Gym (Top Pref)","Gym / Sun / 07:00
Nudge Sat / 16:59","Gym / Sun / 06:00
Booked Sat / 22:07",NO,3 of 4,3,Gym,Gym,Sun,Sun,07:00,06:00,Nudge Sat / 16:59,Booked Sat / 22:07
R-147-#9912,R-147,"Gym / Sat / 06:00
Gym (Top Pref)","Gym / Mon / 08:00
Nudge Sun / 20:01","Tennis Court / Sun / 08:00
Booked Sat / 22:45",NO,1 of 4,1,Gym,Tennis Court,Mon,Sun,08:00,08:00,Nudge Sun / 20:01,Booked Sat / 22:45
R-164-#9913,R-164,"Badminton Court / Fri / 21:00
Clubhouse (Top Pref)","Clubhouse / Sun / 20:00
Nudge Sun / 00:21","Swimming Pool / Sun / 14:00
Booked Sat / 23:03",NO,2 of 4,2,Clubhouse,Swimming Pool,Sun,Sun,20:00,14:00,Nudge Sun / 00:21,Booked Sat / 23:03
R-108-#9914,R-108,"Gym / Sat / 07:00
Badminton Court (Top Pref)","Gym / Sun / 19:00
Nudge Sun / 04:52","Badminton Court / Sun / 11:00
Booked Sat / 23:35",NO,1 of 4,1,Gym,Badminton Court,Sun,Sun,19:00,11:00,Nudge Sun / 04:52,Booked Sat / 23:35
R-193-#9915,R-193,"Clubhouse / Sun / 14:00
Clubhouse (Top Pref)","Clubhouse / Fri / 20:00
Nudge Thu / 23:25","Clubhouse / Sun / 19:00
Booked Sun / 00:38",NO,2 of 4,2,Clubhouse,Clubhouse,Fri,Sun,20:00,19:00,Nudge Thu / 23:25,Booked Sun / 00:38
R-149-#9916,R-149,"Swimming Pool / Sat / 15:00
Swimming Pool (Top Pref)","Swimming Pool / Sun / 10:00
Nudge Sun / 04:22","Clubhouse / Sun / 10:00
Booked Sun / 01:11",NO,2 of 4,2,Swimming Pool,Clubhouse,Sun,Sun,10:00,10:00,Nudge Sun / 04:22,Booked Sun / 01:11
R-163-#9917,R-163,"Clubhouse / Sat / 17:00
Swimming Pool (Top Pref)","Swimming Pool / Sun / 10:00
Nudge Sun / 04:07","Clubhouse / Sun / 06:00
Booked Sun / 02:02",NO,2 of 4,2,Swimming Pool,Clubhouse,Sun,Sun,10:00,06:00,Nudge Sun / 04:07,Booked Sun / 02:02
R-148-#9918,R-148,"Clubhouse / Sat / 16:00
Swimming Pool (Top Pref)","Swimming Pool / Sun / 10:00
Nudge Sun / 03:37","Swimming Pool / Sun / 08:00
Booked Sun / 02:08",NO,3 of 4,3,Swimming Pool,Swimming Pool,Sun,Sun,10:00,08:00,Nudge Sun / 03:37,Booked Sun / 02:08
R-199-#9919,R-199,"Swimming Pool / Sat / 10:00
Swimming Pool (Top Pref)","Swimming Pool / Sun / 17:00
Nudge Sun / 11:29","Tennis Court / Sun / 10:00
Booked Sun / 03:54",NO,1 of 4,1,Swimming Pool,Tennis Court,Sun,Sun,17:00,10:00,Nudge Sun / 11:29,Booked Sun / 03:54
R-134-#9920,R-134,"Clubhouse / Wed / 17:00
Swimming Pool (Top Pref)","Swimming Pool / Sat / 16:00
Nudge Sat / 10:55","Clubhouse / Sun / 11:00
Booked Sun / 04:12",NO,0 of 4,0,Swimming Pool,Clubhouse,Sat,Sun,16:00,11:00,Nudge Sat / 10:55,Booked Sun / 04:12
R-119-#9921,R-119,"Tennis Court / Fri / 20:00
Badminton Court (Top Pref)","Badminton Court / Mon / 18:00
Nudge Sun / 13:05","Badminton Court / Mon / 20:00
Booked Sun / 04:25",NO,2 of 4,2,Badminton Court,Badminton Court,Mon,Mon,18:00,20:00,Nudge Sun / 13:05,Booked Sun / 04:25
R-128-#9922,R-128,"Tennis Court / Thu / 08:00
Gym (Top Pref)","Swimming Pool / Sun / 17:00
Nudge Sun / 02:36","Gym / Sun / 19:00
Booked Sun / 04:27",NO,2 of 4,2,Swimming Pool,Gym,Sun,Sun,17:00,19:00,Nudge Sun / 02:36,Booked Sun / 04:27
R-171-#9923,R-171,"Clubhouse / Sat / 16:00
Swimming Pool (Top Pref)","Swimming Pool / Sun / 10:00
Nudge Sun / 04:38","Swimming Pool / Sun / 10:00
Booked Sun / 04:57",YES,4 of 4,4,Swimming Pool,Swimming Pool,Sun,Sun,10:00,10:00,Nudge Sun / 04:38,Booked Sun / 04:57
R-151-#9924,R-151,"Swimming Pool / Sat / 10:00
Swimming Pool (Top Pref)","Swimming Pool / Sun / 11:00
Nudge Sun / 05:30","Gym / Sun / 09:00
Booked Sun / 05:41",NO,2 of 4,2,Swimming Pool,Gym,Sun,Sun,11:00,09:00,Nudge Sun / 05:30,Booked Sun / 05:41
R-150-#9925,R-150,"Clubhouse / Tue / 14:00
Clubhouse (Top Pref)","Clubhouse / Fri / 15:00
Nudge Thu / 19:24","Clubhouse / Sun / 18:00
Booked Sun / 06:34",NO,1 of 4,1,Clubhouse,Clubhouse,Fri,Sun,15:00,18:00,Nudge Thu / 19:24,Booked Sun / 06:34
R-111-#9926,R-111,"Tennis Court / Sat / 17:00
Gym (Top Pref)","Swimming Pool / Sun / 19:00
Nudge Sun / 04:45","Clubhouse / Sun / 17:00
Booked Sun / 06:40",NO,2 of 4,2,Swimming Pool,Clubhouse,Sun,Sun,19:00,17:00,Nudge Sun / 04:45,Booked Sun / 06:40
R-142-#9927,R-142,"Badminton Court / Sun / 18:00
Badminton Court (Top Pref)","Badminton Court / Mon / 18:00
Nudge Sun / 14:25","Gym / Mon / 19:00
Booked Sun / 07:10",NO,2 of 4,2,Badminton Court,Gym,Mon,Mon,18:00,19:00,Nudge Sun / 14:25,Booked Sun / 07:10
R-181-#9928,R-181,"Swimming Pool / Tue / 10:00
Swimming Pool (Top Pref)","Swimming Pool / Sat / 17:00
Nudge Sat / 11:31","Swimming Pool / Sun / 15:00
Booked Sun / 07:25",NO,1 of 4,1,Swimming Pool,Swimming Pool,Sat,Sun,17:00,15:00,Nudge Sat / 11:31,Booked Sun / 07:25
R-104-#9929,R-104,"Badminton Court / Sat / 10:00
Swimming Pool (Top Pref)","Swimming Pool / Sun / 16:00
Nudge Sun / 10:39","Swimming Pool / Sun / 15:00
Booked Sun / 07:34",NO,3 of 4,3,Swimming Pool,Swimming Pool,Sun,Sun,16:00,15:00,Nudge Sun / 10:39,Booked Sun / 07:34
R-182-#9930,R-182,"Tennis Court / Sun / 17:00
Swimming Pool (Top Pref)","Swimming Pool / Sat / 15:00
Nudge Sat / 09:35","Clubhouse / Sun / 16:00
Booked Sun / 07:37",NO,1 of 4,1,Swimming Pool,Clubhouse,Sat,Sun,15:00,16:00,Nudge Sat / 09:35,Booked Sun / 07:37
R-139-#9931,R-139,"Gym / Thu / 17:00
Swimming Pool (Top Pref)","Swimming Pool / Sat / 11:00
Nudge Sat / 05:22","Swimming Pool / Sun / 16:00
Booked Sun / 08:06",NO,1 of 4,1,Swimming Pool,Swimming Pool,Sat,Sun,11:00,16:00,Nudge Sat / 05:22,Booked Sun / 08:06
R-215-#9932,R-215,"Swimming Pool / Sat / 08:00
Badminton Court (Top Pref)","Gym / Sun / 17:00
Nudge Sun / 02:52","Clubhouse / Sun / 19:00
Booked Sun / 08:24",NO,1 of 4,1,Gym,Clubhouse,Sun,Sun,17:00,19:00,Nudge Sun / 02:52,Booked Sun / 08:24
R-127-#9933,R-127,"Gym / Fri / 11:00
Swimming Pool (Top Pref)","Swimming Pool / Sat / 17:00
Nudge Sat / 03:09","Swimming Pool / Sun / 19:00
Booked Sun / 09:37",NO,1 of 4,1,Swimming Pool,Swimming Pool,Sat,Sun,17:00,19:00,Nudge Sat / 03:09,Booked Sun / 09:37
R-216-#9934,R-216,"Swimming Pool / Sat / 15:00
Swimming Pool (Top Pref)","Swimming Pool / Sun / 10:00
Nudge Sun / 04:01","Clubhouse / Sun / 17:00
Booked Sun / 10:00",NO,1 of 4,1,Swimming Pool,Clubhouse,Sun,Sun,10:00,17:00,Nudge Sun / 04:01,Booked Sun / 10:00
R-143-#9935,R-143,"Tennis Court / Sat / 17:00
Swimming Pool (Top Pref)","Swimming Pool / Sun / 15:00
Nudge Sun / 09:42","Swimming Pool / Sun / 15:00
Booked Sun / 10:01",YES,4 of 4,4,Swimming Pool,Swimming Pool,Sun,Sun,15:00,15:00,Nudge Sun / 09:42,Booked Sun / 10:01
R-211-#9936,R-211,"Swimming Pool / Sat / 17:00
Swimming Pool (Top Pref)","Swimming Pool / Sun / 16:00
Nudge Sun / 10:11","Clubhouse / Sun / 15:00
Booked Sun / 10:08",NO,3 of 4,3,Swimming Pool,Clubhouse,Sun,Sun,16:00,15:00,Nudge Sun / 10:11,Booked Sun / 10:08
R-210-#9937,R-210,"Tennis Court / Sun / 08:00
Tennis Court (Top Pref)","Tennis Court / Tue / 08:00
Nudge Sun / 14:14","Tennis Court / Mon / 17:00
Booked Sun / 10:09",NO,1 of 4,1,Tennis Court,Tennis Court,Tue,Mon,08:00,17:00,Nudge Sun / 14:14,Booked Sun / 10:09
R-179-#9938,R-179,"Gym / Thu / 19:00
Swimming Pool (Top Pref)","Swimming Pool / Sat / 17:00
Nudge Sat / 11:32","Swimming Pool / Sun / 15:00
Booked Sun / 10:17",NO,1 of 4,1,Swimming Pool,Swimming Pool,Sat,Sun,17:00,15:00,Nudge Sat / 11:32,Booked Sun / 10:17
R-170-#9939,R-170,"Badminton Court / Sun / 09:00
Badminton Court (Top Pref)","Badminton Court / Mon / 18:00
Nudge Sun / 13:20","Gym / Mon / 20:00
Booked Sun / 10:24",NO,1 of 4,1,Badminton Court,Gym,Mon,Mon,18:00,20:00,Nudge Sun / 13:20,Booked Sun / 10:24
R-123-#9940,R-123,"Gym / Sun / 06:00
Gym (Top Pref)","Gym / Mon / 06:00
Nudge Sun / 13:53","Gym / Mon / 06:00
Booked Sun / 10:26",NO,3 of 4,3,Gym,Gym,Mon,Mon,06:00,06:00,Nudge Sun / 13:53,Booked Sun / 10:26
R-217-#9941,R-217,"Badminton Court / Fri / 18:00
Badminton Court (Top Pref)","Badminton Court / Mon / 18:00
Nudge Sun / 12:48","Badminton Court / Mon / 18:00
Booked Sun / 10:57",YES,4 of 4,4,Badminton Court,Badminton Court,Mon,Mon,18:00,18:00,Nudge Sun / 12:48,Booked Sun / 10:57
R-180-#9942,R-180,"Badminton Court / Wed / 20:00
Badminton Court (Top Pref)","Badminton Court / Mon / 20:00
Nudge Sun / 17:57","Badminton Court / Mon / 20:00
Booked Sun / 11:12",NO,3 of 4,3,Badminton Court,Badminton Court,Mon,Mon,20:00,20:00,Nudge Sun / 17:57,Booked Sun / 11:12
R-204-#9943,R-204,"Badminton Court / Fri / 19:00
Tennis Court (Top Pref)","Gym / Mon / 17:00
Nudge Mon / 02:59","Badminton Court / Sun / 20:00
Booked Sun / 11:20",NO,0 of 4,0,Gym,Badminton Court,Mon,Sun,17:00,20:00,Nudge Mon / 02:59,Booked Sun / 11:20
R-213-#9944,R-213,"Badminton Court / Fri / 18:00
Badminton Court (Top Pref)","Badminton Court / Mon / 18:00
Nudge Sun / 13:11","Badminton Court / Mon / 19:00
Booked Sun / 11:47",YES,4 of 4,4,Badminton Court,Badminton Court,Mon,Mon,18:00,19:00,Nudge Sun / 13:11,Booked Sun / 11:47
R-160-#9945,R-160,"Swimming Pool / Sat / 12:00
Swimming Pool (Top Pref)","Swimming Pool / Sun / 17:00
Nudge Sun / 11:47","Clubhouse / Sun / 17:00
Booked Sun / 12:01",NO,3 of 4,3,Swimming Pool,Clubhouse,Sun,Sun,17:00,17:00,Nudge Sun / 11:47,Booked Sun / 12:01
R-117-#9946,R-117,"Gym / Sat / 07:00
Gym (Top Pref)","Gym / Mon / 07:00
Nudge Sun / 16:12","Gym / Mon / 08:00
Booked Sun / 13:28",NO,3 of 4,3,Gym,Gym,Mon,Mon,07:00,08:00,Nudge Sun / 16:12,Booked Sun / 13:28
R-118-#9947,R-118,"Gym / Sat / 07:00
Gym (Top Pref)","Gym / Mon / 06:00
Nudge Sun / 15:13","Swimming Pool / Mon / 06:00
Booked Sun / 14:52",NO,3 of 4,3,Gym,Swimming Pool,Mon,Mon,06:00,06:00,Nudge Sun / 15:13,Booked Sun / 14:52
R-105-#9948,R-105,"Badminton Court / Thu / 18:00
Badminton Court (Top Pref)","Badminton Court / Mon / 19:00
Nudge Sun / 16:55","Badminton Court / Mon / 20:00
Booked Sun / 15:52",YES,4 of 4,4,Badminton Court,Badminton Court,Mon,Mon,19:00,20:00,Nudge Sun / 16:55,Booked Sun / 15:52
R-203-#9949,R-203,"Tennis Court / Fri / 19:00
Badminton Court (Top Pref)","Badminton Court / Mon / 18:00
Nudge Sun / 16:00","Badminton Court / Mon / 12:00
Booked Sun / 15:56",NO,3 of 4,3,Badminton Court,Badminton Court,Mon,Mon,18:00,12:00,Nudge Sun / 16:00,Booked Sun / 15:56
R-174-#9950,R-174,"Gym / Fri / 06:00
Gym (Top Pref)","Gym / Mon / 06:00
Nudge Sun / 17:23","Gym / Mon / 06:00
Booked Sun / 16:05",YES,4 of 4,4,Gym,Gym,Mon,Mon,06:00,06:00,Nudge Sun / 17:23,Booked Sun / 16:05
R-208-#9951,R-208,"Badminton Court / Fri / 08:00
Gym (Top Pref)","Gym / Mon / 07:00
Nudge Sun / 16:23","Gym / Mon / 07:00
Booked Sun / 16:09",YES,4 of 4,4,Gym,Gym,Mon,Mon,07:00,07:00,Nudge Sun / 16:23,Booked Sun / 16:09
R-113-#9952,R-113,"Gym / Sun / 07:00
Gym (Top Pref)","Gym / Fri / 06:00
Nudge Thu / 15:22","Gym / Mon / 07:00
Booked Sun / 16:20",NO,2 of 4,2,Gym,Gym,Fri,Mon,06:00,07:00,Nudge Thu / 15:22,Booked Sun / 16:20
R-191-#9953,R-191,"Badminton Court / Fri / 10:00
Swimming Pool (Top Pref)","Swimming Pool / Mon / 17:00
Nudge Mon / 03:07","Clubhouse / Mon / 07:00
Booked Sun / 16:27",NO,1 of 4,1,Swimming Pool,Clubhouse,Mon,Mon,17:00,07:00,Nudge Mon / 03:07,Booked Sun / 16:27
R-101-#9954,R-101,"Gym / Fri / 06:00
Gym (Top Pref)","Gym / Mon / 06:00
Nudge Sun / 16:26","Badminton Court / Mon / 06:00
Booked Sun / 16:42",NO,3 of 4,3,Gym,Badminton Court,Mon,Mon,06:00,06:00,Nudge Sun / 16:26,Booked Sun / 16:42
R-144-#9955,R-144,"Gym / Sun / 06:00
Gym (Top Pref)","Gym / Mon / 06:00
Nudge Sun / 15:40","Badminton Court / Mon / 07:00
Booked Sun / 17:34",NO,3 of 4,3,Gym,Badminton Court,Mon,Mon,06:00,07:00,Nudge Sun / 15:40,Booked Sun / 17:34
R-145-#9956,R-145,"Gym / Fri / 17:00
Gym (Top Pref)","Gym / Mon / 07:00
Nudge Sun / 17:42","Tennis Court / Mon / 08:00
Booked Sun / 17:37",NO,3 of 4,3,Gym,Tennis Court,Mon,Mon,07:00,08:00,Nudge Sun / 17:42,Booked Sun / 17:37
R-135-#9957,R-135,"Tennis Court / Sun / 07:00
Gym (Top Pref)","Gym / Mon / 08:00
Nudge Sun / 17:43","Gym / Mon / 06:00
Booked Sun / 17:47",NO,3 of 4,3,Gym,Gym,Mon,Mon,08:00,06:00,Nudge Sun / 17:43,Booked Sun / 17:47
R-116-#9958,R-116,"Badminton Court / Sat / 07:00
Gym (Top Pref)","Gym / Mon / 08:00
Nudge Sun / 19:48","Gym / Mon / 07:00
Booked Sun / 18:21",YES,4 of 4,4,Gym,Gym,Mon,Mon,08:00,07:00,Nudge Sun / 19:48,Booked Sun / 18:21
R-102-#9959,R-102,"Gym / Fri / 08:00
Gym (Top Pref)","Gym / Mon / 06:00
Nudge Sun / 16:14","Gym / Mon / 08:00
Booked Sun / 18:27",NO,3 of 4,3,Gym,Gym,Mon,Mon,06:00,08:00,Nudge Sun / 16:14,Booked Sun / 18:27
R-206-#9960,R-206,"Gym / Sun / 06:00
Gym (Top Pref)","Gym / Mon / 07:00
Nudge Sun / 18:23","Gym / Mon / 08:00
Booked Sun / 18:30",YES,4 of 4,4,Gym,Gym,Mon,Mon,07:00,08:00,Nudge Sun / 18:23,Booked Sun / 18:30
R-212-#9961,R-212,"Gym / Sat / 14:00
Gym (Top Pref)","Gym / Mon / 08:00
Nudge Sun / 18:22","Tennis Court / Mon / 06:00
Booked Sun / 18:39",NO,2 of 4,2,Gym,Tennis Court,Mon,Mon,08:00,06:00,Nudge Sun / 18:22,Booked Sun / 18:39
R-186-#9962,R-186,"Swimming Pool / Fri / 19:00
Swimming Pool (Top Pref)","Gym / Mon / 17:00
Nudge Mon / 03:08","Swimming Pool / Mon / 08:00
Booked Sun / 18:45",NO,1 of 4,1,Gym,Swimming Pool,Mon,Mon,17:00,08:00,Nudge Mon / 03:08,Booked Sun / 18:45
R-128-#9963,R-128,"Gym / Sun / 19:00
Gym (Top Pref)","Swimming Pool / Mon / 07:00
Nudge Sun / 17:45","Clubhouse / Mon / 07:00
Booked Sun / 18:56",NO,3 of 4,3,Swimming Pool,Clubhouse,Mon,Mon,07:00,07:00,Nudge Sun / 17:45,Booked Sun / 18:56
R-109-#9964,R-109,"Clubhouse / Fri / 08:00
Gym (Top Pref)","Gym / Mon / 07:00
Nudge Sun / 16:21","Gym / Mon / 07:00
Booked Sun / 19:12",NO,3 of 4,3,Gym,Gym,Mon,Mon,07:00,07:00,Nudge Sun / 16:21,Booked Sun / 19:12
R-195-#9965,R-195,"Tennis Court / Sat / 18:00
Badminton Court (Top Pref)","Badminton Court / Mon / 18:00
Nudge Sun / 13:25","Tennis Court / Mon / 18:00
Booked Sun / 19:14",NO,2 of 4,2,Badminton Court,Tennis Court,Mon,Mon,18:00,18:00,Nudge Sun / 13:25,Booked Sun / 19:14
R-172-#9966,R-172,"Gym / Sun / 06:00
Gym (Top Pref)","Gym / Mon / 06:00
Nudge Sun / 15:34","Gym / Mon / 07:00
Booked Sun / 19:19",NO,3 of 4,3,Gym,Gym,Mon,Mon,06:00,07:00,Nudge Sun / 15:34,Booked Sun / 19:19
R-189-#9967,R-189,"Gym / Fri / 07:00
Gym (Top Pref)","Gym / Mon / 06:00
Nudge Sun / 16:39","Badminton Court / Mon / 07:00
Booked Sun / 19:24",NO,2 of 4,2,Gym,Badminton Court,Mon,Mon,06:00,07:00,Nudge Sun / 16:39,Booked Sun / 19:24
R-165-#9968,R-165,"Badminton Court / Fri / 17:00
Badminton Court (Top Pref)","Badminton Court / Mon / 18:00
Nudge Sun / 15:32","Badminton Court / Mon / 19:00
Booked Sun / 19:48",NO,3 of 4,3,Badminton Court,Badminton Court,Mon,Mon,18:00,19:00,Nudge Sun / 15:32,Booked Sun / 19:48
R-112-#9969,R-112,"Swimming Pool / Sat / 20:00
Clubhouse (Top Pref)","Clubhouse / Sun / 19:00
Nudge Sat / 23:22","Clubhouse / Mon / 15:00
Booked Sun / 19:48",NO,1 of 4,1,Clubhouse,Clubhouse,Sun,Mon,19:00,15:00,Nudge Sat / 23:22,Booked Sun / 19:48
R-111-#9970,R-111,"Clubhouse / Sun / 17:00
Gym (Top Pref)","Swimming Pool / Mon / 07:00
Nudge Sun / 18:10","Gym / Mon / 08:00
Booked Sun / 20:00",NO,3 of 4,3,Swimming Pool,Gym,Mon,Mon,07:00,08:00,Nudge Sun / 18:10,Booked Sun / 20:00
R-120-#9971,R-120,"Badminton Court / Sat / 20:00
Badminton Court (Top Pref)","Badminton Court / Mon / 18:00
Nudge Sun / 12:56","Swimming Pool / Mon / 18:00
Booked Sun / 20:20",NO,2 of 4,2,Badminton Court,Swimming Pool,Mon,Mon,18:00,18:00,Nudge Sun / 12:56,Booked Sun / 20:20
R-152-#9972,R-152,"Gym / Fri / 07:00
Gym (Top Pref)","Gym / Mon / 06:00
Nudge Sun / 15:18","Badminton Court / Mon / 08:00
Booked Sun / 20:50",NO,1 of 4,1,Gym,Badminton Court,Mon,Mon,06:00,08:00,Nudge Sun / 15:18,Booked Sun / 20:50
R-192-#9973,R-192,"Gym / Fri / 19:00
Badminton Court (Top Pref)","Badminton Court / Mon / 18:00
Nudge Sun / 13:13","Gym / Mon / 19:00
Booked Sun / 21:04",NO,2 of 4,2,Badminton Court,Gym,Mon,Mon,18:00,19:00,Nudge Sun / 13:13,Booked Sun / 21:04
R-108-#9974,R-108,"Badminton Court / Sun / 11:00
Badminton Court (Top Pref)","Swimming Pool / Mon / 17:00
Nudge Mon / 03:42","Swimming Pool / Mon / 07:00
Booked Sun / 21:08",NO,2 of 4,2,Swimming Pool,Swimming Pool,Mon,Mon,17:00,07:00,Nudge Mon / 03:42,Booked Sun / 21:08
R-161-#9975,R-161,"Clubhouse / Thu / 17:00
Gym (Top Pref)","Gym / Mon / 19:00
Nudge Mon / 07:08","Badminton Court / Mon / 08:00
Booked Sun / 22:10",NO,1 of 4,1,Gym,Badminton Court,Mon,Mon,19:00,08:00,Nudge Mon / 07:08,Booked Sun / 22:10
R-168-#9976,R-168,"Gym / Sun / 06:00
Gym (Top Pref)","Gym / Mon / 06:00
Nudge Sun / 15:39","Gym / Mon / 08:00
Booked Sun / 22:37",NO,2 of 4,2,Gym,Gym,Mon,Mon,06:00,08:00,Nudge Sun / 15:39,Booked Sun / 22:37
R-156-#9977,R-156,"Tennis Court / Sat / 19:00
Gym (Top Pref)","Gym / Mon / 07:00
Nudge Sun / 16:55","Gym / Mon / 08:00
Booked Sun / 22:58",NO,3 of 4,3,Gym,Gym,Mon,Mon,07:00,08:00,Nudge Sun / 16:55,Booked Sun / 22:58
R-107-#9978,R-107,"Clubhouse / Fri / 07:00
Badminton Court (Top Pref)","Badminton Court / Mon / 18:00
Nudge Sun / 15:24","Badminton Court / Mon / 18:00
Booked Sun / 23:02",NO,3 of 4,3,Badminton Court,Badminton Court,Mon,Mon,18:00,18:00,Nudge Sun / 15:24,Booked Sun / 23:02
R-131-#9979,R-131,"Badminton Court / Sat / 20:00
Badminton Court (Top Pref)","Badminton Court / Mon / 20:00
Nudge Sun / 15:56","Badminton Court / Mon / 19:00
Booked Sun / 23:06",NO,3 of 4,3,Badminton Court,Badminton Court,Mon,Mon,20:00,19:00,Nudge Sun / 15:56,Booked Sun / 23:06
R-158-#9980,R-158,"Gym / Fri / 06:00
Gym (Top Pref)","Gym / Mon / 08:00
Nudge Sun / 18:45","Tennis Court / Mon / 06:00
Booked Sun / 23:23",NO,1 of 4,1,Gym,Tennis Court,Mon,Mon,08:00,06:00,Nudge Sun / 18:45,Booked Sun / 23:23
R-169-#9981,R-169,"Swimming Pool / Tue / 19:00
Badminton Court (Top Pref)","Gym / Sat / 11:00
Nudge Fri / 21:50","Swimming Pool / Mon / 08:00
Booked Mon / 00:51",NO,0 of 4,0,Gym,Swimming Pool,Sat,Mon,11:00,08:00,Nudge Fri / 21:50,Booked Mon / 00:51
R-141-#9982,R-141,"Badminton Court / Sun / 20:00
Badminton Court (Top Pref)","Badminton Court / Mon / 18:00
Nudge Sun / 13:39","Badminton Court / Mon / 19:00
Booked Mon / 01:26",NO,3 of 4,3,Badminton Court,Badminton Court,Mon,Mon,18:00,19:00,Nudge Sun / 13:39,Booked Mon / 01:26
R-194-#9983,R-194,"Gym / Fri / 19:00
Gym (Top Pref)","Gym / Mon / 17:00
Nudge Mon / 02:38","Badminton Court / Mon / 17:00
Booked Mon / 01:35",NO,3 of 4,3,Gym,Badminton Court,Mon,Mon,17:00,17:00,Nudge Mon / 02:38,Booked Mon / 01:35
R-110-#9984,R-110,"Badminton Court / Sun / 07:00
Swimming Pool (Top Pref)","Swimming Pool / Mon / 17:00
Nudge Mon / 03:26","Clubhouse / Mon / 08:00
Booked Mon / 02:12",NO,2 of 4,2,Swimming Pool,Clubhouse,Mon,Mon,17:00,08:00,Nudge Mon / 03:26,Booked Mon / 02:12
R-136-#9985,R-136,"Gym / Fri / 08:00
Badminton Court (Top Pref)","Badminton Court / Mon / 18:00
Nudge Sun / 17:14","Badminton Court / Mon / 19:00
Booked Mon / 02:32",NO,3 of 4,3,Badminton Court,Badminton Court,Mon,Mon,18:00,19:00,Nudge Sun / 17:14,Booked Mon / 02:32
R-218-#9986,R-218,"Clubhouse / Tue / 08:00
Gym (Top Pref)","Gym / Wed / 07:00
Nudge Tue / 17:43","Gym / Mon / 18:00
Booked Mon / 02:46",NO,1 of 4,1,Gym,Gym,Wed,Mon,07:00,18:00,Nudge Tue / 17:43,Booked Mon / 02:46
R-103-#9987,R-103,"Swimming Pool / Sat / 08:00
Swimming Pool (Top Pref)","Swimming Pool / Mon / 17:00
Nudge Mon / 02:47","Clubhouse / Mon / 07:00
Booked Mon / 03:03",NO,2 of 4,2,Swimming Pool,Clubhouse,Mon,Mon,17:00,07:00,Nudge Mon / 02:47,Booked Mon / 03:03
R-147-#9988,R-147,"Tennis Court / Sun / 08:00
Gym (Top Pref)","Gym / Mon / 06:00
Nudge Sun / 17:40","Gym / Mon / 21:00
Booked Mon / 03:26",NO,2 of 4,2,Gym,Gym,Mon,Mon,06:00,21:00,Nudge Sun / 17:40,Booked Mon / 03:26
R-106-#9989,R-106,"Badminton Court / Fri / 20:00
Badminton Court (Top Pref)","Badminton Court / Mon / 18:00
Nudge Sun / 17:38","Gym / Mon / 20:00
Booked Mon / 05:17",NO,1 of 4,1,Badminton Court,Gym,Mon,Mon,18:00,20:00,Nudge Sun / 17:38,Booked Mon / 05:17
R-166-#9990,R-166,"Tennis Court / Fri / 07:00
Gym (Top Pref)","Swimming Pool / Mon / 17:00
Nudge Mon / 02:32","Swimming Pool / Mon / 20:00
Booked Mon / 06:10",NO,2 of 4,2,Swimming Pool,Swimming Pool,Mon,Mon,17:00,20:00,Nudge Mon / 02:32,Booked Mon / 06:10
R-137-#9991,R-137,"Tennis Court / Sat / 11:00
Swimming Pool (Top Pref)","Gym / Mon / 17:00
Nudge Mon / 03:14","Gym / Mon / 19:00
Booked Mon / 07:40",NO,2 of 4,2,Gym,Gym,Mon,Mon,17:00,19:00,Nudge Mon / 03:14,Booked Mon / 07:40
R-216-#9992,R-216,"Clubhouse / Sun / 17:00
Swimming Pool (Top Pref)","Swimming Pool / Mon / 10:00
Nudge Mon / 04:07","Swimming Pool / Mon / 17:00
Booked Mon / 10:55",NO,2 of 4,2,Swimming Pool,Swimming Pool,Mon,Mon,10:00,17:00,Nudge Mon / 04:07,Booked Mon / 10:55
R-127-#9993,R-127,"Swimming Pool / Sun / 19:00
Swimming Pool (Top Pref)","Swimming Pool / Mon / 17:00
Nudge Mon / 03:46","Swimming Pool / Mon / 19:00
Booked Mon / 11:17",NO,2 of 4,2,Swimming Pool,Swimming Pool,Mon,Mon,17:00,19:00,Nudge Mon / 03:46,Booked Mon / 11:17
