resident_id,facility_name,booking_timestamp,usage_timestamp
R-198,Tennis Court,2025-12-30 09:21:38,2026-01-01 08:45:00
R-154,Tennis Court,2025-12-30 10:55:43,2026-01-01 14:15:00
R-210,Tennis Court,2025-12-30 14:41:36,2026-01-01 07:00:00
R-177,Gym,2025-12-30 15:07:12,2026-01-01 17:45:00
R-157,Tennis Court,2025-12-30 16:44:48,2026-01-01 07:30:00
R-132,Tennis Court,2025-12-30 19:39:42,2026-01-01 17:45:00
R-197,Tennis Court,2025-12-30 19:48:44,2026-01-01 08:15:00
R-130,Gym,2025-12-31 01:21:21,2026-01-01 08:15:00
R-136,Badminton Court,2025-12-31 05:38:40,2026-01-01 18:00:00
R-173,Tennis Court,2025-12-31 05:58:12,2026-01-01 12:30:00
R-196,Badminton Court,2025-12-31 07:23:33,2026-01-01 19:30:00
R-135,Gym,2025-12-31 07:46:33,2026-01-01 07:30:00
R-105,Badminton Court,2025-12-31 08:55:35,2026-01-01 20:00:00
R-219,Tennis Court,2025-12-31 09:38:49,2026-01-01 07:30:00
R-141,Tennis Court,2025-12-31 10:19:39,2026-01-01 20:30:00
R-217,Badminton Court,2025-12-31 11:01:51,2026-01-02 18:00:00
R-183,Tennis Court,2025-12-31 12:15:00,2026-01-01 18:45:00
R-174,Swimming Pool,2025-12-31 12:37:00,2026-01-01 08:00:00
R-195,Badminton Court,2025-12-31 13:14:23,2026-01-01 20:45:00
R-120,Badminton Court,2025-12-31 13:18:38,2026-01-01 13:30:00
R-167,Gym,2025-12-31 13:24:22,2026-01-01 06:15:00
R-168,Badminton Court,2025-12-31 14:00:11,2026-01-01 08:45:00
R-118,Gym,2025-12-31 14:09:28,2026-01-01 06:15:00
R-203,Badminton Court,2025-12-31 14:10:37,2026-01-01 20:15:00
R-213,Badminton Court,2025-12-31 14:11:49,2026-01-01 20:00:00
R-109,Gym,2025-12-31 14:40:25,2026-01-01 08:00:00
R-123,Gym,2025-12-31 15:36:42,2026-01-01 06:00:00
R-165,Badminton Court,2025-12-31 16:02:58,2026-01-01 18:45:00
R-180,Badminton Court,2025-12-31 16:05:34,2026-01-01 18:00:00
R-131,Gym,2025-12-31 16:21:22,2026-01-01 18:45:00
R-217,Clubhouse,2025-12-31 16:46:16,2026-01-01 20:15:00
R-172,Swimming Pool,2025-12-31 17:00:55,2026-01-01 06:45:00
R-102,Gym,2025-12-31 17:38:01,2026-01-01 08:45:00
R-212,Gym,2025-12-31 17:50:08,2026-01-01 09:15:00
R-177,Tennis Court,2025-12-31 17:56:02,2026-01-02 17:00:00
R-129,Clubhouse,2025-12-31 18:04:02,2026-01-01 14:00:00
R-106,Gym,2025-12-31 18:33:58,2026-01-01 18:30:00
R-116,Gym,2025-12-31 18:50:54,2026-01-01 06:15:00
R-107,Badminton Court,2025-12-31 18:55:34,2026-01-01 19:15:00
R-158,Gym,2025-12-31 18:55:37,2026-01-01 07:15:00
R-208,Gym,2025-12-31 18:58:20,2026-01-01 07:30:00
R-137,Clubhouse,2025-12-31 20:05:38,2026-01-01 08:45:00
R-156,Swimming Pool,2025-12-31 20:11:14,2026-01-01 07:15:00
R-125,Badminton Court,2025-12-31 20:12:16,2026-01-01 20:00:00
R-117,Gym,2025-12-31 20:57:11,2026-01-01 08:45:00
R-147,Gym,2025-12-31 21:04:55,2026-01-01 08:00:00
R-170,Badminton Court,2025-12-31 21:36:32,2026-01-02 20:45:00
R-127,Badminton Court,2025-12-31 21:37:30,2026-01-01 08:45:00
R-101,Gym,2025-12-31 21:38:29,2026-01-01 07:45:00
R-144,Gym,2025-12-31 22:02:29,2026-01-01 06:30:00
R-142,Gym,2025-12-31 22:03:48,2026-01-01 19:00:00
R-198,Tennis Court,2025-12-31 22:35:45,2026-01-03 17:15:00
R-120,Gym,2025-12-31 22:38:05,2026-01-02 08:45:00
R-145,Badminton Court,2025-12-31 23:12:48,2026-01-01 08:30:00
R-170,Tennis Court,2025-12-31 23:45:53,2026-01-01 20:30:00
R-186,Swimming Pool,2026-01-01 00:07:03,2026-01-01 09:45:00
R-207,Badminton Court,2026-01-01 01:24:27,2026-01-01 19:30:00
R-119,Gym,2026-01-01 03:18:13,2026-01-02 19:15:00
R-148,Swimming Pool,2026-01-01 03:37:36,2026-01-01 10:30:00
R-189,Gym,2026-01-01 03:53:49,2026-01-01 20:30:00
R-175,Tennis Court,2026-01-01 04:00:26,2026-01-01 18:30:00
R-103,Gym,2026-01-01 04:09:46,2026-01-01 17:00:00
R-206,Gym,2026-01-01 04:20:10,2026-01-01 19:15:00
R-201,Gym,2026-01-01 06:13:58,2026-01-01 17:15:00
R-141,Badminton Court,2026-01-01 06:28:49,2026-01-02 19:00:00
R-200,Badminton Court,2026-01-01 07:06:22,2026-01-01 17:00:00
R-132,Tennis Court,2026-01-01 07:13:46,2026-01-03 07:00:00
R-178,Gym,2026-01-01 07:14:19,2026-01-01 19:30:00
R-207,Badminton Court,2026-01-01 07:25:07,2026-01-02 19:00:00
R-114,Tennis Court,2026-01-01 08:13:26,2026-01-02 11:15:00
R-113,Gym,2026-01-01 08:29:53,2026-01-01 21:00:00
R-135,Gym,2026-01-01 08:51:46,2026-01-02 07:45:00
R-182,Swimming Pool,2026-01-01 09:34:46,2026-01-01 15:15:00
R-147,Gym,2026-01-01 09:58:11,2026-01-02 06:30:00
R-196,Tennis Court,2026-01-01 10:05:22,2026-01-02 18:30:00
R-213,Tennis Court,2026-01-01 10:24:12,2026-01-02 18:00:00
R-183,Gym,2026-01-01 10:30:07,2026-01-02 19:30:00
R-116,Gym,2026-01-01 11:22:36,2026-01-02 06:15:00
R-142,Gym,2026-01-01 12:56:54,2026-01-02 19:00:00
R-208,Gym,2026-01-01 13:18:42,2026-01-02 07:00:00
R-107,Swimming Pool,2026-01-01 13:23:21,2026-01-02 19:30:00
R-168,Gym,2026-01-01 13:40:28,2026-01-02 06:45:00
R-203,Gym,2026-01-01 14:35:33,2026-01-02 19:00:00
R-113,Swimming Pool,2026-01-01 14:47:38,2026-01-02 07:30:00
R-122,Clubhouse,2026-01-01 15:00:16,2026-01-02 14:15:00
R-108,Swimming Pool,2026-01-01 15:05:15,2026-01-01 19:15:00
R-118,Gym,2026-01-01 15:31:08,2026-01-02 08:45:00
R-125,Swimming Pool,2026-01-01 15:37:35,2026-01-02 18:30:00
R-158,Tennis Court,2026-01-01 15:44:42,2026-01-02 08:30:00
R-164,Clubhouse,2026-01-01 16:24:28,2026-01-02 18:45:00
R-101,Tennis Court,2026-01-01 16:50:34,2026-01-02 06:45:00
R-102,Gym,2026-01-01 16:53:30,2026-01-02 07:15:00
R-214,Clubhouse,2026-01-01 16:55:29,2026-01-02 15:30:00
R-106,Tennis Court,2026-01-01 17:05:47,2026-01-02 19:45:00
R-152,Gym,2026-01-01 18:05:29,2026-01-02 09:45:00
R-117,Gym,2026-01-01 18:13:37,2026-01-02 06:30:00
R-105,Badminton Court,2026-01-01 18:31:41,2026-01-02 19:30:00
R-124,Clubhouse,2026-01-01 18:53:50,2026-01-02 18:00:00
R-172,Gym,2026-01-01 19:18:36,2026-01-02 11:30:00
R-166,Swimming Pool,2026-01-01 19:18:44,2026-01-02 07:45:00
R-159,Tennis Court,2026-01-01 19:24:00,2026-01-02 19:15:00
R-126,Swimming Pool,2026-01-01 19:49:12,2026-01-02 06:45:00
R-174,Gym,2026-01-01 19:59:53,2026-01-02 06:15:00
R-156,Gym,2026-01-01 20:09:40,2026-01-02 06:45:00
R-212,Gym,2026-01-01 20:11:50,2026-01-02 12:00:00
R-169,Badminton Court,2026-01-01 20:13:07,2026-01-02 07:30:00
R-178,Clubhouse,2026-01-01 20:25:13,2026-01-02 07:45:00
R-187,Clubhouse,2026-01-01 20:43:06,2026-01-02 08:30:00
R-189,Badminton Court,2026-01-01 20:57:49,2026-01-02 08:00:00
R-123,Gym,2026-01-01 21:01:48,2026-01-02 06:45:00
R-145,Gym,2026-01-01 21:15:00,2026-01-02 08:45:00
R-173,Badminton Court,2026-01-01 21:45:00,2026-01-02 19:45:00
R-206,Badminton Court,2026-01-01 22:15:01,2026-01-02 08:15:00
R-165,Badminton Court,2026-01-01 22:19:24,2026-01-02 20:15:00
R-194,Swimming Pool,2026-01-01 22:51:27,2026-01-02 11:30:00
R-200,Gym,2026-01-01 22:57:40,2026-01-02 16:15:00
R-192,Tennis Court,2026-01-02 01:06:14,2026-01-02 18:30:00
R-207,Badminton Court,2026-01-02 01:13:14,2026-01-03 20:00:00
R-195,Swimming Pool,2026-01-02 01:28:12,2026-01-02 20:45:00
R-136,Gym,2026-01-02 02:34:49,2026-01-02 20:30:00
R-128,Badminton Court,2026-01-02 03:19:53,2026-01-02 17:00:00
R-137,Swimming Pool,2026-01-02 03:25:40,2026-01-02 19:00:00
R-177,Tennis Court,2026-01-02 03:41:20,2026-01-03 08:15:00
R-185,Clubhouse,2026-01-02 04:02:24,2026-01-02 10:45:00
R-109,Swimming Pool,2026-01-02 04:33:38,2026-01-02 19:45:00
R-171,Badminton Court,2026-01-02 04:36:33,2026-01-02 10:45:00
R-146,Clubhouse,2026-01-02 04:40:14,2026-01-04 18:45:00
R-110,Gym,2026-01-02 05:01:19,2026-01-02 17:00:00
R-138,Gym,2026-01-02 05:16:59,2026-01-04 08:15:00
R-146,Badminton Court,2026-01-02 07:26:55,2026-01-03 18:30:00
R-135,Gym,2026-01-02 08:08:18,2026-01-03 06:30:00
R-134,Clubhouse,2026-01-02 09:27:15,2026-01-02 17:30:00
R-139,Tennis Court,2026-01-02 09:34:24,2026-01-02 16:30:00
R-111,Badminton Court,2026-01-02 09:49:33,2026-01-02 19:30:00
R-114,Gym,2026-01-02 10:40:36,2026-01-03 18:15:00
R-115,Gym,2026-01-02 11:06:22,2026-01-03 09:30:00
R-190,Tennis Court,2026-01-02 11:32:04,2026-01-03 15:15:00
R-137,Badminton Court,2026-01-02 13:28:11,2026-01-03 07:00:00
R-162,Clubhouse,2026-01-02 14:01:23,2026-01-03 14:45:00
R-102,Badminton Court,2026-01-02 14:13:12,2026-01-03 06:30:00
R-195,Badminton Court,2026-01-02 14:20:25,2026-01-03 18:45:00
R-208,Tennis Court,2026-01-02 14:57:44,2026-01-03 06:30:00
R-191,Gym,2026-01-02 15:01:48,2026-01-03 07:00:00
R-184,Gym,2026-01-02 15:08:02,2026-01-03 08:45:00
R-107,Badminton Court,2026-01-02 15:54:35,2026-01-03 14:30:00
R-100,Badminton Court,2026-01-02 16:08:16,2026-01-03 07:00:00
R-164,Clubhouse,2026-01-02 16:21:48,2026-01-03 14:15:00
R-130,Clubhouse,2026-01-02 17:33:00,2026-01-05 07:15:00
R-210,Swimming Pool,2026-01-02 17:40:27,2026-01-04 08:30:00
R-158,Tennis Court,2026-01-02 18:10:11,2026-01-03 07:00:00
R-118,Gym,2026-01-02 18:27:03,2026-01-03 07:00:00
R-206,Gym,2026-01-02 18:54:10,2026-01-03 06:45:00
R-128,Badminton Court,2026-01-02 20:15:16,2026-01-03 07:15:00
R-200,Badminton Court,2026-01-02 20:34:02,2026-01-03 08:45:00
R-187,Swimming Pool,2026-01-02 20:48:55,2026-01-03 08:30:00
R-112,Clubhouse,2026-01-02 20:56:02,2026-01-03 15:45:00
R-122,Gym,2026-01-02 21:50:56,2026-01-03 18:15:00
R-159,Badminton Court,2026-01-02 23:05:21,2026-01-03 17:30:00
R-127,Tennis Court,2026-01-03 02:10:45,2026-01-03 11:30:00
R-151,Gym,2026-01-03 04:29:33,2026-01-03 11:15:00
R-140,Tennis Court,2026-01-03 05:43:38,2026-01-03 11:45:00
R-199,Badminton Court,2026-01-03 06:03:13,2026-01-03 11:45:00
R-176,Swimming Pool,2026-01-03 06:05:46,2026-01-03 11:00:00
R-198,Tennis Court,2026-01-03 06:13:27,2026-01-04 17:15:00
R-171,Swimming Pool,2026-01-03 06:46:22,2026-01-03 15:15:00
R-153,Swimming Pool,2026-01-03 07:09:09,2026-01-03 21:45:00
R-201,Badminton Court,2026-01-03 07:24:34,2026-01-03 19:45:00
R-149,Swimming Pool,2026-01-03 07:58:16,2026-01-03 15:15:00
R-205,Badminton Court,2026-01-03 09:15:24,2026-01-03 16:15:00
R-143,Swimming Pool,2026-01-03 09:20:12,2026-01-03 16:00:00
R-163,Swimming Pool,2026-01-03 09:21:01,2026-01-03 17:15:00
R-216,Swimming Pool,2026-01-03 09:43:46,2026-01-03 15:00:00
R-136,Badminton Court,2026-01-03 09:59:00,2026-01-04 20:30:00
R-208,Tennis Court,2026-01-03 10:45:17,2026-01-04 06:15:00
R-209,Clubhouse,2026-01-03 10:54:45,2026-01-03 16:45:00
R-119,Badminton Court,2026-01-03 10:55:50,2026-01-04 19:00:00
R-181,Gym,2026-01-03 11:21:21,2026-01-03 17:00:00
R-150,Clubhouse,2026-01-03 13:10:25,2026-01-04 14:30:00
R-185,Swimming Pool,2026-01-03 13:26:32,2026-01-03 17:30:00
R-170,Badminton Court,2026-01-03 13:28:09,2026-01-04 18:00:00
R-132,Tennis Court,2026-01-03 13:33:57,2026-01-04 18:45:00
R-134,Gym,2026-01-03 13:39:22,2026-01-03 17:45:00
R-197,Gym,2026-01-03 15:16:42,2026-01-04 18:30:00
R-200,Gym,2026-01-03 15:55:10,2026-01-04 08:00:00
R-133,Tennis Court,2026-01-03 15:59:08,2026-01-04 19:45:00
R-135,Gym,2026-01-03 16:12:26,2026-01-04 06:15:00
R-123,Gym,2026-01-03 16:49:08,2026-01-04 08:45:00
R-115,Tennis Court,2026-01-03 17:37:13,2026-01-06 08:15:00
R-142,Tennis Court,2026-01-03 18:08:50,2026-01-04 20:15:00
R-111,Badminton Court,2026-01-03 18:09:50,2026-01-04 07:15:00
R-159,Tennis Court,2026-01-03 20:22:45,2026-01-04 19:30:00
R-137,Swimming Pool,2026-01-03 21:13:03,2026-01-04 08:30:00
R-189,Clubhouse,2026-01-03 21:34:05,2026-01-04 06:30:00
R-156,Swimming Pool,2026-01-03 21:56:17,2026-01-04 07:45:00
R-184,Tennis Court,2026-01-03 22:27:59,2026-01-04 08:00:00
R-127,Tennis Court,2026-01-03 22:37:49,2026-01-04 08:30:00
R-175,Tennis Court,2026-01-03 22:47:07,2026-01-05 18:00:00
R-188,Gym,2026-01-03 22:48:13,2026-01-04 11:30:00
R-151,Swimming Pool,2026-01-03 23:41:33,2026-01-04 07:30:00
R-157,Tennis Court,2026-01-04 00:26:41,2026-01-05 18:30:00
R-180,Tennis Court,2026-01-04 04:12:45,2026-01-05 20:30:00
R-100,Swimming Pool,2026-01-04 04:52:37,2026-01-04 17:30:00
R-146,Tennis Court,2026-01-04 05:29:34,2026-01-06 08:45:00
R-179,Clubhouse,2026-01-04 05:59:17,2026-01-04 10:45:00
R-203,Badminton Court,2026-01-04 06:09:31,2026-01-05 19:30:00
R-187,Tennis Court,2026-01-04 07:09:47,2026-01-04 17:45:00
R-170,Swimming Pool,2026-01-04 07:33:22,2026-01-05 20:30:00
R-175,Swimming Pool,2026-01-04 07:42:09,2026-01-06 07:15:00
R-119,Gym,2026-01-04 07:54:57,2026-01-05 18:45:00
R-142,Tennis Court,2026-01-04 07:59:38,2026-01-05 20:15:00
R-110,Badminton Court,2026-01-04 08:18:59,2026-01-04 19:15:00
R-136,Tennis Court,2026-01-04 09:33:22,2026-01-05 18:45:00
R-196,Badminton Court,2026-01-04 09:58:37,2026-01-05 19:00:00
R-131,Badminton Court,2026-01-04 10:15:02,2026-01-05 18:15:00
R-104,Clubhouse,2026-01-04 10:26:00,2026-01-04 15:30:00
R-211,Swimming Pool,2026-01-04 10:30:24,2026-01-04 16:30:00
R-163,Gym,2026-01-04 10:33:26,2026-01-04 17:30:00
R-185,Gym,2026-01-04 11:23:04,2026-01-04 17:45:00
R-204,Tennis Court,2026-01-04 11:51:40,2026-01-04 17:45:00
R-134,Tennis Court,2026-01-04 11:54:33,2026-01-04 17:15:00
R-156,Gym,2026-01-04 11:55:03,2026-01-05 06:15:00
R-117,Gym,2026-01-04 11:59:24,2026-01-05 08:30:00
R-147,Clubhouse,2026-01-04 12:15:41,2026-01-05 07:00:00
R-171,Swimming Pool,2026-01-04 12:15:56,2026-01-04 17:15:00
R-143,Clubhouse,2026-01-04 12:25:10,2026-01-04 17:30:00
R-101,Gym,2026-01-04 12:33:03,2026-01-05 07:00:00
R-172,Gym,2026-01-04 12:49:15,2026-01-05 08:15:00
R-107,Badminton Court,2026-01-04 13:45:44,2026-01-05 18:15:00
R-206,Gym,2026-01-04 14:12:45,2026-01-05 07:00:00
R-128,Clubhouse,2026-01-04 14:21:46,2026-01-04 21:00:00
R-109,Gym,2026-01-04 14:35:32,2026-01-05 06:15:00
R-168,Gym,2026-01-04 14:41:58,2026-01-05 06:30:00
R-197,Tennis Court,2026-01-04 14:48:35,2026-01-06 07:15:00
R-157,Tennis Court,2026-01-04 14:59:54,2026-01-06 07:00:00
R-102,Gym,2026-01-04 15:03:07,2026-01-05 07:45:00
R-207,Badminton Court,2026-01-04 15:32:36,2026-01-05 19:30:00
R-181,Swimming Pool,2026-01-04 15:43:55,2026-01-04 21:15:00
R-138,Tennis Court,2026-01-04 15:50:35,2026-01-06 08:30:00
R-113,Gym,2026-01-04 16:03:35,2026-01-05 06:15:00
R-129,Clubhouse,2026-01-04 16:32:28,2026-01-05 14:15:00
R-208,Gym,2026-01-04 16:50:20,2026-01-05 08:15:00
R-212,Gym,2026-01-04 16:55:48,2026-01-05 06:30:00
R-158,Swimming Pool,2026-01-04 17:20:08,2026-01-05 07:30:00
R-166,Swimming Pool,2026-01-04 17:22:53,2026-01-05 07:15:00
R-152,Badminton Court,2026-01-04 17:54:03,2026-01-05 07:30:00
R-198,Swimming Pool,2026-01-04 18:01:41,2026-01-06 07:45:00
R-189,Swimming Pool,2026-01-04 18:12:35,2026-01-05 13:00:00
R-116,Gym,2026-01-04 18:15:42,2026-01-05 06:45:00
R-167,Gym,2026-01-04 18:19:44,2026-01-05 08:45:00
R-118,Gym,2026-01-04 18:23:17,2026-01-05 08:00:00
R-123,Gym,2026-01-04 18:35:52,2026-01-05 06:30:00
R-195,Badminton Court,2026-01-04 18:38:09,2026-01-05 20:45:00
R-125,Badminton Court,2026-01-04 19:48:50,2026-01-05 18:30:00
R-144,Clubhouse,2026-01-04 19:53:31,2026-01-05 08:15:00
R-127,Clubhouse,2026-01-04 20:02:55,2026-01-05 08:30:00
R-135,Gym,2026-01-04 20:21:11,2026-01-05 13:45:00
R-108,Clubhouse,2026-01-04 20:47:58,2026-01-05 11:45:00
R-106,Tennis Court,2026-01-04 22:24:32,2026-01-05 20:30:00
R-120,Badminton Court,2026-01-04 22:37:40,2026-01-05 20:45:00
R-191,Gym,2026-01-04 23:34:29,2026-01-05 14:45:00
R-204,Clubhouse,2026-01-04 23:47:38,2026-01-05 11:45:00
R-107,Tennis Court,2026-01-05 00:06:51,2026-01-06 18:30:00
R-105,Clubhouse,2026-01-05 00:07:09,2026-01-05 18:00:00
R-145,Gym,2026-01-05 00:14:45,2026-01-05 08:15:00
R-178,Clubhouse,2026-01-05 00:49:03,2026-01-05 19:00:00
R-137,Swimming Pool,2026-01-05 01:04:12,2026-01-05 17:30:00
R-186,Swimming Pool,2026-01-05 03:33:49,2026-01-05 17:30:00
R-130,Tennis Court,2026-01-05 04:47:45,2026-01-06 16:45:00
R-192,Badminton Court,2026-01-05 05:03:40,2026-01-05 20:45:00
R-161,Clubhouse,2026-01-05 09:06:00,2026-01-05 19:45:00
R-169,Badminton Court,2026-01-05 09:51:08,2026-01-05 17:15:00
R-106,Badminton Court,2026-01-05 10:50:10,2026-01-06 18:15:00
R-217,Badminton Court,2026-01-05 10:53:37,2026-01-06 15:30:00
R-136,Badminton Court,2026-01-05 10:57:50,2026-01-06 19:00:00
R-208,Gym,2026-01-05 11:12:16,2026-01-06 06:15:00
R-199,Swimming Pool,2026-01-05 11:28:48,2026-01-05 16:45:00
R-207,Swimming Pool,2026-01-05 11:32:28,2026-01-06 19:15:00
R-154,Tennis Court,2026-01-05 11:47:59,2026-01-07 08:45:00
R-145,Badminton Court,2026-01-05 12:20:42,2026-01-06 08:15:00
R-135,Gym,2026-01-05 12:27:57,2026-01-06 07:15:00
R-180,Badminton Court,2026-01-05 12:32:50,2026-01-06 18:00:00
R-157,Tennis Court,2026-01-05 14:43:35,2026-01-07 17:30:00
R-206,Gym,2026-01-05 14:50:20,2026-01-06 07:30:00
R-195,Badminton Court,2026-01-05 14:57:45,2026-01-06 18:30:00
R-173,Tennis Court,2026-01-05 15:02:14,2026-01-06 15:00:00
R-177,Clubhouse,2026-01-05 15:19:14,2026-01-07 08:00:00
R-119,Tennis Court,2026-01-05 15:32:10,2026-01-06 18:45:00
R-174,Gym,2026-01-05 15:36:22,2026-01-06 08:15:00
R-213,Badminton Court,2026-01-05 15:40:16,2026-01-06 18:15:00
R-212,Gym,2026-01-05 16:28:48,2026-01-06 08:30:00
R-132,Tennis Court,2026-01-05 16:39:34,2026-01-06 18:45:00
R-147,Gym,2026-01-05 16:43:45,2026-01-06 07:00:00
R-101,Gym,2026-01-05 16:45:48,2026-01-06 06:30:00
R-125,Badminton Court,2026-01-05 16:57:48,2026-01-06 17:15:00
R-118,Badminton Court,2026-01-05 17:15:03,2026-01-06 08:00:00
R-123,Badminton Court,2026-01-05 17:16:24,2026-01-06 06:30:00
R-166,Gym,2026-01-05 17:18:39,2026-01-06 07:00:00
R-116,Gym,2026-01-05 18:07:35,2026-01-06 08:15:00
R-158,Gym,2026-01-05 18:30:30,2026-01-06 11:45:00
R-203,Gym,2026-01-05 18:42:49,2026-01-06 18:30:00
R-142,Badminton Court,2026-01-05 19:01:33,2026-01-06 18:30:00
R-167,Gym,2026-01-05 19:01:38,2026-01-06 06:45:00
R-207,Tennis Court,2026-01-05 19:11:12,2026-01-07 06:45:00
R-117,Swimming Pool,2026-01-05 19:11:56,2026-01-06 06:45:00
R-183,Clubhouse,2026-01-05 19:49:55,2026-01-06 18:30:00
R-191,Gym,2026-01-05 19:58:14,2026-01-06 08:45:00
R-144,Gym,2026-01-05 20:02:07,2026-01-06 06:15:00
R-169,Swimming Pool,2026-01-05 20:06:15,2026-01-06 08:15:00
R-109,Gym,2026-01-05 20:06:21,2026-01-06 08:15:00
R-192,Badminton Court,2026-01-05 20:49:48,2026-01-06 18:30:00
R-172,Clubhouse,2026-01-05 20:55:35,2026-01-06 07:45:00
R-170,Badminton Court,2026-01-05 21:03:59,2026-01-06 19:15:00
R-110,Gym,2026-01-05 21:22:43,2026-01-06 07:00:00
R-152,Gym,2026-01-05 21:45:52,2026-01-06 08:45:00
R-156,Swimming Pool,2026-01-05 21:52:49,2026-01-06 08:15:00
R-165,Badminton Court,2026-01-05 21:59:41,2026-01-07 20:30:00
R-184,Gym,2026-01-05 22:47:23,2026-01-06 08:30:00
R-214,Clubhouse,2026-01-05 22:53:39,2026-01-06 20:45:00
R-215,Clubhouse,2026-01-05 23:03:43,2026-01-06 09:15:00
R-196,Tennis Court,2026-01-05 23:13:37,2026-01-06 18:45:00
R-165,Clubhouse,2026-01-06 00:02:23,2026-01-06 18:15:00
R-141,Gym,2026-01-06 00:12:20,2026-01-06 18:15:00
R-189,Gym,2026-01-06 00:19:01,2026-01-06 08:00:00
R-114,Badminton Court,2026-01-06 01:10:34,2026-01-06 16:00:00
R-173,Badminton Court,2026-01-06 02:02:31,2026-01-07 19:15:00
R-163,Swimming Pool,2026-01-06 02:08:09,2026-01-06 11:00:00
R-168,Gym,2026-01-06 04:12:17,2026-01-06 16:30:00
R-142,Badminton Court,2026-01-06 04:40:53,2026-01-07 19:15:00
R-171,Clubhouse,2026-01-06 05:21:30,2026-01-06 11:00:00
R-137,Badminton Court,2026-01-06 06:03:58,2026-01-06 19:00:00
R-139,Swimming Pool,2026-01-06 06:10:59,2026-01-06 10:45:00
R-113,Gym,2026-01-06 06:52:28,2026-01-06 20:30:00
R-108,Badminton Court,2026-01-06 08:12:29,2026-01-06 19:15:00
R-197,Gym,2026-01-06 08:43:01,2026-01-08 08:15:00
R-146,Tennis Court,2026-01-06 08:50:06,2026-01-08 07:30:00
R-180,Badminton Court,2026-01-06 08:50:26,2026-01-07 20:30:00
R-181,Swimming Pool,2026-01-06 09:06:01,2026-01-06 16:30:00
R-136,Badminton Court,2026-01-06 11:04:13,2026-01-07 19:30:00
R-102,Gym,2026-01-06 11:36:15,2026-01-06 21:45:00
R-141,Badminton Court,2026-01-06 11:40:23,2026-01-07 18:30:00
R-140,Swimming Pool,2026-01-06 12:38:04,2026-01-06 17:30:00
R-170,Badminton Court,2026-01-06 12:39:18,2026-01-07 19:45:00
R-150,Badminton Court,2026-01-06 13:25:50,2026-01-07 14:15:00
R-167,Clubhouse,2026-01-06 13:27:35,2026-01-07 06:00:00
R-107,Badminton Court,2026-01-06 13:44:19,2026-01-07 20:30:00
R-145,Gym,2026-01-06 13:59:44,2026-01-07 08:30:00
R-135,Gym,2026-01-06 14:14:48,2026-01-07 08:15:00
R-217,Badminton Court,2026-01-06 15:05:07,2026-01-07 19:30:00
R-152,Gym,2026-01-06 15:05:33,2026-01-07 08:30:00
R-168,Gym,2026-01-06 15:44:27,2026-01-07 06:30:00
R-144,Badminton Court,2026-01-06 17:05:34,2026-01-07 08:30:00
R-113,Gym,2026-01-06 17:08:27,2026-01-07 06:00:00
R-158,Gym,2026-01-06 17:22:05,2026-01-07 08:00:00
R-213,Badminton Court,2026-01-06 17:22:55,2026-01-07 19:30:00
R-109,Gym,2026-01-06 17:28:24,2026-01-07 06:00:00
R-111,Badminton Court,2026-01-06 17:38:11,2026-01-07 08:15:00
R-156,Gym,2026-01-06 17:39:10,2026-01-07 08:15:00
R-183,Badminton Court,2026-01-06 17:59:17,2026-01-07 19:00:00
R-106,Badminton Court,2026-01-06 18:07:59,2026-01-07 19:15:00
R-123,Gym,2026-01-06 18:11:07,2026-01-07 08:15:00
R-204,Gym,2026-01-06 19:01:11,2026-01-07 07:00:00
R-147,Gym,2026-01-06 19:33:22,2026-01-07 08:00:00
R-118,Gym,2026-01-06 20:01:41,2026-01-07 06:30:00
R-200,Swimming Pool,2026-01-06 20:01:55,2026-01-07 07:15:00
R-178,Tennis Court,2026-01-06 20:04:58,2026-01-07 08:15:00
R-127,Clubhouse,2026-01-06 20:30:42,2026-01-07 11:00:00
R-172,Gym,2026-01-06 20:56:42,2026-01-07 06:15:00
R-189,Tennis Court,2026-01-06 21:45:53,2026-01-07 07:15:00
R-206,Gym,2026-01-06 21:52:01,2026-01-07 07:15:00
R-219,Tennis Court,2026-01-06 21:58:08,2026-01-08 17:15:00
R-184,Gym,2026-01-06 22:02:10,2026-01-07 07:00:00
R-174,Swimming Pool,2026-01-06 22:12:49,2026-01-07 08:45:00
R-105,Swimming Pool,2026-01-06 22:15:37,2026-01-08 20:15:00
R-212,Gym,2026-01-06 23:42:25,2026-01-07 07:15:00
R-195,Badminton Court,2026-01-07 00:33:55,2026-01-07 19:30:00
R-137,Clubhouse,2026-01-07 00:56:16,2026-01-07 19:45:00
R-131,Badminton Court,2026-01-07 01:51:00,2026-01-07 19:30:00
R-196,Tennis Court,2026-01-07 02:16:09,2026-01-07 19:45:00
R-157,Tennis Court,2026-01-07 02:23:12,2026-01-08 07:15:00
R-126,Gym,2026-01-07 02:28:14,2026-01-07 19:30:00
R-128,Clubhouse,2026-01-07 02:53:00,2026-01-07 08:15:00
R-103,Tennis Court,2026-01-07 04:29:13,2026-01-07 17:30:00
R-120,Badminton Court,2026-01-07 04:46:59,2026-01-08 06:15:00
R-166,Tennis Court,2026-01-07 04:55:18,2026-01-07 17:15:00
R-203,Badminton Court,2026-01-07 05:30:23,2026-01-08 20:30:00
R-216,Clubhouse,2026-01-07 05:38:23,2026-01-07 15:30:00
R-213,Badminton Court,2026-01-07 06:37:28,2026-01-08 18:00:00
R-153,Badminton Court,2026-01-07 06:53:47,2026-01-07 14:00:00
R-102,Gym,2026-01-07 07:17:41,2026-01-07 20:45:00
R-180,Badminton Court,2026-01-07 08:41:50,2026-01-08 19:30:00
R-139,Clubhouse,2026-01-07 09:43:51,2026-01-07 15:00:00
R-182,Swimming Pool,2026-01-07 09:59:13,2026-01-07 15:45:00
R-215,Gym,2026-01-07 11:04:10,2026-01-07 19:45:00
R-195,Badminton Court,2026-01-07 11:38:13,2026-01-08 19:30:00
R-185,Swimming Pool,2026-01-07 12:13:56,2026-01-07 15:45:00
R-207,Gym,2026-01-07 12:37:34,2026-01-08 20:15:00
R-116,Gym,2026-01-07 12:38:19,2026-01-08 07:00:00
R-117,Badminton Court,2026-01-07 12:53:00,2026-01-07 19:45:00
R-201,Gym,2026-01-07 14:38:18,2026-01-08 07:30:00
R-172,Gym,2026-01-07 14:51:09,2026-01-08 07:30:00
R-210,Tennis Court,2026-01-07 15:01:11,2026-01-08 18:15:00
R-152,Gym,2026-01-07 15:20:39,2026-01-08 07:30:00
R-183,Badminton Court,2026-01-07 15:43:00,2026-01-08 19:30:00
R-145,Gym,2026-01-07 16:15:41,2026-01-08 08:45:00
R-189,Gym,2026-01-07 16:23:49,2026-01-08 06:45:00
R-136,Badminton Court,2026-01-07 16:39:44,2026-01-08 19:45:00
R-141,Badminton Court,2026-01-07 16:57:17,2026-01-08 18:30:00
R-156,Badminton Court,2026-01-07 17:36:30,2026-01-08 08:45:00
R-101,Gym,2026-01-07 17:50:03,2026-01-08 07:45:00
R-123,Swimming Pool,2026-01-07 18:03:44,2026-01-08 07:45:00
R-135,Gym,2026-01-07 18:09:15,2026-01-08 08:30:00
R-165,Badminton Court,2026-01-07 18:11:25,2026-01-08 13:30:00
R-144,Gym,2026-01-07 18:18:08,2026-01-08 07:30:00
R-122,Swimming Pool,2026-01-07 18:20:52,2026-01-08 14:00:00
R-102,Badminton Court,2026-01-07 18:30:28,2026-01-08 06:30:00
R-187,Swimming Pool,2026-01-07 18:43:59,2026-01-08 08:45:00
R-109,Clubhouse,2026-01-07 18:53:32,2026-01-08 08:00:00
R-217,Badminton Court,2026-01-07 19:16:46,2026-01-08 19:15:00
R-147,Gym,2026-01-07 19:47:01,2026-01-08 06:00:00
R-196,Badminton Court,2026-01-07 19:47:02,2026-01-08 20:30:00
R-119,Clubhouse,2026-01-07 20:26:40,2026-01-08 19:00:00
R-138,Swimming Pool,2026-01-07 20:55:03,2026-01-09 17:15:00
R-206,Gym,2026-01-07 20:58:42,2026-01-08 06:30:00
R-208,Gym,2026-01-07 21:02:24,2026-01-08 08:30:00
R-120,Tennis Court,2026-01-07 21:16:59,2026-01-09 07:00:00
R-167,Gym,2026-01-07 21:36:25,2026-01-08 08:45:00
R-212,Gym,2026-01-07 21:39:56,2026-01-08 08:15:00
R-106,Gym,2026-01-07 22:14:59,2026-01-08 18:30:00
R-215,Swimming Pool,2026-01-07 22:16:12,2026-01-08 11:45:00
R-118,Gym,2026-01-07 22:40:34,2026-01-08 07:45:00
R-188,Gym,2026-01-07 22:51:55,2026-01-08 07:00:00
R-100,Clubhouse,2026-01-07 23:12:29,2026-01-08 11:15:00
R-174,Gym,2026-01-07 23:38:13,2026-01-08 07:30:00
R-173,Badminton Court,2026-01-07 23:53:28,2026-01-08 18:00:00
R-117,Gym,2026-01-08 00:00:24,2026-01-08 06:45:00
R-186,Swimming Pool,2026-01-08 00:32:03,2026-01-08 19:00:00
R-103,Gym,2026-01-08 01:08:26,2026-01-08 11:30:00
R-177,Tennis Court,2026-01-08 01:59:48,2026-01-09 17:45:00
R-110,Badminton Court,2026-01-08 02:59:16,2026-01-08 19:30:00
R-204,Gym,2026-01-08 03:31:21,2026-01-08 10:00:00
R-106,Badminton Court,2026-01-08 03:51:15,2026-01-09 20:15:00
R-216,Tennis Court,2026-01-08 04:13:21,2026-01-08 10:30:00
R-176,Clubhouse,2026-01-08 04:49:02,2026-01-08 10:00:00
R-131,Tennis Court,2026-01-08 04:50:47,2026-01-09 16:45:00
R-126,Gym,2026-01-08 04:54:36,2026-01-08 17:00:00
R-207,Clubhouse,2026-01-08 05:48:23,2026-01-09 19:45:00
R-132,Swimming Pool,2026-01-08 06:52:07,2026-01-10 07:00:00
R-219,Tennis Court,2026-01-08 07:30:05,2026-01-10 08:15:00
R-194,Gym,2026-01-08 09:38:19,2026-01-08 16:45:00
R-213,Badminton Court,2026-01-08 09:49:10,2026-01-09 18:15:00
R-209,Swimming Pool,2026-01-08 09:55:02,2026-01-08 15:00:00
R-192,Badminton Court,2026-01-08 10:48:10,2026-01-09 18:15:00
R-214,Clubhouse,2026-01-08 12:00:44,2026-01-09 15:45:00
R-125,Badminton Court,2026-01-08 12:19:09,2026-01-09 20:45:00
R-174,Gym,2026-01-08 12:33:17,2026-01-09 06:00:00
R-183,Clubhouse,2026-01-08 12:34:23,2026-01-09 19:15:00
R-173,Badminton Court,2026-01-08 12:51:37,2026-01-09 18:30:00
R-101,Gym,2026-01-08 12:58:39,2026-01-09 07:00:00
R-121,Clubhouse,2026-01-08 13:24:24,2026-01-09 12:30:00
R-156,Gym,2026-01-08 13:49:02,2026-01-09 08:45:00
R-144,Swimming Pool,2026-01-08 14:08:18,2026-01-09 07:45:00
R-206,Gym,2026-01-08 14:20:18,2026-01-09 08:30:00
R-113,Gym,2026-01-08 14:29:48,2026-01-09 07:45:00
R-215,Gym,2026-01-08 14:51:44,2026-01-09 08:15:00
R-152,Badminton Court,2026-01-08 15:30:11,2026-01-09 08:00:00
R-142,Badminton Court,2026-01-08 16:03:29,2026-01-09 18:45:00
R-115,Gym,2026-01-08 16:42:18,2026-01-10 18:00:00
R-105,Gym,2026-01-08 16:44:41,2026-01-09 20:30:00
R-119,Badminton Court,2026-01-08 17:05:01,2026-01-09 19:30:00
R-210,Badminton Court,2026-01-08 17:09:31,2026-01-10 08:45:00
R-135,Badminton Court,2026-01-08 17:16:53,2026-01-09 07:00:00
R-141,Badminton Court,2026-01-08 17:36:04,2026-01-09 18:15:00
R-168,Gym,2026-01-08 17:44:10,2026-01-09 06:45:00
R-158,Gym,2026-01-08 17:48:33,2026-01-09 06:15:00
R-154,Clubhouse,2026-01-08 17:52:11,2026-01-10 09:30:00
R-172,Gym,2026-01-08 18:07:17,2026-01-09 08:00:00
R-126,Gym,2026-01-08 18:17:40,2026-01-09 08:45:00
R-123,Gym,2026-01-08 18:50:17,2026-01-09 07:15:00
R-195,Badminton Court,2026-01-08 18:58:01,2026-01-09 19:15:00
R-208,Gym,2026-01-08 18:59:51,2026-01-09 07:00:00
R-203,Badminton Court,2026-01-08 19:12:42,2026-01-09 18:45:00
R-177,Tennis Court,2026-01-08 19:32:28,2026-01-10 08:30:00
R-129,Clubhouse,2026-01-08 19:33:58,2026-01-09 14:30:00
R-165,Badminton Court,2026-01-08 19:41:28,2026-01-09 20:45:00
R-109,Badminton Court,2026-01-08 20:09:04,2026-01-09 08:45:00
R-212,Gym,2026-01-08 20:25:58,2026-01-09 08:30:00
R-102,Gym,2026-01-08 20:42:40,2026-01-09 08:15:00
R-218,Clubhouse,2026-01-08 20:50:18,2026-01-09 07:00:00
R-147,Badminton Court,2026-01-08 21:13:23,2026-01-09 06:30:00
R-150,Gym,2026-01-08 21:19:20,2026-01-09 20:15:00
R-118,Swimming Pool,2026-01-08 21:22:03,2026-01-09 06:45:00
R-155,Clubhouse,2026-01-08 21:35:11,2026-01-09 15:00:00
R-128,Badminton Court,2026-01-08 21:54:36,2026-01-09 11:15:00
R-111,Tennis Court,2026-01-08 22:15:48,2026-01-09 07:00:00
R-127,Gym,2026-01-08 22:35:54,2026-01-09 11:00:00
R-170,Badminton Court,2026-01-08 22:46:44,2026-01-09 19:45:00
R-189,Gym,2026-01-08 23:40:02,2026-01-09 14:15:00
R-180,Badminton Court,2026-01-09 00:36:32,2026-01-09 20:45:00
R-130,Tennis Court,2026-01-09 01:08:02,2026-01-10 07:15:00
R-116,Tennis Court,2026-01-09 01:51:58,2026-01-09 15:00:00
R-136,Badminton Court,2026-01-09 02:35:10,2026-01-09 20:45:00
R-197,Clubhouse,2026-01-09 02:50:07,2026-01-10 18:30:00
R-107,Clubhouse,2026-01-09 02:54:20,2026-01-09 20:00:00
R-138,Tennis Court,2026-01-09 03:30:10,2026-01-11 08:15:00
R-114,Gym,2026-01-09 03:38:08,2026-01-09 20:00:00
R-193,Clubhouse,2026-01-09 03:41:19,2026-01-09 20:30:00
R-145,Badminton Court,2026-01-09 05:41:58,2026-01-09 14:30:00
R-137,Badminton Court,2026-01-09 06:14:48,2026-01-09 19:45:00
R-122,Clubhouse,2026-01-09 08:52:50,2026-01-10 11:30:00
R-160,Swimming Pool,2026-01-09 09:04:11,2026-01-09 17:15:00
R-146,Badminton Court,2026-01-09 09:30:08,2026-01-10 18:45:00
R-153,Tennis Court,2026-01-09 09:36:32,2026-01-09 21:45:00
R-143,Swimming Pool,2026-01-09 10:09:34,2026-01-09 15:30:00
R-136,Tennis Court,2026-01-09 10:32:53,2026-01-10 17:30:00
R-164,Clubhouse,2026-01-09 10:48:35,2026-01-10 09:30:00
R-198,Tennis Court,2026-01-09 11:32:35,2026-01-10 17:30:00
R-217,Badminton Court,2026-01-09 11:33:09,2026-01-10 18:45:00
R-171,Gym,2026-01-09 11:54:06,2026-01-09 16:45:00
R-193,Clubhouse,2026-01-09 12:38:26,2026-01-10 14:15:00
R-214,Clubhouse,2026-01-09 12:39:48,2026-01-10 14:15:00
R-132,Tennis Court,2026-01-09 13:02:40,2026-01-11 17:30:00
R-177,Tennis Court,2026-01-09 14:31:24,2026-01-11 18:30:00
R-114,Tennis Court,2026-01-09 15:31:37,2026-01-10 20:30:00
R-105,Badminton Court,2026-01-09 15:44:19,2026-01-10 18:30:00
R-194,Swimming Pool,2026-01-09 16:49:06,2026-01-10 08:45:00
R-192,Badminton Court,2026-01-09 17:14:39,2026-01-10 20:00:00
R-156,Gym,2026-01-09 17:44:16,2026-01-10 07:45:00
R-159,Clubhouse,2026-01-09 18:22:36,2026-01-10 14:30:00
R-200,Swimming Pool,2026-01-09 18:31:10,2026-01-10 11:30:00
R-102,Badminton Court,2026-01-09 18:36:25,2026-01-10 07:15:00
R-144,Badminton Court,2026-01-09 18:47:46,2026-01-10 07:30:00
R-206,Gym,2026-01-09 18:58:22,2026-01-10 08:15:00
R-130,Tennis Court,2026-01-09 19:39:48,2026-01-11 07:00:00
R-133,Tennis Court,2026-01-09 19:47:47,2026-01-10 14:00:00
R-109,Gym,2026-01-09 20:17:38,2026-01-10 07:30:00
R-201,Clubhouse,2026-01-09 20:18:22,2026-01-10 11:00:00
R-166,Swimming Pool,2026-01-09 20:36:22,2026-01-10 08:45:00
R-190,Clubhouse,2026-01-09 20:46:56,2026-01-10 14:45:00
R-154,Swimming Pool,2026-01-09 21:41:04,2026-01-11 08:00:00
R-116,Gym,2026-01-09 21:42:46,2026-01-10 08:00:00
R-189,Gym,2026-01-09 21:57:12,2026-01-10 06:00:00
R-167,Gym,2026-01-09 22:23:08,2026-01-10 13:00:00
R-162,Swimming Pool,2026-01-09 23:10:54,2026-01-10 20:15:00
R-184,Gym,2026-01-09 23:23:35,2026-01-10 11:00:00
R-146,Tennis Court,2026-01-09 23:29:14,2026-01-11 17:15:00
R-161,Badminton Court,2026-01-10 00:45:52,2026-01-10 17:15:00
R-216,Swimming Pool,2026-01-10 00:59:09,2026-01-10 07:30:00
R-110,Swimming Pool,2026-01-10 01:05:57,2026-01-10 13:00:00
R-187,Tennis Court,2026-01-10 01:51:20,2026-01-10 07:45:00
R-119,Badminton Court,2026-01-10 02:38:36,2026-01-11 19:15:00
R-165,Gym,2026-01-10 03:18:58,2026-01-11 20:00:00
R-121,Clubhouse,2026-01-10 03:21:04,2026-01-10 19:00:00
R-171,Gym,2026-01-10 03:23:14,2026-01-10 10:00:00
R-104,Badminton Court,2026-01-10 04:14:53,2026-01-10 10:45:00
R-181,Clubhouse,2026-01-10 04:26:57,2026-01-10 11:00:00
R-176,Swimming Pool,2026-01-10 04:29:16,2026-01-10 10:45:00
R-182,Gym,2026-01-10 05:32:19,2026-01-10 10:45:00
R-103,Clubhouse,2026-01-10 06:08:32,2026-01-10 19:00:00
R-137,Tennis Court,2026-01-10 06:14:33,2026-01-10 19:45:00
R-219,Tennis Court,2026-01-10 07:03:07,2026-01-11 08:30:00
R-134,Tennis Court,2026-01-10 07:51:01,2026-01-10 15:15:00
R-145,Gym,2026-01-10 08:05:34,2026-01-11 06:30:00
R-172,Gym,2026-01-10 08:31:13,2026-01-10 21:15:00
R-143,Clubhouse,2026-01-10 08:46:44,2026-01-10 15:30:00
R-191,Swimming Pool,2026-01-10 09:11:22,2026-01-10 17:30:00
R-151,Clubhouse,2026-01-10 09:35:24,2026-01-10 15:00:00
R-160,Swimming Pool,2026-01-10 09:36:54,2026-01-10 15:45:00
R-213,Badminton Court,2026-01-10 10:23:16,2026-01-11 20:30:00
R-139,Badminton Court,2026-01-10 10:27:49,2026-01-10 17:45:00
R-149,Tennis Court,2026-01-10 10:56:49,2026-01-10 17:30:00
R-132,Badminton Court,2026-01-10 11:02:46,2026-01-12 18:00:00
R-179,Clubhouse,2026-01-10 11:03:29,2026-01-10 17:15:00
R-199,Swimming Pool,2026-01-10 11:05:27,2026-01-10 15:15:00
R-211,Swimming Pool,2026-01-10 11:37:23,2026-01-10 17:30:00
R-209,Swimming Pool,2026-01-10 11:38:19,2026-01-10 17:45:00
R-140,Swimming Pool,2026-01-10 12:13:25,2026-01-10 17:15:00
R-112,Clubhouse,2026-01-10 13:42:17,2026-01-11 13:15:00
R-120,Tennis Court,2026-01-10 14:36:56,2026-01-10 18:15:00
R-215,Tennis Court,2026-01-10 14:44:41,2026-01-11 08:45:00
R-217,Tennis Court,2026-01-10 15:31:10,2026-01-11 19:15:00
R-207,Badminton Court,2026-01-10 15:48:05,2026-01-11 18:00:00
R-175,Tennis Court,2026-01-10 18:32:43,2026-01-12 17:45:00
R-135,Gym,2026-01-10 18:54:30,2026-01-11 06:30:00
R-133,Gym,2026-01-10 19:21:54,2026-01-11 14:30:00
R-128,Badminton Court,2026-01-10 19:32:34,2026-01-11 07:30:00
R-113,Gym,2026-01-10 19:37:02,2026-01-11 07:15:00
R-162,Badminton Court,2026-01-10 19:53:00,2026-01-11 19:00:00
R-201,Clubhouse,2026-01-10 19:53:09,2026-01-11 08:00:00
R-153,Gym,2026-01-10 20:02:13,2026-01-11 07:30:00
R-170,Badminton Court,2026-01-10 20:18:22,2026-01-11 20:15:00
R-191,Swimming Pool,2026-01-10 21:19:02,2026-01-11 14:30:00
R-147,Gym,2026-01-10 21:34:01,2026-01-11 08:30:00
R-190,Clubhouse,2026-01-10 21:37:06,2026-01-11 14:45:00
R-218,Swimming Pool,2026-01-10 22:02:34,2026-01-11 12:00:00
R-110,Gym,2026-01-10 22:39:37,2026-01-11 11:15:00
R-192,Badminton Court,2026-01-10 23:41:26,2026-01-12 12:00:00
R-173,Tennis Court,2026-01-11 03:21:06,2026-01-12 20:45:00
R-164,Clubhouse,2026-01-11 03:29:33,2026-01-11 19:30:00
R-122,Swimming Pool,2026-01-11 04:12:14,2026-01-11 20:30:00
R-148,Swimming Pool,2026-01-11 04:26:36,2026-01-11 10:30:00
R-185,Swimming Pool,2026-01-11 04:42:56,2026-01-11 11:30:00
R-205,Swimming Pool,2026-01-11 04:49:11,2026-01-11 11:00:00
R-176,Gym,2026-01-11 05:04:41,2026-01-11 11:15:00
R-199,Swimming Pool,2026-01-11 05:05:43,2026-01-11 11:45:00
R-140,Tennis Court,2026-01-11 05:32:10,2026-01-11 11:30:00
R-106,Badminton Court,2026-01-11 05:47:27,2026-01-12 18:00:00
R-214,Tennis Court,2026-01-11 05:48:32,2026-01-11 18:00:00
R-142,Clubhouse,2026-01-11 05:56:32,2026-01-12 18:30:00
R-210,Tennis Court,2026-01-11 05:57:09,2026-01-13 07:15:00
R-166,Clubhouse,2026-01-11 06:10:34,2026-01-11 19:15:00
R-178,Swimming Pool,2026-01-11 06:17:45,2026-01-11 19:30:00
R-143,Swimming Pool,2026-01-11 06:21:23,2026-01-11 11:30:00
R-193,Clubhouse,2026-01-11 06:49:58,2026-01-12 11:00:00
R-139,Clubhouse,2026-01-11 06:53:25,2026-01-11 11:15:00
R-168,Gym,2026-01-11 07:13:04,2026-01-12 07:30:00
R-171,Clubhouse,2026-01-11 07:21:59,2026-01-11 15:00:00
R-216,Tennis Court,2026-01-11 07:22:55,2026-01-11 15:00:00
R-181,Tennis Court,2026-01-11 07:28:34,2026-01-11 16:45:00
R-207,Badminton Court,2026-01-11 08:00:05,2026-01-12 18:45:00
R-203,Tennis Court,2026-01-11 08:21:56,2026-01-12 14:45:00
R-184,Clubhouse,2026-01-11 08:57:05,2026-01-11 19:30:00
R-104,Swimming Pool,2026-01-11 09:15:22,2026-01-11 17:15:00
R-163,Swimming Pool,2026-01-11 09:20:12,2026-01-11 15:45:00
R-160,Swimming Pool,2026-01-11 09:31:00,2026-01-11 17:00:00
R-170,Badminton Court,2026-01-11 09:59:24,2026-01-12 18:30:00
R-211,Clubhouse,2026-01-11 10:06:02,2026-01-11 17:30:00
R-136,Badminton Court,2026-01-11 10:47:54,2026-01-12 20:45:00
R-141,Gym,2026-01-11 10:49:13,2026-01-12 20:45:00
R-107,Tennis Court,2026-01-11 11:05:53,2026-01-12 20:30:00
R-102,Swimming Pool,2026-01-11 11:10:10,2026-01-12 06:00:00
R-125,Gym,2026-01-11 11:12:44,2026-01-12 15:45:00
R-196,Tennis Court,2026-01-11 12:11:55,2026-01-12 18:30:00
R-182,Clubhouse,2026-01-11 12:13:37,2026-01-11 17:15:00
R-209,Swimming Pool,2026-01-11 12:15:10,2026-01-11 15:45:00
R-138,Tennis Court,2026-01-11 12:18:53,2026-01-13 08:00:00
R-135,Swimming Pool,2026-01-11 12:44:50,2026-01-12 08:00:00
R-101,Gym,2026-01-11 13:04:55,2026-01-12 08:15:00
R-117,Swimming Pool,2026-01-11 13:11:13,2026-01-12 07:15:00
R-174,Gym,2026-01-11 13:27:17,2026-01-12 06:30:00
R-165,Clubhouse,2026-01-11 14:04:28,2026-01-12 20:30:00
R-145,Gym,2026-01-11 14:44:41,2026-01-12 06:15:00
R-156,Gym,2026-01-11 15:12:11,2026-01-12 07:45:00
R-208,Gym,2026-01-11 15:24:32,2026-01-12 07:30:00
R-195,Badminton Court,2026-01-11 15:41:56,2026-01-12 19:15:00
R-212,Swimming Pool,2026-01-11 15:47:45,2026-01-12 08:15:00
R-157,Tennis Court,2026-01-11 16:04:10,2026-01-13 18:30:00
R-115,Tennis Court,2026-01-11 16:09:11,2026-01-13 07:30:00
R-131,Clubhouse,2026-01-11 16:33:53,2026-01-12 18:45:00
R-123,Gym,2026-01-11 16:34:49,2026-01-12 08:15:00
R-105,Badminton Court,2026-01-11 16:40:43,2026-01-12 20:30:00
R-147,Badminton Court,2026-01-11 17:09:23,2026-01-12 06:15:00
R-191,Badminton Court,2026-01-11 17:11:00,2026-01-12 08:30:00
R-144,Gym,2026-01-11 17:24:47,2026-01-12 08:45:00
R-213,Badminton Court,2026-01-11 17:48:01,2026-01-12 20:45:00
R-118,Gym,2026-01-11 17:54:51,2026-01-12 07:45:00
R-152,Gym,2026-01-11 17:56:14,2026-01-12 07:15:00
R-189,Badminton Court,2026-01-11 18:12:05,2026-01-12 08:00:00
R-158,Gym,2026-01-11 18:34:05,2026-01-12 08:45:00
R-206,Swimming Pool,2026-01-11 18:36:16,2026-01-12 07:45:00
R-159,Swimming Pool,2026-01-11 19:05:12,2026-01-12 18:45:00
R-215,Badminton Court,2026-01-11 19:37:23,2026-01-12 08:00:00
R-161,Swimming Pool,2026-01-11 19:44:31,2026-01-12 07:30:00
R-130,Tennis Court,2026-01-11 20:19:59,2026-01-13 18:30:00
R-172,Gym,2026-01-11 20:25:59,2026-01-12 08:15:00
R-113,Clubhouse,2026-01-11 21:10:07,2026-01-12 07:15:00
R-180,Clubhouse,2026-01-11 22:11:31,2026-01-13 20:15:00
R-103,Gym,2026-01-11 22:16:04,2026-01-12 11:45:00
R-146,Tennis Court,2026-01-11 22:29:13,2026-01-13 17:00:00
R-116,Gym,2026-01-11 23:16:52,2026-01-12 08:45:00
R-186,Badminton Court,2026-01-11 23:32:23,2026-01-12 18:45:00
R-183,Clubhouse,2026-01-11 23:50:53,2026-01-13 06:45:00
R-169,Gym,2026-01-12 00:03:55,2026-01-12 09:15:00
R-218,Badminton Court,2026-01-12 00:40:52,2026-01-12 07:45:00
R-217,Clubhouse,2026-01-12 00:41:46,2026-01-12 19:45:00
R-167,Gym,2026-01-12 01:21:11,2026-01-12 08:00:00
R-177,Tennis Court,2026-01-12 03:25:37,2026-01-13 20:30:00
R-109,Gym,2026-01-12 03:43:11,2026-01-12 07:45:00
R-104,Swimming Pool,2026-01-12 04:06:32,2026-01-12 10:30:00
R-110,Badminton Court,2026-01-12 07:05:14,2026-01-12 18:00:00
R-205,Tennis Court,2026-01-12 07:35:50,2026-01-12 15:45:00
R-173,Badminton Court,2026-01-12 08:45:10,2026-01-13 19:30:00
R-194,Gym,2026-01-12 08:56:20,2026-01-12 17:30:00
R-174,Gym,2026-01-12 09:30:47,2026-01-13 07:15:00
R-208,Gym,2026-01-12 09:35:15,2026-01-13 07:00:00
R-105,Badminton Court,2026-01-12 09:52:39,2026-01-13 20:45:00
R-163,Swimming Pool,2026-01-12 10:07:31,2026-01-12 17:30:00
R-142,Badminton Court,2026-01-12 10:07:57,2026-01-13 18:00:00
R-213,Badminton Court,2026-01-12 10:49:29,2026-01-13 15:30:00
R-217,Badminton Court,2026-01-12 11:28:43,2026-01-13 19:15:00
R-128,Swimming Pool,2026-01-12 11:35:56,2026-01-12 19:45:00
R-212,Swimming Pool,2026-01-12 11:41:13,2026-01-13 08:30:00
R-203,Badminton Court,2026-01-12 12:51:48,2026-01-13 18:30:00
R-207,Badminton Court,2026-01-12 13:00:41,2026-01-13 20:15:00
R-195,Gym,2026-01-12 13:03:47,2026-01-13 11:45:00
R-165,Badminton Court,2026-01-12 13:04:25,2026-01-13 18:45:00
R-170,Badminton Court,2026-01-12 13:19:52,2026-01-13 19:30:00
R-186,Clubhouse,2026-01-12 14:43:00,2026-01-13 07:45:00
R-189,Clubhouse,2026-01-12 15:00:30,2026-01-13 07:00:00
R-118,Gym,2026-01-12 15:48:51,2026-01-13 07:45:00
R-110,Badminton Court,2026-01-12 16:00:50,2026-01-13 11:00:00
R-141,Tennis Court,2026-01-12 16:08:14,2026-01-13 20:00:00
R-196,Badminton Court,2026-01-12 16:15:56,2026-01-13 20:30:00
R-107,Badminton Court,2026-01-12 16:31:25,2026-01-13 18:15:00
R-144,Gym,2026-01-12 17:18:42,2026-01-13 07:45:00
R-137,Badminton Court,2026-01-12 18:05:48,2026-01-13 07:45:00
R-147,Gym,2026-01-12 18:06:28,2026-01-13 08:15:00
R-116,Tennis Court,2026-01-12 18:07:39,2026-01-13 09:30:00
R-158,Gym,2026-01-12 18:12:41,2026-01-13 06:15:00
R-172,Gym,2026-01-12 18:42:15,2026-01-13 08:15:00
R-117,Gym,2026-01-12 18:54:40,2026-01-13 08:15:00
R-145,Clubhouse,2026-01-12 19:15:10,2026-01-13 07:45:00
R-123,Gym,2026-01-12 19:17:49,2026-01-13 06:15:00
R-156,Badminton Court,2026-01-12 19:25:30,2026-01-13 07:00:00
R-102,Clubhouse,2026-01-12 21:03:44,2026-01-13 10:00:00
R-167,Swimming Pool,2026-01-12 21:14:13,2026-01-13 08:30:00
R-101,Gym,2026-01-12 21:26:04,2026-01-13 06:00:00
R-215,Clubhouse,2026-01-12 22:02:33,2026-01-13 08:00:00
R-113,Swimming Pool,2026-01-12 22:12:43,2026-01-13 14:45:00
R-127,Swimming Pool,2026-01-12 22:27:10,2026-01-13 07:30:00
R-168,Gym,2026-01-12 22:54:23,2026-01-13 08:45:00
R-206,Badminton Court,2026-01-12 23:26:44,2026-01-13 08:00:00
R-136,Badminton Court,2026-01-12 23:32:03,2026-01-13 20:45:00
R-135,Gym,2026-01-12 23:48:13,2026-01-13 08:15:00
R-192,Swimming Pool,2026-01-13 00:12:19,2026-01-13 20:30:00
R-103,Swimming Pool,2026-01-13 00:19:26,2026-01-13 17:15:00
R-109,Gym,2026-01-13 00:30:32,2026-01-13 08:45:00
R-191,Swimming Pool,2026-01-13 00:51:53,2026-01-13 17:45:00
R-187,Badminton Court,2026-01-13 01:24:38,2026-01-13 11:45:00
R-128,Tennis Court,2026-01-13 01:44:10,2026-01-13 08:00:00
R-177,Badminton Court,2026-01-13 01:50:34,2026-01-15 08:00:00
R-108,Swimming Pool,2026-01-13 03:25:07,2026-01-13 11:15:00
R-195,Badminton Court,2026-01-13 03:47:05,2026-01-14 18:30:00
R-106,Gym,2026-01-13 05:03:06,2026-01-14 18:15:00
R-203,Gym,2026-01-13 05:03:53,2026-01-14 19:30:00
R-104,Swimming Pool,2026-01-13 05:29:06,2026-01-13 13:00:00
R-171,Clubhouse,2026-01-13 05:31:40,2026-01-13 11:15:00
R-196,Badminton Court,2026-01-13 06:28:07,2026-01-14 19:00:00
R-148,Swimming Pool,2026-01-13 06:36:14,2026-01-13 10:30:00
R-149,Clubhouse,2026-01-13 06:52:32,2026-01-13 15:30:00
R-194,Swimming Pool,2026-01-13 07:23:02,2026-01-13 17:15:00
R-184,Swimming Pool,2026-01-13 09:34:00,2026-01-13 19:15:00
R-175,Tennis Court,2026-01-13 10:51:25,2026-01-15 12:00:00
R-153,Clubhouse,2026-01-13 10:58:53,2026-01-13 19:15:00
R-142,Badminton Court,2026-01-13 11:02:36,2026-01-14 20:00:00
R-120,Badminton Court,2026-01-13 11:10:23,2026-01-14 19:15:00
R-134,Tennis Court,2026-01-13 11:39:17,2026-01-13 16:45:00
R-119,Swimming Pool,2026-01-13 11:43:25,2026-01-14 19:15:00
R-213,Badminton Court,2026-01-13 12:07:58,2026-01-14 18:15:00
R-139,Swimming Pool,2026-01-13 12:24:21,2026-01-13 17:00:00
R-198,Clubhouse,2026-01-13 13:20:41,2026-01-15 07:45:00
R-152,Badminton Court,2026-01-13 13:40:04,2026-01-14 07:45:00
R-141,Gym,2026-01-13 14:38:22,2026-01-14 19:15:00
R-115,Gym,2026-01-13 14:59:48,2026-01-15 17:00:00
R-107,Badminton Court,2026-01-13 15:00:06,2026-01-14 10:30:00
R-165,Badminton Court,2026-01-13 15:33:23,2026-01-14 20:45:00
R-145,Tennis Court,2026-01-13 15:52:13,2026-01-14 06:45:00
R-167,Gym,2026-01-13 15:53:16,2026-01-14 08:45:00
R-158,Gym,2026-01-13 15:54:05,2026-01-14 08:00:00
R-192,Badminton Court,2026-01-13 16:45:31,2026-01-14 19:45:00
R-147,Badminton Court,2026-01-13 17:30:19,2026-01-14 07:30:00
R-118,Swimming Pool,2026-01-13 17:42:40,2026-01-14 08:30:00
R-207,Tennis Court,2026-01-13 17:51:34,2026-01-14 19:30:00
R-113,Clubhouse,2026-01-13 17:59:40,2026-01-14 08:15:00
R-174,Gym,2026-01-13 18:03:06,2026-01-14 08:15:00
R-168,Swimming Pool,2026-01-13 18:12:49,2026-01-14 08:15:00
R-206,Clubhouse,2026-01-13 18:13:46,2026-01-14 08:45:00
R-172,Gym,2026-01-13 18:24:15,2026-01-14 07:45:00
R-164,Tennis Court,2026-01-13 18:44:50,2026-01-14 15:00:00
R-170,Swimming Pool,2026-01-13 19:15:59,2026-01-14 19:00:00
R-103,Badminton Court,2026-01-13 19:20:01,2026-01-14 07:00:00
R-102,Gym,2026-01-13 19:28:20,2026-01-14 06:15:00
R-117,Gym,2026-01-13 19:37:19,2026-01-14 07:00:00
R-212,Gym,2026-01-13 19:41:17,2026-01-14 08:15:00
R-208,Clubhouse,2026-01-13 20:28:21,2026-01-14 08:30:00
R-105,Badminton Court,2026-01-13 21:04:38,2026-01-14 18:45:00
R-125,Badminton Court,2026-01-13 21:13:41,2026-01-14 19:00:00
R-123,Gym,2026-01-13 21:44:49,2026-01-14 08:00:00
R-109,Gym,2026-01-13 23:10:30,2026-01-14 08:15:00
R-116,Badminton Court,2026-01-13 23:16:11,2026-01-14 16:00:00
R-166,Badminton Court,2026-01-13 23:49:30,2026-01-14 11:45:00
R-156,Badminton Court,2026-01-14 00:00:37,2026-01-14 16:00:00
R-203,Badminton Court,2026-01-14 02:54:18,2026-01-15 19:30:00
R-165,Gym,2026-01-14 03:04:09,2026-01-15 18:00:00
R-182,Swimming Pool,2026-01-14 03:54:11,2026-01-14 10:00:00
R-219,Gym,2026-01-14 04:04:32,2026-01-15 08:00:00
R-142,Badminton Court,2026-01-14 04:31:04,2026-01-15 20:30:00
R-163,Badminton Court,2026-01-14 04:46:46,2026-01-14 10:15:00
R-144,Gym,2026-01-14 05:12:36,2026-01-14 15:15:00
R-189,Clubhouse,2026-01-14 05:47:15,2026-01-14 16:30:00
R-183,Tennis Court,2026-01-14 05:49:41,2026-01-14 20:00:00
R-157,Tennis Court,2026-01-14 06:21:36,2026-01-15 18:00:00
R-210,Tennis Court,2026-01-14 06:59:42,2026-01-15 18:45:00
R-143,Swimming Pool,2026-01-14 07:30:58,2026-01-14 16:45:00
R-108,Clubhouse,2026-01-14 08:51:06,2026-01-14 19:15:00
R-156,Tennis Court,2026-01-14 08:56:57,2026-01-15 06:30:00
R-176,Clubhouse,2026-01-14 08:57:19,2026-01-14 15:45:00
R-169,Swimming Pool,2026-01-14 09:26:07,2026-01-14 17:30:00
R-199,Gym,2026-01-14 10:04:12,2026-01-14 15:45:00
R-161,Gym,2026-01-14 11:03:49,2026-01-14 19:30:00
R-151,Swimming Pool,2026-01-14 11:39:28,2026-01-14 17:00:00
R-158,Badminton Court,2026-01-14 11:41:38,2026-01-15 06:15:00
R-198,Tennis Court,2026-01-14 12:10:44,2026-01-16 19:00:00
R-192,Badminton Court,2026-01-14 12:16:54,2026-01-15 18:15:00
R-174,Gym,2026-01-14 12:27:14,2026-01-15 07:00:00
R-120,Badminton Court,2026-01-14 13:19:49,2026-01-15 09:30:00
R-147,Gym,2026-01-14 13:21:37,2026-01-15 07:00:00
R-141,Badminton Court,2026-01-14 13:27:38,2026-01-15 16:15:00
R-102,Gym,2026-01-14 14:03:23,2026-01-15 07:15:00
R-213,Badminton Court,2026-01-14 14:27:57,2026-01-15 19:30:00
R-212,Gym,2026-01-14 14:43:19,2026-01-15 06:45:00
R-208,Gym,2026-01-14 14:44:33,2026-01-15 06:00:00
R-189,Gym,2026-01-14 14:52:30,2026-01-15 07:00:00
R-119,Badminton Court,2026-01-14 14:59:17,2026-01-15 19:45:00
R-201,Tennis Court,2026-01-14 15:37:59,2026-01-15 08:00:00
R-152,Gym,2026-01-14 15:52:38,2026-01-15 08:15:00
R-144,Badminton Court,2026-01-14 16:58:57,2026-01-15 06:15:00
R-168,Swimming Pool,2026-01-14 17:16:50,2026-01-15 07:30:00
R-170,Badminton Court,2026-01-14 17:36:10,2026-01-15 20:00:00
R-217,Tennis Court,2026-01-14 17:56:15,2026-01-15 20:00:00
R-106,Tennis Court,2026-01-14 18:12:45,2026-01-15 20:45:00
R-196,Badminton Court,2026-01-14 18:20:00,2026-01-15 18:15:00
R-116,Gym,2026-01-14 18:22:13,2026-01-15 07:00:00
R-117,Gym,2026-01-14 18:33:11,2026-01-15 08:30:00
R-175,Badminton Court,2026-01-14 18:53:46,2026-01-17 10:30:00
R-170,Badminton Court,2026-01-14 19:34:53,2026-01-16 06:45:00
R-133,Badminton Court,2026-01-14 19:42:01,2026-01-15 15:30:00
R-129,Clubhouse,2026-01-14 19:54:16,2026-01-15 15:45:00
R-172,Swimming Pool,2026-01-14 20:18:31,2026-01-15 07:30:00
R-145,Clubhouse,2026-01-14 20:20:30,2026-01-15 08:00:00
R-183,Badminton Court,2026-01-14 20:42:17,2026-01-15 19:45:00
R-206,Badminton Court,2026-01-14 20:44:17,2026-01-15 07:45:00
R-101,Gym,2026-01-14 21:22:12,2026-01-15 06:00:00
R-167,Tennis Court,2026-01-14 21:40:10,2026-01-15 07:30:00
R-123,Gym,2026-01-14 21:58:45,2026-01-15 08:30:00
R-195,Badminton Court,2026-01-14 22:13:45,2026-01-15 19:45:00
R-105,Badminton Court,2026-01-14 23:18:28,2026-01-15 20:00:00
R-109,Gym,2026-01-15 00:01:29,2026-01-15 12:15:00
R-131,Badminton Court,2026-01-15 00:06:05,2026-01-15 19:45:00
R-198,Tennis Court,2026-01-15 01:11:28,2026-01-17 07:15:00
R-191,Swimming Pool,2026-01-15 01:48:59,2026-01-15 17:45:00
R-141,Gym,2026-01-15 02:33:58,2026-01-16 16:45:00
R-157,Tennis Court,2026-01-15 03:48:58,2026-01-17 08:30:00
R-113,Badminton Court,2026-01-15 04:10:29,2026-01-15 21:15:00
R-132,Badminton Court,2026-01-15 06:11:22,2026-01-16 19:45:00
R-131,Badminton Court,2026-01-15 06:44:02,2026-01-16 19:45:00
R-211,Swimming Pool,2026-01-15 06:55:19,2026-01-15 11:00:00
R-100,Gym,2026-01-15 07:08:01,2026-01-15 17:15:00
R-153,Gym,2026-01-15 07:12:49,2026-01-15 17:45:00
R-167,Gym,2026-01-15 07:47:46,2026-01-16 06:45:00
R-183,Badminton Court,2026-01-15 07:48:46,2026-01-16 18:30:00
R-125,Badminton Court,2026-01-15 07:56:54,2026-01-16 18:15:00
R-173,Badminton Court,2026-01-15 08:13:38,2026-01-16 06:30:00
R-105,Badminton Court,2026-01-15 08:16:47,2026-01-16 18:30:00
R-143,Swimming Pool,2026-01-15 08:17:35,2026-01-15 16:30:00
R-110,Swimming Pool,2026-01-15 08:45:47,2026-01-15 17:15:00
R-180,Badminton Court,2026-01-15 09:22:31,2026-01-16 18:15:00
R-179,Swimming Pool,2026-01-15 10:19:34,2026-01-15 16:45:00
R-156,Clubhouse,2026-01-15 10:36:58,2026-01-16 06:30:00
R-216,Swimming Pool,2026-01-15 10:49:54,2026-01-15 16:30:00
R-152,Gym,2026-01-15 10:53:59,2026-01-16 06:00:00
R-168,Gym,2026-01-15 11:21:09,2026-01-16 06:45:00
R-106,Badminton Court,2026-01-15 11:21:31,2026-01-16 20:30:00
R-196,Gym,2026-01-15 11:27:45,2026-01-16 19:30:00
R-192,Gym,2026-01-15 11:38:22,2026-01-16 19:00:00
R-136,Badminton Court,2026-01-15 12:18:14,2026-01-16 18:15:00
R-135,Gym,2026-01-15 12:56:14,2026-01-16 08:00:00
R-219,Tennis Court,2026-01-15 13:26:07,2026-01-17 18:15:00
R-107,Badminton Court,2026-01-15 13:57:57,2026-01-16 20:15:00
R-132,Tennis Court,2026-01-15 13:58:03,2026-01-17 17:15:00
R-120,Badminton Court,2026-01-15 14:35:17,2026-01-16 20:45:00
R-195,Clubhouse,2026-01-15 14:40:15,2026-01-16 20:00:00
R-206,Gym,2026-01-15 14:46:47,2026-01-16 06:00:00
R-212,Badminton Court,2026-01-15 15:07:08,2026-01-16 06:15:00
R-146,Clubhouse,2026-01-15 15:09:36,2026-01-17 17:30:00
R-121,Clubhouse,2026-01-15 15:14:20,2026-01-16 19:45:00
R-101,Badminton Court,2026-01-15 15:18:16,2026-01-16 08:30:00
R-102,Badminton Court,2026-01-15 15:19:06,2026-01-16 08:15:00
R-171,Gym,2026-01-15 15:36:53,2026-01-15 21:45:00
R-208,Gym,2026-01-15 15:47:59,2026-01-16 08:30:00
R-172,Gym,2026-01-15 15:55:34,2026-01-16 08:00:00
R-203,Badminton Court,2026-01-15 16:07:46,2026-01-16 18:00:00
R-122,Clubhouse,2026-01-15 16:10:20,2026-01-16 15:00:00
R-213,Badminton Court,2026-01-15 16:31:59,2026-01-16 19:30:00
R-124,Clubhouse,2026-01-15 16:36:24,2026-01-16 14:15:00
R-109,Tennis Court,2026-01-15 16:53:38,2026-01-16 07:00:00
R-187,Gym,2026-01-15 17:20:49,2026-01-16 07:45:00
R-116,Swimming Pool,2026-01-15 17:33:02,2026-01-16 07:15:00
R-192,Swimming Pool,2026-01-15 17:53:53,2026-01-17 20:15:00
R-217,Badminton Court,2026-01-15 17:58:44,2026-01-16 18:15:00
R-117,Badminton Court,2026-01-15 18:08:35,2026-01-16 08:15:00
R-174,Gym,2026-01-15 18:30:42,2026-01-16 08:30:00
R-207,Badminton Court,2026-01-15 19:11:39,2026-01-16 19:30:00
R-189,Tennis Court,2026-01-15 19:30:31,2026-01-16 07:00:00
R-214,Clubhouse,2026-01-15 19:40:55,2026-01-16 18:15:00
R-133,Clubhouse,2026-01-15 19:54:02,2026-01-16 19:30:00
R-128,Gym,2026-01-15 20:15:05,2026-01-16 07:30:00
R-165,Gym,2026-01-15 20:21:46,2026-01-16 20:30:00
R-145,Gym,2026-01-15 21:06:36,2026-01-16 08:15:00
R-144,Gym,2026-01-15 21:07:19,2026-01-16 07:15:00
R-118,Tennis Court,2026-01-15 21:13:18,2026-01-16 06:00:00
R-123,Swimming Pool,2026-01-15 23:09:45,2026-01-16 07:00:00
R-129,Badminton Court,2026-01-15 23:35:53,2026-01-16 19:30:00
R-169,Badminton Court,2026-01-15 23:43:54,2026-01-16 17:45:00
R-142,Badminton Court,2026-01-16 00:53:56,2026-01-16 18:45:00
R-197,Tennis Court,2026-01-16 01:57:21,2026-01-18 08:30:00
R-113,Gym,2026-01-16 02:34:49,2026-01-16 16:15:00
R-175,Badminton Court,2026-01-16 03:04:36,2026-01-18 07:30:00
R-194,Tennis Court,2026-01-16 03:05:46,2026-01-16 11:00:00
R-164,Gym,2026-01-16 03:21:53,2026-01-16 20:30:00
R-201,Gym,2026-01-16 03:33:27,2026-01-16 19:00:00
R-147,Swimming Pool,2026-01-16 04:04:45,2026-01-16 10:45:00
R-159,Tennis Court,2026-01-16 04:15:16,2026-01-16 20:30:00
R-190,Swimming Pool,2026-01-16 05:04:57,2026-01-16 15:45:00
R-154,Clubhouse,2026-01-16 07:15:27,2026-01-17 16:45:00
R-160,Tennis Court,2026-01-16 08:00:00,2026-01-16 15:45:00
R-210,Tennis Court,2026-01-16 08:36:14,2026-01-18 08:00:00
R-150,Clubhouse,2026-01-16 09:14:39,2026-01-16 20:45:00
R-103,Swimming Pool,2026-01-16 10:11:27,2026-01-16 19:45:00
R-199,Tennis Court,2026-01-16 10:52:36,2026-01-16 17:45:00
R-204,Badminton Court,2026-01-16 11:00:36,2026-01-16 19:15:00
R-170,Badminton Court,2026-01-16 12:41:38,2026-01-17 19:45:00
R-186,Tennis Court,2026-01-16 13:19:14,2026-01-16 17:00:00
R-172,Gym,2026-01-16 13:49:58,2026-01-17 06:00:00
R-157,Tennis Court,2026-01-16 15:14:12,2026-01-18 07:30:00
R-130,Tennis Court,2026-01-16 15:27:16,2026-01-17 08:00:00
R-212,Gym,2026-01-16 15:45:45,2026-01-17 06:00:00
R-125,Badminton Court,2026-01-16 15:50:07,2026-01-17 18:15:00
R-102,Gym,2026-01-16 16:10:50,2026-01-17 06:00:00
R-189,Clubhouse,2026-01-16 16:12:49,2026-01-17 06:00:00
R-123,Gym,2026-01-16 17:27:46,2026-01-17 06:45:00
R-116,Tennis Court,2026-01-16 17:34:29,2026-01-17 08:00:00
R-146,Tennis Court,2026-01-16 18:29:14,2026-01-18 18:45:00
R-126,Swimming Pool,2026-01-16 18:38:52,2026-01-17 07:45:00
R-200,Clubhouse,2026-01-16 18:39:36,2026-01-17 07:00:00
R-161,Tennis Court,2026-01-16 19:12:48,2026-01-17 08:30:00
R-214,Swimming Pool,2026-01-16 19:14:10,2026-01-17 19:30:00
R-127,Tennis Court,2026-01-16 19:16:18,2026-01-17 11:45:00
R-154,Tennis Court,2026-01-16 19:19:00,2026-01-18 17:00:00
R-178,Gym,2026-01-16 19:34:44,2026-01-17 07:45:00
R-129,Swimming Pool,2026-01-16 19:51:20,2026-01-17 14:30:00
R-109,Gym,2026-01-16 20:05:33,2026-01-17 06:15:00
R-184,Swimming Pool,2026-01-16 20:07:55,2026-01-17 08:30:00
R-114,Clubhouse,2026-01-16 20:28:57,2026-01-17 18:15:00
R-168,Gym,2026-01-16 21:11:54,2026-01-17 11:30:00
R-190,Clubhouse,2026-01-16 22:10:45,2026-01-17 14:30:00
R-153,Swimming Pool,2026-01-16 22:42:13,2026-01-17 08:30:00
R-144,Gym,2026-01-16 22:43:08,2026-01-17 07:15:00
R-101,Badminton Court,2026-01-16 23:08:23,2026-01-17 09:15:00
R-186,Gym,2026-01-17 00:19:53,2026-01-17 11:15:00
R-132,Tennis Court,2026-01-17 00:24:18,2026-01-18 07:15:00
R-121,Swimming Pool,2026-01-17 01:15:02,2026-01-17 20:45:00
R-193,Clubhouse,2026-01-17 01:22:54,2026-01-17 19:15:00
R-215,Badminton Court,2026-01-17 01:25:50,2026-01-17 11:30:00
R-141,Tennis Court,2026-01-17 01:25:56,2026-01-18 07:00:00
R-171,Swimming Pool,2026-01-17 02:08:38,2026-01-17 09:30:00
R-134,Clubhouse,2026-01-17 04:23:58,2026-01-17 10:30:00
R-140,Clubhouse,2026-01-17 04:58:33,2026-01-17 11:45:00
R-149,Swimming Pool,2026-01-17 05:03:01,2026-01-17 11:45:00
R-103,Tennis Court,2026-01-17 05:06:49,2026-01-17 08:30:00
R-160,Swimming Pool,2026-01-17 05:15:18,2026-01-17 15:15:00
R-145,Swimming Pool,2026-01-17 05:21:06,2026-01-17 17:30:00
R-125,Clubhouse,2026-01-17 05:36:52,2026-01-18 19:30:00
R-176,Gym,2026-01-17 05:39:14,2026-01-17 13:45:00
R-182,Swimming Pool,2026-01-17 05:56:55,2026-01-17 10:45:00
R-177,Tennis Court,2026-01-17 06:11:07,2026-01-18 18:15:00
R-205,Tennis Court,2026-01-17 06:11:24,2026-01-17 15:00:00
R-188,Swimming Pool,2026-01-17 06:12:56,2026-01-17 19:45:00
R-108,Tennis Court,2026-01-17 06:41:08,2026-01-17 19:45:00
R-185,Gym,2026-01-17 06:48:46,2026-01-17 15:15:00
R-152,Gym,2026-01-17 07:07:29,2026-01-17 21:00:00
R-202,Badminton Court,2026-01-17 07:56:29,2026-01-17 20:45:00
R-166,Tennis Court,2026-01-17 08:13:57,2026-01-17 17:45:00
R-191,Swimming Pool,2026-01-17 08:17:29,2026-01-17 19:45:00
R-209,Tennis Court,2026-01-17 08:52:47,2026-01-17 16:30:00
R-104,Tennis Court,2026-01-17 09:14:28,2026-01-17 15:00:00
R-163,Gym,2026-01-17 09:27:37,2026-01-17 16:30:00
R-203,Clubhouse,2026-01-17 09:39:43,2026-01-18 20:45:00
R-198,Gym,2026-01-17 11:31:28,2026-01-18 17:45:00
R-202,Badminton Court,2026-01-17 11:37:14,2026-01-18 14:30:00
R-181,Swimming Pool,2026-01-17 12:13:08,2026-01-17 17:15:00
R-219,Tennis Court,2026-01-17 12:42:06,2026-01-19 18:00:00
R-112,Swimming Pool,2026-01-17 13:01:05,2026-01-18 07:00:00
R-148,Swimming Pool,2026-01-17 13:37:53,2026-01-17 17:45:00
R-123,Gym,2026-01-17 14:31:02,2026-01-18 06:00:00
R-146,Tennis Court,2026-01-17 15:16:21,2026-01-19 07:30:00
R-161,Swimming Pool,2026-01-17 15:19:55,2026-01-18 07:15:00
R-107,Tennis Court,2026-01-17 16:35:36,2026-01-18 18:15:00
R-136,Gym,2026-01-17 17:32:12,2026-01-18 19:45:00
R-201,Tennis Court,2026-01-17 19:10:37,2026-01-18 08:45:00
R-154,Tennis Court,2026-01-17 19:51:33,2026-01-20 08:30:00
R-133,Tennis Court,2026-01-17 20:36:30,2026-01-18 18:45:00
R-184,Swimming Pool,2026-01-17 20:47:41,2026-01-18 07:30:00
R-139,Swimming Pool,2026-01-17 21:33:38,2026-01-18 06:15:00
R-210,Tennis Court,2026-01-17 21:38:51,2026-01-19 07:45:00
R-154,Gym,2026-01-17 21:57:57,2026-01-19 18:45:00
R-120,Tennis Court,2026-01-17 22:41:09,2026-01-18 20:00:00
R-190,Clubhouse,2026-01-17 23:31:06,2026-01-18 15:00:00
R-146,Tennis Court,2026-01-17 23:42:36,2026-01-20 07:00:00
R-124,Clubhouse,2026-01-17 23:52:44,2026-01-18 20:00:00
R-192,Badminton Court,2026-01-18 00:27:49,2026-01-19 20:30:00
R-162,Clubhouse,2026-01-18 01:44:30,2026-01-18 19:15:00
R-131,Gym,2026-01-18 02:37:57,2026-01-19 19:30:00
R-151,Clubhouse,2026-01-18 02:47:17,2026-01-18 11:30:00
R-194,Tennis Court,2026-01-18 04:31:36,2026-01-18 17:30:00
R-165,Badminton Court,2026-01-18 04:55:53,2026-01-19 19:15:00
R-181,Badminton Court,2026-01-18 05:44:00,2026-01-18 11:15:00
R-199,Swimming Pool,2026-01-18 05:51:11,2026-01-18 11:15:00
R-170,Badminton Court,2026-01-18 06:41:50,2026-01-19 19:15:00
R-215,Clubhouse,2026-01-18 06:42:40,2026-01-18 19:15:00
R-134,Clubhouse,2026-01-18 06:47:00,2026-01-18 11:00:00
R-119,Tennis Court,2026-01-18 07:08:53,2026-01-19 18:45:00
R-179,Swimming Pool,2026-01-18 07:34:36,2026-01-18 16:00:00
R-182,Swimming Pool,2026-01-18 07:45:09,2026-01-18 15:15:00
R-178,Gym,2026-01-18 08:28:55,2026-01-18 19:15:00
R-142,Badminton Court,2026-01-18 09:20:52,2026-01-19 20:00:00
R-105,Badminton Court,2026-01-18 09:41:50,2026-01-19 18:15:00
R-209,Gym,2026-01-18 10:00:59,2026-01-18 15:00:00
R-132,Tennis Court,2026-01-18 10:14:06,2026-01-20 07:15:00
R-144,Badminton Court,2026-01-18 10:30:46,2026-01-19 06:30:00
R-141,Swimming Pool,2026-01-18 10:32:43,2026-01-19 20:00:00
R-120,Badminton Court,2026-01-18 11:08:03,2026-01-19 19:45:00
R-143,Gym,2026-01-18 11:57:29,2026-01-18 16:45:00
R-102,Tennis Court,2026-01-18 12:06:57,2026-01-19 06:00:00
R-172,Swimming Pool,2026-01-18 12:07:35,2026-01-19 08:15:00
R-210,Tennis Court,2026-01-18 12:20:44,2026-01-20 08:45:00
R-125,Swimming Pool,2026-01-18 12:40:44,2026-01-19 19:15:00
R-205,Swimming Pool,2026-01-18 12:45:01,2026-01-18 17:15:00
R-217,Badminton Court,2026-01-18 13:00:27,2026-01-19 18:30:00
R-130,Tennis Court,2026-01-18 13:03:07,2026-01-20 07:15:00
R-168,Tennis Court,2026-01-18 13:53:58,2026-01-19 07:00:00
R-101,Swimming Pool,2026-01-18 14:01:42,2026-01-19 06:15:00
R-158,Badminton Court,2026-01-18 14:12:48,2026-01-19 06:30:00
R-195,Gym,2026-01-18 14:15:02,2026-01-19 19:00:00
R-213,Tennis Court,2026-01-18 14:26:41,2026-01-19 19:15:00
R-173,Swimming Pool,2026-01-18 14:28:19,2026-01-19 19:00:00
R-152,Swimming Pool,2026-01-18 14:47:01,2026-01-19 06:00:00
R-161,Swimming Pool,2026-01-18 14:56:14,2026-01-19 11:00:00
R-136,Swimming Pool,2026-01-18 16:07:20,2026-01-19 18:00:00
R-156,Badminton Court,2026-01-18 16:30:11,2026-01-19 08:45:00
R-116,Gym,2026-01-18 17:03:50,2026-01-19 07:45:00
R-208,Gym,2026-01-18 17:04:56,2026-01-19 06:00:00
R-150,Swimming Pool,2026-01-18 17:11:26,2026-01-19 19:00:00
R-180,Badminton Court,2026-01-18 17:13:20,2026-01-19 19:30:00
R-114,Clubhouse,2026-01-18 17:23:29,2026-01-19 15:30:00
R-135,Gym,2026-01-18 17:34:04,2026-01-19 07:30:00
R-196,Badminton Court,2026-01-18 17:34:37,2026-01-19 18:30:00
R-145,Gym,2026-01-18 17:36:56,2026-01-19 07:15:00
R-117,Gym,2026-01-18 17:38:26,2026-01-19 08:45:00
R-206,Gym,2026-01-18 17:42:41,2026-01-19 08:00:00
R-197,Clubhouse,2026-01-18 17:55:52,2026-01-19 12:45:00
R-103,Swimming Pool,2026-01-18 18:10:54,2026-01-19 07:00:00
R-147,Gym,2026-01-18 18:30:17,2026-01-19 08:45:00
R-123,Badminton Court,2026-01-18 18:36:09,2026-01-19 07:15:00
R-187,Badminton Court,2026-01-18 18:49:11,2026-01-19 07:15:00
R-113,Gym,2026-01-18 19:01:35,2026-01-19 08:15:00
R-110,Badminton Court,2026-01-18 19:29:28,2026-01-19 08:15:00
R-169,Swimming Pool,2026-01-18 19:48:35,2026-01-19 08:30:00
R-166,Swimming Pool,2026-01-18 20:18:21,2026-01-19 07:15:00
R-118,Badminton Court,2026-01-18 20:31:26,2026-01-19 07:15:00
R-200,Clubhouse,2026-01-18 22:04:38,2026-01-19 08:00:00
R-204,Badminton Court,2026-01-18 22:44:57,2026-01-19 10:30:00
R-174,Tennis Court,2026-01-18 23:51:24,2026-01-19 08:15:00
R-109,Badminton Court,2026-01-18 23:58:10,2026-01-19 06:00:00
R-212,Gym,2026-01-19 00:03:47,2026-01-19 07:30:00
R-177,Tennis Court,2026-01-19 00:07:34,2026-01-20 08:00:00
R-137,Swimming Pool,2026-01-19 00:34:08,2026-01-19 07:45:00
R-207,Gym,2026-01-19 00:42:10,2026-01-19 18:30:00
R-153,Gym,2026-01-19 01:30:34,2026-01-19 17:00:00
R-203,Badminton Court,2026-01-19 01:50:39,2026-01-19 20:00:00
R-170,Badminton Court,2026-01-19 02:54:01,2026-01-20 18:00:00
R-107,Swimming Pool,2026-01-19 04:41:02,2026-01-19 20:45:00
R-182,Clubhouse,2026-01-19 04:51:49,2026-01-19 11:30:00
R-107,Badminton Court,2026-01-19 04:59:05,2026-01-20 15:15:00
R-111,Gym,2026-01-19 07:41:25,2026-01-19 19:30:00
R-183,Gym,2026-01-19 08:15:24,2026-01-20 20:45:00
R-131,Tennis Court,2026-01-19 09:19:40,2026-01-20 20:00:00
R-218,Gym,2026-01-19 09:30:21,2026-01-19 19:15:00
R-130,Tennis Court,2026-01-19 09:58:24,2026-01-21 10:30:00
R-198,Tennis Court,2026-01-19 10:31:49,2026-01-20 17:00:00
R-181,Swimming Pool,2026-01-19 10:45:53,2026-01-19 15:30:00
R-165,Tennis Court,2026-01-19 10:49:44,2026-01-20 18:15:00
R-189,Gym,2026-01-19 11:37:48,2026-01-20 08:15:00
R-199,Gym,2026-01-19 12:23:38,2026-01-19 17:45:00
R-117,Gym,2026-01-19 13:06:39,2026-01-20 06:15:00
R-125,Badminton Court,2026-01-19 14:49:09,2026-01-20 20:00:00
R-172,Gym,2026-01-19 15:31:17,2026-01-20 08:15:00
R-195,Badminton Court,2026-01-19 16:12:41,2026-01-20 20:15:00
R-136,Gym,2026-01-19 16:13:57,2026-01-20 20:00:00
R-145,Gym,2026-01-19 16:55:30,2026-01-20 07:15:00
R-123,Gym,2026-01-19 16:58:51,2026-01-20 07:15:00
R-207,Tennis Court,2026-01-19 17:14:05,2026-01-20 18:45:00
R-119,Swimming Pool,2026-01-19 17:17:02,2026-01-20 16:15:00
R-173,Badminton Court,2026-01-19 17:31:22,2026-01-20 19:45:00
R-196,Clubhouse,2026-01-19 17:34:47,2026-01-20 18:15:00
R-120,Badminton Court,2026-01-19 17:40:07,2026-01-20 20:45:00
R-109,Clubhouse,2026-01-19 17:56:26,2026-01-20 06:15:00
R-113,Gym,2026-01-19 17:59:10,2026-01-20 08:30:00
R-152,Badminton Court,2026-01-19 18:15:42,2026-01-20 06:00:00
R-203,Gym,2026-01-19 18:31:57,2026-01-20 20:00:00
R-102,Gym,2026-01-19 18:47:06,2026-01-20 06:30:00
R-215,Badminton Court,2026-01-19 18:57:00,2026-01-20 07:30:00
R-147,Gym,2026-01-19 19:01:53,2026-01-20 06:00:00
R-208,Gym,2026-01-19 19:04:37,2026-01-20 08:45:00
R-168,Gym,2026-01-19 19:10:34,2026-01-20 06:45:00
R-101,Gym,2026-01-19 19:53:48,2026-01-20 08:30:00
R-144,Gym,2026-01-19 19:55:13,2026-01-20 08:00:00
R-178,Gym,2026-01-19 20:32:25,2026-01-20 07:15:00
R-127,Swimming Pool,2026-01-19 20:47:44,2026-01-20 08:30:00
R-135,Gym,2026-01-19 21:06:24,2026-01-20 08:30:00
R-156,Tennis Court,2026-01-19 21:18:12,2026-01-20 08:00:00
R-212,Gym,2026-01-19 21:23:19,2026-01-20 06:00:00
R-100,Swimming Pool,2026-01-19 21:41:09,2026-01-20 09:45:00
R-177,Clubhouse,2026-01-19 22:14:56,2026-01-22 07:30:00
R-206,Swimming Pool,2026-01-19 22:18:47,2026-01-20 06:00:00
R-167,Tennis Court,2026-01-19 22:37:03,2026-01-20 06:15:00
R-174,Gym,2026-01-19 22:45:02,2026-01-20 08:30:00
R-217,Badminton Court,2026-01-19 22:45:43,2026-01-20 18:30:00
R-188,Badminton Court,2026-01-19 22:48:00,2026-01-20 07:15:00
R-133,Clubhouse,2026-01-19 22:57:29,2026-01-20 19:15:00
R-180,Gym,2026-01-19 23:15:13,2026-01-21 09:15:00
R-161,Tennis Court,2026-01-19 23:32:01,2026-01-20 08:15:00
R-118,Gym,2026-01-20 00:31:52,2026-01-20 07:00:00
R-180,Badminton Court,2026-01-20 00:53:19,2026-01-20 19:00:00
R-106,Badminton Court,2026-01-20 01:04:06,2026-01-20 18:00:00
R-105,Tennis Court,2026-01-20 01:05:20,2026-01-20 18:00:00
R-213,Badminton Court,2026-01-20 01:24:14,2026-01-20 19:00:00
R-187,Swimming Pool,2026-01-20 01:40:08,2026-01-20 17:00:00
R-116,Gym,2026-01-20 01:51:26,2026-01-20 21:30:00
R-190,Swimming Pool,2026-01-20 02:03:37,2026-01-20 19:45:00
R-219,Clubhouse,2026-01-20 03:30:43,2026-01-21 08:30:00
R-198,Tennis Court,2026-01-20 05:13:16,2026-01-22 07:00:00
R-137,Swimming Pool,2026-01-20 06:22:27,2026-01-20 17:45:00
R-210,Gym,2026-01-20 06:22:45,2026-01-21 07:30:00
R-145,Gym,2026-01-20 07:14:39,2026-01-21 06:45:00
R-210,Tennis Court,2026-01-20 07:30:18,2026-01-22 07:15:00
R-154,Clubhouse,2026-01-20 07:30:59,2026-01-22 07:00:00
R-106,Badminton Court,2026-01-20 07:31:12,2026-01-21 18:15:00
R-126,Badminton Court,2026-01-20 07:55:27,2026-01-20 21:15:00
R-141,Badminton Court,2026-01-20 09:10:43,2026-01-21 20:30:00
R-213,Badminton Court,2026-01-20 09:26:37,2026-01-21 19:15:00
R-168,Gym,2026-01-20 09:54:00,2026-01-21 06:45:00
R-142,Badminton Court,2026-01-20 10:01:17,2026-01-21 18:30:00
R-103,Swimming Pool,2026-01-20 10:39:33,2026-01-20 17:15:00
R-163,Swimming Pool,2026-01-20 10:42:28,2026-01-20 17:30:00
R-116,Gym,2026-01-20 11:08:44,2026-01-21 08:00:00
R-138,Tennis Court,2026-01-20 11:59:35,2026-01-22 08:45:00
R-183,Badminton Court,2026-01-20 12:08:40,2026-01-21 19:45:00
R-102,Gym,2026-01-20 12:27:10,2026-01-21 06:45:00
R-158,Clubhouse,2026-01-20 12:46:41,2026-01-21 08:00:00
R-120,Badminton Court,2026-01-20 13:13:25,2026-01-21 19:00:00
R-192,Badminton Court,2026-01-20 13:17:23,2026-01-21 19:45:00
R-113,Gym,2026-01-20 13:23:47,2026-01-21 07:15:00
R-189,Gym,2026-01-20 13:26:54,2026-01-21 06:15:00
R-125,Tennis Court,2026-01-20 13:35:37,2026-01-21 19:45:00
R-167,Gym,2026-01-20 13:44:15,2026-01-21 07:15:00
R-152,Clubhouse,2026-01-20 14:19:16,2026-01-21 08:30:00
R-110,Tennis Court,2026-01-20 14:59:51,2026-01-21 10:00:00
R-207,Gym,2026-01-20 15:15:24,2026-01-21 20:45:00
R-123,Gym,2026-01-20 15:21:47,2026-01-21 07:00:00
R-197,Swimming Pool,2026-01-20 15:42:33,2026-01-22 08:00:00
R-161,Gym,2026-01-20 15:45:09,2026-01-21 07:15:00
R-165,Gym,2026-01-20 15:56:48,2026-01-21 19:00:00
R-194,Gym,2026-01-20 16:02:22,2026-01-21 07:15:00
R-217,Badminton Court,2026-01-20 16:36:24,2026-01-21 19:15:00
R-170,Badminton Court,2026-01-20 17:11:23,2026-01-21 19:30:00
R-195,Badminton Court,2026-01-20 17:23:29,2026-01-21 20:15:00
R-172,Gym,2026-01-20 17:41:05,2026-01-21 06:15:00
R-119,Badminton Court,2026-01-20 18:14:29,2026-01-21 21:30:00
R-156,Gym,2026-01-20 18:17:54,2026-01-21 09:45:00
R-131,Clubhouse,2026-01-20 18:20:14,2026-01-21 19:45:00
R-218,Swimming Pool,2026-01-20 18:35:37,2026-01-21 08:30:00
R-135,Tennis Court,2026-01-20 18:56:10,2026-01-21 08:30:00
R-147,Badminton Court,2026-01-20 18:56:38,2026-01-21 08:00:00
R-109,Gym,2026-01-20 18:58:06,2026-01-21 08:15:00
R-144,Gym,2026-01-20 19:02:18,2026-01-21 06:30:00
R-101,Swimming Pool,2026-01-20 19:16:01,2026-01-21 08:30:00
R-212,Gym,2026-01-20 20:10:10,2026-01-21 07:30:00
R-203,Gym,2026-01-20 20:47:48,2026-01-21 19:15:00
R-173,Badminton Court,2026-01-20 21:28:46,2026-01-21 20:15:00
R-174,Badminton Court,2026-01-20 21:37:48,2026-01-21 08:30:00
R-105,Clubhouse,2026-01-20 22:48:18,2026-01-21 20:45:00
R-206,Tennis Court,2026-01-20 23:07:39,2026-01-21 06:30:00
R-175,Gym,2026-01-20 23:15:32,2026-01-22 12:30:00
R-136,Clubhouse,2026-01-20 23:57:29,2026-01-21 19:45:00
R-162,Clubhouse,2026-01-21 00:16:20,2026-01-21 19:15:00
R-146,Gym,2026-01-21 00:20:01,2026-01-22 17:15:00
R-125,Badminton Court,2026-01-21 01:39:49,2026-01-22 06:45:00
R-208,Gym,2026-01-21 02:56:33,2026-01-21 19:15:00
R-186,Tennis Court,2026-01-21 03:06:10,2026-01-21 17:15:00
R-204,Tennis Court,2026-01-21 04:25:25,2026-01-21 15:30:00
R-107,Swimming Pool,2026-01-21 05:01:23,2026-01-21 20:15:00
R-191,Badminton Court,2026-01-21 05:29:13,2026-01-21 19:45:00
R-137,Swimming Pool,2026-01-21 05:59:03,2026-01-21 18:45:00
R-120,Gym,2026-01-21 06:24:10,2026-01-22 18:15:00
R-176,Clubhouse,2026-01-21 06:31:33,2026-01-21 11:30:00
R-118,Gym,2026-01-21 07:37:42,2026-01-21 20:00:00
R-201,Swimming Pool,2026-01-21 07:59:04,2026-01-21 17:45:00
R-153,Gym,2026-01-21 08:00:38,2026-01-21 19:00:00
R-128,Gym,2026-01-21 08:25:29,2026-01-21 19:15:00
R-206,Gym,2026-01-21 08:33:21,2026-01-22 07:00:00
R-178,Gym,2026-01-21 08:51:24,2026-01-21 19:15:00
R-209,Gym,2026-01-21 09:05:37,2026-01-21 16:30:00
R-213,Badminton Court,2026-01-21 09:43:21,2026-01-22 18:45:00
R-132,Tennis Court,2026-01-21 09:51:17,2026-01-22 18:45:00
R-207,Gym,2026-01-21 10:15:27,2026-01-22 19:45:00
R-195,Tennis Court,2026-01-21 11:16:52,2026-01-22 19:45:00
R-103,Swimming Pool,2026-01-21 11:17:03,2026-01-21 19:30:00
R-217,Clubhouse,2026-01-21 11:47:23,2026-01-22 20:30:00
R-107,Badminton Court,2026-01-21 12:54:55,2026-01-22 20:15:00
R-189,Gym,2026-01-21 13:08:14,2026-01-22 06:00:00
R-105,Badminton Court,2026-01-21 14:01:56,2026-01-22 19:30:00
R-172,Gym,2026-01-21 14:08:44,2026-01-22 06:15:00
R-170,Clubhouse,2026-01-21 14:29:46,2026-01-22 18:30:00
R-212,Gym,2026-01-21 14:29:46,2026-01-22 07:00:00
R-113,Gym,2026-01-21 15:52:35,2026-01-22 07:15:00
R-161,Gym,2026-01-21 16:04:28,2026-01-22 07:15:00
R-144,Gym,2026-01-21 16:34:20,2026-01-22 07:15:00
R-193,Clubhouse,2026-01-21 16:37:22,2026-01-22 18:15:00
R-109,Gym,2026-01-21 16:43:51,2026-01-22 08:30:00
R-180,Badminton Court,2026-01-21 16:46:35,2026-01-22 18:00:00
R-123,Gym,2026-01-21 17:08:51,2026-01-22 06:00:00
R-145,Tennis Court,2026-01-21 17:23:00,2026-01-22 08:45:00
R-168,Gym,2026-01-21 17:30:38,2026-01-22 08:00:00
R-208,Gym,2026-01-21 17:40:16,2026-01-22 07:45:00
R-173,Badminton Court,2026-01-21 17:51:13,2026-01-22 18:00:00
R-196,Badminton Court,2026-01-21 18:18:31,2026-01-22 18:30:00
R-116,Gym,2026-01-21 18:31:52,2026-01-22 06:45:00
R-106,Badminton Court,2026-01-21 18:41:29,2026-01-22 19:15:00
R-167,Swimming Pool,2026-01-21 19:47:00,2026-01-22 08:15:00
R-117,Gym,2026-01-21 19:55:53,2026-01-22 07:30:00
R-158,Clubhouse,2026-01-21 19:56:37,2026-01-22 06:15:00
R-174,Gym,2026-01-21 20:46:20,2026-01-22 06:30:00
R-192,Badminton Court,2026-01-21 21:05:15,2026-01-22 19:00:00
R-119,Gym,2026-01-21 21:45:24,2026-01-22 20:00:00
R-218,Gym,2026-01-21 21:58:28,2026-01-22 11:45:00
R-136,Badminton Court,2026-01-21 22:14:05,2026-01-22 20:30:00
R-101,Gym,2026-01-21 22:49:51,2026-01-22 08:15:00
R-194,Swimming Pool,2026-01-21 23:12:06,2026-01-22 08:30:00
R-203,Badminton Court,2026-01-21 23:27:37,2026-01-22 20:30:00
R-186,Gym,2026-01-21 23:43:38,2026-01-22 11:30:00
R-202,Tennis Court,2026-01-22 00:08:34,2026-01-22 19:00:00
R-100,Badminton Court,2026-01-22 00:55:04,2026-01-22 17:00:00
R-147,Gym,2026-01-22 01:32:09,2026-01-22 07:00:00
R-118,Gym,2026-01-22 03:10:56,2026-01-22 15:45:00
R-184,Swimming Pool,2026-01-22 03:33:08,2026-01-22 17:00:00
R-102,Badminton Court,2026-01-22 03:34:05,2026-01-22 07:00:00
R-183,Badminton Court,2026-01-22 04:15:09,2026-01-23 18:00:00
R-199,Gym,2026-01-22 04:46:11,2026-01-22 10:00:00
R-103,Badminton Court,2026-01-22 05:11:54,2026-01-22 17:45:00
R-128,Gym,2026-01-22 05:16:28,2026-01-22 19:45:00
R-192,Badminton Court,2026-01-22 06:25:14,2026-01-23 14:45:00
R-125,Swimming Pool,2026-01-22 06:46:08,2026-01-23 18:45:00
R-132,Tennis Court,2026-01-22 08:42:18,2026-01-24 07:00:00
R-185,Badminton Court,2026-01-22 09:11:28,2026-01-22 16:45:00
R-131,Badminton Court,2026-01-22 09:33:36,2026-01-23 19:30:00
R-156,Gym,2026-01-22 09:36:26,2026-01-22 20:45:00
R-138,Gym,2026-01-22 09:50:21,2026-01-24 08:30:00
R-135,Gym,2026-01-22 10:27:37,2026-01-22 19:45:00
R-149,Swimming Pool,2026-01-22 10:42:05,2026-01-22 16:30:00
R-136,Badminton Court,2026-01-22 10:59:07,2026-01-23 18:15:00
R-144,Gym,2026-01-22 11:11:11,2026-01-23 08:30:00
R-188,Badminton Court,2026-01-22 11:39:40,2026-01-22 19:00:00
R-122,Swimming Pool,2026-01-22 13:20:30,2026-01-23 15:45:00
R-217,Tennis Court,2026-01-22 13:47:46,2026-01-23 18:30:00
R-107,Badminton Court,2026-01-22 13:53:37,2026-01-23 18:15:00
R-123,Gym,2026-01-22 14:17:53,2026-01-23 06:15:00
R-187,Gym,2026-01-22 14:32:51,2026-01-23 07:00:00
R-106,Badminton Court,2026-01-22 14:35:48,2026-01-23 19:45:00
R-189,Clubhouse,2026-01-22 14:45:19,2026-01-23 06:00:00
R-101,Clubhouse,2026-01-22 15:04:01,2026-01-23 08:30:00
R-172,Clubhouse,2026-01-22 15:04:46,2026-01-23 07:00:00
R-141,Swimming Pool,2026-01-22 15:26:15,2026-01-23 20:30:00
R-124,Swimming Pool,2026-01-22 15:45:32,2026-01-23 14:15:00
R-117,Gym,2026-01-22 16:10:36,2026-01-23 06:15:00
R-168,Gym,2026-01-22 16:35:18,2026-01-23 07:45:00
R-170,Badminton Court,2026-01-22 16:39:02,2026-01-23 21:45:00
R-208,Gym,2026-01-22 16:48:48,2026-01-23 08:00:00
R-174,Tennis Court,2026-01-22 16:54:23,2026-01-23 07:00:00
R-153,Swimming Pool,2026-01-22 17:11:13,2026-01-23 11:45:00
R-109,Swimming Pool,2026-01-22 17:38:46,2026-01-23 08:30:00
R-118,Clubhouse,2026-01-22 17:41:33,2026-01-23 08:30:00
R-186,Swimming Pool,2026-01-22 18:13:26,2026-01-23 09:45:00
R-152,Badminton Court,2026-01-22 18:15:03,2026-01-23 07:00:00
R-167,Clubhouse,2026-01-22 18:19:55,2026-01-23 08:30:00
R-218,Swimming Pool,2026-01-22 18:29:12,2026-01-23 08:15:00
R-108,Gym,2026-01-22 18:43:47,2026-01-23 07:15:00
R-219,Tennis Court,2026-01-22 19:04:24,2026-01-24 17:30:00
R-102,Badminton Court,2026-01-22 19:05:52,2026-01-23 06:30:00
R-146,Tennis Court,2026-01-22 19:16:29,2026-01-24 08:15:00
R-135,Clubhouse,2026-01-22 19:34:08,2026-01-23 08:45:00
R-195,Badminton Court,2026-01-22 19:37:10,2026-01-23 18:45:00
R-150,Clubhouse,2026-01-22 19:42:00,2026-01-23 14:45:00
R-173,Tennis Court,2026-01-22 19:49:04,2026-01-23 19:45:00
R-120,Badminton Court,2026-01-22 20:33:52,2026-01-23 20:15:00
R-164,Badminton Court,2026-01-22 20:53:40,2026-01-23 18:45:00
R-207,Badminton Court,2026-01-22 21:04:23,2026-01-23 19:30:00
R-142,Gym,2026-01-22 21:05:45,2026-01-23 19:15:00
R-145,Clubhouse,2026-01-22 21:37:36,2026-01-23 06:00:00
R-113,Gym,2026-01-22 21:38:59,2026-01-23 08:45:00
R-147,Gym,2026-01-22 21:51:12,2026-01-23 12:30:00
R-116,Swimming Pool,2026-01-22 23:00:04,2026-01-23 07:15:00
R-180,Badminton Court,2026-01-22 23:27:11,2026-01-23 18:45:00
R-196,Badminton Court,2026-01-22 23:35:21,2026-01-23 20:00:00
R-178,Tennis Court,2026-01-22 23:45:16,2026-01-23 11:30:00
R-193,Badminton Court,2026-01-22 23:47:14,2026-01-23 18:45:00
R-115,Gym,2026-01-23 00:30:14,2026-01-24 20:45:00
R-158,Gym,2026-01-23 00:37:50,2026-01-23 08:00:00
R-119,Gym,2026-01-23 01:04:16,2026-01-23 20:15:00
R-114,Badminton Court,2026-01-23 01:15:58,2026-01-23 20:45:00
R-110,Swimming Pool,2026-01-23 01:33:09,2026-01-23 08:45:00
R-126,Swimming Pool,2026-01-23 02:30:36,2026-01-23 11:00:00
R-105,Gym,2026-01-23 03:01:21,2026-01-23 20:45:00
R-215,Tennis Court,2026-01-23 04:18:35,2026-01-23 11:30:00
R-163,Gym,2026-01-23 04:19:41,2026-01-23 11:00:00
R-197,Tennis Court,2026-01-23 05:31:56,2026-01-24 07:45:00
R-161,Gym,2026-01-23 05:51:08,2026-01-23 17:15:00
R-162,Badminton Court,2026-01-23 06:24:38,2026-01-23 20:15:00
R-204,Tennis Court,2026-01-23 07:42:41,2026-01-23 19:15:00
R-173,Badminton Court,2026-01-23 07:43:42,2026-01-24 20:15:00
R-206,Gym,2026-01-23 08:03:18,2026-01-23 19:00:00
R-137,Clubhouse,2026-01-23 08:42:34,2026-01-23 19:45:00
R-125,Badminton Court,2026-01-23 09:47:41,2026-01-24 20:30:00
R-162,Gym,2026-01-23 10:02:55,2026-01-24 09:30:00
R-195,Gym,2026-01-23 10:11:48,2026-01-24 18:45:00
R-212,Gym,2026-01-23 10:27:15,2026-01-23 19:45:00
R-176,Clubhouse,2026-01-23 10:38:30,2026-01-23 17:30:00
R-169,Swimming Pool,2026-01-23 10:38:59,2026-01-23 20:30:00
R-103,Badminton Court,2026-01-23 11:43:02,2026-01-23 20:00:00
R-212,Tennis Court,2026-01-23 12:28:00,2026-01-24 08:45:00
R-147,Gym,2026-01-23 12:38:52,2026-01-24 06:00:00
R-107,Tennis Court,2026-01-23 12:41:02,2026-01-24 12:30:00
R-115,Tennis Court,2026-01-23 13:48:31,2026-01-25 07:45:00
R-206,Gym,2026-01-23 14:22:35,2026-01-24 06:30:00
R-101,Swimming Pool,2026-01-23 14:49:38,2026-01-24 06:15:00
R-121,Clubhouse,2026-01-23 14:49:59,2026-01-24 20:45:00
R-189,Gym,2026-01-23 15:57:04,2026-01-24 06:15:00
R-186,Badminton Court,2026-01-23 16:13:58,2026-01-24 08:30:00
R-141,Gym,2026-01-23 16:25:19,2026-01-24 20:30:00
R-193,Swimming Pool,2026-01-23 16:39:28,2026-01-24 14:45:00
R-138,Tennis Court,2026-01-23 16:39:44,2026-01-25 18:00:00
R-177,Tennis Court,2026-01-23 17:37:15,2026-01-24 17:30:00
R-155,Clubhouse,2026-01-23 17:39:06,2026-01-24 15:15:00
R-113,Gym,2026-01-23 18:08:09,2026-01-24 08:15:00
R-135,Gym,2026-01-23 18:16:54,2026-01-24 07:00:00
R-117,Gym,2026-01-23 18:24:46,2026-01-24 07:45:00
R-132,Tennis Court,2026-01-23 18:29:34,2026-01-25 17:45:00
R-157,Tennis Court,2026-01-23 20:15:24,2026-01-25 17:00:00
R-154,Gym,2026-01-23 20:20:50,2026-01-26 08:15:00
R-183,Tennis Court,2026-01-23 20:55:57,2026-01-24 20:45:00
R-218,Badminton Court,2026-01-23 21:00:08,2026-01-24 11:00:00
R-164,Clubhouse,2026-01-23 22:24:27,2026-01-24 14:45:00
R-202,Clubhouse,2026-01-23 22:29:56,2026-01-24 19:45:00
R-159,Gym,2026-01-23 22:30:41,2026-01-24 20:15:00
R-190,Clubhouse,2026-01-23 23:32:28,2026-01-24 15:30:00
R-194,Clubhouse,2026-01-24 00:47:42,2026-01-24 17:00:00
R-219,Gym,2026-01-24 00:52:31,2026-01-25 18:00:00
R-126,Clubhouse,2026-01-24 01:16:00,2026-01-24 17:30:00
R-119,Clubhouse,2026-01-24 01:16:54,2026-01-24 18:30:00
R-122,Clubhouse,2026-01-24 02:46:31,2026-01-24 18:45:00
R-178,Swimming Pool,2026-01-24 03:16:57,2026-01-24 13:15:00
R-143,Swimming Pool,2026-01-24 03:26:07,2026-01-24 10:30:00
R-182,Swimming Pool,2026-01-24 03:48:24,2026-01-24 10:30:00
R-103,Swimming Pool,2026-01-24 03:59:19,2026-01-24 11:15:00
R-148,Swimming Pool,2026-01-24 04:13:46,2026-01-24 11:15:00
R-130,Tennis Court,2026-01-24 04:14:55,2026-01-25 18:30:00
R-138,Tennis Court,2026-01-24 05:01:15,2026-01-26 07:30:00
R-200,Tennis Court,2026-01-24 06:09:06,2026-01-24 17:00:00
R-160,Gym,2026-01-24 06:28:51,2026-01-24 11:45:00
R-175,Tennis Court,2026-01-24 06:39:30,2026-01-25 08:45:00
R-134,Swimming Pool,2026-01-24 06:44:17,2026-01-24 10:45:00
R-127,Swimming Pool,2026-01-24 06:57:58,2026-01-24 17:45:00
R-163,Gym,2026-01-24 08:05:15,2026-01-24 10:15:00
R-176,Swimming Pool,2026-01-24 09:31:09,2026-01-24 16:45:00
R-149,Swimming Pool,2026-01-24 09:42:40,2026-01-24 17:30:00
R-211,Badminton Court,2026-01-24 10:13:51,2026-01-24 15:45:00
R-181,Tennis Court,2026-01-24 11:26:47,2026-01-24 16:45:00
R-104,Badminton Court,2026-01-24 11:33:54,2026-01-24 16:30:00
R-110,Gym,2026-01-24 12:04:43,2026-01-24 19:30:00
R-171,Swimming Pool,2026-01-24 12:17:05,2026-01-24 16:45:00
R-209,Clubhouse,2026-01-24 12:31:29,2026-01-24 18:15:00
R-151,Clubhouse,2026-01-24 13:10:04,2026-01-24 16:30:00
R-197,Tennis Court,2026-01-24 13:41:50,2026-01-25 17:45:00
R-167,Gym,2026-01-24 13:52:32,2026-01-25 08:15:00
R-124,Tennis Court,2026-01-24 15:00:16,2026-01-25 15:15:00
R-121,Tennis Court,2026-01-24 15:09:22,2026-01-25 14:30:00
R-136,Gym,2026-01-24 15:39:05,2026-01-25 20:00:00
R-152,Gym,2026-01-24 15:50:25,2026-01-25 08:00:00
R-122,Swimming Pool,2026-01-24 16:16:20,2026-01-25 15:45:00
R-210,Tennis Court,2026-01-24 16:41:34,2026-01-25 17:15:00
R-186,Gym,2026-01-24 17:37:36,2026-01-25 07:15:00
R-218,Gym,2026-01-24 17:48:43,2026-01-25 07:00:00
R-155,Clubhouse,2026-01-24 17:56:25,2026-01-25 20:00:00
R-114,Clubhouse,2026-01-24 19:21:19,2026-01-25 19:15:00
R-183,Badminton Court,2026-01-24 19:51:07,2026-01-25 19:15:00
R-206,Gym,2026-01-24 20:07:44,2026-01-25 06:15:00
R-215,Swimming Pool,2026-01-24 20:38:02,2026-01-25 08:15:00
R-188,Badminton Court,2026-01-24 21:12:37,2026-01-25 08:45:00
R-193,Clubhouse,2026-01-24 21:13:16,2026-01-25 15:45:00
R-178,Tennis Court,2026-01-24 21:18:20,2026-01-25 07:15:00
R-194,Swimming Pool,2026-01-24 22:05:02,2026-01-25 08:30:00
R-112,Clubhouse,2026-01-24 22:33:08,2026-01-25 20:45:00
R-164,Badminton Court,2026-01-24 22:41:55,2026-01-25 15:30:00
R-110,Swimming Pool,2026-01-24 23:18:01,2026-01-25 08:00:00
R-190,Clubhouse,2026-01-25 00:40:38,2026-01-25 14:45:00
R-108,Tennis Court,2026-01-25 01:10:29,2026-01-25 11:30:00
R-202,Clubhouse,2026-01-25 01:34:00,2026-01-25 18:30:00
R-148,Clubhouse,2026-01-25 02:28:05,2026-01-25 07:45:00
R-201,Gym,2026-01-25 02:42:33,2026-01-25 19:15:00
R-146,Clubhouse,2026-01-25 03:01:31,2026-01-27 07:45:00
R-136,Badminton Court,2026-01-25 03:15:10,2026-01-26 19:30:00
R-127,Gym,2026-01-25 03:33:13,2026-01-25 11:00:00
R-191,Swimming Pool,2026-01-25 03:56:13,2026-01-25 17:30:00
R-150,Badminton Court,2026-01-25 04:18:49,2026-01-25 20:00:00
R-198,Tennis Court,2026-01-25 04:50:29,2026-01-27 07:45:00
R-173,Tennis Court,2026-01-25 06:59:20,2026-01-26 18:30:00
R-119,Clubhouse,2026-01-25 07:07:46,2026-01-26 19:00:00
R-174,Gym,2026-01-25 08:13:35,2026-01-26 06:30:00
R-214,Badminton Court,2026-01-25 08:14:14,2026-01-25 19:30:00
R-182,Swimming Pool,2026-01-25 08:16:47,2026-01-25 17:00:00
R-196,Badminton Court,2026-01-25 08:43:58,2026-01-26 18:45:00
R-163,Swimming Pool,2026-01-25 08:53:43,2026-01-25 15:00:00
R-140,Clubhouse,2026-01-25 08:58:48,2026-01-25 11:45:00
R-151,Clubhouse,2026-01-25 09:09:36,2026-01-25 16:45:00
R-139,Swimming Pool,2026-01-25 09:37:06,2026-01-25 16:15:00
R-105,Badminton Court,2026-01-25 09:49:12,2026-01-26 19:30:00
R-143,Swimming Pool,2026-01-25 10:06:15,2026-01-25 17:45:00
R-199,Clubhouse,2026-01-25 10:08:01,2026-01-25 16:15:00
R-218,Gym,2026-01-25 10:09:09,2026-01-26 07:00:00
R-177,Tennis Court,2026-01-25 10:48:11,2026-01-27 07:45:00
R-183,Badminton Court,2026-01-25 11:08:58,2026-01-26 20:00:00
R-180,Badminton Court,2026-01-25 11:11:56,2026-01-26 20:15:00
R-179,Tennis Court,2026-01-25 11:28:38,2026-01-25 17:15:00
R-101,Gym,2026-01-25 11:38:34,2026-01-26 07:30:00
R-102,Gym,2026-01-25 11:48:30,2026-01-26 06:30:00
R-165,Badminton Court,2026-01-25 12:00:07,2026-01-26 19:30:00
R-106,Badminton Court,2026-01-25 12:32:16,2026-01-26 08:30:00
R-113,Gym,2026-01-25 13:20:03,2026-01-26 07:00:00
R-216,Badminton Court,2026-01-25 13:37:07,2026-01-25 19:45:00
R-147,Gym,2026-01-25 14:45:43,2026-01-26 06:45:00
R-167,Tennis Court,2026-01-25 14:50:52,2026-01-26 06:30:00
R-168,Gym,2026-01-25 15:03:43,2026-01-26 06:45:00
R-208,Gym,2026-01-25 15:44:01,2026-01-26 08:30:00
R-109,Badminton Court,2026-01-25 15:49:11,2026-01-26 07:45:00
R-131,Badminton Court,2026-01-25 15:55:13,2026-01-26 19:00:00
R-123,Gym,2026-01-25 16:19:56,2026-01-26 06:15:00
R-172,Gym,2026-01-25 16:22:01,2026-01-26 06:30:00
R-118,Gym,2026-01-25 16:57:00,2026-01-26 08:45:00
R-207,Gym,2026-01-25 17:27:29,2026-01-26 19:30:00
R-192,Gym,2026-01-25 17:50:48,2026-01-26 18:00:00
R-135,Gym,2026-01-25 18:06:31,2026-01-26 11:00:00
R-212,Gym,2026-01-25 18:09:34,2026-01-26 07:00:00
R-158,Gym,2026-01-25 18:31:48,2026-01-26 06:30:00
R-156,Tennis Court,2026-01-25 18:48:10,2026-01-26 07:45:00
R-120,Badminton Court,2026-01-25 18:50:18,2026-01-26 20:30:00
R-137,Clubhouse,2026-01-25 18:51:20,2026-01-26 11:00:00
R-203,Badminton Court,2026-01-25 18:57:06,2026-01-26 19:30:00
R-115,Tennis Court,2026-01-25 19:23:29,2026-01-27 17:15:00
R-152,Gym,2026-01-25 19:32:48,2026-01-26 06:30:00
R-206,Gym,2026-01-25 19:43:34,2026-01-26 08:45:00
R-210,Gym,2026-01-25 19:48:20,2026-01-27 07:15:00
R-100,Gym,2026-01-25 19:56:34,2026-01-26 08:30:00
R-217,Badminton Court,2026-01-25 21:02:08,2026-01-26 20:45:00
R-107,Badminton Court,2026-01-25 22:06:28,2026-01-26 18:15:00
R-141,Gym,2026-01-25 22:33:45,2026-01-26 19:45:00
R-117,Gym,2026-01-25 22:36:31,2026-01-26 07:15:00
R-170,Badminton Court,2026-01-25 22:54:49,2026-01-26 18:15:00
R-128,Gym,2026-01-25 23:46:23,2026-01-26 11:15:00
R-184,Swimming Pool,2026-01-26 01:16:20,2026-01-26 19:15:00
R-183,Badminton Court,2026-01-26 01:41:22,2026-01-27 18:00:00
R-116,Gym,2026-01-26 02:09:23,2026-01-26 20:15:00
R-175,Tennis Court,2026-01-26 02:10:32,2026-01-27 08:30:00
R-108,Badminton Court,2026-01-26 02:15:09,2026-01-26 11:30:00
R-173,Badminton Court,2026-01-26 03:06:05,2026-01-27 06:45:00
R-163,Clubhouse,2026-01-26 03:38:27,2026-01-26 10:00:00
R-201,Gym,2026-01-26 04:45:32,2026-01-26 11:00:00
R-145,Gym,2026-01-26 05:44:34,2026-01-26 21:00:00
R-213,Badminton Court,2026-01-26 05:49:33,2026-01-27 18:45:00
R-182,Swimming Pool,2026-01-26 06:15:28,2026-01-26 10:15:00
R-217,Gym,2026-01-26 06:41:21,2026-01-27 15:15:00
R-111,Gym,2026-01-26 06:43:41,2026-01-26 19:45:00
R-171,Tennis Court,2026-01-26 06:53:41,2026-01-26 11:45:00
R-205,Badminton Court,2026-01-26 07:20:04,2026-01-26 15:30:00
R-174,Gym,2026-01-26 07:49:38,2026-01-27 07:00:00
R-147,Gym,2026-01-26 08:56:25,2026-01-27 06:15:00
R-211,Clubhouse,2026-01-26 08:59:23,2026-01-26 15:30:00
R-170,Gym,2026-01-26 08:59:27,2026-01-27 19:00:00
R-152,Gym,2026-01-26 09:27:05,2026-01-27 06:00:00
R-199,Gym,2026-01-26 09:57:42,2026-01-26 16:00:00
R-151,Swimming Pool,2026-01-26 10:47:52,2026-01-26 15:45:00
R-158,Swimming Pool,2026-01-26 10:58:58,2026-01-27 08:45:00
R-179,Swimming Pool,2026-01-26 11:02:39,2026-01-26 17:30:00
R-119,Badminton Court,2026-01-26 11:11:04,2026-01-27 18:30:00
R-141,Badminton Court,2026-01-26 12:01:08,2026-01-27 14:30:00
R-185,Clubhouse,2026-01-26 12:23:59,2026-01-26 17:15:00
R-135,Gym,2026-01-26 12:38:37,2026-01-27 08:45:00
R-165,Clubhouse,2026-01-26 12:44:13,2026-01-27 18:30:00
R-101,Gym,2026-01-26 13:23:37,2026-01-27 07:45:00
R-196,Gym,2026-01-26 14:20:37,2026-01-27 18:45:00
R-117,Badminton Court,2026-01-26 14:31:46,2026-01-27 06:00:00
R-131,Badminton Court,2026-01-26 14:42:54,2026-01-27 19:30:00
R-118,Gym,2026-01-26 15:07:33,2026-01-27 07:15:00
R-212,Gym,2026-01-26 15:36:36,2026-01-27 08:45:00
R-167,Gym,2026-01-26 16:13:58,2026-01-27 07:45:00
R-203,Badminton Court,2026-01-26 16:33:48,2026-01-27 18:30:00
R-195,Badminton Court,2026-01-26 17:02:59,2026-01-27 20:45:00
R-102,Gym,2026-01-26 17:03:48,2026-01-27 08:45:00
R-154,Badminton Court,2026-01-26 17:10:31,2026-01-27 07:30:00
R-136,Gym,2026-01-26 17:13:01,2026-01-27 19:15:00
R-109,Gym,2026-01-26 17:21:08,2026-01-27 08:30:00
R-105,Tennis Court,2026-01-26 17:22:41,2026-01-27 20:30:00
R-189,Badminton Court,2026-01-26 17:27:37,2026-01-27 06:45:00
R-145,Gym,2026-01-26 17:58:36,2026-01-27 06:00:00
R-155,Clubhouse,2026-01-26 17:58:59,2026-01-27 14:00:00
R-153,Tennis Court,2026-01-26 18:04:52,2026-01-27 07:15:00
R-142,Badminton Court,2026-01-26 18:24:33,2026-01-27 20:15:00
R-200,Clubhouse,2026-01-26 18:40:31,2026-01-27 07:15:00
R-184,Tennis Court,2026-01-26 19:24:33,2026-01-27 07:15:00
R-194,Swimming Pool,2026-01-26 19:26:26,2026-01-27 07:15:00
R-116,Gym,2026-01-26 19:35:50,2026-01-27 08:30:00
R-208,Gym,2026-01-26 19:54:37,2026-01-27 07:30:00
R-125,Badminton Court,2026-01-26 20:44:04,2026-01-27 18:15:00
R-113,Gym,2026-01-26 21:13:47,2026-01-27 08:15:00
R-191,Clubhouse,2026-01-26 22:09:00,2026-01-27 07:45:00
R-166,Gym,2026-01-26 22:45:02,2026-01-27 08:00:00
R-172,Gym,2026-01-26 23:32:55,2026-01-27 12:30:00
R-144,Gym,2026-01-26 23:34:17,2026-01-27 08:45:00
R-156,Clubhouse,2026-01-27 00:49:44,2026-01-27 16:45:00
R-204,Clubhouse,2026-01-27 00:57:41,2026-01-27 17:00:00
R-202,Swimming Pool,2026-01-27 01:02:55,2026-01-27 18:15:00
R-186,Swimming Pool,2026-01-27 01:19:45,2026-01-27 17:00:00
R-146,Tennis Court,2026-01-27 01:35:37,2026-01-28 07:15:00
R-168,Gym,2026-01-27 02:19:16,2026-01-27 13:30:00
R-103,Swimming Pool,2026-01-27 02:21:29,2026-01-27 16:00:00
R-188,Tennis Court,2026-01-27 03:12:27,2026-01-27 11:15:00
R-140,Swimming Pool,2026-01-27 03:51:45,2026-01-27 10:30:00
R-128,Gym,2026-01-27 05:31:06,2026-01-27 19:45:00
R-111,Badminton Court,2026-01-27 05:56:21,2026-01-27 17:15:00
R-106,Badminton Court,2026-01-27 06:18:33,2026-01-28 20:30:00
R-119,Tennis Court,2026-01-27 06:44:57,2026-01-28 18:15:00
R-217,Badminton Court,2026-01-27 07:00:00,2026-01-28 18:30:00
R-199,Tennis Court,2026-01-27 07:37:13,2026-01-27 10:15:00
R-180,Gym,2026-01-27 08:07:12,2026-01-28 20:15:00
R-219,Gym,2026-01-27 08:30:07,2026-01-29 08:45:00
R-141,Badminton Court,2026-01-27 08:44:29,2026-01-28 20:30:00
R-126,Clubhouse,2026-01-27 08:51:39,2026-01-27 17:45:00
R-136,Badminton Court,2026-01-27 09:26:02,2026-01-28 19:45:00
R-203,Gym,2026-01-27 09:39:24,2026-01-28 18:30:00
R-109,Gym,2026-01-27 11:18:48,2026-01-28 06:15:00
R-118,Swimming Pool,2026-01-27 11:33:00,2026-01-28 07:30:00
R-157,Tennis Court,2026-01-27 11:42:58,2026-01-29 08:15:00
R-142,Badminton Court,2026-01-27 11:49:21,2026-01-28 20:00:00
R-171,Swimming Pool,2026-01-27 12:06:06,2026-01-27 17:45:00
R-105,Gym,2026-01-27 12:17:56,2026-01-28 19:30:00
R-113,Gym,2026-01-27 12:20:17,2026-01-28 07:15:00
R-115,Clubhouse,2026-01-27 12:46:03,2026-01-29 08:15:00
R-205,Swimming Pool,2026-01-27 12:52:00,2026-01-27 17:15:00
R-145,Tennis Court,2026-01-27 12:53:02,2026-01-28 06:00:00
R-165,Badminton Court,2026-01-27 13:03:08,2026-01-28 19:30:00
R-107,Badminton Court,2026-01-27 13:39:47,2026-01-28 18:15:00
R-152,Gym,2026-01-27 13:50:39,2026-01-28 07:30:00
R-172,Badminton Court,2026-01-27 13:54:08,2026-01-28 06:15:00
R-102,Gym,2026-01-27 13:54:38,2026-01-28 06:15:00
R-189,Gym,2026-01-27 14:29:53,2026-01-28 08:45:00
R-208,Gym,2026-01-27 15:17:45,2026-01-28 07:30:00
R-117,Tennis Court,2026-01-27 15:22:43,2026-01-28 07:00:00
R-101,Gym,2026-01-27 15:24:15,2026-01-28 07:30:00
R-158,Gym,2026-01-27 15:27:46,2026-01-28 07:30:00
R-198,Swimming Pool,2026-01-27 15:41:23,2026-01-29 07:00:00
R-211,Swimming Pool,2026-01-27 16:01:36,2026-01-27 21:45:00
R-173,Clubhouse,2026-01-27 16:02:44,2026-01-28 18:00:00
R-135,Badminton Court,2026-01-27 16:11:43,2026-01-28 06:15:00
R-177,Tennis Court,2026-01-27 17:19:53,2026-01-29 07:45:00
R-116,Gym,2026-01-27 17:27:43,2026-01-28 08:30:00
R-137,Clubhouse,2026-01-27 17:49:59,2026-01-28 06:30:00
R-156,Swimming Pool,2026-01-27 18:41:19,2026-01-28 06:15:00
R-174,Badminton Court,2026-01-27 18:53:31,2026-01-28 07:15:00
R-144,Swimming Pool,2026-01-27 20:04:18,2026-01-28 06:15:00
R-147,Gym,2026-01-27 20:07:57,2026-01-28 07:00:00
R-114,Swimming Pool,2026-01-27 20:30:37,2026-01-28 20:00:00
R-126,Gym,2026-01-27 20:42:01,2026-01-28 11:30:00
R-124,Tennis Court,2026-01-27 21:15:37,2026-01-28 19:15:00
R-155,Clubhouse,2026-01-27 21:33:50,2026-01-28 20:15:00
R-131,Badminton Court,2026-01-27 21:48:42,2026-01-28 21:00:00
R-183,Badminton Court,2026-01-27 21:55:43,2026-01-28 20:15:00
R-125,Badminton Court,2026-01-27 22:09:53,2026-01-28 19:15:00
R-128,Swimming Pool,2026-01-27 22:16:27,2026-01-28 08:00:00
R-196,Badminton Court,2026-01-27 22:24:32,2026-01-28 18:00:00
R-168,Badminton Court,2026-01-27 22:58:36,2026-01-28 07:30:00
R-154,Tennis Court,2026-01-27 23:02:35,2026-01-29 17:30:00
R-170,Gym,2026-01-27 23:23:50,2026-01-28 18:45:00
R-120,Badminton Court,2026-01-27 23:58:39,2026-01-28 20:45:00
R-186,Clubhouse,2026-01-28 00:02:31,2026-01-28 11:45:00
R-206,Swimming Pool,2026-01-28 00:19:40,2026-01-28 19:00:00
R-107,Badminton Court,2026-01-28 01:52:06,2026-01-29 18:15:00
R-105,Clubhouse,2026-01-28 02:57:59,2026-01-29 19:15:00
R-165,Tennis Court,2026-01-28 03:27:42,2026-01-29 19:45:00
R-148,Badminton Court,2026-01-28 03:33:18,2026-01-28 10:15:00
R-178,Badminton Court,2026-01-28 03:33:58,2026-01-28 17:30:00
R-171,Clubhouse,2026-01-28 04:00:10,2026-01-28 11:45:00
R-170,Swimming Pool,2026-01-28 05:39:41,2026-01-29 06:30:00
R-188,Gym,2026-01-28 05:45:40,2026-01-28 16:15:00
R-162,Clubhouse,2026-01-28 05:47:33,2026-01-28 20:45:00
R-125,Badminton Court,2026-01-28 06:12:33,2026-01-29 18:00:00
R-164,Gym,2026-01-28 06:48:47,2026-01-28 17:00:00
R-132,Gym,2026-01-28 07:02:45,2026-01-29 17:15:00
R-151,Badminton Court,2026-01-28 07:48:02,2026-01-28 11:45:00
R-131,Badminton Court,2026-01-28 07:57:23,2026-01-29 19:30:00
R-100,Swimming Pool,2026-01-28 09:09:47,2026-01-28 17:45:00
R-191,Badminton Court,2026-01-28 09:32:33,2026-01-28 19:45:00
R-139,Swimming Pool,2026-01-28 10:13:08,2026-01-28 15:30:00
R-180,Tennis Court,2026-01-28 10:20:35,2026-01-29 18:45:00
R-167,Gym,2026-01-28 10:29:39,2026-01-29 06:00:00
R-120,Badminton Court,2026-01-28 11:20:31,2026-01-29 19:15:00
R-141,Badminton Court,2026-01-28 11:23:07,2026-01-29 18:00:00
R-147,Badminton Court,2026-01-28 11:48:37,2026-01-29 07:15:00
R-196,Tennis Court,2026-01-28 12:00:58,2026-01-30 19:30:00
R-144,Gym,2026-01-28 12:54:57,2026-01-29 06:15:00
R-116,Clubhouse,2026-01-28 13:05:07,2026-01-29 07:00:00
R-210,Tennis Court,2026-01-28 13:23:00,2026-01-29 18:45:00
R-173,Tennis Court,2026-01-28 13:25:16,2026-01-29 19:15:00
R-101,Gym,2026-01-28 14:10:47,2026-01-29 11:15:00
R-172,Gym,2026-01-28 14:14:22,2026-01-29 07:30:00
R-183,Badminton Court,2026-01-28 14:58:40,2026-01-29 20:45:00
R-197,Tennis Court,2026-01-28 15:15:37,2026-01-29 17:00:00
R-156,Gym,2026-01-28 16:17:47,2026-01-29 08:15:00
R-174,Gym,2026-01-28 16:29:57,2026-01-29 08:00:00
R-168,Gym,2026-01-28 16:45:31,2026-01-29 06:30:00
R-117,Swimming Pool,2026-01-28 16:49:38,2026-01-29 08:45:00
R-196,Badminton Court,2026-01-28 17:14:14,2026-01-29 20:00:00
R-136,Tennis Court,2026-01-28 17:23:49,2026-01-29 18:00:00
R-192,Badminton Court,2026-01-28 17:41:27,2026-01-29 20:15:00
R-123,Gym,2026-01-28 18:18:40,2026-01-29 07:45:00
R-189,Gym,2026-01-28 18:33:27,2026-01-29 06:45:00
R-201,Clubhouse,2026-01-28 18:58:28,2026-01-29 06:15:00
R-119,Badminton Court,2026-01-28 19:04:17,2026-01-29 18:30:00
R-154,Tennis Court,2026-01-28 19:15:21,2026-01-30 17:15:00
R-212,Gym,2026-01-28 19:26:41,2026-01-29 06:45:00
R-191,Clubhouse,2026-01-28 19:50:21,2026-01-29 07:15:00
R-102,Badminton Court,2026-01-28 20:16:52,2026-01-29 16:00:00
R-113,Gym,2026-01-28 21:23:52,2026-01-29 06:15:00
R-108,Swimming Pool,2026-01-28 21:58:35,2026-01-29 08:30:00
R-158,Gym,2026-01-28 22:01:42,2026-01-29 08:00:00
R-208,Gym,2026-01-28 22:19:19,2026-01-29 14:00:00
R-206,Swimming Pool,2026-01-28 22:27:58,2026-01-29 12:15:00
R-118,Gym,2026-01-28 22:28:53,2026-01-29 12:15:00
R-109,Gym,2026-01-28 23:17:14,2026-01-29 15:45:00
R-217,Badminton Court,2026-01-29 00:04:22,2026-01-29 19:00:00
R-111,Clubhouse,2026-01-29 01:16:21,2026-01-29 13:45:00
R-136,Badminton Court,2026-01-29 03:25:15,2026-01-30 20:45:00
R-141,Badminton Court,2026-01-29 03:52:05,2026-01-30 19:15:00
R-145,Gym,2026-01-29 04:05:31,2026-01-29 19:45:00
R-193,Swimming Pool,2026-01-29 04:28:58,2026-01-29 20:45:00
R-192,Badminton Court,2026-01-29 04:46:53,2026-01-30 18:30:00
R-153,Tennis Court,2026-01-29 05:11:17,2026-01-29 19:45:00
R-187,Clubhouse,2026-01-29 05:17:20,2026-01-29 19:45:00
R-213,Badminton Court,2026-01-29 05:57:04,2026-01-30 18:30:00
R-181,Swimming Pool,2026-01-29 05:57:23,2026-01-29 10:45:00
R-139,Swimming Pool,2026-01-29 06:03:32,2026-01-29 10:15:00
R-175,Tennis Court,2026-01-29 10:18:06,2026-01-30 18:45:00
R-165,Badminton Court,2026-01-29 10:43:18,2026-01-30 18:00:00
R-119,Badminton Court,2026-01-29 11:03:03,2026-01-30 20:45:00
R-118,Swimming Pool,2026-01-29 11:05:09,2026-01-30 07:30:00
R-175,Gym,2026-01-29 11:20:50,2026-01-31 08:45:00
R-170,Badminton Court,2026-01-29 11:22:24,2026-01-30 18:00:00
R-133,Tennis Court,2026-01-29 11:41:08,2026-01-30 15:30:00
R-162,Clubhouse,2026-01-29 12:14:31,2026-01-30 10:15:00
R-211,Swimming Pool,2026-01-29 12:33:47,2026-01-29 17:00:00
R-195,Tennis Court,2026-01-29 12:41:31,2026-01-30 20:15:00
R-120,Tennis Court,2026-01-29 12:44:36,2026-01-30 19:30:00
R-123,Gym,2026-01-29 13:02:31,2026-01-30 06:00:00
R-142,Badminton Court,2026-01-29 13:10:50,2026-01-30 19:15:00
R-107,Badminton Court,2026-01-29 14:08:32,2026-01-30 20:15:00
R-203,Gym,2026-01-29 14:21:20,2026-01-30 18:45:00
R-158,Swimming Pool,2026-01-29 15:13:41,2026-01-30 06:00:00
R-180,Badminton Court,2026-01-29 16:10:28,2026-01-30 15:30:00
R-208,Swimming Pool,2026-01-29 17:07:40,2026-01-30 08:00:00
R-135,Gym,2026-01-29 17:12:32,2026-01-30 06:15:00
R-147,Gym,2026-01-29 17:20:33,2026-01-30 08:45:00
R-128,Tennis Court,2026-01-29 17:23:44,2026-01-30 08:15:00
R-172,Swimming Pool,2026-01-29 17:29:46,2026-01-30 07:00:00
R-168,Gym,2026-01-29 17:42:48,2026-01-30 08:45:00
R-174,Gym,2026-01-29 17:51:31,2026-01-30 07:45:00
R-207,Clubhouse,2026-01-29 17:51:37,2026-01-30 19:45:00
R-102,Gym,2026-01-29 18:06:36,2026-01-30 08:00:00
R-105,Badminton Court,2026-01-29 18:16:02,2026-01-30 19:45:00
R-131,Badminton Court,2026-01-29 18:18:55,2026-01-30 19:45:00
R-127,Swimming Pool,2026-01-29 18:23:15,2026-01-30 11:30:00
R-152,Gym,2026-01-29 18:45:09,2026-01-30 06:15:00
R-193,Swimming Pool,2026-01-29 19:02:37,2026-01-30 15:45:00
R-217,Badminton Court,2026-01-29 19:09:36,2026-01-30 19:45:00
R-113,Gym,2026-01-29 19:24:56,2026-01-30 06:30:00
R-189,Gym,2026-01-29 19:44:56,2026-01-30 08:00:00
R-198,Badminton Court,2026-01-29 19:53:24,2026-01-31 07:30:00
R-167,Badminton Court,2026-01-29 20:07:08,2026-01-30 07:45:00
R-101,Gym,2026-01-29 20:27:03,2026-01-30 08:30:00
R-212,Gym,2026-01-29 20:52:38,2026-01-30 07:45:00
R-117,Gym,2026-01-29 20:58:28,2026-01-30 08:45:00
R-145,Clubhouse,2026-01-29 21:07:23,2026-01-30 08:00:00
R-206,Badminton Court,2026-01-29 21:41:09,2026-01-30 06:15:00
R-109,Gym,2026-01-29 21:45:51,2026-01-30 08:15:00
R-144,Gym,2026-01-29 22:03:29,2026-01-30 06:45:00
R-156,Gym,2026-01-29 22:07:01,2026-01-30 08:15:00
R-178,Gym,2026-01-29 22:18:34,2026-01-30 07:30:00
R-197,Tennis Court,2026-01-29 22:54:26,2026-01-31 08:15:00
R-173,Tennis Court,2026-01-29 23:02:13,2026-01-30 18:45:00
R-155,Clubhouse,2026-01-29 23:12:15,2026-01-30 18:15:00
R-122,Clubhouse,2026-01-29 23:23:39,2026-01-30 18:00:00
R-126,Swimming Pool,2026-01-29 23:39:25,2026-01-30 11:30:00
R-112,Clubhouse,2026-01-29 23:54:10,2026-01-30 19:30:00
R-213,Badminton Court,2026-01-30 00:38:02,2026-01-31 18:00:00
R-146,Tennis Court,2026-01-30 01:20:30,2026-01-31 13:00:00
R-184,Tennis Court,2026-01-30 01:21:43,2026-01-30 07:00:00
R-116,Badminton Court,2026-01-30 01:39:31,2026-01-30 15:15:00
R-190,Clubhouse,2026-01-30 02:07:52,2026-01-30 19:30:00
R-159,Tennis Court,2026-01-30 02:09:41,2026-01-30 19:30:00
R-192,Badminton Court,2026-01-30 02:16:06,2026-01-31 18:30:00
R-194,Badminton Court,2026-01-30 02:38:30,2026-01-30 08:15:00
R-160,Gym,2026-01-30 02:42:26,2026-01-30 10:30:00
R-108,Badminton Court,2026-01-30 05:57:02,2026-01-30 19:00:00
R-204,Swimming Pool,2026-01-30 06:32:11,2026-01-30 17:00:00
R-119,Badminton Court,2026-01-30 07:10:44,2026-01-31 20:15:00
R-132,Tennis Court,2026-01-30 07:39:22,2026-02-01 07:30:00
R-183,Tennis Court,2026-01-30 07:55:03,2026-01-30 20:15:00
R-166,Badminton Court,2026-01-30 08:17:49,2026-01-30 18:15:00
R-141,Clubhouse,2026-01-30 08:37:03,2026-01-31 18:45:00
R-121,Clubhouse,2026-01-30 08:38:18,2026-01-30 19:00:00
R-104,Swimming Pool,2026-01-30 10:46:21,2026-01-30 15:30:00
R-148,Swimming Pool,2026-01-30 10:51:46,2026-01-30 15:30:00
R-145,Clubhouse,2026-01-30 11:05:44,2026-01-31 06:15:00
R-130,Tennis Court,2026-01-30 12:48:31,2026-01-31 18:30:00
R-130,Gym,2026-01-30 12:53:24,2026-02-01 08:15:00
R-206,Gym,2026-01-30 13:31:07,2026-01-31 06:15:00
R-109,Clubhouse,2026-01-30 13:36:02,2026-01-31 06:00:00
R-188,Gym,2026-01-30 15:14:33,2026-01-30 19:00:00
R-212,Tennis Court,2026-01-30 16:37:11,2026-01-31 11:00:00
R-208,Gym,2026-01-30 16:49:12,2026-01-31 07:15:00
R-115,Gym,2026-01-30 17:18:17,2026-02-01 15:45:00
R-194,Badminton Court,2026-01-30 17:28:05,2026-01-31 07:15:00
R-215,Clubhouse,2026-01-30 17:34:13,2026-01-31 08:00:00
R-110,Clubhouse,2026-01-30 17:42:15,2026-01-31 11:15:00
R-117,Gym,2026-01-30 18:54:24,2026-01-31 09:15:00
R-175,Swimming Pool,2026-01-30 20:25:07,2026-02-01 07:00:00
R-122,Badminton Court,2026-01-30 20:43:24,2026-01-31 15:45:00
R-103,Gym,2026-01-30 21:20:19,2026-01-31 08:00:00
R-219,Tennis Court,2026-01-30 21:32:17,2026-02-02 08:00:00
R-202,Swimming Pool,2026-01-30 21:36:12,2026-01-31 18:45:00
R-218,Gym,2026-01-30 22:13:51,2026-01-31 11:45:00
R-159,Clubhouse,2026-01-30 22:21:03,2026-01-31 14:15:00
R-128,Swimming Pool,2026-01-30 23:09:44,2026-01-31 11:45:00
R-124,Badminton Court,2026-01-31 00:04:15,2026-01-31 19:45:00
R-193,Clubhouse,2026-01-31 00:51:02,2026-01-31 19:30:00
R-200,Tennis Court,2026-01-31 00:54:15,2026-01-31 07:15:00
R-188,Badminton Court,2026-01-31 02:05:48,2026-01-31 11:15:00
R-100,Tennis Court,2026-01-31 02:31:29,2026-01-31 15:30:00
R-198,Gym,2026-01-31 02:35:54,2026-02-01 08:00:00
R-211,Swimming Pool,2026-01-31 02:43:18,2026-01-31 10:00:00
R-163,Swimming Pool,2026-01-31 03:17:21,2026-01-31 10:15:00
R-207,Badminton Court,2026-01-31 03:37:24,2026-01-31 20:15:00
R-126,Clubhouse,2026-01-31 03:59:01,2026-01-31 17:30:00
R-197,Tennis Court,2026-01-31 04:25:15,2026-02-01 18:45:00
R-216,Swimming Pool,2026-01-31 04:32:59,2026-01-31 11:15:00
R-146,Tennis Court,2026-01-31 05:10:11,2026-02-01 08:30:00
R-199,Swimming Pool,2026-01-31 05:45:14,2026-01-31 10:30:00
R-139,Clubhouse,2026-01-31 06:05:01,2026-01-31 10:45:00
R-195,Gym,2026-01-31 06:29:37,2026-02-01 19:30:00
R-178,Clubhouse,2026-01-31 06:44:39,2026-01-31 19:00:00
R-160,Clubhouse,2026-01-31 07:07:37,2026-01-31 11:15:00
R-180,Badminton Court,2026-01-31 07:44:35,2026-02-01 19:45:00
R-205,Swimming Pool,2026-01-31 08:25:51,2026-01-31 17:00:00
R-140,Swimming Pool,2026-01-31 08:34:01,2026-01-31 16:00:00
R-181,Swimming Pool,2026-01-31 09:11:27,2026-01-31 17:00:00
R-134,Tennis Court,2026-01-31 09:31:46,2026-01-31 17:15:00
R-185,Tennis Court,2026-01-31 09:50:02,2026-01-31 17:00:00
R-148,Gym,2026-01-31 10:05:39,2026-01-31 15:45:00
R-117,Gym,2026-01-31 10:58:02,2026-02-01 08:15:00
R-171,Gym,2026-01-31 11:47:08,2026-01-31 17:30:00
R-209,Clubhouse,2026-01-31 12:00:46,2026-01-31 16:30:00
R-176,Swimming Pool,2026-01-31 12:28:17,2026-01-31 16:45:00
R-179,Swimming Pool,2026-01-31 15:14:12,2026-01-31 16:45:00
R-107,Clubhouse,2026-01-31 15:25:47,2026-02-01 18:45:00
R-123,Tennis Court,2026-01-31 16:27:43,2026-02-01 08:30:00
R-214,Clubhouse,2026-01-31 16:55:39,2026-02-01 20:15:00
R-131,Badminton Court,2026-01-31 17:06:41,2026-02-01 19:00:00
R-196,Badminton Court,2026-01-31 17:08:21,2026-02-01 18:30:00
R-158,Tennis Court,2026-01-31 17:36:35,2026-02-01 06:15:00
R-167,Gym,2026-01-31 17:48:48,2026-02-01 08:00:00
R-128,Swimming Pool,2026-01-31 17:53:52,2026-02-01 07:15:00
R-144,Badminton Court,2026-01-31 17:53:56,2026-02-01 06:15:00
R-155,Badminton Court,2026-01-31 18:29:55,2026-02-01 20:30:00
R-157,Tennis Court,2026-01-31 19:07:56,2026-02-01 17:30:00
R-165,Badminton Court,2026-01-31 19:35:48,2026-02-01 20:00:00
R-156,Badminton Court,2026-01-31 19:52:15,2026-02-01 08:15:00
R-102,Gym,2026-01-31 20:05:54,2026-02-01 06:30:00
R-197,Tennis Court,2026-01-31 20:09:18,2026-02-02 07:45:00
R-111,Gym,2026-01-31 20:18:11,2026-02-01 08:45:00
R-215,Badminton Court,2026-01-31 21:11:05,2026-02-01 07:30:00
R-114,Clubhouse,2026-01-31 22:23:49,2026-02-01 15:00:00
R-159,Swimming Pool,2026-01-31 23:02:52,2026-02-01 20:00:00
R-145,Gym,2026-01-31 23:15:18,2026-02-01 08:45:00
R-193,Tennis Court,2026-02-01 00:56:38,2026-02-01 19:30:00
R-143,Swimming Pool,2026-02-01 02:22:33,2026-02-01 10:00:00
R-177,Tennis Court,2026-02-01 02:23:00,2026-02-03 07:30:00
R-202,Tennis Court,2026-02-01 03:04:20,2026-02-01 15:30:00
R-190,Badminton Court,2026-02-01 03:04:33,2026-02-01 20:45:00
R-178,Gym,2026-02-01 03:32:15,2026-02-01 17:00:00
R-188,Swimming Pool,2026-02-01 03:39:29,2026-02-01 19:15:00
R-194,Swimming Pool,2026-02-01 03:46:40,2026-02-01 19:15:00
R-204,Badminton Court,2026-02-01 04:02:06,2026-02-01 17:00:00
R-160,Clubhouse,2026-02-01 04:04:34,2026-02-01 10:45:00
R-171,Tennis Court,2026-02-01 04:12:07,2026-02-01 10:00:00
R-153,Tennis Court,2026-02-01 04:59:47,2026-02-01 08:30:00
R-163,Swimming Pool,2026-02-01 05:02:24,2026-02-01 11:00:00
R-166,Gym,2026-02-01 05:16:05,2026-02-01 17:45:00
R-149,Swimming Pool,2026-02-01 06:31:44,2026-02-01 10:15:00
R-134,Swimming Pool,2026-02-01 07:00:11,2026-02-01 11:00:00
R-127,Tennis Court,2026-02-01 07:11:52,2026-02-01 19:00:00
R-185,Clubhouse,2026-02-01 07:36:42,2026-02-01 14:15:00
R-183,Badminton Court,2026-02-01 07:47:22,2026-02-02 17:15:00
R-106,Gym,2026-02-01 07:57:58,2026-02-02 20:45:00
R-122,Swimming Pool,2026-02-01 08:13:17,2026-02-01 19:30:00
R-125,Swimming Pool,2026-02-01 08:15:39,2026-02-02 18:15:00
R-179,Swimming Pool,2026-02-01 08:16:40,2026-02-01 11:00:00
R-211,Tennis Court,2026-02-01 08:27:39,2026-02-01 15:30:00
R-205,Tennis Court,2026-02-01 09:09:43,2026-02-01 15:30:00
R-120,Gym,2026-02-01 09:12:28,2026-02-02 20:30:00
R-101,Gym,2026-02-01 10:33:27,2026-02-02 06:15:00
R-173,Swimming Pool,2026-02-01 10:53:56,2026-02-02 18:00:00
R-152,Gym,2026-02-01 10:57:21,2026-02-02 06:45:00
R-176,Swimming Pool,2026-02-01 11:13:48,2026-02-01 17:30:00
R-199,Clubhouse,2026-02-01 12:56:18,2026-02-01 18:30:00
R-118,Gym,2026-02-01 12:58:23,2026-02-02 08:15:00
R-219,Clubhouse,2026-02-01 13:05:23,2026-02-03 08:30:00
R-147,Gym,2026-02-01 13:34:46,2026-02-02 07:15:00
R-189,Gym,2026-02-01 13:46:30,2026-02-02 06:00:00
R-105,Swimming Pool,2026-02-01 14:11:12,2026-02-02 19:15:00
R-208,Gym,2026-02-01 14:22:13,2026-02-02 06:30:00
R-156,Gym,2026-02-01 14:31:50,2026-02-02 06:15:00
R-170,Badminton Court,2026-02-01 14:45:46,2026-02-02 18:30:00
R-119,Badminton Court,2026-02-01 15:16:42,2026-02-03 11:15:00
R-212,Gym,2026-02-01 15:44:59,2026-02-02 08:15:00
R-206,Gym,2026-02-01 15:53:38,2026-02-02 08:15:00
R-131,Badminton Court,2026-02-01 17:06:16,2026-02-02 18:45:00
R-116,Clubhouse,2026-02-01 17:08:40,2026-02-02 09:30:00
R-122,Clubhouse,2026-02-01 17:19:56,2026-02-02 16:15:00
R-180,Badminton Court,2026-02-01 17:26:32,2026-02-02 19:45:00
R-192,Tennis Court,2026-02-01 17:50:28,2026-02-02 18:00:00
R-172,Gym,2026-02-01 18:21:19,2026-02-02 08:30:00
R-144,Badminton Court,2026-02-01 18:25:47,2026-02-02 07:45:00
R-123,Gym,2026-02-01 18:28:26,2026-02-02 06:00:00
R-138,Tennis Court,2026-02-01 18:30:43,2026-02-03 17:15:00
R-142,Badminton Court,2026-02-01 18:36:21,2026-02-02 20:30:00
R-195,Gym,2026-02-01 18:38:53,2026-02-02 08:45:00
R-102,Badminton Court,2026-02-01 18:45:33,2026-02-02 07:00:00
R-158,Tennis Court,2026-02-01 19:15:11,2026-02-02 08:00:00
R-109,Tennis Court,2026-02-01 19:54:36,2026-02-02 06:00:00
R-217,Swimming Pool,2026-02-01 20:23:40,2026-02-02 18:45:00
R-119,Badminton Court,2026-02-01 21:20:42,2026-02-02 20:30:00
R-145,Gym,2026-02-01 21:23:42,2026-02-02 08:45:00
R-200,Gym,2026-02-01 21:43:04,2026-02-02 11:45:00
R-135,Gym,2026-02-01 21:56:51,2026-02-02 13:30:00
R-136,Badminton Court,2026-02-01 22:33:47,2026-02-02 18:30:00
R-217,Gym,2026-02-01 23:03:30,2026-02-03 11:15:00
R-117,Gym,2026-02-01 23:10:33,2026-02-02 07:00:00
R-198,Tennis Court,2026-02-01 23:46:01,2026-02-03 18:15:00
R-128,Clubhouse,2026-02-01 23:46:46,2026-02-02 12:00:00
R-204,Tennis Court,2026-02-02 00:07:28,2026-02-02 11:00:00
R-113,Gym,2026-02-02 00:44:00,2026-02-02 19:00:00
R-203,Badminton Court,2026-02-02 01:09:41,2026-02-03 18:45:00
R-201,Clubhouse,2026-02-02 01:19:30,2026-02-02 11:00:00
R-166,Gym,2026-02-02 01:32:42,2026-02-02 17:30:00
R-115,Tennis Court,2026-02-02 01:33:58,2026-02-03 07:00:00
R-115,Tennis Court,2026-02-02 01:50:14,2026-02-04 08:30:00
R-141,Badminton Court,2026-02-02 02:05:19,2026-02-02 17:00:00
R-176,Tennis Court,2026-02-02 02:34:21,2026-02-02 10:00:00
R-173,Badminton Court,2026-02-02 02:35:31,2026-02-03 20:15:00
R-142,Badminton Court,2026-02-02 02:40:51,2026-02-03 18:30:00
R-184,Gym,2026-02-02 03:52:09,2026-02-02 19:30:00
R-183,Badminton Court,2026-02-02 03:54:46,2026-02-03 10:00:00
R-213,Badminton Court,2026-02-02 04:30:42,2026-02-03 18:00:00
R-165,Badminton Court,2026-02-02 05:36:55,2026-02-02 20:15:00
R-107,Badminton Court,2026-02-02 06:31:10,2026-02-02 20:45:00
R-146,Badminton Court,2026-02-02 07:08:28,2026-02-03 14:15:00
R-110,Swimming Pool,2026-02-02 07:10:11,2026-02-02 19:00:00
R-207,Badminton Court,2026-02-02 07:50:30,2026-02-02 19:15:00
R-167,Gym,2026-02-02 08:03:44,2026-02-02 21:45:00
R-207,Badminton Court,2026-02-02 08:19:48,2026-02-03 18:30:00
R-218,Swimming Pool,2026-02-02 09:17:12,2026-02-02 17:15:00
R-179,Clubhouse,2026-02-02 09:31:54,2026-02-02 14:00:00
R-144,Gym,2026-02-02 09:51:11,2026-02-03 06:15:00
R-139,Swimming Pool,2026-02-02 10:19:26,2026-02-02 17:00:00
R-203,Gym,2026-02-02 10:20:56,2026-02-02 18:00:00
R-141,Gym,2026-02-02 10:26:19,2026-02-03 20:45:00
R-136,Badminton Court,2026-02-02 10:29:20,2026-02-03 09:45:00
R-185,Clubhouse,2026-02-02 11:09:12,2026-02-02 16:45:00
R-167,Badminton Court,2026-02-02 11:33:36,2026-02-03 08:15:00
R-118,Badminton Court,2026-02-02 11:35:46,2026-02-03 08:00:00
R-172,Clubhouse,2026-02-02 12:49:20,2026-02-03 08:30:00
R-208,Gym,2026-02-02 13:28:33,2026-02-03 06:00:00
R-152,Gym,2026-02-02 13:29:41,2026-02-03 07:15:00
R-131,Badminton Court,2026-02-02 13:31:18,2026-02-03 20:30:00
R-143,Tennis Court,2026-02-02 13:33:51,2026-02-02 17:45:00
R-109,Gym,2026-02-02 14:05:11,2026-02-03 07:30:00
R-117,Clubhouse,2026-02-02 14:07:28,2026-02-03 07:15:00
R-116,Gym,2026-02-02 14:37:19,2026-02-03 07:45:00
R-145,Swimming Pool,2026-02-02 15:26:55,2026-02-03 08:00:00
R-175,Tennis Court,2026-02-02 15:54:16,2026-02-04 08:00:00
R-196,Badminton Court,2026-02-02 15:55:00,2026-02-03 18:15:00
R-206,Gym,2026-02-02 15:59:14,2026-02-03 08:15:00
R-123,Gym,2026-02-02 16:00:19,2026-02-03 08:30:00
R-156,Gym,2026-02-02 16:36:39,2026-02-03 07:45:00
R-189,Gym,2026-02-02 16:43:54,2026-02-03 07:15:00
R-102,Badminton Court,2026-02-02 17:23:22,2026-02-03 06:15:00
R-154,Badminton Court,2026-02-02 18:10:44,2026-02-05 08:30:00
R-147,Gym,2026-02-02 18:49:43,2026-02-03 06:00:00
R-113,Swimming Pool,2026-02-02 18:54:27,2026-02-03 07:45:00
R-120,Badminton Court,2026-02-02 19:04:13,2026-02-04 06:30:00
R-195,Badminton Court,2026-02-02 19:14:07,2026-02-03 18:15:00
R-168,Gym,2026-02-02 19:24:37,2026-02-03 07:30:00
R-158,Swimming Pool,2026-02-02 19:30:05,2026-02-03 08:30:00
R-106,Badminton Court,2026-02-02 19:31:01,2026-02-03 18:15:00
R-135,Gym,2026-02-02 19:34:59,2026-02-03 06:15:00
R-212,Gym,2026-02-02 19:42:25,2026-02-03 06:30:00
R-120,Badminton Court,2026-02-02 20:04:24,2026-02-03 19:45:00
R-170,Badminton Court,2026-02-02 20:50:30,2026-02-03 18:45:00
R-180,Badminton Court,2026-02-02 20:52:55,2026-02-03 19:45:00
R-110,Badminton Court,2026-02-02 21:27:11,2026-02-03 11:00:00
R-164,Swimming Pool,2026-02-02 22:21:46,2026-02-03 18:15:00
R-192,Gym,2026-02-02 22:25:02,2026-02-03 20:15:00
R-100,Gym,2026-02-02 22:34:42,2026-02-03 08:00:00
R-166,Gym,2026-02-02 22:42:45,2026-02-03 07:30:00
R-105,Clubhouse,2026-02-02 23:30:55,2026-02-03 20:30:00
R-101,Gym,2026-02-03 00:55:05,2026-02-03 16:45:00
R-161,Clubhouse,2026-02-03 02:35:40,2026-02-03 08:15:00
R-137,Swimming Pool,2026-02-03 02:47:55,2026-02-03 17:30:00
R-125,Tennis Court,2026-02-03 03:40:55,2026-02-03 18:30:00
R-148,Gym,2026-02-03 03:41:06,2026-02-03 10:45:00
R-188,Badminton Court,2026-02-03 03:53:49,2026-02-03 17:00:00
R-174,Gym,2026-02-03 04:05:24,2026-02-03 12:15:00
R-163,Swimming Pool,2026-02-03 04:43:30,2026-02-03 10:15:00
R-204,Gym,2026-02-03 05:03:20,2026-02-03 17:45:00
R-165,Badminton Court,2026-02-03 05:41:02,2026-02-04 18:15:00
R-200,Swimming Pool,2026-02-03 05:45:13,2026-02-03 19:45:00
R-178,Swimming Pool,2026-02-03 05:55:33,2026-02-03 19:15:00
R-127,Gym,2026-02-03 06:56:40,2026-02-03 19:30:00
R-143,Badminton Court,2026-02-03 07:04:50,2026-02-03 10:30:00
R-157,Tennis Court,2026-02-03 07:10:50,2026-02-05 07:00:00
R-219,Tennis Court,2026-02-03 07:35:33,2026-02-04 17:30:00
R-175,Tennis Court,2026-02-03 07:41:41,2026-02-05 19:30:00
R-119,Badminton Court,2026-02-03 07:47:39,2026-02-04 19:30:00
R-111,Tennis Court,2026-02-03 08:18:39,2026-02-03 17:00:00
R-181,Swimming Pool,2026-02-03 08:50:42,2026-02-03 15:45:00
R-213,Badminton Court,2026-02-03 09:00:31,2026-02-04 20:45:00
R-192,Badminton Court,2026-02-03 09:01:49,2026-02-04 19:45:00
R-208,Gym,2026-02-03 09:10:20,2026-02-04 06:45:00
R-207,Gym,2026-02-03 10:15:53,2026-02-04 19:00:00
R-142,Badminton Court,2026-02-03 10:39:24,2026-02-04 20:30:00
R-135,Gym,2026-02-03 11:52:05,2026-02-04 06:00:00
R-212,Badminton Court,2026-02-03 12:34:59,2026-02-04 06:45:00
R-124,Swimming Pool,2026-02-03 13:19:11,2026-02-04 19:45:00
R-116,Gym,2026-02-03 13:30:12,2026-02-04 07:30:00
R-196,Badminton Court,2026-02-03 13:32:32,2026-02-04 18:45:00
R-122,Clubhouse,2026-02-03 14:11:38,2026-02-04 19:00:00
R-214,Gym,2026-02-03 15:04:11,2026-02-04 08:15:00
R-113,Gym,2026-02-03 15:11:55,2026-02-04 08:45:00
R-117,Gym,2026-02-03 15:18:54,2026-02-04 06:30:00
R-137,Gym,2026-02-03 16:09:53,2026-02-04 11:00:00
R-172,Gym,2026-02-03 16:14:12,2026-02-04 07:00:00
R-123,Gym,2026-02-03 16:15:03,2026-02-04 06:15:00
R-153,Clubhouse,2026-02-03 16:34:23,2026-02-04 07:00:00
R-145,Gym,2026-02-03 16:44:26,2026-02-04 08:45:00
R-107,Badminton Court,2026-02-03 16:58:14,2026-02-04 20:45:00
R-141,Badminton Court,2026-02-03 17:08:42,2026-02-04 13:30:00
R-189,Gym,2026-02-03 17:29:47,2026-02-04 06:45:00
R-158,Swimming Pool,2026-02-03 17:47:40,2026-02-04 07:15:00
R-201,Gym,2026-02-03 17:54:58,2026-02-04 13:15:00
R-105,Clubhouse,2026-02-03 17:58:48,2026-02-04 20:00:00
R-125,Badminton Court,2026-02-03 18:06:11,2026-02-04 15:00:00
R-106,Gym,2026-02-03 18:20:00,2026-02-04 18:00:00
R-108,Badminton Court,2026-02-03 18:40:32,2026-02-04 07:30:00
R-203,Badminton Court,2026-02-03 18:47:45,2026-02-04 19:00:00
R-156,Gym,2026-02-03 19:18:34,2026-02-04 08:00:00
R-126,Gym,2026-02-03 19:24:42,2026-02-04 07:15:00
R-174,Clubhouse,2026-02-03 19:25:33,2026-02-04 06:00:00
R-206,Gym,2026-02-03 19:26:28,2026-02-04 06:30:00
R-215,Badminton Court,2026-02-03 20:07:41,2026-02-04 08:30:00
R-109,Badminton Court,2026-02-03 20:13:00,2026-02-04 08:15:00
R-138,Tennis Court,2026-02-03 20:21:31,2026-02-05 18:45:00
R-217,Tennis Court,2026-02-03 20:32:31,2026-02-04 19:00:00
R-167,Gym,2026-02-03 20:51:43,2026-02-04 06:45:00
R-195,Gym,2026-02-03 20:57:18,2026-02-04 19:30:00
R-200,Clubhouse,2026-02-03 21:28:02,2026-02-04 11:00:00
R-131,Badminton Court,2026-02-03 21:28:23,2026-02-04 19:30:00
R-147,Gym,2026-02-03 21:31:49,2026-02-04 06:45:00
R-188,Swimming Pool,2026-02-03 21:48:28,2026-02-04 07:45:00
R-118,Gym,2026-02-03 22:31:57,2026-02-04 09:15:00
R-194,Badminton Court,2026-02-03 23:01:17,2026-02-04 17:00:00
R-146,Tennis Court,2026-02-03 23:12:22,2026-02-05 17:45:00
R-198,Swimming Pool,2026-02-03 23:22:27,2026-02-05 18:45:00
R-141,Gym,2026-02-03 23:30:35,2026-02-05 11:30:00
R-144,Gym,2026-02-03 23:41:08,2026-02-04 19:15:00
R-152,Badminton Court,2026-02-04 00:05:20,2026-02-04 07:00:00
R-168,Swimming Pool,2026-02-04 00:38:48,2026-02-04 06:45:00
R-103,Swimming Pool,2026-02-04 00:41:04,2026-02-04 08:00:00
R-183,Gym,2026-02-04 01:31:27,2026-02-05 20:15:00
R-140,Gym,2026-02-04 01:32:14,2026-02-04 08:15:00
R-169,Clubhouse,2026-02-04 03:17:07,2026-02-04 11:45:00
R-139,Badminton Court,2026-02-04 03:20:39,2026-02-04 11:00:00
R-134,Gym,2026-02-04 03:52:19,2026-02-04 10:00:00
R-213,Badminton Court,2026-02-04 04:24:17,2026-02-05 12:45:00
R-176,Swimming Pool,2026-02-04 05:14:29,2026-02-04 10:30:00
R-130,Tennis Court,2026-02-04 06:16:34,2026-02-05 18:30:00
R-106,Clubhouse,2026-02-04 06:27:39,2026-02-05 14:00:00
R-102,Gym,2026-02-04 06:53:41,2026-02-04 21:00:00
R-180,Badminton Court,2026-02-04 07:12:16,2026-02-04 20:45:00
R-195,Badminton Court,2026-02-04 07:24:46,2026-02-05 12:15:00
R-151,Tennis Court,2026-02-04 07:28:24,2026-02-04 13:15:00
R-204,Swimming Pool,2026-02-04 07:45:00,2026-02-04 17:15:00
R-180,Tennis Court,2026-02-04 08:25:16,2026-02-05 16:15:00
R-104,Swimming Pool,2026-02-04 08:29:41,2026-02-04 16:45:00
R-128,Badminton Court,2026-02-04 08:41:48,2026-02-04 17:45:00
R-124,Clubhouse,2026-02-04 09:15:56,2026-02-05 15:30:00
R-100,Badminton Court,2026-02-04 09:50:06,2026-02-04 19:15:00
R-205,Swimming Pool,2026-02-04 10:17:32,2026-02-04 15:45:00
R-206,Gym,2026-02-04 11:33:15,2026-02-05 07:45:00
R-156,Gym,2026-02-04 11:35:54,2026-02-05 06:30:00
R-144,Badminton Court,2026-02-04 11:39:21,2026-02-05 06:00:00
R-196,Clubhouse,2026-02-04 11:45:57,2026-02-05 18:00:00
R-109,Gym,2026-02-04 11:47:17,2026-02-05 07:00:00
R-119,Tennis Court,2026-02-04 11:56:53,2026-02-05 19:00:00
R-170,Gym,2026-02-04 12:44:47,2026-02-05 18:45:00
R-165,Badminton Court,2026-02-04 13:06:18,2026-02-05 18:45:00
R-219,Tennis Court,2026-02-04 13:31:40,2026-02-05 17:45:00
R-212,Gym,2026-02-04 13:31:47,2026-02-05 07:30:00
R-152,Gym,2026-02-04 13:38:23,2026-02-05 07:30:00
R-147,Gym,2026-02-04 14:43:52,2026-02-05 06:45:00
R-207,Badminton Court,2026-02-04 14:58:38,2026-02-05 19:45:00
R-189,Gym,2026-02-04 15:22:35,2026-02-05 08:15:00
R-105,Tennis Court,2026-02-04 15:32:31,2026-02-05 20:45:00
R-173,Badminton Court,2026-02-04 15:53:03,2026-02-05 18:30:00
R-145,Gym,2026-02-04 16:14:31,2026-02-05 08:15:00
R-131,Badminton Court,2026-02-04 16:16:45,2026-02-05 19:15:00
R-117,Gym,2026-02-04 16:31:47,2026-02-05 08:15:00
R-118,Gym,2026-02-04 16:45:21,2026-02-05 08:45:00
R-113,Badminton Court,2026-02-04 16:54:37,2026-02-05 06:45:00
R-208,Gym,2026-02-04 16:58:26,2026-02-05 08:45:00
R-186,Gym,2026-02-04 17:42:38,2026-02-05 07:30:00
R-174,Gym,2026-02-04 18:05:17,2026-02-05 08:45:00
R-123,Tennis Court,2026-02-04 18:31:43,2026-02-05 07:45:00
R-201,Gym,2026-02-04 18:41:37,2026-02-05 07:00:00
R-137,Gym,2026-02-04 18:58:20,2026-02-05 08:15:00
R-168,Gym,2026-02-04 19:10:06,2026-02-05 07:15:00
R-167,Gym,2026-02-04 20:03:36,2026-02-05 08:15:00
R-102,Gym,2026-02-04 20:08:49,2026-02-05 07:30:00
R-136,Badminton Court,2026-02-04 20:13:30,2026-02-05 20:30:00
R-203,Badminton Court,2026-02-04 20:17:40,2026-02-05 16:30:00
R-142,Badminton Court,2026-02-04 20:24:55,2026-02-05 20:30:00
R-125,Clubhouse,2026-02-04 20:28:28,2026-02-05 19:45:00
R-100,Gym,2026-02-04 20:34:15,2026-02-05 07:15:00
R-158,Gym,2026-02-04 20:49:25,2026-02-05 08:45:00
R-130,Badminton Court,2026-02-04 20:51:31,2026-02-06 08:45:00
R-116,Gym,2026-02-04 21:24:34,2026-02-05 08:30:00
R-200,Swimming Pool,2026-02-04 21:37:04,2026-02-05 07:15:00
R-217,Badminton Court,2026-02-04 22:16:56,2026-02-05 20:00:00
R-172,Gym,2026-02-05 01:14:41,2026-02-05 06:30:00
R-178,Clubhouse,2026-02-05 01:48:29,2026-02-05 19:30:00
R-215,Badminton Court,2026-02-05 02:07:45,2026-02-05 17:15:00
R-135,Tennis Court,2026-02-05 02:16:27,2026-02-05 11:45:00
R-196,Badminton Court,2026-02-05 05:18:58,2026-02-06 18:30:00
R-217,Badminton Court,2026-02-05 05:58:19,2026-02-06 18:15:00
R-120,Badminton Court,2026-02-05 07:31:17,2026-02-06 19:15:00
R-126,Swimming Pool,2026-02-05 08:57:33,2026-02-05 19:45:00
R-120,Badminton Court,2026-02-05 08:58:32,2026-02-05 19:15:00
R-188,Clubhouse,2026-02-05 09:12:50,2026-02-05 19:45:00
R-203,Badminton Court,2026-02-05 09:42:48,2026-02-06 19:30:00
R-208,Gym,2026-02-05 10:13:49,2026-02-06 06:45:00
R-209,Tennis Court,2026-02-05 10:22:25,2026-02-05 15:00:00
R-156,Swimming Pool,2026-02-05 11:16:28,2026-02-06 07:30:00
R-181,Gym,2026-02-05 11:23:48,2026-02-05 17:30:00
R-194,Gym,2026-02-05 12:09:46,2026-02-05 19:15:00
R-136,Badminton Court,2026-02-05 12:54:18,2026-02-06 18:45:00
R-147,Gym,2026-02-05 14:17:01,2026-02-06 08:30:00
R-192,Gym,2026-02-05 14:23:47,2026-02-06 20:00:00
R-101,Clubhouse,2026-02-05 14:29:25,2026-02-06 06:15:00
R-124,Swimming Pool,2026-02-05 14:51:15,2026-02-06 19:00:00
R-189,Gym,2026-02-05 14:53:44,2026-02-06 08:15:00
R-158,Badminton Court,2026-02-05 15:05:42,2026-02-06 07:30:00
R-152,Gym,2026-02-05 15:05:52,2026-02-06 07:15:00
R-180,Badminton Court,2026-02-05 15:38:18,2026-02-06 20:30:00
R-131,Badminton Court,2026-02-05 15:58:01,2026-02-06 11:45:00
R-130,Tennis Court,2026-02-05 15:59:56,2026-02-07 18:15:00
R-213,Badminton Court,2026-02-05 16:05:28,2026-02-06 20:45:00
R-214,Clubhouse,2026-02-05 16:33:55,2026-02-06 19:15:00
R-113,Badminton Court,2026-02-05 16:56:27,2026-02-06 07:30:00
R-168,Gym,2026-02-05 17:04:53,2026-02-06 07:30:00
R-169,Swimming Pool,2026-02-05 17:16:05,2026-02-06 08:15:00
R-145,Swimming Pool,2026-02-05 17:33:52,2026-02-06 08:45:00
R-195,Badminton Court,2026-02-05 17:34:56,2026-02-06 19:30:00
R-118,Gym,2026-02-05 18:16:54,2026-02-06 07:00:00
R-107,Badminton Court,2026-02-05 18:25:55,2026-02-06 18:15:00
R-201,Swimming Pool,2026-02-05 18:34:01,2026-02-06 07:00:00
R-161,Badminton Court,2026-02-05 18:36:01,2026-02-06 11:00:00
R-193,Clubhouse,2026-02-05 18:37:42,2026-02-06 20:00:00
R-102,Badminton Court,2026-02-05 18:58:08,2026-02-06 07:45:00
R-108,Tennis Court,2026-02-05 19:15:58,2026-02-06 10:30:00
R-198,Tennis Court,2026-02-05 19:25:56,2026-02-07 07:30:00
R-109,Gym,2026-02-05 20:02:47,2026-02-06 14:15:00
R-165,Badminton Court,2026-02-05 20:17:00,2026-02-06 20:00:00
R-206,Gym,2026-02-05 20:22:20,2026-02-06 07:45:00
R-135,Gym,2026-02-05 20:37:51,2026-02-06 06:30:00
R-144,Gym,2026-02-05 20:53:21,2026-02-06 06:00:00
R-112,Clubhouse,2026-02-05 21:05:06,2026-02-06 18:30:00
R-123,Tennis Court,2026-02-05 21:37:47,2026-02-06 08:15:00
R-204,Swimming Pool,2026-02-05 22:08:17,2026-02-06 08:15:00
R-190,Swimming Pool,2026-02-05 22:14:30,2026-02-06 18:30:00
R-167,Gym,2026-02-05 22:42:57,2026-02-06 06:15:00
R-212,Gym,2026-02-05 23:57:43,2026-02-06 08:45:00
R-219,Gym,2026-02-06 00:51:12,2026-02-07 17:30:00
R-105,Badminton Court,2026-02-06 01:11:27,2026-02-06 18:30:00
R-174,Badminton Court,2026-02-06 01:25:43,2026-02-06 12:15:00
R-186,Swimming Pool,2026-02-06 01:48:05,2026-02-06 14:30:00
R-150,Clubhouse,2026-02-06 01:52:13,2026-02-06 18:45:00
R-133,Clubhouse,2026-02-06 03:24:30,2026-02-06 14:15:00
R-207,Badminton Court,2026-02-06 03:38:30,2026-02-06 20:45:00
R-106,Clubhouse,2026-02-06 04:24:53,2026-02-06 20:30:00
R-187,Badminton Court,2026-02-06 05:16:13,2026-02-06 15:00:00
R-134,Tennis Court,2026-02-06 05:34:37,2026-02-06 10:00:00
R-119,Badminton Court,2026-02-06 06:28:13,2026-02-06 19:00:00
R-178,Gym,2026-02-06 07:04:42,2026-02-06 21:00:00
R-163,Swimming Pool,2026-02-06 07:35:49,2026-02-06 13:00:00
R-213,Swimming Pool,2026-02-06 11:48:48,2026-02-07 18:00:00
R-202,Clubhouse,2026-02-06 12:36:04,2026-02-07 14:45:00
R-120,Badminton Court,2026-02-06 13:05:37,2026-02-07 20:15:00
R-175,Tennis Court,2026-02-06 14:14:51,2026-02-08 19:15:00
R-172,Swimming Pool,2026-02-06 15:08:43,2026-02-07 07:45:00
R-135,Swimming Pool,2026-02-06 16:05:37,2026-02-07 06:45:00
R-119,Badminton Court,2026-02-06 16:11:11,2026-02-07 18:15:00
R-114,Clubhouse,2026-02-06 16:15:09,2026-02-07 15:30:00
R-103,Badminton Court,2026-02-06 16:30:06,2026-02-07 07:30:00
R-101,Tennis Court,2026-02-06 16:37:32,2026-02-07 06:15:00
R-194,Clubhouse,2026-02-06 16:50:53,2026-02-07 07:00:00
R-212,Swimming Pool,2026-02-06 16:56:35,2026-02-07 08:15:00
R-137,Swimming Pool,2026-02-06 17:10:17,2026-02-07 07:15:00
R-117,Gym,2026-02-06 17:16:25,2026-02-07 06:00:00
R-128,Gym,2026-02-06 17:37:28,2026-02-07 08:00:00
R-126,Badminton Court,2026-02-06 18:47:53,2026-02-07 10:15:00
R-124,Swimming Pool,2026-02-06 18:59:56,2026-02-07 15:00:00
R-138,Tennis Court,2026-02-06 19:01:20,2026-02-08 17:00:00
R-169,Tennis Court,2026-02-06 19:57:28,2026-02-07 07:15:00
R-193,Clubhouse,2026-02-06 20:38:12,2026-02-07 14:45:00
R-146,Tennis Court,2026-02-06 20:45:27,2026-02-08 18:15:00
R-186,Swimming Pool,2026-02-06 20:52:33,2026-02-07 08:00:00
R-177,Swimming Pool,2026-02-06 21:59:39,2026-02-08 18:15:00
R-157,Tennis Court,2026-02-06 22:24:41,2026-02-08 08:45:00
R-142,Clubhouse,2026-02-06 22:39:02,2026-02-07 19:45:00
R-210,Tennis Court,2026-02-06 22:52:33,2026-02-08 18:45:00
R-159,Clubhouse,2026-02-06 23:29:22,2026-02-07 14:45:00
R-190,Tennis Court,2026-02-07 00:31:12,2026-02-07 18:15:00
R-154,Badminton Court,2026-02-07 00:35:40,2026-02-09 08:15:00
R-182,Swimming Pool,2026-02-07 01:14:43,2026-02-07 06:30:00
R-151,Swimming Pool,2026-02-07 02:24:12,2026-02-07 11:15:00
R-205,Swimming Pool,2026-02-07 04:27:22,2026-02-07 10:30:00
R-104,Badminton Court,2026-02-07 04:46:49,2026-02-07 11:30:00
R-199,Badminton Court,2026-02-07 05:06:54,2026-02-07 11:45:00
R-184,Badminton Court,2026-02-07 05:47:51,2026-02-07 17:15:00
R-181,Clubhouse,2026-02-07 05:56:41,2026-02-07 12:30:00
R-108,Clubhouse,2026-02-07 06:24:11,2026-02-07 19:00:00
R-210,Tennis Court,2026-02-07 07:23:13,2026-02-09 18:45:00
R-140,Badminton Court,2026-02-07 07:53:52,2026-02-07 15:00:00
R-197,Gym,2026-02-07 08:00:14,2026-02-08 18:30:00
R-201,Clubhouse,2026-02-07 08:24:11,2026-02-07 17:00:00
R-107,Badminton Court,2026-02-07 08:31:54,2026-02-08 18:15:00
R-149,Swimming Pool,2026-02-07 08:43:22,2026-02-07 15:15:00
R-177,Tennis Court,2026-02-07 08:50:24,2026-02-09 15:15:00
R-134,Swimming Pool,2026-02-07 10:24:37,2026-02-07 17:15:00
R-124,Clubhouse,2026-02-07 10:28:02,2026-02-08 15:30:00
R-204,Badminton Court,2026-02-07 10:53:20,2026-02-07 19:45:00
R-179,Clubhouse,2026-02-07 11:00:31,2026-02-07 16:30:00
R-143,Badminton Court,2026-02-07 11:10:34,2026-02-07 16:45:00
R-114,Clubhouse,2026-02-07 11:31:20,2026-02-08 11:45:00
R-148,Tennis Court,2026-02-07 11:33:33,2026-02-07 15:30:00
R-214,Clubhouse,2026-02-07 11:44:08,2026-02-08 14:00:00
R-163,Swimming Pool,2026-02-07 12:26:56,2026-02-07 17:30:00
R-118,Gym,2026-02-07 12:28:14,2026-02-08 06:30:00
R-150,Clubhouse,2026-02-07 12:40:26,2026-02-08 14:00:00
R-155,Badminton Court,2026-02-07 14:01:02,2026-02-08 15:00:00
R-160,Swimming Pool,2026-02-07 15:33:51,2026-02-07 19:15:00
R-212,Gym,2026-02-07 17:05:53,2026-02-08 08:15:00
R-180,Badminton Court,2026-02-07 17:25:24,2026-02-08 18:45:00
R-120,Tennis Court,2026-02-07 17:40:33,2026-02-08 20:15:00
R-128,Swimming Pool,2026-02-07 17:58:59,2026-02-08 07:00:00
R-201,Gym,2026-02-07 18:17:05,2026-02-08 07:15:00
R-192,Gym,2026-02-07 19:05:38,2026-02-08 20:30:00
R-145,Badminton Court,2026-02-07 19:30:04,2026-02-08 07:30:00
R-112,Swimming Pool,2026-02-07 20:37:52,2026-02-08 14:30:00
R-191,Swimming Pool,2026-02-07 21:06:58,2026-02-08 08:45:00
R-186,Swimming Pool,2026-02-07 21:22:13,2026-02-08 11:45:00
R-164,Clubhouse,2026-02-07 21:34:15,2026-02-08 16:15:00
R-133,Swimming Pool,2026-02-07 21:47:40,2026-02-08 18:15:00
R-200,Gym,2026-02-07 22:11:10,2026-02-08 11:45:00
R-184,Swimming Pool,2026-02-07 22:59:49,2026-02-08 11:15:00
R-151,Gym,2026-02-08 00:04:15,2026-02-08 08:15:00
R-162,Swimming Pool,2026-02-08 00:22:49,2026-02-08 20:30:00
R-165,Badminton Court,2026-02-08 00:34:40,2026-02-08 19:00:00
R-197,Gym,2026-02-08 00:37:30,2026-02-09 07:00:00
R-178,Badminton Court,2026-02-08 00:56:07,2026-02-08 11:15:00
R-115,Tennis Court,2026-02-08 01:09:47,2026-02-10 07:15:00
R-129,Clubhouse,2026-02-08 01:55:14,2026-02-08 20:15:00
R-143,Swimming Pool,2026-02-08 03:24:50,2026-02-08 11:00:00
R-140,Tennis Court,2026-02-08 03:55:21,2026-02-08 11:45:00
R-136,Gym,2026-02-08 04:00:39,2026-02-09 19:00:00
R-197,Tennis Court,2026-02-08 04:46:24,2026-02-10 16:00:00
R-211,Swimming Pool,2026-02-08 05:07:44,2026-02-08 10:15:00
R-170,Badminton Court,2026-02-08 05:47:47,2026-02-09 19:00:00
R-196,Badminton Court,2026-02-08 06:10:39,2026-02-09 19:15:00
R-182,Swimming Pool,2026-02-08 07:00:32,2026-02-08 15:45:00
R-183,Swimming Pool,2026-02-08 07:20:11,2026-02-09 20:00:00
R-193,Badminton Court,2026-02-08 07:29:24,2026-02-08 20:45:00
R-134,Swimming Pool,2026-02-08 07:32:24,2026-02-08 16:15:00
R-209,Swimming Pool,2026-02-08 07:45:56,2026-02-08 10:30:00
R-185,Badminton Court,2026-02-08 07:46:23,2026-02-08 16:15:00
R-106,Badminton Court,2026-02-08 08:29:13,2026-02-09 18:15:00
R-165,Gym,2026-02-08 08:56:20,2026-02-09 12:00:00
R-192,Badminton Court,2026-02-08 08:57:08,2026-02-09 18:45:00
R-179,Swimming Pool,2026-02-08 09:39:03,2026-02-08 17:45:00
R-139,Gym,2026-02-08 09:40:59,2026-02-08 16:15:00
R-205,Swimming Pool,2026-02-08 09:59:52,2026-02-08 16:15:00
R-101,Badminton Court,2026-02-08 10:21:09,2026-02-09 07:30:00
R-216,Swimming Pool,2026-02-08 10:40:20,2026-02-08 16:00:00
R-104,Badminton Court,2026-02-08 10:59:20,2026-02-08 17:30:00
R-181,Clubhouse,2026-02-08 10:59:35,2026-02-08 15:30:00
R-169,Badminton Court,2026-02-08 11:30:35,2026-02-08 19:45:00
R-171,Swimming Pool,2026-02-08 11:43:37,2026-02-08 17:45:00
R-152,Swimming Pool,2026-02-08 13:29:01,2026-02-09 06:15:00
R-168,Gym,2026-02-08 14:02:57,2026-02-09 06:00:00
R-109,Gym,2026-02-08 14:25:24,2026-02-09 06:45:00
R-167,Gym,2026-02-08 14:48:27,2026-02-09 06:15:00
R-107,Clubhouse,2026-02-08 14:49:39,2026-02-09 12:00:00
R-117,Gym,2026-02-08 14:50:58,2026-02-09 06:30:00
R-108,Gym,2026-02-08 15:05:22,2026-02-09 07:00:00
R-213,Badminton Court,2026-02-08 15:08:44,2026-02-09 20:15:00
R-154,Tennis Court,2026-02-08 15:10:31,2026-02-10 18:15:00
R-190,Clubhouse,2026-02-08 15:12:21,2026-02-09 19:15:00
R-102,Badminton Court,2026-02-08 15:16:45,2026-02-09 06:15:00
R-208,Gym,2026-02-08 15:22:53,2026-02-09 06:30:00
R-144,Gym,2026-02-08 15:29:07,2026-02-09 08:45:00
R-174,Gym,2026-02-08 16:02:36,2026-02-09 07:45:00
R-131,Gym,2026-02-08 16:10:13,2026-02-09 18:45:00
R-206,Gym,2026-02-08 16:16:28,2026-02-09 06:15:00
R-119,Swimming Pool,2026-02-08 16:21:08,2026-02-09 19:45:00
R-135,Badminton Court,2026-02-08 16:43:43,2026-02-09 07:30:00
R-120,Clubhouse,2026-02-08 17:18:08,2026-02-09 20:15:00
R-207,Swimming Pool,2026-02-08 17:30:33,2026-02-09 20:00:00
R-219,Tennis Court,2026-02-08 18:06:47,2026-02-10 08:45:00
R-178,Gym,2026-02-08 18:33:26,2026-02-09 08:00:00
R-189,Gym,2026-02-08 18:44:03,2026-02-09 06:15:00
R-186,Swimming Pool,2026-02-08 18:51:38,2026-02-09 08:00:00
R-123,Gym,2026-02-08 18:52:28,2026-02-09 10:30:00
R-113,Gym,2026-02-08 18:54:32,2026-02-09 06:15:00
R-130,Tennis Court,2026-02-08 19:07:37,2026-02-10 18:15:00
R-172,Gym,2026-02-08 19:13:45,2026-02-09 07:15:00
R-125,Swimming Pool,2026-02-08 19:21:13,2026-02-09 19:30:00
R-100,Swimming Pool,2026-02-08 19:41:22,2026-02-09 08:00:00
R-158,Gym,2026-02-08 19:50:52,2026-02-09 07:15:00
R-105,Clubhouse,2026-02-08 19:56:27,2026-02-09 18:15:00
R-198,Tennis Court,2026-02-08 20:41:59,2026-02-10 17:15:00
R-203,Badminton Court,2026-02-08 20:49:04,2026-02-09 19:45:00
R-141,Tennis Court,2026-02-08 21:13:28,2026-02-09 20:45:00
R-111,Tennis Court,2026-02-08 21:20:45,2026-02-09 07:00:00
R-188,Gym,2026-02-08 21:50:34,2026-02-09 08:00:00
R-142,Badminton Court,2026-02-08 22:29:10,2026-02-09 20:15:00
R-212,Gym,2026-02-08 22:51:56,2026-02-09 08:00:00
R-137,Clubhouse,2026-02-08 23:02:38,2026-02-09 11:15:00
R-217,Tennis Court,2026-02-08 23:10:53,2026-02-09 19:30:00
R-169,Gym,2026-02-08 23:39:08,2026-02-09 11:15:00
R-175,Tennis Court,2026-02-08 23:58:56,2026-02-10 18:30:00
R-145,Gym,2026-02-09 00:03:59,2026-02-09 06:15:00
R-116,Gym,2026-02-09 00:11:55,2026-02-09 08:00:00
R-118,Gym,2026-02-09 00:45:52,2026-02-09 07:30:00
R-110,Swimming Pool,2026-02-09 00:54:31,2026-02-09 11:15:00
R-173,Tennis Court,2026-02-09 00:58:59,2026-02-09 20:45:00
R-195,Badminton Court,2026-02-09 01:01:55,2026-02-09 19:00:00
R-203,Badminton Court,2026-02-09 01:17:09,2026-02-10 18:45:00
R-180,Badminton Court,2026-02-09 01:57:38,2026-02-09 20:00:00
R-121,Badminton Court,2026-02-09 02:23:00,2026-02-09 20:45:00
R-200,Badminton Court,2026-02-09 02:35:47,2026-02-09 13:30:00
R-218,Tennis Court,2026-02-09 03:25:50,2026-02-09 11:00:00
R-156,Gym,2026-02-09 03:31:20,2026-02-09 16:45:00
R-195,Badminton Court,2026-02-09 03:52:07,2026-02-10 18:00:00
R-179,Swimming Pool,2026-02-09 03:56:45,2026-02-09 11:30:00
R-147,Gym,2026-02-09 04:02:36,2026-02-09 16:15:00
R-128,Gym,2026-02-09 04:05:24,2026-02-09 20:00:00
R-130,Tennis Court,2026-02-09 05:46:20,2026-02-11 08:00:00
R-196,Badminton Court,2026-02-09 06:12:43,2026-02-10 19:45:00
R-127,Badminton Court,2026-02-09 06:27:24,2026-02-09 19:00:00
R-132,Tennis Court,2026-02-09 06:37:16,2026-02-10 17:45:00
R-204,Gym,2026-02-09 07:50:10,2026-02-09 19:15:00
R-194,Tennis Court,2026-02-09 08:11:59,2026-02-09 19:45:00
R-201,Badminton Court,2026-02-09 08:12:14,2026-02-09 19:45:00
R-120,Gym,2026-02-09 08:20:38,2026-02-10 20:00:00
R-173,Badminton Court,2026-02-09 08:25:55,2026-02-10 20:15:00
R-104,Swimming Pool,2026-02-09 09:47:00,2026-02-09 15:45:00
R-207,Tennis Court,2026-02-09 09:59:32,2026-02-10 19:15:00
R-180,Badminton Court,2026-02-09 10:07:05,2026-02-10 19:30:00
R-106,Badminton Court,2026-02-09 11:14:26,2026-02-10 20:45:00
R-151,Swimming Pool,2026-02-09 11:35:49,2026-02-09 16:15:00
R-165,Badminton Court,2026-02-09 12:14:11,2026-02-10 20:00:00
R-156,Gym,2026-02-09 12:43:19,2026-02-10 06:15:00
R-183,Badminton Court,2026-02-09 13:27:29,2026-02-10 20:00:00
R-118,Swimming Pool,2026-02-09 15:00:00,2026-02-10 07:00:00
R-193,Clubhouse,2026-02-09 15:28:07,2026-02-10 14:00:00
R-144,Gym,2026-02-09 15:31:56,2026-02-10 08:30:00
R-145,Gym,2026-02-09 15:51:56,2026-02-10 08:30:00
R-117,Swimming Pool,2026-02-09 15:56:28,2026-02-10 06:30:00
R-167,Gym,2026-02-09 16:15:04,2026-02-10 07:45:00
R-190,Tennis Court,2026-02-09 16:30:43,2026-02-10 14:15:00
R-210,Badminton Court,2026-02-09 16:40:54,2026-02-11 17:30:00
R-212,Swimming Pool,2026-02-09 16:54:01,2026-02-10 07:00:00
R-168,Gym,2026-02-09 16:56:47,2026-02-10 08:45:00
R-105,Badminton Court,2026-02-09 17:00:06,2026-02-10 20:00:00
R-116,Gym,2026-02-09 17:00:59,2026-02-10 06:15:00
R-138,Tennis Court,2026-02-09 17:10:42,2026-02-10 08:00:00
R-113,Badminton Court,2026-02-09 17:21:24,2026-02-10 08:45:00
R-101,Swimming Pool,2026-02-09 17:28:32,2026-02-10 07:00:00
R-102,Gym,2026-02-09 17:50:28,2026-02-10 07:00:00
R-174,Gym,2026-02-09 18:05:51,2026-02-10 08:45:00
R-172,Gym,2026-02-09 18:08:23,2026-02-10 06:00:00
R-107,Clubhouse,2026-02-09 18:16:52,2026-02-10 18:15:00
R-119,Badminton Court,2026-02-09 18:49:42,2026-02-10 20:30:00
R-123,Gym,2026-02-09 18:56:24,2026-02-10 07:00:00
R-191,Tennis Court,2026-02-09 18:59:23,2026-02-10 07:15:00
R-170,Badminton Court,2026-02-09 19:33:52,2026-02-10 19:30:00
R-135,Swimming Pool,2026-02-09 20:00:26,2026-02-10 06:45:00
R-158,Swimming Pool,2026-02-09 20:10:25,2026-02-10 08:15:00
R-136,Badminton Court,2026-02-09 20:41:20,2026-02-10 18:30:00
R-204,Swimming Pool,2026-02-09 21:19:25,2026-02-10 07:00:00
R-142,Badminton Court,2026-02-09 21:50:47,2026-02-10 18:45:00
R-159,Clubhouse,2026-02-09 21:59:05,2026-02-10 15:00:00
R-187,Gym,2026-02-09 22:22:41,2026-02-10 14:15:00
R-184,Badminton Court,2026-02-09 22:57:15,2026-02-10 17:00:00
R-206,Gym,2026-02-09 23:24:51,2026-02-10 06:30:00
R-183,Badminton Court,2026-02-09 23:54:40,2026-02-11 15:15:00
R-127,Tennis Court,2026-02-09 23:55:48,2026-02-10 17:45:00
R-152,Swimming Pool,2026-02-10 01:00:41,2026-02-10 08:30:00
R-217,Clubhouse,2026-02-10 01:02:32,2026-02-11 14:30:00
R-200,Gym,2026-02-10 01:14:46,2026-02-10 07:00:00
R-128,Swimming Pool,2026-02-10 01:39:23,2026-02-10 10:15:00
R-132,Tennis Court,2026-02-10 01:43:40,2026-02-11 17:00:00
R-208,Tennis Court,2026-02-10 01:58:40,2026-02-10 08:45:00
R-182,Gym,2026-02-10 02:09:44,2026-02-10 07:15:00
R-109,Gym,2026-02-10 02:23:58,2026-02-10 06:15:00
R-198,Tennis Court,2026-02-10 02:24:51,2026-02-11 18:15:00
R-111,Clubhouse,2026-02-10 02:42:35,2026-02-10 19:15:00
R-150,Clubhouse,2026-02-10 02:51:11,2026-02-10 19:15:00
R-161,Clubhouse,2026-02-10 03:40:15,2026-02-10 08:30:00
R-149,Swimming Pool,2026-02-10 03:47:20,2026-02-10 10:30:00
R-103,Gym,2026-02-10 04:15:34,2026-02-10 11:15:00
R-100,Clubhouse,2026-02-10 04:21:22,2026-02-10 17:30:00
R-192,Badminton Court,2026-02-10 05:02:45,2026-02-11 06:30:00
R-217,Gym,2026-02-10 05:17:40,2026-02-10 18:45:00
R-165,Swimming Pool,2026-02-10 06:15:52,2026-02-11 20:30:00
R-120,Gym,2026-02-10 06:45:25,2026-02-11 19:00:00
R-207,Badminton Court,2026-02-10 06:52:34,2026-02-11 18:00:00
R-169,Badminton Court,2026-02-10 07:45:10,2026-02-10 17:15:00
R-136,Badminton Court,2026-02-10 09:23:06,2026-02-11 19:00:00
R-135,Tennis Court,2026-02-10 11:24:18,2026-02-11 07:00:00
R-101,Gym,2026-02-10 11:59:53,2026-02-11 07:45:00
R-130,Tennis Court,2026-02-10 12:27:56,2026-02-12 07:30:00
R-148,Clubhouse,2026-02-10 12:46:52,2026-02-10 17:00:00
R-106,Badminton Court,2026-02-10 12:58:31,2026-02-11 19:30:00
R-195,Badminton Court,2026-02-10 13:26:36,2026-02-11 18:00:00
R-147,Gym,2026-02-10 13:49:09,2026-02-11 06:30:00
R-167,Badminton Court,2026-02-10 14:07:31,2026-02-11 06:45:00
R-212,Gym,2026-02-10 14:24:38,2026-02-11 07:15:00
R-158,Gym,2026-02-10 14:38:20,2026-02-11 06:15:00
R-174,Gym,2026-02-10 14:48:39,2026-02-11 08:30:00
R-156,Gym,2026-02-10 15:07:24,2026-02-11 06:30:00
R-145,Gym,2026-02-10 15:17:00,2026-02-11 06:00:00
R-125,Badminton Court,2026-02-10 15:25:39,2026-02-11 19:00:00
R-196,Gym,2026-02-10 15:32:33,2026-02-11 20:00:00
R-203,Swimming Pool,2026-02-10 15:34:50,2026-02-11 20:45:00
R-107,Gym,2026-02-10 15:37:25,2026-02-11 19:45:00
R-168,Gym,2026-02-10 16:31:21,2026-02-11 07:30:00
R-180,Clubhouse,2026-02-10 16:38:33,2026-02-11 19:30:00
R-206,Clubhouse,2026-02-10 16:43:28,2026-02-11 07:30:00
R-152,Gym,2026-02-10 17:42:10,2026-02-11 06:15:00
R-193,Gym,2026-02-10 17:45:05,2026-02-11 14:00:00
R-144,Gym,2026-02-10 17:46:31,2026-02-11 07:00:00
R-189,Gym,2026-02-10 17:51:38,2026-02-11 07:00:00
R-218,Clubhouse,2026-02-10 18:05:29,2026-02-11 08:45:00
R-166,Swimming Pool,2026-02-10 18:09:14,2026-02-11 07:30:00
R-117,Swimming Pool,2026-02-10 18:20:10,2026-02-11 08:45:00
R-118,Gym,2026-02-10 19:06:34,2026-02-11 06:45:00
R-116,Gym,2026-02-10 19:08:04,2026-02-11 07:00:00
R-172,Tennis Court,2026-02-10 19:12:54,2026-02-11 07:00:00
R-123,Gym,2026-02-10 19:14:38,2026-02-11 08:30:00
R-153,Badminton Court,2026-02-10 19:33:46,2026-02-11 07:15:00
R-161,Badminton Court,2026-02-10 19:39:55,2026-02-11 08:15:00
R-131,Swimming Pool,2026-02-10 19:58:05,2026-02-11 18:30:00
R-192,Badminton Court,2026-02-10 20:14:50,2026-02-12 06:30:00
R-113,Tennis Court,2026-02-10 20:30:09,2026-02-11 08:00:00
R-188,Badminton Court,2026-02-10 20:46:44,2026-02-11 08:30:00
R-191,Tennis Court,2026-02-10 21:20:05,2026-02-11 08:15:00
R-210,Swimming Pool,2026-02-10 21:50:21,2026-02-12 17:00:00
R-141,Badminton Court,2026-02-10 22:18:29,2026-02-11 18:15:00
R-108,Badminton Court,2026-02-10 22:34:55,2026-02-11 12:00:00
R-170,Swimming Pool,2026-02-10 22:56:30,2026-02-11 20:00:00
R-173,Badminton Court,2026-02-10 23:19:28,2026-02-11 19:00:00
R-157,Clubhouse,2026-02-10 23:36:58,2026-02-12 18:30:00
R-190,Swimming Pool,2026-02-10 23:57:00,2026-02-11 18:30:00
R-208,Tennis Court,2026-02-11 00:33:14,2026-02-11 17:15:00
R-126,Gym,2026-02-11 00:54:22,2026-02-11 11:15:00
R-204,Swimming Pool,2026-02-11 00:59:52,2026-02-11 14:15:00
R-215,Swimming Pool,2026-02-11 01:20:11,2026-02-11 11:00:00
R-107,Badminton Court,2026-02-11 01:40:57,2026-02-12 20:30:00
R-213,Swimming Pool,2026-02-11 02:30:05,2026-02-11 20:00:00
R-149,Swimming Pool,2026-02-11 02:36:04,2026-02-11 10:00:00
R-111,Gym,2026-02-11 03:23:22,2026-02-11 13:30:00
R-205,Swimming Pool,2026-02-11 04:10:12,2026-02-11 10:00:00
R-128,Badminton Court,2026-02-11 05:03:19,2026-02-11 11:30:00
R-150,Badminton Court,2026-02-11 05:17:57,2026-02-12 06:15:00
R-143,Swimming Pool,2026-02-11 05:43:28,2026-02-11 12:30:00
R-138,Tennis Court,2026-02-11 05:56:54,2026-02-12 08:00:00
R-175,Clubhouse,2026-02-11 06:06:00,2026-02-12 20:30:00
R-119,Badminton Court,2026-02-11 07:44:59,2026-02-12 18:45:00
R-142,Badminton Court,2026-02-11 10:07:24,2026-02-11 18:15:00
R-125,Badminton Court,2026-02-11 10:28:21,2026-02-12 12:30:00
R-199,Clubhouse,2026-02-11 10:36:34,2026-02-11 17:45:00
R-174,Gym,2026-02-11 11:09:11,2026-02-12 07:30:00
R-105,Badminton Court,2026-02-11 11:41:29,2026-02-12 10:15:00
R-210,Tennis Court,2026-02-11 12:47:03,2026-02-13 07:15:00
R-136,Gym,2026-02-11 12:55:04,2026-02-12 21:15:00
R-217,Badminton Court,2026-02-11 13:17:29,2026-02-12 20:45:00
R-131,Clubhouse,2026-02-11 13:47:01,2026-02-12 18:15:00
R-189,Gym,2026-02-11 14:13:20,2026-02-12 07:30:00
R-120,Badminton Court,2026-02-11 14:17:49,2026-02-12 19:15:00
R-183,Gym,2026-02-11 14:41:05,2026-02-12 18:00:00
R-118,Gym,2026-02-11 14:51:17,2026-02-12 10:45:00
R-208,Gym,2026-02-11 14:53:02,2026-02-12 07:00:00
R-110,Gym,2026-02-11 15:06:47,2026-02-11 19:00:00
R-103,Gym,2026-02-11 15:33:42,2026-02-12 07:00:00
R-196,Tennis Court,2026-02-11 16:17:17,2026-02-12 18:30:00
R-102,Badminton Court,2026-02-11 16:45:07,2026-02-12 11:30:00
R-168,Gym,2026-02-11 16:48:43,2026-02-12 06:15:00
R-170,Badminton Court,2026-02-11 17:13:39,2026-02-12 20:00:00
R-152,Gym,2026-02-11 17:30:35,2026-02-12 06:45:00
R-203,Clubhouse,2026-02-11 18:05:56,2026-02-12 19:30:00
R-142,Clubhouse,2026-02-11 18:51:12,2026-02-12 19:15:00
R-147,Gym,2026-02-11 18:51:51,2026-02-12 06:15:00
R-109,Swimming Pool,2026-02-11 19:20:58,2026-02-12 08:30:00
R-156,Badminton Court,2026-02-11 20:16:27,2026-02-12 08:00:00
R-213,Badminton Court,2026-02-11 20:42:30,2026-02-13 07:45:00
R-167,Swimming Pool,2026-02-11 21:23:59,2026-02-12 06:00:00
R-101,Gym,2026-02-11 21:31:47,2026-02-12 10:30:00
R-180,Gym,2026-02-11 22:03:18,2026-02-12 19:15:00
R-106,Swimming Pool,2026-02-11 22:20:22,2026-02-12 18:45:00
R-206,Gym,2026-02-11 22:45:50,2026-02-12 07:00:00
R-141,Badminton Court,2026-02-11 23:24:54,2026-02-12 09:00:00
R-145,Gym,2026-02-11 23:26:55,2026-02-12 13:45:00
R-116,Gym,2026-02-11 23:38:07,2026-02-12 07:45:00
R-212,Gym,2026-02-11 23:41:31,2026-02-12 11:30:00
R-137,Tennis Court,2026-02-12 00:20:05,2026-02-12 17:15:00
R-162,Tennis Court,2026-02-12 00:29:12,2026-02-12 19:00:00
R-120,Clubhouse,2026-02-12 00:43:35,2026-02-13 18:15:00
R-201,Badminton Court,2026-02-12 00:58:30,2026-02-12 07:45:00
R-114,Clubhouse,2026-02-12 01:35:51,2026-02-13 09:00:00
R-172,Clubhouse,2026-02-12 02:31:47,2026-02-12 18:15:00
R-219,Gym,2026-02-12 02:54:33,2026-02-14 08:15:00
R-113,Clubhouse,2026-02-12 03:03:14,2026-02-12 13:00:00
R-144,Badminton Court,2026-02-12 03:08:51,2026-02-12 18:00:00
R-123,Gym,2026-02-12 03:40:20,2026-02-12 08:30:00
R-135,Tennis Court,2026-02-12 03:59:46,2026-02-12 08:30:00
R-200,Clubhouse,2026-02-12 04:27:08,2026-02-12 17:00:00
R-218,Swimming Pool,2026-02-12 05:03:49,2026-02-12 08:30:00
R-188,Swimming Pool,2026-02-12 05:28:47,2026-02-12 17:00:00
R-131,Badminton Court,2026-02-12 05:34:37,2026-02-13 19:45:00
R-173,Badminton Court,2026-02-12 05:53:03,2026-02-13 18:00:00
R-166,Swimming Pool,2026-02-12 06:14:20,2026-02-12 17:30:00
R-192,Badminton Court,2026-02-12 06:48:13,2026-02-13 19:15:00
R-158,Gym,2026-02-12 07:26:24,2026-02-12 20:30:00
R-181,Swimming Pool,2026-02-12 07:31:35,2026-02-12 15:00:00
R-116,Gym,2026-02-12 08:12:34,2026-02-13 07:00:00
R-141,Clubhouse,2026-02-12 08:58:21,2026-02-13 20:30:00
R-199,Swimming Pool,2026-02-12 09:29:03,2026-02-12 16:30:00
R-187,Badminton Court,2026-02-12 10:19:25,2026-02-12 19:00:00
R-136,Badminton Court,2026-02-12 10:21:33,2026-02-13 19:15:00
R-203,Badminton Court,2026-02-12 11:04:33,2026-02-13 20:00:00
R-130,Clubhouse,2026-02-12 11:29:06,2026-02-14 17:00:00
R-123,Swimming Pool,2026-02-12 12:00:19,2026-02-13 06:45:00
R-189,Clubhouse,2026-02-12 12:16:55,2026-02-13 06:30:00
R-132,Badminton Court,2026-02-12 12:22:07,2026-02-14 17:45:00
R-180,Badminton Court,2026-02-12 12:41:23,2026-02-13 20:15:00
R-160,Clubhouse,2026-02-12 12:45:16,2026-02-12 16:00:00
R-109,Gym,2026-02-12 13:55:41,2026-02-13 07:45:00
R-174,Gym,2026-02-12 14:05:38,2026-02-13 07:30:00
R-145,Gym,2026-02-12 14:22:33,2026-02-13 08:00:00
R-195,Swimming Pool,2026-02-12 14:23:33,2026-02-13 11:30:00
R-111,Gym,2026-02-12 14:25:12,2026-02-12 20:45:00
R-208,Gym,2026-02-12 14:26:17,2026-02-13 07:00:00
R-156,Clubhouse,2026-02-12 14:35:30,2026-02-13 07:15:00
R-165,Badminton Court,2026-02-12 14:55:29,2026-02-13 18:00:00
R-152,Swimming Pool,2026-02-12 15:00:29,2026-02-13 08:30:00
R-142,Swimming Pool,2026-02-12 15:01:31,2026-02-13 20:30:00
R-107,Badminton Court,2026-02-12 15:04:35,2026-02-13 19:15:00
R-113,Gym,2026-02-12 15:17:26,2026-02-13 12:15:00
R-183,Gym,2026-02-12 15:28:24,2026-02-13 18:30:00
R-118,Gym,2026-02-12 15:28:26,2026-02-13 06:00:00
R-102,Tennis Court,2026-02-12 15:57:27,2026-02-13 08:45:00
R-170,Badminton Court,2026-02-12 16:13:36,2026-02-13 19:45:00
R-106,Tennis Court,2026-02-12 16:44:35,2026-02-13 18:30:00
R-158,Clubhouse,2026-02-12 17:46:16,2026-02-13 06:45:00
R-212,Badminton Court,2026-02-12 18:25:57,2026-02-13 07:00:00
R-101,Clubhouse,2026-02-12 18:37:59,2026-02-13 06:45:00
R-117,Gym,2026-02-12 18:38:30,2026-02-13 08:30:00
R-172,Gym,2026-02-12 18:43:33,2026-02-13 10:00:00
R-206,Gym,2026-02-12 18:57:18,2026-02-13 06:45:00
R-177,Tennis Court,2026-02-12 19:00:50,2026-02-14 17:15:00
R-155,Badminton Court,2026-02-12 19:41:02,2026-02-13 14:15:00
R-198,Clubhouse,2026-02-12 20:00:55,2026-02-14 09:45:00
R-162,Clubhouse,2026-02-12 20:32:43,2026-02-13 18:00:00
R-135,Gym,2026-02-12 20:33:52,2026-02-13 08:30:00
R-100,Swimming Pool,2026-02-12 21:01:08,2026-02-13 08:15:00
R-137,Badminton Court,2026-02-12 21:15:25,2026-02-13 09:45:00
R-166,Swimming Pool,2026-02-12 21:19:16,2026-02-13 07:45:00
R-178,Gym,2026-02-12 21:22:22,2026-02-13 08:00:00
R-196,Badminton Court,2026-02-12 22:02:51,2026-02-13 20:30:00
R-150,Clubhouse,2026-02-12 23:26:18,2026-02-13 18:15:00
R-127,Gym,2026-02-13 00:11:20,2026-02-13 07:30:00
R-157,Tennis Court,2026-02-13 01:17:46,2026-02-14 07:45:00
R-169,Gym,2026-02-13 01:18:13,2026-02-13 13:00:00
R-129,Clubhouse,2026-02-13 01:23:50,2026-02-13 15:30:00
R-103,Badminton Court,2026-02-13 02:04:40,2026-02-13 08:30:00
R-202,Clubhouse,2026-02-13 04:07:14,2026-02-13 19:15:00
R-110,Clubhouse,2026-02-13 04:17:22,2026-02-13 19:00:00
R-167,Gym,2026-02-13 05:49:34,2026-02-13 12:45:00
R-147,Swimming Pool,2026-02-13 06:08:59,2026-02-13 17:30:00
R-144,Gym,2026-02-13 06:40:53,2026-02-13 21:30:00
R-193,Clubhouse,2026-02-13 07:23:09,2026-02-13 19:45:00
R-140,Swimming Pool,2026-02-13 07:27:20,2026-02-13 16:45:00
R-121,Clubhouse,2026-02-13 07:51:15,2026-02-13 20:00:00
R-211,Tennis Court,2026-02-13 08:07:06,2026-02-13 11:30:00
R-115,Tennis Court,2026-02-13 08:11:07,2026-02-14 20:00:00
R-210,Gym,2026-02-13 08:21:33,2026-02-15 07:15:00
R-134,Swimming Pool,2026-02-13 09:07:02,2026-02-13 15:00:00
R-182,Clubhouse,2026-02-13 10:08:43,2026-02-13 15:30:00
R-164,Clubhouse,2026-02-13 10:13:39,2026-02-13 20:15:00
R-179,Swimming Pool,2026-02-13 11:28:17,2026-02-13 17:45:00
R-146,Clubhouse,2026-02-13 11:37:11,2026-02-15 08:00:00
R-144,Gym,2026-02-13 14:24:43,2026-02-14 08:00:00
R-133,Badminton Court,2026-02-13 15:58:46,2026-02-14 20:00:00
R-174,Gym,2026-02-13 16:53:11,2026-02-14 07:00:00
R-158,Tennis Court,2026-02-13 17:07:40,2026-02-14 06:45:00
R-164,Gym,2026-02-13 17:34:39,2026-02-14 15:00:00
R-112,Clubhouse,2026-02-13 17:48:52,2026-02-14 18:30:00
R-175,Gym,2026-02-13 18:17:35,2026-02-14 18:00:00
R-166,Badminton Court,2026-02-13 18:25:12,2026-02-14 07:15:00
R-102,Gym,2026-02-13 18:25:40,2026-02-14 07:15:00
R-156,Clubhouse,2026-02-13 18:35:01,2026-02-14 08:45:00
R-194,Gym,2026-02-13 19:09:22,2026-02-14 07:45:00
R-135,Gym,2026-02-13 19:15:34,2026-02-14 07:00:00
R-127,Swimming Pool,2026-02-13 20:27:15,2026-02-14 11:15:00
R-212,Clubhouse,2026-02-13 20:43:21,2026-02-14 15:00:00
R-154,Gym,2026-02-13 21:29:09,2026-02-15 18:45:00
R-214,Badminton Court,2026-02-13 21:53:44,2026-02-14 19:30:00
R-204,Tennis Court,2026-02-13 21:59:38,2026-02-14 11:45:00
R-138,Tennis Court,2026-02-13 22:09:56,2026-02-14 18:30:00
R-100,Swimming Pool,2026-02-13 22:32:11,2026-02-14 11:00:00
R-109,Badminton Court,2026-02-13 23:01:26,2026-02-14 07:00:00
R-215,Swimming Pool,2026-02-13 23:44:37,2026-02-14 11:15:00
R-115,Gym,2026-02-14 00:21:49,2026-02-15 07:15:00
R-159,Clubhouse,2026-02-14 01:00:53,2026-02-14 18:00:00
R-169,Badminton Court,2026-02-14 01:24:48,2026-02-14 17:00:00
R-193,Clubhouse,2026-02-14 01:50:03,2026-02-14 18:30:00
R-185,Swimming Pool,2026-02-14 03:10:00,2026-02-14 10:30:00
R-160,Tennis Court,2026-02-14 03:16:23,2026-02-14 09:45:00
R-134,Clubhouse,2026-02-14 03:47:25,2026-02-14 10:30:00
R-187,Clubhouse,2026-02-14 04:24:59,2026-02-14 17:30:00
R-201,Swimming Pool,2026-02-14 04:48:44,2026-02-14 17:15:00
R-199,Swimming Pool,2026-02-14 04:55:30,2026-02-14 10:00:00
R-150,Swimming Pool,2026-02-14 04:55:51,2026-02-14 14:45:00
R-171,Swimming Pool,2026-02-14 05:02:18,2026-02-14 10:15:00
R-179,Tennis Court,2026-02-14 05:09:27,2026-02-14 10:00:00
R-163,Clubhouse,2026-02-14 05:21:54,2026-02-14 10:45:00
R-207,Swimming Pool,2026-02-14 06:19:06,2026-02-15 13:00:00
R-211,Swimming Pool,2026-02-14 06:20:44,2026-02-14 10:15:00
R-205,Badminton Court,2026-02-14 06:26:06,2026-02-14 11:30:00
R-175,Tennis Court,2026-02-14 06:27:15,2026-02-16 08:15:00
R-177,Tennis Court,2026-02-14 06:49:18,2026-02-15 18:15:00
R-210,Badminton Court,2026-02-14 07:07:05,2026-02-16 08:00:00
R-143,Clubhouse,2026-02-14 08:04:38,2026-02-14 17:00:00
R-209,Tennis Court,2026-02-14 08:14:32,2026-02-14 14:45:00
R-110,Badminton Court,2026-02-14 08:14:54,2026-02-14 17:30:00
R-182,Swimming Pool,2026-02-14 09:25:08,2026-02-14 17:00:00
R-217,Badminton Court,2026-02-14 09:34:45,2026-02-15 19:30:00
R-148,Gym,2026-02-14 10:04:15,2026-02-14 16:00:00
R-181,Swimming Pool,2026-02-14 10:22:54,2026-02-14 16:30:00
R-139,Swimming Pool,2026-02-14 10:43:33,2026-02-14 16:15:00
R-176,Badminton Court,2026-02-14 11:04:08,2026-02-14 16:15:00
R-198,Tennis Court,2026-02-14 11:51:09,2026-02-15 18:45:00
R-149,Swimming Pool,2026-02-14 12:37:23,2026-02-14 16:15:00
R-102,Gym,2026-02-14 13:29:53,2026-02-15 07:15:00
R-193,Clubhouse,2026-02-14 15:00:52,2026-02-15 14:45:00
R-194,Badminton Court,2026-02-14 15:03:15,2026-02-15 07:15:00
R-172,Gym,2026-02-14 15:19:38,2026-02-15 06:30:00
R-161,Badminton Court,2026-02-14 15:27:47,2026-02-15 07:00:00
R-198,Tennis Court,2026-02-14 15:29:46,2026-02-16 07:00:00
R-101,Clubhouse,2026-02-14 15:32:39,2026-02-15 07:15:00
R-168,Swimming Pool,2026-02-14 16:09:01,2026-02-15 06:30:00
R-150,Badminton Court,2026-02-14 16:37:58,2026-02-15 18:30:00
R-122,Clubhouse,2026-02-14 16:56:22,2026-02-15 14:15:00
R-125,Clubhouse,2026-02-14 18:12:21,2026-02-15 19:45:00
R-218,Gym,2026-02-14 18:27:28,2026-02-15 08:00:00
R-208,Badminton Court,2026-02-14 18:48:59,2026-02-15 06:00:00
R-129,Clubhouse,2026-02-14 19:28:22,2026-02-15 21:45:00
R-114,Clubhouse,2026-02-14 19:52:08,2026-02-15 20:15:00
R-112,Tennis Court,2026-02-14 20:17:43,2026-02-15 19:00:00
R-166,Swimming Pool,2026-02-14 22:08:05,2026-02-15 07:30:00
R-123,Gym,2026-02-15 00:04:24,2026-02-15 07:15:00
R-138,Tennis Court,2026-02-15 00:58:20,2026-02-17 07:30:00
R-215,Badminton Court,2026-02-15 01:08:54,2026-02-15 17:00:00
R-192,Tennis Court,2026-02-15 01:39:35,2026-02-16 09:45:00
R-118,Tennis Court,2026-02-15 01:59:35,2026-02-15 07:15:00
R-144,Tennis Court,2026-02-15 02:03:23,2026-02-15 08:15:00
R-128,Swimming Pool,2026-02-15 02:39:18,2026-02-15 08:00:00
R-159,Swimming Pool,2026-02-15 03:23:36,2026-02-15 15:30:00
R-108,Gym,2026-02-15 04:42:33,2026-02-15 19:15:00
R-100,Tennis Court,2026-02-15 04:55:17,2026-02-15 19:45:00
R-182,Clubhouse,2026-02-15 05:44:08,2026-02-15 10:00:00
R-149,Clubhouse,2026-02-15 06:35:32,2026-02-15 11:45:00
R-137,Swimming Pool,2026-02-15 06:39:44,2026-02-15 21:30:00
R-146,Gym,2026-02-15 07:16:09,2026-02-17 07:00:00
R-170,Badminton Court,2026-02-15 07:43:34,2026-02-16 20:15:00
R-173,Badminton Court,2026-02-15 08:21:59,2026-02-16 20:00:00
R-171,Clubhouse,2026-02-15 08:39:38,2026-02-15 12:45:00
R-211,Swimming Pool,2026-02-15 08:45:54,2026-02-15 15:15:00
R-176,Swimming Pool,2026-02-15 09:03:50,2026-02-15 15:15:00
R-142,Swimming Pool,2026-02-15 10:14:43,2026-02-16 13:00:00
R-140,Gym,2026-02-15 10:15:59,2026-02-15 15:00:00
R-205,Swimming Pool,2026-02-15 10:48:18,2026-02-15 17:45:00
R-139,Swimming Pool,2026-02-15 10:58:28,2026-02-15 17:30:00
R-151,Clubhouse,2026-02-15 11:09:31,2026-02-15 16:45:00
R-160,Swimming Pool,2026-02-15 11:19:07,2026-02-15 17:00:00
R-136,Tennis Court,2026-02-15 11:26:57,2026-02-16 10:15:00
R-179,Gym,2026-02-15 11:36:23,2026-02-15 17:45:00
R-185,Swimming Pool,2026-02-15 11:59:58,2026-02-15 16:00:00
R-117,Swimming Pool,2026-02-15 12:07:45,2026-02-16 08:00:00
R-165,Badminton Court,2026-02-15 12:20:37,2026-02-16 19:15:00
R-131,Clubhouse,2026-02-15 12:35:38,2026-02-16 19:15:00
R-181,Tennis Court,2026-02-15 12:38:23,2026-02-15 17:45:00
R-209,Clubhouse,2026-02-15 12:43:10,2026-02-15 17:00:00
R-212,Gym,2026-02-15 13:02:55,2026-02-16 08:45:00
R-174,Clubhouse,2026-02-15 13:03:01,2026-02-16 07:15:00
R-143,Swimming Pool,2026-02-15 13:10:18,2026-02-15 16:30:00
R-105,Badminton Court,2026-02-15 13:44:57,2026-02-16 19:45:00
R-158,Gym,2026-02-15 13:59:23,2026-02-16 07:45:00
R-116,Gym,2026-02-15 14:45:05,2026-02-16 07:45:00
R-104,Swimming Pool,2026-02-15 14:56:15,2026-02-15 20:45:00
R-202,Tennis Court,2026-02-15 15:02:02,2026-02-16 18:00:00
R-167,Gym,2026-02-15 15:05:45,2026-02-16 08:30:00
R-135,Badminton Court,2026-02-15 15:13:24,2026-02-16 06:15:00
R-106,Badminton Court,2026-02-15 15:29:14,2026-02-16 19:15:00
R-109,Gym,2026-02-15 16:01:39,2026-02-16 07:30:00
R-101,Gym,2026-02-15 16:06:07,2026-02-16 08:45:00
R-207,Badminton Court,2026-02-15 16:06:11,2026-02-16 18:00:00
R-132,Swimming Pool,2026-02-15 16:22:55,2026-02-17 18:00:00
R-195,Badminton Court,2026-02-15 16:23:32,2026-02-16 19:30:00
R-217,Gym,2026-02-15 16:57:35,2026-02-16 19:15:00
R-206,Swimming Pool,2026-02-15 17:16:40,2026-02-16 07:00:00
R-172,Clubhouse,2026-02-15 17:36:32,2026-02-16 08:30:00
R-191,Clubhouse,2026-02-15 17:53:21,2026-02-16 07:00:00
R-184,Badminton Court,2026-02-15 17:57:04,2026-02-16 08:15:00
R-168,Clubhouse,2026-02-15 19:08:12,2026-02-16 08:45:00
R-144,Swimming Pool,2026-02-15 19:56:41,2026-02-16 06:45:00
R-189,Swimming Pool,2026-02-15 20:20:30,2026-02-16 08:15:00
R-152,Gym,2026-02-15 20:38:32,2026-02-16 07:30:00
R-217,Badminton Court,2026-02-15 20:46:36,2026-02-17 10:30:00
R-126,Swimming Pool,2026-02-15 20:53:31,2026-02-16 08:15:00
R-112,Clubhouse,2026-02-15 21:01:22,2026-02-16 19:00:00
R-180,Swimming Pool,2026-02-15 21:12:47,2026-02-16 20:45:00
R-141,Gym,2026-02-15 21:17:57,2026-02-16 18:45:00
R-111,Badminton Court,2026-02-15 21:29:01,2026-02-16 07:45:00
R-102,Gym,2026-02-15 21:40:50,2026-02-16 07:30:00
R-123,Gym,2026-02-15 21:44:01,2026-02-16 07:00:00
R-113,Gym,2026-02-15 21:51:05,2026-02-16 08:30:00
R-180,Badminton Court,2026-02-15 22:04:56,2026-02-17 18:00:00
R-137,Gym,2026-02-15 22:16:36,2026-02-16 12:15:00
R-119,Clubhouse,2026-02-15 22:36:33,2026-02-16 18:15:00
R-120,Badminton Court,2026-02-15 23:27:41,2026-02-16 20:45:00
R-118,Gym,2026-02-16 01:05:37,2026-02-16 07:30:00
R-161,Tennis Court,2026-02-16 01:34:53,2026-02-16 19:30:00
R-130,Gym,2026-02-16 01:48:27,2026-02-17 18:00:00
R-204,Swimming Pool,2026-02-16 02:58:55,2026-02-16 17:30:00
R-208,Gym,2026-02-16 03:22:54,2026-02-16 15:30:00
R-107,Tennis Court,2026-02-16 03:24:47,2026-02-16 20:15:00
R-213,Swimming Pool,2026-02-16 04:00:18,2026-02-16 20:45:00
R-139,Badminton Court,2026-02-16 04:21:15,2026-02-16 10:15:00
R-198,Tennis Court,2026-02-16 04:54:45,2026-02-17 17:15:00
R-145,Gym,2026-02-16 05:31:50,2026-02-16 20:45:00
R-173,Tennis Court,2026-02-16 08:06:33,2026-02-17 10:15:00
R-100,Tennis Court,2026-02-16 08:23:00,2026-02-16 19:00:00
R-156,Gym,2026-02-16 09:12:25,2026-02-16 21:30:00
R-140,Swimming Pool,2026-02-16 09:53:01,2026-02-16 15:00:00
R-106,Clubhouse,2026-02-16 09:57:30,2026-02-17 14:00:00
R-192,Badminton Court,2026-02-16 10:05:50,2026-02-17 19:30:00
R-182,Tennis Court,2026-02-16 12:04:41,2026-02-16 17:45:00
R-186,Swimming Pool,2026-02-16 12:57:47,2026-02-16 19:30:00
R-158,Gym,2026-02-16 12:58:07,2026-02-17 06:15:00
R-117,Gym,2026-02-16 13:10:16,2026-02-17 07:15:00
R-119,Badminton Court,2026-02-16 13:16:13,2026-02-17 18:00:00
R-219,Tennis Court,2026-02-16 13:37:25,2026-02-17 17:00:00
R-174,Swimming Pool,2026-02-16 13:52:19,2026-02-17 07:30:00
R-152,Swimming Pool,2026-02-16 16:13:49,2026-02-17 10:45:00
R-118,Gym,2026-02-16 16:39:06,2026-02-17 06:45:00
R-197,Tennis Court,2026-02-16 16:56:14,2026-02-18 07:45:00
R-101,Badminton Court,2026-02-16 16:58:47,2026-02-17 08:30:00
R-135,Tennis Court,2026-02-16 17:01:17,2026-02-17 07:30:00
R-156,Gym,2026-02-16 17:15:21,2026-02-17 06:30:00
R-136,Badminton Court,2026-02-16 17:19:04,2026-02-17 20:00:00
R-172,Clubhouse,2026-02-16 17:40:17,2026-02-17 07:45:00
R-165,Tennis Court,2026-02-16 18:01:32,2026-02-17 20:15:00
R-109,Gym,2026-02-16 18:16:23,2026-02-17 06:30:00
R-168,Swimming Pool,2026-02-16 18:20:39,2026-02-17 06:00:00
R-167,Gym,2026-02-16 18:33:59,2026-02-17 06:00:00
R-116,Gym,2026-02-16 18:34:14,2026-02-17 07:00:00
R-123,Gym,2026-02-16 18:41:07,2026-02-17 07:30:00
R-212,Tennis Court,2026-02-16 18:47:23,2026-02-17 08:00:00
R-203,Badminton Court,2026-02-16 19:00:16,2026-02-17 18:15:00
R-195,Badminton Court,2026-02-16 19:07:50,2026-02-17 18:00:00
R-142,Badminton Court,2026-02-16 19:13:03,2026-02-17 20:00:00
R-105,Badminton Court,2026-02-16 19:54:13,2026-02-17 18:00:00
R-102,Clubhouse,2026-02-16 20:24:07,2026-02-17 08:00:00
R-144,Gym,2026-02-16 21:46:46,2026-02-17 08:00:00
R-196,Badminton Court,2026-02-16 21:48:52,2026-02-17 15:00:00
R-210,Badminton Court,2026-02-16 22:18:15,2026-02-18 08:00:00
R-178,Gym,2026-02-16 22:30:49,2026-02-17 07:00:00
R-197,Tennis Court,2026-02-16 22:36:25,2026-02-19 08:15:00
R-161,Badminton Court,2026-02-16 23:16:35,2026-02-17 08:00:00
R-187,Gym,2026-02-17 00:32:08,2026-02-17 17:30:00
R-147,Clubhouse,2026-02-17 00:36:01,2026-02-17 07:00:00
R-107,Swimming Pool,2026-02-17 01:24:55,2026-02-18 20:30:00
R-170,Badminton Court,2026-02-17 01:31:27,2026-02-17 20:45:00
R-206,Gym,2026-02-17 02:11:59,2026-02-17 06:00:00
R-191,Swimming Pool,2026-02-17 02:24:43,2026-02-17 11:45:00
R-108,Tennis Court,2026-02-17 03:10:26,2026-02-17 17:45:00
R-189,Badminton Court,2026-02-17 05:33:12,2026-02-17 17:30:00
R-113,Gym,2026-02-17 05:43:21,2026-02-17 16:45:00
R-207,Badminton Court,2026-02-17 06:52:16,2026-02-17 20:45:00
R-213,Badminton Court,2026-02-17 07:37:04,2026-02-18 15:15:00
R-192,Gym,2026-02-17 08:56:24,2026-02-18 18:00:00
R-194,Badminton Court,2026-02-17 09:00:05,2026-02-17 19:00:00
R-189,Gym,2026-02-17 09:23:26,2026-02-18 07:45:00
R-106,Badminton Court,2026-02-17 09:34:33,2026-02-18 18:30:00
R-105,Clubhouse,2026-02-17 09:51:49,2026-02-18 18:15:00
R-148,Swimming Pool,2026-02-17 10:24:58,2026-02-17 16:00:00
R-165,Swimming Pool,2026-02-17 10:48:42,2026-02-18 18:30:00
R-144,Clubhouse,2026-02-17 10:51:04,2026-02-18 06:00:00
R-138,Tennis Court,2026-02-17 10:56:18,2026-02-19 08:00:00
R-208,Gym,2026-02-17 12:39:47,2026-02-17 16:45:00
R-207,Tennis Court,2026-02-17 13:03:25,2026-02-18 18:00:00
R-174,Swimming Pool,2026-02-17 13:54:23,2026-02-18 07:15:00
R-168,Gym,2026-02-17 14:02:45,2026-02-18 08:30:00
R-195,Badminton Court,2026-02-17 14:13:02,2026-02-18 19:00:00
R-172,Badminton Court,2026-02-17 14:28:45,2026-02-18 06:30:00
R-116,Gym,2026-02-17 15:18:29,2026-02-18 06:00:00
R-196,Badminton Court,2026-02-17 15:18:59,2026-02-18 19:30:00
R-131,Badminton Court,2026-02-17 15:23:08,2026-02-18 12:00:00
R-158,Gym,2026-02-17 15:53:57,2026-02-18 06:45:00
R-167,Gym,2026-02-17 15:57:52,2026-02-18 07:45:00
R-180,Tennis Court,2026-02-17 16:16:16,2026-02-18 20:00:00
R-141,Tennis Court,2026-02-17 16:37:08,2026-02-18 19:00:00
R-208,Gym,2026-02-17 16:54:53,2026-02-18 06:30:00
R-101,Gym,2026-02-17 17:07:15,2026-02-18 07:00:00
R-191,Badminton Court,2026-02-17 17:11:50,2026-02-18 08:45:00
R-117,Gym,2026-02-17 17:20:51,2026-02-18 08:45:00
R-173,Badminton Court,2026-02-17 17:39:02,2026-02-18 20:45:00
R-123,Clubhouse,2026-02-17 17:52:31,2026-02-18 08:00:00
R-212,Gym,2026-02-17 17:52:51,2026-02-18 08:00:00
R-113,Tennis Court,2026-02-17 17:53:58,2026-02-18 06:15:00
R-203,Badminton Court,2026-02-17 17:55:09,2026-02-18 18:30:00
R-142,Badminton Court,2026-02-17 18:17:05,2026-02-18 18:15:00
R-206,Gym,2026-02-17 18:40:28,2026-02-18 08:30:00
R-128,Clubhouse,2026-02-17 18:48:33,2026-02-18 08:15:00
R-210,Tennis Court,2026-02-17 18:55:27,2026-02-19 18:30:00
R-142,Badminton Court,2026-02-17 18:57:48,2026-02-19 18:15:00
R-184,Tennis Court,2026-02-17 18:58:20,2026-02-18 08:45:00
R-156,Gym,2026-02-17 19:02:22,2026-02-18 08:45:00
R-188,Gym,2026-02-17 19:21:49,2026-02-18 07:15:00
R-152,Gym,2026-02-17 19:34:30,2026-02-18 06:15:00
R-108,Swimming Pool,2026-02-17 19:45:42,2026-02-18 08:30:00
R-109,Gym,2026-02-17 20:03:28,2026-02-18 07:15:00
R-192,Gym,2026-02-17 20:10:06,2026-02-19 06:15:00
R-145,Gym,2026-02-17 20:26:53,2026-02-18 08:00:00
R-124,Clubhouse,2026-02-17 20:44:18,2026-02-18 20:00:00
R-118,Clubhouse,2026-02-17 20:59:47,2026-02-18 08:00:00
R-183,Gym,2026-02-17 21:00:30,2026-02-18 20:45:00
R-130,Tennis Court,2026-02-17 21:06:00,2026-02-20 08:00:00
R-111,Tennis Court,2026-02-17 21:41:48,2026-02-18 08:00:00
R-135,Swimming Pool,2026-02-17 22:34:31,2026-02-18 15:00:00
R-130,Tennis Court,2026-02-17 22:43:15,2026-02-19 17:15:00
R-157,Tennis Court,2026-02-17 22:47:06,2026-02-19 07:45:00
R-102,Gym,2026-02-17 22:52:12,2026-02-18 12:00:00
R-146,Swimming Pool,2026-02-17 23:17:14,2026-02-19 08:00:00
R-115,Tennis Court,2026-02-17 23:29:12,2026-02-19 10:30:00
R-147,Gym,2026-02-18 01:02:11,2026-02-18 12:15:00
R-105,Gym,2026-02-18 02:18:20,2026-02-19 20:30:00
R-170,Badminton Court,2026-02-18 02:21:59,2026-02-18 20:15:00
R-197,Badminton Court,2026-02-18 03:22:58,2026-02-20 08:30:00
R-218,Clubhouse,2026-02-18 03:30:45,2026-02-18 17:00:00
R-140,Swimming Pool,2026-02-18 03:35:28,2026-02-18 11:15:00
R-200,Swimming Pool,2026-02-18 06:22:05,2026-02-18 19:00:00
R-187,Clubhouse,2026-02-18 06:45:22,2026-02-18 19:00:00
R-154,Tennis Court,2026-02-18 07:08:04,2026-02-19 17:15:00
R-120,Swimming Pool,2026-02-18 07:50:15,2026-02-19 19:00:00
R-107,Gym,2026-02-18 08:01:20,2026-02-19 19:45:00
R-169,Badminton Court,2026-02-18 08:13:42,2026-02-18 17:15:00
R-198,Badminton Court,2026-02-18 08:45:52,2026-02-19 18:00:00
R-204,Tennis Court,2026-02-18 08:49:00,2026-02-18 17:15:00
R-160,Gym,2026-02-18 09:04:22,2026-02-18 16:30:00
R-126,Gym,2026-02-18 09:53:38,2026-02-18 17:00:00
R-131,Badminton Court,2026-02-18 10:03:04,2026-02-19 18:30:00
R-145,Gym,2026-02-18 12:24:31,2026-02-19 07:30:00
R-168,Gym,2026-02-18 12:27:23,2026-02-19 06:30:00
R-136,Badminton Court,2026-02-18 13:17:47,2026-02-19 19:15:00
R-102,Gym,2026-02-18 13:30:14,2026-02-19 10:30:00
R-189,Clubhouse,2026-02-18 13:30:45,2026-02-19 08:00:00
R-119,Swimming Pool,2026-02-18 13:40:18,2026-02-19 19:30:00
R-203,Tennis Court,2026-02-18 13:55:23,2026-02-19 11:45:00
R-123,Gym,2026-02-18 14:15:40,2026-02-19 06:00:00
R-117,Gym,2026-02-18 14:30:57,2026-02-19 07:15:00
R-208,Gym,2026-02-18 14:34:20,2026-02-19 06:15:00
R-109,Tennis Court,2026-02-18 14:42:12,2026-02-19 06:45:00
R-126,Gym,2026-02-18 14:55:04,2026-02-19 07:00:00
R-170,Badminton Court,2026-02-18 14:59:09,2026-02-19 16:30:00
R-206,Clubhouse,2026-02-18 15:20:15,2026-02-19 10:15:00
R-212,Swimming Pool,2026-02-18 15:28:44,2026-02-19 06:00:00
R-196,Tennis Court,2026-02-18 15:53:46,2026-02-19 20:15:00
R-116,Tennis Court,2026-02-18 15:58:24,2026-02-19 08:30:00
R-180,Swimming Pool,2026-02-18 16:12:05,2026-02-19 20:00:00
R-172,Badminton Court,2026-02-18 16:32:53,2026-02-19 08:00:00
R-183,Badminton Court,2026-02-18 17:38:31,2026-02-19 20:15:00
R-152,Gym,2026-02-18 17:58:37,2026-02-19 07:30:00
R-144,Gym,2026-02-18 18:14:02,2026-02-19 08:00:00
R-167,Gym,2026-02-18 18:51:49,2026-02-19 06:30:00
R-207,Badminton Court,2026-02-18 18:55:58,2026-02-19 19:00:00
R-178,Clubhouse,2026-02-18 19:16:38,2026-02-19 10:45:00
R-158,Gym,2026-02-18 19:35:18,2026-02-19 06:45:00
R-201,Badminton Court,2026-02-18 19:35:43,2026-02-19 07:00:00
R-128,Clubhouse,2026-02-18 19:40:13,2026-02-19 07:45:00
R-147,Gym,2026-02-18 19:49:19,2026-02-19 08:00:00
R-111,Gym,2026-02-18 20:06:38,2026-02-19 07:00:00
R-174,Gym,2026-02-18 20:17:20,2026-02-19 07:00:00
R-113,Clubhouse,2026-02-18 20:20:30,2026-02-19 07:30:00
R-125,Badminton Court,2026-02-18 20:38:12,2026-02-19 18:45:00
R-108,Clubhouse,2026-02-18 20:46:07,2026-02-19 08:00:00
R-101,Tennis Court,2026-02-18 20:59:52,2026-02-19 10:00:00
R-217,Badminton Court,2026-02-18 21:14:25,2026-02-19 20:30:00
R-118,Badminton Court,2026-02-18 21:52:56,2026-02-19 08:30:00
R-215,Badminton Court,2026-02-18 22:09:34,2026-02-19 08:15:00
R-112,Clubhouse,2026-02-18 22:29:47,2026-02-19 19:45:00
R-150,Tennis Court,2026-02-18 23:45:33,2026-02-19 19:30:00
R-100,Badminton Court,2026-02-18 23:56:13,2026-02-19 16:45:00
R-132,Tennis Court,2026-02-19 00:53:15,2026-02-19 08:30:00
R-156,Clubhouse,2026-02-19 01:39:13,2026-02-19 08:30:00
R-200,Tennis Court,2026-02-19 01:50:50,2026-02-19 09:30:00
R-166,Gym,2026-02-19 02:17:27,2026-02-19 11:30:00
R-160,Tennis Court,2026-02-19 03:15:23,2026-02-19 10:15:00
R-194,Gym,2026-02-19 03:18:32,2026-02-19 11:45:00
R-182,Swimming Pool,2026-02-19 03:58:46,2026-02-19 11:00:00
R-187,Swimming Pool,2026-02-19 03:58:48,2026-02-19 19:00:00
R-180,Gym,2026-02-19 05:10:56,2026-02-20 10:30:00
R-112,Clubhouse,2026-02-19 06:01:42,2026-02-20 15:00:00
R-217,Badminton Court,2026-02-19 06:04:50,2026-02-20 20:15:00
R-219,Swimming Pool,2026-02-19 06:41:57,2026-02-21 17:45:00
R-173,Badminton Court,2026-02-19 07:12:47,2026-02-20 18:00:00
R-181,Gym,2026-02-19 07:14:33,2026-02-19 11:15:00
R-120,Badminton Court,2026-02-19 09:27:10,2026-02-20 17:45:00
R-189,Gym,2026-02-19 09:31:50,2026-02-20 07:15:00
R-143,Badminton Court,2026-02-19 09:57:30,2026-02-19 15:30:00
R-205,Swimming Pool,2026-02-19 09:59:04,2026-02-19 15:45:00
R-207,Clubhouse,2026-02-19 10:08:40,2026-02-20 19:45:00
R-115,Tennis Court,2026-02-19 10:59:19,2026-02-21 08:00:00
R-196,Badminton Court,2026-02-19 11:26:32,2026-02-20 18:00:00
R-216,Gym,2026-02-19 11:39:52,2026-02-19 17:45:00
R-152,Gym,2026-02-19 12:06:41,2026-02-20 06:45:00
R-125,Badminton Court,2026-02-19 12:10:20,2026-02-20 19:30:00
R-134,Clubhouse,2026-02-19 12:13:36,2026-02-19 17:00:00
R-116,Gym,2026-02-19 14:12:34,2026-02-20 07:15:00
R-144,Gym,2026-02-19 14:23:17,2026-02-20 06:30:00
R-101,Badminton Court,2026-02-19 14:32:44,2026-02-20 06:00:00
R-113,Gym,2026-02-19 14:46:07,2026-02-20 08:45:00
R-170,Badminton Court,2026-02-19 14:51:26,2026-02-20 18:30:00
R-174,Gym,2026-02-19 15:06:00,2026-02-20 06:45:00
R-212,Gym,2026-02-19 15:13:24,2026-02-20 06:00:00
R-158,Gym,2026-02-19 15:31:35,2026-02-20 07:00:00
R-136,Swimming Pool,2026-02-19 15:34:08,2026-02-20 19:30:00
R-118,Gym,2026-02-19 15:42:19,2026-02-20 07:45:00
R-145,Gym,2026-02-19 16:18:45,2026-02-20 07:15:00
R-193,Clubhouse,2026-02-19 16:21:19,2026-02-20 20:00:00
R-137,Swimming Pool,2026-02-19 16:22:23,2026-02-20 08:00:00
R-183,Clubhouse,2026-02-19 16:43:40,2026-02-20 20:45:00
R-210,Tennis Court,2026-02-19 16:44:05,2026-02-21 18:15:00
R-190,Clubhouse,2026-02-19 17:15:11,2026-02-20 19:15:00
R-168,Swimming Pool,2026-02-19 17:30:44,2026-02-20 07:15:00
R-157,Tennis Court,2026-02-19 17:31:08,2026-02-21 08:15:00
R-213,Tennis Court,2026-02-19 17:52:55,2026-02-20 19:00:00
R-106,Clubhouse,2026-02-19 17:53:58,2026-02-20 19:45:00
R-192,Badminton Court,2026-02-19 18:34:26,2026-02-20 19:45:00
R-208,Badminton Court,2026-02-19 18:52:21,2026-02-20 07:30:00
R-107,Gym,2026-02-19 18:59:22,2026-02-20 19:15:00
R-123,Gym,2026-02-19 19:14:00,2026-02-20 06:15:00
R-147,Gym,2026-02-19 19:52:56,2026-02-20 07:00:00
R-200,Swimming Pool,2026-02-19 19:54:20,2026-02-20 08:30:00
R-191,Swimming Pool,2026-02-19 20:10:43,2026-02-20 11:15:00
R-167,Swimming Pool,2026-02-19 20:43:27,2026-02-20 12:00:00
R-102,Gym,2026-02-19 20:54:46,2026-02-20 07:15:00
R-197,Tennis Court,2026-02-19 21:07:21,2026-02-21 10:30:00
R-162,Clubhouse,2026-02-19 21:45:37,2026-02-20 18:15:00
R-131,Badminton Court,2026-02-19 22:15:16,2026-02-20 20:30:00
R-121,Swimming Pool,2026-02-19 22:16:28,2026-02-20 20:30:00
R-135,Gym,2026-02-19 22:28:29,2026-02-20 08:45:00
R-206,Gym,2026-02-19 22:31:51,2026-02-20 12:00:00
R-103,Swimming Pool,2026-02-19 22:59:12,2026-02-20 08:30:00
R-165,Badminton Court,2026-02-19 23:02:35,2026-02-20 20:45:00
R-169,Gym,2026-02-19 23:04:21,2026-02-20 08:30:00
R-155,Badminton Court,2026-02-19 23:11:12,2026-02-20 19:45:00
R-141,Badminton Court,2026-02-19 23:38:10,2026-02-20 18:00:00
R-177,Clubhouse,2026-02-20 00:05:27,2026-02-22 18:30:00
R-117,Gym,2026-02-20 00:23:30,2026-02-20 08:30:00
R-184,Clubhouse,2026-02-20 01:18:36,2026-02-20 17:00:00
R-133,Clubhouse,2026-02-20 01:20:47,2026-02-20 15:15:00
R-142,Badminton Court,2026-02-20 02:09:13,2026-02-20 20:00:00
R-180,Tennis Court,2026-02-20 02:12:17,2026-02-21 20:30:00
R-198,Tennis Court,2026-02-20 02:28:45,2026-02-21 07:30:00
R-186,Gym,2026-02-20 02:48:07,2026-02-20 17:45:00
R-157,Tennis Court,2026-02-20 02:51:35,2026-02-22 07:45:00
R-150,Clubhouse,2026-02-20 03:05:28,2026-02-20 20:30:00
R-166,Tennis Court,2026-02-20 03:09:51,2026-02-20 11:45:00
R-122,Swimming Pool,2026-02-20 04:14:40,2026-02-20 20:15:00
R-161,Badminton Court,2026-02-20 04:29:42,2026-02-20 19:30:00
R-129,Clubhouse,2026-02-20 04:36:31,2026-02-20 20:45:00
R-109,Badminton Court,2026-02-20 04:43:18,2026-02-20 19:15:00
R-156,Gym,2026-02-20 04:45:06,2026-02-20 21:45:00
R-215,Swimming Pool,2026-02-20 06:08:00,2026-02-20 17:15:00
R-172,Gym,2026-02-20 07:06:50,2026-02-20 20:15:00
R-107,Badminton Court,2026-02-20 07:10:35,2026-02-21 14:15:00
R-178,Gym,2026-02-20 08:18:05,2026-02-20 19:45:00
R-105,Badminton Court,2026-02-20 08:45:52,2026-02-20 18:45:00
R-201,Clubhouse,2026-02-20 09:09:10,2026-02-20 17:45:00
R-187,Clubhouse,2026-02-20 09:27:00,2026-02-20 17:15:00
R-140,Clubhouse,2026-02-20 09:59:32,2026-02-20 15:00:00
R-198,Tennis Court,2026-02-20 11:14:49,2026-02-22 17:45:00
R-143,Tennis Court,2026-02-20 12:21:08,2026-02-20 17:00:00
R-158,Gym,2026-02-20 13:42:09,2026-02-21 08:00:00
R-175,Gym,2026-02-20 14:42:32,2026-02-22 18:45:00
R-144,Gym,2026-02-20 14:45:36,2026-02-21 07:15:00
R-138,Tennis Court,2026-02-20 15:39:04,2026-02-22 07:30:00
R-103,Swimming Pool,2026-02-20 16:19:25,2026-02-21 08:15:00
R-197,Clubhouse,2026-02-20 16:35:08,2026-02-22 18:00:00
R-130,Tennis Court,2026-02-20 16:57:16,2026-02-22 07:45:00
R-164,Badminton Court,2026-02-20 18:27:21,2026-02-21 14:30:00
R-101,Clubhouse,2026-02-20 18:41:20,2026-02-21 06:45:00
R-161,Swimming Pool,2026-02-20 20:34:43,2026-02-21 08:45:00
R-128,Tennis Court,2026-02-20 21:11:29,2026-02-21 08:45:00
R-153,Swimming Pool,2026-02-20 21:56:35,2026-02-21 07:00:00
R-150,Clubhouse,2026-02-20 22:01:01,2026-02-21 15:45:00
R-162,Clubhouse,2026-02-20 22:04:33,2026-02-21 19:30:00
R-110,Tennis Court,2026-02-20 22:19:52,2026-02-21 11:30:00
R-148,Swimming Pool,2026-02-20 22:49:50,2026-02-21 09:30:00
R-155,Clubhouse,2026-02-20 22:54:05,2026-02-21 14:45:00
R-129,Clubhouse,2026-02-20 23:06:18,2026-02-21 18:00:00
R-133,Clubhouse,2026-02-20 23:39:11,2026-02-21 20:00:00
R-215,Badminton Court,2026-02-21 00:16:17,2026-02-21 11:30:00
R-219,Badminton Court,2026-02-21 00:28:52,2026-02-22 17:45:00
R-205,Clubhouse,2026-02-21 02:54:12,2026-02-21 10:00:00
R-193,Tennis Court,2026-02-21 04:24:35,2026-02-21 19:15:00
R-149,Tennis Court,2026-02-21 04:38:08,2026-02-21 10:00:00
R-114,Clubhouse,2026-02-21 05:06:07,2026-02-21 14:00:00
R-169,Badminton Court,2026-02-21 05:18:51,2026-02-21 11:00:00
R-211,Gym,2026-02-21 05:24:30,2026-02-21 15:00:00
R-191,Badminton Court,2026-02-21 05:31:38,2026-02-21 12:30:00
R-166,Gym,2026-02-21 06:12:46,2026-02-21 17:30:00
R-154,Tennis Court,2026-02-21 06:49:53,2026-02-22 08:30:00
R-199,Clubhouse,2026-02-21 07:22:06,2026-02-21 15:15:00
R-143,Swimming Pool,2026-02-21 08:08:59,2026-02-21 15:00:00
R-209,Clubhouse,2026-02-21 09:26:32,2026-02-21 16:15:00
R-139,Gym,2026-02-21 09:43:30,2026-02-21 16:45:00
R-181,Badminton Court,2026-02-21 09:50:12,2026-02-21 15:45:00
R-185,Swimming Pool,2026-02-21 10:36:09,2026-02-21 15:30:00
R-219,Tennis Court,2026-02-21 10:37:55,2026-02-23 18:30:00
R-140,Swimming Pool,2026-02-21 10:55:19,2026-02-21 16:45:00
R-190,Gym,2026-02-21 12:51:28,2026-02-21 20:30:00
R-137,Badminton Court,2026-02-21 13:17:53,2026-02-21 19:00:00
R-108,Tennis Court,2026-02-21 13:44:04,2026-02-21 19:00:00
R-118,Badminton Court,2026-02-21 14:56:53,2026-02-22 07:30:00
R-216,Swimming Pool,2026-02-21 15:40:12,2026-02-21 19:15:00
R-190,Gym,2026-02-21 15:43:46,2026-02-22 20:15:00
R-105,Badminton Court,2026-02-21 16:26:33,2026-02-22 19:15:00
R-217,Swimming Pool,2026-02-21 16:33:12,2026-02-22 18:45:00
R-208,Gym,2026-02-21 16:47:36,2026-02-22 06:45:00
R-204,Badminton Court,2026-02-21 17:18:53,2026-02-22 07:15:00
R-155,Clubhouse,2026-02-21 18:32:36,2026-02-22 14:45:00
R-117,Gym,2026-02-21 18:34:37,2026-02-22 08:30:00
R-194,Clubhouse,2026-02-21 19:47:44,2026-02-22 08:00:00
R-109,Swimming Pool,2026-02-21 20:20:41,2026-02-22 07:30:00
R-115,Tennis Court,2026-02-21 20:55:11,2026-02-23 08:00:00
R-121,Badminton Court,2026-02-21 20:59:39,2026-02-22 18:45:00
R-141,Badminton Court,2026-02-21 22:23:30,2026-02-23 20:15:00
R-188,Gym,2026-02-21 23:25:33,2026-02-22 07:15:00
R-203,Badminton Court,2026-02-21 23:28:01,2026-02-22 20:30:00
R-178,Swimming Pool,2026-02-21 23:29:47,2026-02-22 11:45:00
R-192,Tennis Court,2026-02-21 23:51:08,2026-02-22 20:00:00
R-124,Swimming Pool,2026-02-22 01:21:27,2026-02-22 15:45:00
R-197,Gym,2026-02-22 02:08:16,2026-02-24 07:30:00
R-122,Clubhouse,2026-02-22 02:34:58,2026-02-22 16:30:00
R-214,Badminton Court,2026-02-22 02:39:10,2026-02-22 15:45:00
R-163,Badminton Court,2026-02-22 02:40:03,2026-02-22 09:00:00
R-137,Swimming Pool,2026-02-22 02:46:08,2026-02-22 17:00:00
R-160,Swimming Pool,2026-02-22 02:47:46,2026-02-22 09:00:00
R-134,Swimming Pool,2026-02-22 02:55:46,2026-02-22 10:30:00
R-162,Swimming Pool,2026-02-22 03:10:02,2026-02-22 14:30:00
R-183,Clubhouse,2026-02-22 03:14:43,2026-02-22 18:30:00
R-143,Gym,2026-02-22 03:48:58,2026-02-22 10:15:00
R-193,Badminton Court,2026-02-22 04:05:03,2026-02-22 20:15:00
R-191,Swimming Pool,2026-02-22 04:34:57,2026-02-22 19:15:00
R-159,Clubhouse,2026-02-22 04:43:04,2026-02-22 19:45:00
R-139,Swimming Pool,2026-02-22 05:01:51,2026-02-22 11:00:00
R-200,Gym,2026-02-22 05:04:59,2026-02-22 19:30:00
R-128,Gym,2026-02-22 05:11:29,2026-02-22 17:15:00
R-126,Swimming Pool,2026-02-22 05:37:18,2026-02-22 19:45:00
R-211,Swimming Pool,2026-02-22 05:38:03,2026-02-22 10:45:00
R-103,Swimming Pool,2026-02-22 05:51:01,2026-02-22 19:00:00
R-114,Clubhouse,2026-02-22 05:52:20,2026-02-22 15:30:00
R-201,Badminton Court,2026-02-22 06:15:35,2026-02-22 19:00:00
R-157,Tennis Court,2026-02-22 06:35:48,2026-02-24 07:00:00
R-179,Clubhouse,2026-02-22 06:49:13,2026-02-22 11:45:00
R-203,Badminton Court,2026-02-22 08:08:30,2026-02-23 20:45:00
R-209,Swimming Pool,2026-02-22 08:29:23,2026-02-22 17:00:00
R-151,Tennis Court,2026-02-22 09:05:08,2026-02-22 16:00:00
R-199,Swimming Pool,2026-02-22 09:12:04,2026-02-22 15:15:00
R-146,Swimming Pool,2026-02-22 09:27:33,2026-02-24 07:15:00
R-149,Clubhouse,2026-02-22 10:19:46,2026-02-22 16:00:00
R-175,Tennis Court,2026-02-22 10:31:56,2026-02-24 12:30:00
R-154,Badminton Court,2026-02-22 10:33:38,2026-02-24 08:30:00
R-219,Clubhouse,2026-02-22 10:42:47,2026-02-24 07:00:00
R-213,Badminton Court,2026-02-22 10:45:12,2026-02-23 19:15:00
R-148,Swimming Pool,2026-02-22 11:16:06,2026-02-22 15:30:00
R-107,Badminton Court,2026-02-22 11:30:05,2026-02-23 18:15:00
R-185,Clubhouse,2026-02-22 11:33:31,2026-02-22 16:30:00
R-216,Clubhouse,2026-02-22 11:39:15,2026-02-22 17:00:00
R-195,Swimming Pool,2026-02-22 12:39:09,2026-02-23 18:30:00
R-217,Badminton Court,2026-02-22 12:54:22,2026-02-23 19:15:00
R-116,Gym,2026-02-22 13:07:53,2026-02-23 06:45:00
R-156,Gym,2026-02-22 13:27:35,2026-02-23 08:15:00
R-208,Gym,2026-02-22 13:39:43,2026-02-23 06:30:00
R-144,Gym,2026-02-22 13:58:27,2026-02-23 06:15:00
R-189,Gym,2026-02-22 14:19:46,2026-02-23 06:30:00
R-106,Tennis Court,2026-02-22 15:03:54,2026-02-23 19:45:00
R-168,Gym,2026-02-22 15:06:30,2026-02-23 08:45:00
R-172,Gym,2026-02-22 15:15:06,2026-02-23 06:00:00
R-119,Tennis Court,2026-02-22 15:29:12,2026-02-23 11:15:00
R-210,Tennis Court,2026-02-22 15:48:56,2026-02-24 07:30:00
R-109,Gym,2026-02-22 15:49:18,2026-02-23 07:30:00
R-196,Badminton Court,2026-02-22 15:50:19,2026-02-23 18:45:00
R-102,Gym,2026-02-22 16:17:59,2026-02-23 06:15:00
R-206,Gym,2026-02-22 17:02:09,2026-02-23 07:15:00
R-183,Badminton Court,2026-02-22 17:05:46,2026-02-23 19:30:00
R-101,Swimming Pool,2026-02-22 17:12:28,2026-02-23 06:15:00
R-130,Swimming Pool,2026-02-22 18:19:26,2026-02-24 18:45:00
R-147,Gym,2026-02-22 18:35:07,2026-02-23 13:30:00
R-133,Clubhouse,2026-02-22 18:41:46,2026-02-23 14:30:00
R-174,Gym,2026-02-22 19:13:26,2026-02-23 07:00:00
R-166,Gym,2026-02-22 19:20:38,2026-02-23 08:00:00
R-113,Gym,2026-02-22 19:55:23,2026-02-23 07:30:00
R-158,Badminton Court,2026-02-22 19:59:47,2026-02-23 06:30:00
R-117,Gym,2026-02-22 20:10:33,2026-02-23 08:45:00
R-167,Tennis Court,2026-02-22 20:18:43,2026-02-23 08:45:00
R-123,Gym,2026-02-22 20:31:39,2026-02-23 06:15:00
R-212,Gym,2026-02-22 20:42:18,2026-02-23 07:45:00
R-118,Swimming Pool,2026-02-22 20:42:24,2026-02-23 13:30:00
R-207,Tennis Court,2026-02-22 21:40:12,2026-02-23 20:15:00
R-152,Swimming Pool,2026-02-22 21:43:19,2026-02-23 08:15:00
R-127,Tennis Court,2026-02-22 21:59:27,2026-02-23 11:15:00
R-135,Gym,2026-02-22 22:08:30,2026-02-23 06:00:00
R-136,Badminton Court,2026-02-22 22:40:24,2026-02-23 18:30:00
R-110,Clubhouse,2026-02-22 22:48:47,2026-02-23 13:00:00
R-184,Swimming Pool,2026-02-23 02:56:00,2026-02-23 19:15:00
R-145,Swimming Pool,2026-02-23 03:05:05,2026-02-23 14:00:00
R-165,Badminton Court,2026-02-23 03:40:06,2026-02-24 19:00:00
R-205,Swimming Pool,2026-02-23 03:54:48,2026-02-23 11:00:00
R-207,Clubhouse,2026-02-23 04:04:19,2026-02-24 06:15:00
R-200,Badminton Court,2026-02-23 04:07:38,2026-02-23 11:00:00
R-140,Swimming Pool,2026-02-23 04:14:10,2026-02-23 10:15:00
R-170,Tennis Court,2026-02-23 04:41:07,2026-02-23 19:00:00
R-165,Badminton Court,2026-02-23 04:43:16,2026-02-23 19:45:00
R-104,Clubhouse,2026-02-23 05:16:32,2026-02-23 11:30:00
R-171,Clubhouse,2026-02-23 05:18:12,2026-02-23 10:45:00
R-188,Swimming Pool,2026-02-23 05:56:34,2026-02-23 19:15:00
R-108,Badminton Court,2026-02-23 06:08:21,2026-02-23 19:30:00
R-164,Clubhouse,2026-02-23 07:15:28,2026-02-23 20:45:00
R-203,Badminton Court,2026-02-23 07:21:50,2026-02-24 20:00:00
R-138,Tennis Court,2026-02-23 07:39:47,2026-02-24 18:45:00
R-153,Badminton Court,2026-02-23 08:24:39,2026-02-23 18:45:00
R-152,Gym,2026-02-23 08:35:58,2026-02-24 06:00:00
R-115,Tennis Court,2026-02-23 08:50:43,2026-02-24 18:00:00
R-192,Badminton Court,2026-02-23 09:18:03,2026-02-24 11:30:00
R-179,Tennis Court,2026-02-23 09:18:42,2026-02-23 15:15:00
R-215,Badminton Court,2026-02-23 09:28:23,2026-02-23 19:45:00
R-142,Swimming Pool,2026-02-23 10:15:46,2026-02-24 17:30:00
R-105,Badminton Court,2026-02-23 11:12:36,2026-02-24 18:00:00
R-107,Badminton Court,2026-02-23 11:45:52,2026-02-24 20:30:00
R-136,Badminton Court,2026-02-23 12:43:40,2026-02-24 18:45:00
R-118,Gym,2026-02-23 13:25:45,2026-02-24 06:30:00
R-123,Gym,2026-02-23 14:08:41,2026-02-24 07:00:00
R-135,Gym,2026-02-23 14:23:08,2026-02-24 06:00:00
R-145,Gym,2026-02-23 14:25:51,2026-02-24 07:00:00
R-147,Gym,2026-02-23 14:36:41,2026-02-24 08:00:00
R-159,Swimming Pool,2026-02-23 14:42:19,2026-02-24 07:30:00
R-217,Badminton Court,2026-02-23 14:46:40,2026-02-24 20:15:00
R-116,Swimming Pool,2026-02-23 15:20:52,2026-02-24 08:45:00
R-102,Badminton Court,2026-02-23 15:53:23,2026-02-24 07:45:00
R-113,Gym,2026-02-23 16:21:25,2026-02-24 06:00:00
R-167,Gym,2026-02-23 17:02:40,2026-02-24 08:30:00
R-119,Tennis Court,2026-02-23 17:07:38,2026-02-24 19:45:00
R-117,Gym,2026-02-23 17:17:47,2026-02-24 07:15:00
R-115,Tennis Court,2026-02-23 17:27:34,2026-02-25 08:00:00
R-103,Badminton Court,2026-02-23 17:29:43,2026-02-24 11:00:00
R-155,Clubhouse,2026-02-23 17:41:02,2026-02-24 19:15:00
R-183,Tennis Court,2026-02-23 17:57:38,2026-02-24 20:30:00
R-101,Gym,2026-02-23 18:09:25,2026-02-24 08:45:00
R-109,Gym,2026-02-23 18:11:33,2026-02-24 07:15:00
R-174,Badminton Court,2026-02-23 18:28:17,2026-02-24 08:45:00
R-120,Badminton Court,2026-02-23 18:33:23,2026-02-24 19:45:00
R-214,Gym,2026-02-23 19:04:44,2026-02-24 20:30:00
R-189,Swimming Pool,2026-02-23 19:05:39,2026-02-24 08:00:00
R-162,Clubhouse,2026-02-23 19:12:17,2026-02-24 18:30:00
R-206,Gym,2026-02-23 20:02:54,2026-02-24 07:45:00
R-156,Gym,2026-02-23 20:04:33,2026-02-24 06:15:00
R-173,Badminton Court,2026-02-23 20:25:38,2026-02-24 18:00:00
R-126,Swimming Pool,2026-02-23 21:00:37,2026-02-24 07:30:00
R-168,Gym,2026-02-23 21:07:04,2026-02-24 09:00:00
R-106,Badminton Court,2026-02-23 21:35:09,2026-02-24 19:30:00
R-212,Gym,2026-02-23 22:43:06,2026-02-24 13:30:00
R-213,Tennis Court,2026-02-23 22:53:19,2026-02-24 18:30:00
R-172,Swimming Pool,2026-02-23 23:14:11,2026-02-24 08:00:00
R-208,Badminton Court,2026-02-23 23:47:06,2026-02-24 08:30:00
R-144,Gym,2026-02-24 00:37:03,2026-02-24 12:30:00
R-169,Badminton Court,2026-02-24 02:16:07,2026-02-24 17:00:00
R-125,Badminton Court,2026-02-24 02:56:21,2026-02-24 20:15:00
R-177,Swimming Pool,2026-02-24 03:35:37,2026-02-26 07:45:00
R-131,Badminton Court,2026-02-24 04:04:46,2026-02-24 20:00:00
R-125,Badminton Court,2026-02-24 06:21:51,2026-02-25 18:30:00
R-201,Gym,2026-02-24 08:04:02,2026-02-24 19:15:00
R-217,Badminton Court,2026-02-24 08:14:09,2026-02-25 10:15:00
R-218,Clubhouse,2026-02-24 08:48:11,2026-02-24 19:15:00
R-119,Badminton Court,2026-02-24 09:42:12,2026-02-25 18:00:00
R-200,Tennis Court,2026-02-24 10:41:10,2026-02-24 19:45:00
R-158,Gym,2026-02-24 10:46:43,2026-02-24 17:30:00
R-199,Swimming Pool,2026-02-24 10:53:18,2026-02-24 15:45:00
R-138,Gym,2026-02-24 11:01:48,2026-02-26 17:00:00
R-196,Tennis Court,2026-02-24 11:07:40,2026-02-25 20:45:00
R-145,Gym,2026-02-24 11:26:19,2026-02-25 07:00:00
R-120,Tennis Court,2026-02-24 11:37:18,2026-02-25 18:15:00
R-219,Tennis Court,2026-02-24 11:42:06,2026-02-26 11:00:00
R-170,Badminton Court,2026-02-24 11:58:41,2026-02-25 19:45:00
R-192,Gym,2026-02-24 13:42:16,2026-02-25 18:45:00
R-207,Badminton Court,2026-02-24 14:06:39,2026-02-25 20:15:00
R-156,Tennis Court,2026-02-24 14:59:21,2026-02-25 06:30:00
R-109,Gym,2026-02-24 15:18:07,2026-02-25 08:00:00
R-180,Gym,2026-02-24 15:18:29,2026-02-25 18:15:00
R-174,Gym,2026-02-24 15:20:48,2026-02-25 07:45:00
R-158,Clubhouse,2026-02-24 15:24:40,2026-02-25 08:00:00
R-132,Tennis Court,2026-02-24 16:06:21,2026-02-26 17:15:00
R-206,Tennis Court,2026-02-24 16:09:35,2026-02-25 07:15:00
R-165,Clubhouse,2026-02-24 16:21:59,2026-02-25 20:30:00
R-152,Gym,2026-02-24 16:44:15,2026-02-25 06:30:00
R-131,Badminton Court,2026-02-24 16:49:25,2026-02-25 20:30:00
R-135,Gym,2026-02-24 16:51:02,2026-02-25 07:15:00
R-141,Badminton Court,2026-02-24 17:04:54,2026-02-25 19:45:00
R-113,Gym,2026-02-24 17:15:09,2026-02-25 08:45:00
R-102,Gym,2026-02-24 17:21:12,2026-02-25 08:15:00
R-161,Swimming Pool,2026-02-24 17:39:41,2026-02-25 07:00:00
R-123,Badminton Court,2026-02-24 18:09:48,2026-02-25 08:45:00
R-107,Badminton Court,2026-02-24 18:10:49,2026-02-25 19:45:00
R-105,Badminton Court,2026-02-24 18:14:08,2026-02-25 18:45:00
R-212,Gym,2026-02-24 18:46:51,2026-02-25 06:15:00
R-144,Swimming Pool,2026-02-24 19:27:39,2026-02-25 07:45:00
R-183,Badminton Court,2026-02-24 19:32:59,2026-02-25 20:45:00
R-116,Clubhouse,2026-02-24 20:53:16,2026-02-25 16:45:00
R-208,Clubhouse,2026-02-24 20:53:17,2026-02-25 06:30:00
R-147,Gym,2026-02-24 22:05:12,2026-02-25 08:15:00
R-128,Swimming Pool,2026-02-24 22:12:53,2026-02-25 07:30:00
R-197,Tennis Court,2026-02-24 22:50:59,2026-02-26 17:30:00
R-101,Gym,2026-02-24 23:51:50,2026-02-25 07:45:00
R-213,Tennis Court,2026-02-25 00:05:20,2026-02-25 18:45:00
R-136,Badminton Court,2026-02-25 00:30:19,2026-02-26 18:30:00
R-117,Gym,2026-02-25 01:12:42,2026-02-25 14:15:00
R-118,Gym,2026-02-25 01:42:15,2026-02-25 08:00:00
R-111,Clubhouse,2026-02-25 02:09:41,2026-02-25 11:00:00
R-195,Badminton Court,2026-02-25 02:22:38,2026-02-25 20:30:00
R-100,Swimming Pool,2026-02-25 03:19:23,2026-02-25 16:45:00
R-188,Swimming Pool,2026-02-25 03:29:31,2026-02-25 11:30:00
R-203,Badminton Court,2026-02-25 03:29:57,2026-02-25 18:15:00
R-209,Swimming Pool,2026-02-25 03:41:16,2026-02-25 10:00:00
R-142,Badminton Court,2026-02-25 03:58:55,2026-02-25 21:30:00
R-103,Clubhouse,2026-02-25 04:10:12,2026-02-25 19:45:00
R-192,Badminton Court,2026-02-25 04:10:51,2026-02-26 19:15:00
R-168,Gym,2026-02-25 04:20:06,2026-02-25 16:30:00
R-157,Tennis Court,2026-02-25 04:25:13,2026-02-26 18:30:00
R-191,Gym,2026-02-25 04:41:29,2026-02-25 17:00:00
R-183,Badminton Court,2026-02-25 05:08:57,2026-02-26 19:00:00
R-105,Tennis Court,2026-02-25 05:52:21,2026-02-26 09:30:00
R-141,Badminton Court,2026-02-25 06:38:01,2026-02-26 20:00:00
R-195,Badminton Court,2026-02-25 07:06:09,2026-02-26 16:15:00
R-115,Tennis Court,2026-02-25 08:05:51,2026-02-26 18:00:00
R-146,Tennis Court,2026-02-25 10:16:53,2026-02-26 07:30:00
R-126,Swimming Pool,2026-02-25 10:38:45,2026-02-25 17:45:00
R-184,Badminton Court,2026-02-25 10:50:25,2026-02-25 19:45:00
R-189,Gym,2026-02-25 11:37:22,2026-02-25 18:00:00
R-104,Swimming Pool,2026-02-25 11:39:27,2026-02-25 16:30:00
R-173,Badminton Court,2026-02-25 12:18:52,2026-02-26 20:30:00
R-109,Badminton Court,2026-02-25 13:15:32,2026-02-26 06:30:00
R-119,Badminton Court,2026-02-25 13:19:11,2026-02-26 20:15:00
R-129,Badminton Court,2026-02-25 14:28:18,2026-02-26 14:15:00
R-168,Badminton Court,2026-02-25 15:34:51,2026-02-26 07:45:00
R-172,Swimming Pool,2026-02-25 16:06:22,2026-02-26 06:15:00
R-102,Gym,2026-02-25 16:06:25,2026-02-26 08:30:00
R-131,Badminton Court,2026-02-25 16:48:11,2026-02-26 19:15:00
R-107,Badminton Court,2026-02-25 17:01:24,2026-02-26 18:15:00
R-100,Tennis Court,2026-02-25 17:06:55,2026-02-26 07:45:00
R-147,Clubhouse,2026-02-25 17:26:28,2026-02-26 06:30:00
R-123,Gym,2026-02-25 17:29:29,2026-02-26 08:45:00
R-217,Swimming Pool,2026-02-25 17:45:52,2026-02-26 20:00:00
R-189,Gym,2026-02-25 18:11:30,2026-02-26 06:00:00
R-212,Gym,2026-02-25 18:16:31,2026-02-26 08:45:00
R-144,Gym,2026-02-25 18:32:25,2026-02-26 08:00:00
R-158,Badminton Court,2026-02-25 18:45:02,2026-02-26 07:00:00
R-206,Gym,2026-02-25 19:00:13,2026-02-26 06:15:00
R-133,Gym,2026-02-25 19:26:22,2026-02-26 14:45:00
R-111,Clubhouse,2026-02-25 19:45:44,2026-02-26 07:15:00
R-145,Gym,2026-02-25 19:45:47,2026-02-26 06:45:00
R-125,Badminton Court,2026-02-25 19:52:59,2026-02-26 19:00:00
R-118,Clubhouse,2026-02-25 19:57:28,2026-02-26 08:45:00
R-167,Gym,2026-02-25 20:31:00,2026-02-26 06:00:00
R-138,Tennis Court,2026-02-25 20:47:02,2026-02-28 07:15:00
R-208,Tennis Court,2026-02-25 21:14:44,2026-02-26 08:30:00
R-106,Badminton Court,2026-02-25 21:21:30,2026-02-26 18:30:00
R-193,Clubhouse,2026-02-25 21:32:00,2026-02-26 15:30:00
R-174,Clubhouse,2026-02-25 23:03:31,2026-02-26 08:15:00
R-152,Badminton Court,2026-02-26 01:23:36,2026-02-26 14:15:00
R-113,Tennis Court,2026-02-26 01:55:18,2026-02-26 07:30:00
R-184,Swimming Pool,2026-02-26 02:37:32,2026-02-26 11:00:00
R-141,Badminton Court,2026-02-26 03:03:37,2026-02-27 18:45:00
R-218,Gym,2026-02-26 03:29:02,2026-02-26 17:30:00
R-117,Gym,2026-02-26 04:52:31,2026-02-26 19:15:00
R-119,Clubhouse,2026-02-26 05:10:21,2026-02-27 20:30:00
R-101,Gym,2026-02-26 05:11:46,2026-02-26 16:30:00
R-191,Swimming Pool,2026-02-26 05:33:54,2026-02-26 18:00:00
R-170,Badminton Court,2026-02-26 06:09:57,2026-02-26 19:15:00
R-156,Gym,2026-02-26 06:48:48,2026-02-26 21:15:00
R-202,Clubhouse,2026-02-26 07:02:24,2026-02-26 18:15:00
R-110,Gym,2026-02-26 07:31:23,2026-02-26 19:15:00
R-196,Badminton Court,2026-02-26 07:37:39,2026-02-27 19:45:00
R-183,Gym,2026-02-26 08:22:03,2026-02-27 18:15:00
R-149,Tennis Court,2026-02-26 08:27:03,2026-02-26 11:30:00
R-116,Gym,2026-02-26 09:12:32,2026-02-26 17:00:00
R-123,Gym,2026-02-26 09:44:48,2026-02-27 08:30:00
R-164,Clubhouse,2026-02-26 09:50:33,2026-02-27 06:00:00
R-143,Swimming Pool,2026-02-26 09:59:19,2026-02-26 17:30:00
R-165,Badminton Court,2026-02-26 10:10:10,2026-02-27 19:00:00
R-128,Gym,2026-02-26 10:36:43,2026-02-26 19:45:00
R-216,Badminton Court,2026-02-26 10:39:25,2026-02-26 17:45:00
R-151,Clubhouse,2026-02-26 10:46:54,2026-02-26 16:45:00
R-195,Swimming Pool,2026-02-26 11:14:14,2026-02-27 18:45:00
R-174,Gym,2026-02-26 11:35:05,2026-02-27 08:30:00
R-203,Swimming Pool,2026-02-26 11:38:02,2026-02-27 18:30:00
R-135,Gym,2026-02-26 11:50:16,2026-02-27 07:45:00
R-199,Clubhouse,2026-02-26 11:56:43,2026-02-26 17:00:00
R-189,Clubhouse,2026-02-26 12:13:47,2026-02-27 07:30:00
R-207,Badminton Court,2026-02-26 12:47:13,2026-02-27 20:00:00
R-190,Clubhouse,2026-02-26 12:49:09,2026-02-27 14:45:00
R-147,Gym,2026-02-26 13:06:06,2026-02-27 07:45:00
R-184,Tennis Court,2026-02-26 13:23:29,2026-02-27 07:30:00
R-217,Tennis Court,2026-02-26 14:35:18,2026-02-27 19:15:00
R-130,Swimming Pool,2026-02-26 14:44:33,2026-02-28 17:00:00
R-197,Tennis Court,2026-02-26 14:46:00,2026-02-28 07:00:00
R-118,Gym,2026-02-26 15:05:26,2026-02-27 06:15:00
R-219,Tennis Court,2026-02-26 15:13:07,2026-03-01 07:15:00
R-166,Clubhouse,2026-02-26 15:21:26,2026-02-26 19:30:00
R-173,Badminton Court,2026-02-26 15:33:36,2026-02-27 19:30:00
R-120,Badminton Court,2026-02-26 15:37:22,2026-02-27 18:30:00
R-159,Clubhouse,2026-02-26 15:37:27,2026-02-27 15:30:00
R-162,Clubhouse,2026-02-26 15:45:54,2026-02-27 15:30:00
R-101,Gym,2026-02-26 16:33:25,2026-02-27 08:45:00
R-202,Gym,2026-02-26 17:09:03,2026-02-27 14:45:00
R-167,Swimming Pool,2026-02-26 17:32:38,2026-02-27 08:30:00
R-158,Gym,2026-02-26 17:36:08,2026-02-27 07:30:00
R-206,Gym,2026-02-26 17:36:11,2026-02-27 08:00:00
R-193,Tennis Court,2026-02-26 17:37:40,2026-02-27 14:45:00
R-142,Badminton Court,2026-02-26 17:48:24,2026-02-27 19:15:00
R-191,Swimming Pool,2026-02-26 18:22:44,2026-02-27 11:00:00
R-116,Badminton Court,2026-02-26 18:37:38,2026-02-27 08:00:00
R-113,Gym,2026-02-26 18:38:26,2026-02-27 06:30:00
R-208,Gym,2026-02-26 18:44:54,2026-02-27 08:00:00
R-117,Gym,2026-02-26 19:08:06,2026-02-27 08:45:00
R-109,Badminton Court,2026-02-26 19:14:49,2026-02-27 06:15:00
R-213,Badminton Court,2026-02-26 19:24:00,2026-02-27 20:45:00
R-168,Badminton Court,2026-02-26 19:29:37,2026-02-27 06:00:00
R-198,Tennis Court,2026-02-26 19:31:03,2026-02-28 17:00:00
R-152,Gym,2026-02-26 19:35:16,2026-02-27 07:00:00
R-105,Badminton Court,2026-02-26 20:07:50,2026-02-27 19:30:00
R-186,Swimming Pool,2026-02-26 20:38:44,2026-02-27 07:30:00
R-219,Gym,2026-02-26 20:42:13,2026-02-28 08:30:00
R-144,Gym,2026-02-26 22:20:56,2026-02-27 06:30:00
R-172,Gym,2026-02-26 22:30:40,2026-02-27 08:15:00
R-214,Clubhouse,2026-02-26 22:49:51,2026-02-27 19:45:00
R-212,Tennis Court,2026-02-26 22:56:53,2026-02-27 08:30:00
R-156,Badminton Court,2026-02-26 23:04:41,2026-02-27 08:00:00
R-180,Swimming Pool,2026-02-26 23:41:14,2026-02-27 18:15:00
R-155,Gym,2026-02-26 23:49:04,2026-02-27 19:30:00
R-204,Gym,2026-02-27 00:04:48,2026-02-27 11:15:00
R-161,Gym,2026-02-27 01:07:24,2026-02-27 11:15:00
R-151,Swimming Pool,2026-02-27 02:04:23,2026-02-27 10:15:00
R-115,Tennis Court,2026-02-27 02:22:32,2026-02-28 07:15:00
R-211,Tennis Court,2026-02-27 03:17:40,2026-02-27 10:45:00
R-102,Gym,2026-02-27 03:21:38,2026-02-27 14:45:00
R-133,Clubhouse,2026-02-27 04:31:41,2026-02-27 19:15:00
R-134,Badminton Court,2026-02-27 04:46:49,2026-02-27 10:15:00
R-132,Tennis Court,2026-02-27 05:52:30,2026-02-28 18:00:00
R-215,Badminton Court,2026-02-27 06:29:35,2026-02-27 17:15:00
R-125,Tennis Court,2026-02-27 07:34:34,2026-02-28 18:15:00
R-145,Gym,2026-02-27 09:28:18,2026-02-27 21:45:00
R-182,Swimming Pool,2026-02-27 10:13:35,2026-02-27 16:15:00
R-150,Swimming Pool,2026-02-27 10:45:11,2026-02-28 08:00:00
R-117,Badminton Court,2026-02-27 11:17:26,2026-02-28 06:30:00
R-170,Badminton Court,2026-02-27 11:23:33,2026-02-28 20:15:00
R-121,Swimming Pool,2026-02-27 12:26:30,2026-02-28 14:00:00
R-178,Gym,2026-02-27 12:30:04,2026-02-27 21:15:00
R-128,Gym,2026-02-27 13:29:45,2026-02-28 07:45:00
R-202,Clubhouse,2026-02-27 13:58:33,2026-02-28 06:15:00
R-122,Clubhouse,2026-02-27 16:29:34,2026-02-28 14:15:00
R-146,Tennis Court,2026-02-27 16:36:39,2026-03-01 07:15:00
R-157,Tennis Court,2026-02-27 17:43:50,2026-03-01 07:45:00
R-136,Badminton Court,2026-02-27 18:46:49,2026-02-28 20:00:00
R-147,Gym,2026-02-27 19:19:13,2026-02-28 06:30:00
R-184,Gym,2026-02-27 19:27:52,2026-02-28 11:30:00
R-145,Gym,2026-02-27 19:33:55,2026-02-28 06:30:00
R-126,Gym,2026-02-27 20:46:16,2026-02-28 11:15:00
R-215,Gym,2026-02-27 21:54:41,2026-02-28 11:45:00
R-159,Clubhouse,2026-02-27 22:03:38,2026-02-28 18:00:00
R-112,Clubhouse,2026-02-27 22:22:51,2026-02-28 19:15:00
R-191,Swimming Pool,2026-02-27 23:28:55,2026-02-28 07:00:00
R-124,Badminton Court,2026-02-28 00:21:01,2026-02-28 18:00:00
R-172,Tennis Court,2026-02-28 00:48:21,2026-02-28 08:45:00
R-164,Badminton Court,2026-02-28 02:08:33,2026-02-28 14:45:00
R-129,Clubhouse,2026-02-28 03:47:22,2026-02-28 18:45:00
R-175,Swimming Pool,2026-02-28 03:49:12,2026-03-01 08:45:00
R-113,Gym,2026-02-28 03:55:32,2026-02-28 17:45:00
R-160,Gym,2026-02-28 03:59:20,2026-02-28 10:00:00
R-193,Clubhouse,2026-02-28 04:35:26,2026-02-28 18:15:00
R-148,Gym,2026-02-28 04:39:42,2026-02-28 10:15:00
R-111,Swimming Pool,2026-02-28 05:30:16,2026-02-28 17:15:00
R-205,Clubhouse,2026-02-28 05:54:26,2026-02-28 11:45:00
R-181,Swimming Pool,2026-02-28 06:15:48,2026-02-28 16:30:00
R-186,Badminton Court,2026-02-28 06:31:31,2026-02-28 17:30:00
R-149,Tennis Court,2026-02-28 06:41:24,2026-02-28 14:00:00
R-110,Swimming Pool,2026-02-28 07:35:51,2026-02-28 19:30:00
R-133,Swimming Pool,2026-02-28 07:38:56,2026-02-28 18:00:00
R-137,Badminton Court,2026-02-28 08:49:21,2026-02-28 19:00:00
R-200,Tennis Court,2026-02-28 08:56:58,2026-02-28 19:45:00
R-187,Gym,2026-02-28 09:11:33,2026-02-28 19:30:00
R-178,Badminton Court,2026-02-28 09:25:24,2026-02-28 19:30:00
R-171,Swimming Pool,2026-02-28 09:25:30,2026-02-28 16:30:00
R-176,Swimming Pool,2026-02-28 09:44:57,2026-02-28 17:45:00
R-140,Clubhouse,2026-02-28 09:52:31,2026-02-28 16:00:00
R-139,Badminton Court,2026-02-28 10:00:51,2026-02-28 15:45:00
R-100,Clubhouse,2026-02-28 10:23:41,2026-02-28 19:15:00
R-104,Swimming Pool,2026-02-28 10:24:53,2026-02-28 15:15:00
R-120,Badminton Court,2026-02-28 11:12:49,2026-03-01 18:00:00
R-185,Tennis Court,2026-02-28 11:55:36,2026-02-28 16:30:00
R-199,Swimming Pool,2026-02-28 12:04:14,2026-02-28 16:30:00
R-118,Gym,2026-02-28 14:30:05,2026-03-01 07:30:00
R-116,Gym,2026-02-28 15:03:52,2026-03-01 06:00:00
R-172,Gym,2026-02-28 15:21:28,2026-03-01 08:00:00
R-198,Badminton Court,2026-02-28 15:21:35,2026-03-01 17:00:00
R-182,Swimming Pool,2026-02-28 15:28:50,2026-02-28 21:45:00
R-158,Gym,2026-02-28 15:29:37,2026-03-01 08:00:00
R-168,Swimming Pool,2026-02-28 15:42:58,2026-03-01 07:00:00
R-159,Swimming Pool,2026-02-28 15:51:11,2026-03-01 14:45:00
R-214,Tennis Court,2026-02-28 16:00:36,2026-03-01 15:30:00
R-183,Badminton Court,2026-02-28 16:07:13,2026-03-01 18:45:00
R-208,Swimming Pool,2026-02-28 16:10:19,2026-03-01 07:15:00
R-161,Gym,2026-02-28 17:59:05,2026-03-01 07:00:00
R-128,Tennis Court,2026-02-28 18:08:54,2026-03-01 07:30:00
R-170,Badminton Court,2026-02-28 18:21:18,2026-03-02 10:45:00
R-190,Gym,2026-02-28 18:51:10,2026-03-01 15:00:00
R-215,Gym,2026-02-28 19:07:40,2026-03-01 08:30:00
R-150,Tennis Court,2026-02-28 19:14:28,2026-03-01 15:45:00
R-145,Gym,2026-02-28 19:32:40,2026-03-01 08:15:00
R-110,Badminton Court,2026-02-28 19:54:33,2026-03-01 11:45:00
R-112,Clubhouse,2026-02-28 20:04:17,2026-03-01 14:45:00
R-105,Tennis Court,2026-02-28 20:06:51,2026-03-01 20:15:00
R-138,Gym,2026-02-28 20:31:13,2026-03-02 17:15:00
R-194,Swimming Pool,2026-02-28 20:42:23,2026-03-01 07:45:00
R-204,Swimming Pool,2026-02-28 21:20:59,2026-03-01 07:30:00
R-219,Clubhouse,2026-02-28 21:27:55,2026-03-02 17:45:00
R-193,Tennis Court,2026-02-28 23:27:50,2026-03-01 20:00:00
R-191,Swimming Pool,2026-03-01 00:42:00,2026-03-01 14:15:00
R-104,Swimming Pool,2026-03-01 01:13:20,2026-03-01 10:45:00
R-184,Swimming Pool,2026-03-01 02:07:36,2026-03-01 11:00:00
R-202,Swimming Pool,2026-03-01 02:22:26,2026-03-01 19:30:00
R-151,Gym,2026-03-01 02:29:59,2026-03-01 09:00:00
R-134,Swimming Pool,2026-03-01 02:38:33,2026-03-01 08:15:00
R-189,Swimming Pool,2026-03-01 03:15:49,2026-03-01 20:15:00
R-114,Swimming Pool,2026-03-01 03:30:59,2026-03-01 14:30:00
R-219,Tennis Court,2026-03-01 03:51:31,2026-03-03 08:30:00
R-162,Badminton Court,2026-03-01 04:42:46,2026-03-01 19:45:00
R-185,Clubhouse,2026-03-01 04:46:40,2026-03-01 10:00:00
R-103,Badminton Court,2026-03-01 05:28:29,2026-03-01 17:15:00
R-199,Tennis Court,2026-03-01 05:44:59,2026-03-01 16:00:00
R-141,Badminton Court,2026-03-01 05:50:33,2026-03-02 20:45:00
R-182,Swimming Pool,2026-03-01 06:35:58,2026-03-01 10:45:00
R-135,Gym,2026-03-01 06:41:45,2026-03-01 18:30:00
R-209,Swimming Pool,2026-03-01 06:57:15,2026-03-01 11:00:00
R-140,Tennis Court,2026-03-01 07:11:08,2026-03-01 10:45:00
R-123,Gym,2026-03-01 07:47:21,2026-03-02 07:15:00
R-163,Swimming Pool,2026-03-01 08:09:12,2026-03-01 11:30:00
R-160,Swimming Pool,2026-03-01 08:37:55,2026-03-01 16:45:00
R-207,Swimming Pool,2026-03-01 08:40:24,2026-03-02 20:15:00
R-131,Tennis Court,2026-03-01 08:46:38,2026-03-02 20:30:00
R-148,Swimming Pool,2026-03-01 08:51:27,2026-03-01 11:15:00
R-115,Tennis Court,2026-03-01 09:00:06,2026-03-03 07:00:00
R-211,Clubhouse,2026-03-01 09:27:22,2026-03-01 15:30:00
R-152,Gym,2026-03-01 09:44:08,2026-03-02 06:15:00
R-139,Gym,2026-03-01 10:08:25,2026-03-01 16:15:00
R-195,Badminton Court,2026-03-01 10:27:49,2026-03-02 18:45:00
R-179,Tennis Court,2026-03-01 10:32:23,2026-03-01 16:30:00
R-145,Gym,2026-03-01 10:34:49,2026-03-02 07:00:00
R-171,Clubhouse,2026-03-01 10:45:53,2026-03-01 17:30:00
R-135,Tennis Court,2026-03-01 11:42:11,2026-03-02 06:45:00
R-165,Gym,2026-03-01 12:12:46,2026-03-02 18:15:00
R-177,Tennis Court,2026-03-01 12:18:49,2026-03-02 17:45:00
R-101,Tennis Court,2026-03-01 13:09:19,2026-03-02 08:45:00
R-107,Badminton Court,2026-03-01 13:20:15,2026-03-02 18:00:00
R-132,Tennis Court,2026-03-01 13:45:51,2026-03-03 18:30:00
R-181,Clubhouse,2026-03-01 14:04:04,2026-03-01 20:00:00
R-111,Gym,2026-03-01 14:27:18,2026-03-02 11:45:00
R-174,Clubhouse,2026-03-01 14:44:44,2026-03-02 06:00:00
R-120,Badminton Court,2026-03-01 15:47:33,2026-03-02 20:45:00
R-113,Swimming Pool,2026-03-01 15:58:00,2026-03-02 07:00:00
R-213,Badminton Court,2026-03-01 16:00:10,2026-03-02 18:45:00
R-175,Tennis Court,2026-03-01 16:19:08,2026-03-03 17:45:00
R-109,Gym,2026-03-01 16:42:31,2026-03-02 07:45:00
R-217,Gym,2026-03-01 17:36:38,2026-03-02 20:30:00
R-125,Badminton Court,2026-03-01 17:36:52,2026-03-02 20:00:00
R-169,Gym,2026-03-01 17:58:55,2026-03-02 08:00:00
R-166,Gym,2026-03-01 18:18:32,2026-03-02 07:15:00
R-154,Tennis Court,2026-03-01 18:19:09,2026-03-03 17:15:00
R-110,Swimming Pool,2026-03-01 18:34:53,2026-03-02 07:00:00
R-116,Swimming Pool,2026-03-01 19:05:01,2026-03-02 08:15:00
R-102,Badminton Court,2026-03-01 19:14:35,2026-03-02 06:15:00
R-177,Gym,2026-03-01 19:19:00,2026-03-03 10:15:00
R-156,Gym,2026-03-01 19:33:43,2026-03-02 06:15:00
R-206,Badminton Court,2026-03-01 19:33:47,2026-03-02 07:45:00
R-118,Gym,2026-03-01 19:37:47,2026-03-02 13:45:00
R-173,Badminton Court,2026-03-01 20:08:20,2026-03-02 20:00:00
R-189,Gym,2026-03-01 20:13:30,2026-03-02 07:00:00
R-112,Swimming Pool,2026-03-01 20:32:27,2026-03-02 15:15:00
R-212,Gym,2026-03-01 21:18:47,2026-03-02 06:30:00
R-119,Badminton Court,2026-03-01 21:32:38,2026-03-03 13:15:00
R-208,Gym,2026-03-01 22:24:16,2026-03-02 08:00:00
R-158,Badminton Court,2026-03-01 22:25:32,2026-03-02 06:15:00
R-196,Badminton Court,2026-03-01 23:06:00,2026-03-02 20:15:00
R-180,Badminton Court,2026-03-01 23:57:00,2026-03-03 10:45:00
R-144,Gym,2026-03-01 23:58:11,2026-03-02 08:00:00
R-172,Tennis Court,2026-03-02 00:32:48,2026-03-02 10:15:00
R-188,Swimming Pool,2026-03-02 00:53:08,2026-03-02 11:15:00
R-194,Gym,2026-03-02 01:11:46,2026-03-02 11:30:00
R-137,Gym,2026-03-02 01:50:15,2026-03-02 11:00:00
R-105,Badminton Court,2026-03-02 02:13:49,2026-03-02 18:00:00
R-167,Gym,2026-03-02 03:10:07,2026-03-02 19:30:00
R-210,Tennis Court,2026-03-02 03:43:18,2026-03-03 17:45:00
R-185,Swimming Pool,2026-03-02 04:40:06,2026-03-02 11:45:00
R-157,Tennis Court,2026-03-02 04:41:03,2026-03-03 18:30:00
R-173,Badminton Court,2026-03-02 05:59:41,2026-03-03 19:15:00
R-148,Swimming Pool,2026-03-02 09:06:08,2026-03-02 16:00:00
R-208,Badminton Court,2026-03-02 10:10:05,2026-03-03 06:30:00
R-174,Gym,2026-03-02 11:11:31,2026-03-03 08:30:00
R-203,Badminton Court,2026-03-02 11:31:45,2026-03-03 19:45:00
R-122,Gym,2026-03-02 11:45:14,2026-03-03 06:00:00
R-183,Badminton Court,2026-03-02 12:00:51,2026-03-03 20:45:00
R-141,Badminton Court,2026-03-02 12:18:32,2026-03-03 18:30:00
R-167,Tennis Court,2026-03-02 13:36:59,2026-03-03 07:45:00
R-117,Gym,2026-03-02 13:52:35,2026-03-03 08:45:00
R-204,Swimming Pool,2026-03-02 13:55:14,2026-03-02 19:15:00
R-207,Swimming Pool,2026-03-02 14:13:56,2026-03-03 18:15:00
R-158,Gym,2026-03-02 14:17:54,2026-03-03 06:00:00
R-206,Gym,2026-03-02 15:43:00,2026-03-03 08:30:00
R-168,Gym,2026-03-02 17:20:18,2026-03-03 08:45:00
R-102,Gym,2026-03-02 17:36:10,2026-03-03 06:15:00
R-189,Gym,2026-03-02 18:14:36,2026-03-03 06:45:00
R-131,Badminton Court,2026-03-02 18:24:56,2026-03-03 19:45:00
R-153,Swimming Pool,2026-03-02 19:11:48,2026-03-03 07:30:00
R-195,Badminton Court,2026-03-02 19:14:51,2026-03-04 18:45:00
R-152,Gym,2026-03-02 19:20:32,2026-03-03 09:00:00
R-192,Badminton Court,2026-03-02 19:41:37,2026-03-03 20:00:00
R-145,Gym,2026-03-02 20:21:43,2026-03-03 08:00:00
R-135,Gym,2026-03-02 20:22:01,2026-03-03 08:30:00
R-172,Gym,2026-03-02 20:26:17,2026-03-03 07:30:00
R-156,Gym,2026-03-02 20:38:26,2026-03-03 07:00:00
R-101,Gym,2026-03-02 21:02:13,2026-03-03 08:45:00
R-123,Tennis Court,2026-03-02 21:52:01,2026-03-03 07:00:00
R-166,Badminton Court,2026-03-02 22:04:55,2026-03-03 07:30:00
R-113,Swimming Pool,2026-03-02 22:54:44,2026-03-03 07:15:00
R-200,Badminton Court,2026-03-02 23:16:12,2026-03-03 07:15:00
R-195,Badminton Court,2026-03-02 23:19:36,2026-03-03 20:30:00
R-188,Swimming Pool,2026-03-02 23:27:35,2026-03-03 07:45:00
R-196,Badminton Court,2026-03-03 00:00:10,2026-03-04 20:15:00
R-109,Swimming Pool,2026-03-03 00:27:09,2026-03-03 18:45:00
R-106,Badminton Court,2026-03-03 00:31:11,2026-03-03 19:00:00
R-217,Badminton Court,2026-03-03 00:39:40,2026-03-03 20:15:00
R-142,Tennis Court,2026-03-03 00:45:09,2026-03-04 11:30:00
R-192,Tennis Court,2026-03-03 01:38:15,2026-03-04 18:00:00
R-144,Gym,2026-03-03 01:42:51,2026-03-03 08:45:00
R-127,Swimming Pool,2026-03-03 02:11:52,2026-03-03 17:30:00
R-165,Tennis Court,2026-03-03 02:15:59,2026-03-03 18:00:00
R-116,Gym,2026-03-03 02:24:46,2026-03-03 08:00:00
R-155,Swimming Pool,2026-03-03 02:30:41,2026-03-03 14:15:00
R-194,Clubhouse,2026-03-03 02:32:48,2026-03-03 19:45:00
R-161,Badminton Court,2026-03-03 02:41:15,2026-03-03 11:30:00
R-138,Tennis Court,2026-03-03 02:58:38,2026-03-03 18:45:00
R-191,Badminton Court,2026-03-03 03:38:26,2026-03-03 17:45:00
R-107,Gym,2026-03-03 04:16:36,2026-03-04 20:30:00
R-169,Gym,2026-03-03 05:11:28,2026-03-03 17:30:00
R-210,Tennis Court,2026-03-03 05:46:56,2026-03-05 07:15:00
R-170,Clubhouse,2026-03-03 06:26:53,2026-03-03 18:15:00
R-215,Gym,2026-03-03 06:37:16,2026-03-03 19:30:00
R-178,Badminton Court,2026-03-03 06:42:40,2026-03-03 17:30:00
R-120,Badminton Court,2026-03-03 07:36:44,2026-03-03 19:45:00
R-144,Swimming Pool,2026-03-03 07:46:38,2026-03-04 06:30:00
R-124,Badminton Court,2026-03-03 07:59:09,2026-03-03 20:45:00
R-157,Tennis Court,2026-03-03 08:08:46,2026-03-05 07:00:00
R-201,Badminton Court,2026-03-03 08:24:02,2026-03-03 19:45:00
R-172,Gym,2026-03-03 08:47:34,2026-03-04 06:30:00
R-207,Badminton Court,2026-03-03 09:28:05,2026-03-04 19:15:00
R-160,Swimming Pool,2026-03-03 09:45:19,2026-03-03 16:00:00
R-170,Badminton Court,2026-03-03 10:15:30,2026-03-04 20:00:00
R-177,Gym,2026-03-03 10:48:36,2026-03-05 18:45:00
R-118,Gym,2026-03-03 11:10:32,2026-03-03 20:00:00
R-209,Clubhouse,2026-03-03 11:24:46,2026-03-03 17:15:00
R-147,Gym,2026-03-03 12:43:25,2026-03-03 17:45:00
R-206,Gym,2026-03-03 13:35:02,2026-03-04 06:15:00
R-101,Gym,2026-03-03 14:00:24,2026-03-04 08:15:00
R-136,Badminton Court,2026-03-03 14:01:45,2026-03-04 12:00:00
R-118,Gym,2026-03-03 14:21:43,2026-03-04 06:00:00
R-189,Badminton Court,2026-03-03 14:36:22,2026-03-04 08:45:00
R-175,Tennis Court,2026-03-03 15:16:56,2026-03-05 07:45:00
R-105,Badminton Court,2026-03-03 15:35:29,2026-03-04 20:45:00
R-116,Gym,2026-03-03 15:43:39,2026-03-04 08:45:00
R-109,Badminton Court,2026-03-03 16:06:42,2026-03-04 08:45:00
R-173,Gym,2026-03-03 16:29:33,2026-03-04 18:00:00
R-212,Gym,2026-03-03 16:37:44,2026-03-04 08:30:00
R-131,Badminton Court,2026-03-03 16:54:39,2026-03-04 20:30:00
R-184,Swimming Pool,2026-03-03 16:54:50,2026-03-04 07:30:00
R-117,Gym,2026-03-03 17:08:59,2026-03-04 07:45:00
R-152,Gym,2026-03-03 17:16:12,2026-03-04 06:15:00
R-156,Gym,2026-03-03 17:24:08,2026-03-04 07:15:00
R-158,Gym,2026-03-03 17:27:05,2026-03-04 06:00:00
R-141,Badminton Court,2026-03-03 17:31:52,2026-03-04 20:30:00
R-102,Gym,2026-03-03 17:40:12,2026-03-04 08:00:00
R-147,Gym,2026-03-03 18:23:15,2026-03-04 08:00:00
R-174,Gym,2026-03-03 18:29:35,2026-03-04 08:30:00
R-108,Gym,2026-03-03 18:30:15,2026-03-04 08:00:00
R-145,Badminton Court,2026-03-03 18:57:46,2026-03-04 08:00:00
R-165,Badminton Court,2026-03-03 19:05:09,2026-03-04 19:30:00
R-125,Tennis Court,2026-03-03 19:35:09,2026-03-04 19:45:00
R-213,Tennis Court,2026-03-03 20:05:27,2026-03-04 18:15:00
R-126,Swimming Pool,2026-03-03 20:27:48,2026-03-04 07:30:00
R-123,Gym,2026-03-03 20:47:49,2026-03-04 07:30:00
R-218,Swimming Pool,2026-03-03 21:02:00,2026-03-04 11:15:00
R-167,Gym,2026-03-03 21:49:59,2026-03-04 08:15:00
R-133,Clubhouse,2026-03-03 22:01:02,2026-03-04 20:15:00
R-103,Badminton Court,2026-03-03 22:36:32,2026-03-04 07:30:00
R-119,Badminton Court,2026-03-03 22:56:31,2026-03-04 18:45:00
R-110,Tennis Court,2026-03-03 23:29:41,2026-03-04 08:30:00
R-187,Badminton Court,2026-03-04 00:01:49,2026-03-04 08:00:00
R-208,Gym,2026-03-04 00:11:40,2026-03-04 13:00:00
R-113,Tennis Court,2026-03-04 00:26:03,2026-03-04 16:15:00
R-216,Badminton Court,2026-03-04 01:23:40,2026-03-04 10:00:00
R-134,Swimming Pool,2026-03-04 01:31:53,2026-03-04 08:15:00
R-181,Tennis Court,2026-03-04 02:42:02,2026-03-04 11:00:00
R-162,Clubhouse,2026-03-04 03:37:08,2026-03-04 20:00:00
R-200,Swimming Pool,2026-03-04 05:26:22,2026-03-04 19:15:00
R-180,Badminton Court,2026-03-04 06:42:58,2026-03-05 19:45:00
R-191,Badminton Court,2026-03-04 07:04:32,2026-03-04 17:00:00
R-219,Badminton Court,2026-03-04 08:18:37,2026-03-07 07:30:00
R-166,Badminton Court,2026-03-04 08:50:52,2026-03-04 19:00:00
R-128,Swimming Pool,2026-03-04 09:45:24,2026-03-04 17:00:00
R-171,Tennis Court,2026-03-04 09:46:26,2026-03-04 17:00:00
R-165,Badminton Court,2026-03-04 09:50:53,2026-03-05 20:30:00
R-170,Badminton Court,2026-03-04 10:09:24,2026-03-05 20:00:00
R-183,Tennis Court,2026-03-04 10:26:38,2026-03-05 20:30:00
R-119,Gym,2026-03-04 10:34:36,2026-03-05 19:30:00
R-208,Badminton Court,2026-03-04 11:00:40,2026-03-05 07:00:00
R-101,Gym,2026-03-04 12:31:07,2026-03-05 07:00:00
R-125,Badminton Court,2026-03-04 12:54:14,2026-03-05 18:30:00
R-206,Gym,2026-03-04 13:08:05,2026-03-05 06:15:00
R-156,Badminton Court,2026-03-04 13:39:31,2026-03-05 06:45:00
R-145,Gym,2026-03-04 13:46:36,2026-03-05 07:30:00
R-123,Gym,2026-03-04 14:16:41,2026-03-05 06:45:00
R-113,Clubhouse,2026-03-04 14:32:48,2026-03-05 07:15:00
R-173,Badminton Court,2026-03-04 14:50:52,2026-03-05 19:00:00
R-195,Tennis Court,2026-03-04 15:14:28,2026-03-05 20:00:00
R-152,Gym,2026-03-04 15:39:03,2026-03-05 07:00:00
R-120,Badminton Court,2026-03-04 15:51:22,2026-03-05 19:00:00
R-186,Gym,2026-03-04 17:04:34,2026-03-05 07:15:00
R-116,Gym,2026-03-04 17:06:19,2026-03-05 08:30:00
R-102,Gym,2026-03-04 17:18:26,2026-03-05 07:30:00
R-168,Swimming Pool,2026-03-04 17:23:06,2026-03-05 06:30:00
R-117,Gym,2026-03-04 17:53:27,2026-03-05 08:45:00
R-189,Gym,2026-03-04 18:03:17,2026-03-05 07:30:00
R-106,Badminton Court,2026-03-04 18:05:05,2026-03-05 18:45:00
R-172,Gym,2026-03-04 18:09:01,2026-03-05 08:15:00
R-135,Swimming Pool,2026-03-04 18:27:24,2026-03-05 07:15:00
R-207,Badminton Court,2026-03-04 18:32:43,2026-03-05 20:00:00
R-147,Gym,2026-03-04 19:09:59,2026-03-05 06:30:00
R-109,Gym,2026-03-04 19:18:00,2026-03-05 07:00:00
R-167,Gym,2026-03-04 19:37:53,2026-03-05 06:45:00
R-119,Clubhouse,2026-03-04 20:35:32,2026-03-06 07:45:00
R-111,Gym,2026-03-04 20:39:23,2026-03-05 08:15:00
R-158,Gym,2026-03-04 20:48:50,2026-03-05 06:30:00
R-127,Badminton Court,2026-03-04 22:57:34,2026-03-05 11:30:00
R-174,Gym,2026-03-04 23:29:12,2026-03-05 06:00:00
R-131,Gym,2026-03-04 23:52:54,2026-03-06 19:00:00
R-218,Clubhouse,2026-03-05 00:26:12,2026-03-05 11:15:00
R-212,Gym,2026-03-05 00:43:41,2026-03-05 08:00:00
R-179,Swimming Pool,2026-03-05 00:56:10,2026-03-05 10:15:00
R-166,Badminton Court,2026-03-05 01:41:07,2026-03-05 17:30:00
R-213,Badminton Court,2026-03-05 01:54:06,2026-03-05 20:30:00
R-128,Gym,2026-03-05 01:56:38,2026-03-05 11:45:00
R-144,Gym,2026-03-05 02:02:27,2026-03-05 13:00:00
R-192,Badminton Court,2026-03-05 03:13:53,2026-03-05 19:30:00
R-142,Badminton Court,2026-03-05 03:21:13,2026-03-05 18:15:00
R-108,Badminton Court,2026-03-05 03:23:25,2026-03-05 11:30:00
R-203,Tennis Court,2026-03-05 04:19:33,2026-03-05 18:45:00
R-106,Gym,2026-03-05 05:17:26,2026-03-06 18:30:00
R-188,Swimming Pool,2026-03-05 05:54:16,2026-03-05 19:15:00
R-185,Gym,2026-03-05 06:03:21,2026-03-05 10:45:00
R-115,Tennis Court,2026-03-05 06:43:08,2026-03-07 07:45:00
R-184,Gym,2026-03-05 07:49:08,2026-03-05 17:30:00
R-153,Gym,2026-03-05 08:02:19,2026-03-05 17:30:00
R-125,Badminton Court,2026-03-05 08:10:57,2026-03-06 19:00:00
R-191,Gym,2026-03-05 08:15:14,2026-03-05 17:30:00
R-105,Badminton Court,2026-03-05 08:52:44,2026-03-06 20:15:00
R-173,Badminton Court,2026-03-05 09:27:13,2026-03-06 20:30:00
R-169,Badminton Court,2026-03-05 10:00:41,2026-03-05 19:00:00
R-219,Clubhouse,2026-03-05 11:09:58,2026-03-06 18:15:00
R-178,Gym,2026-03-05 12:05:10,2026-03-06 08:00:00
R-180,Badminton Court,2026-03-05 12:38:12,2026-03-06 18:45:00
R-146,Tennis Court,2026-03-05 13:13:34,2026-03-07 17:30:00
R-175,Tennis Court,2026-03-05 13:17:32,2026-03-07 08:45:00
R-195,Clubhouse,2026-03-05 13:20:31,2026-03-06 19:30:00
R-192,Badminton Court,2026-03-05 13:36:17,2026-03-06 16:30:00
R-167,Gym,2026-03-05 13:50:09,2026-03-06 08:30:00
R-101,Gym,2026-03-05 14:24:56,2026-03-06 12:15:00
R-113,Gym,2026-03-05 14:33:54,2026-03-06 08:00:00
R-127,Badminton Court,2026-03-05 15:00:37,2026-03-06 07:45:00
R-168,Gym,2026-03-05 15:14:55,2026-03-06 08:30:00
R-208,Gym,2026-03-05 15:24:13,2026-03-06 08:00:00
R-120,Badminton Court,2026-03-05 15:35:46,2026-03-06 10:45:00
R-107,Badminton Court,2026-03-05 16:00:49,2026-03-06 19:00:00
R-141,Badminton Court,2026-03-05 16:09:51,2026-03-06 20:15:00
R-213,Badminton Court,2026-03-05 16:17:39,2026-03-06 19:45:00
R-158,Gym,2026-03-05 16:46:34,2026-03-06 06:00:00
R-154,Tennis Court,2026-03-05 16:52:03,2026-03-07 17:15:00
R-183,Tennis Court,2026-03-05 17:09:59,2026-03-06 11:45:00
R-207,Gym,2026-03-05 17:17:11,2026-03-06 18:45:00
R-155,Clubhouse,2026-03-05 17:17:38,2026-03-06 14:45:00
R-189,Gym,2026-03-05 17:24:35,2026-03-06 06:15:00
R-123,Badminton Court,2026-03-05 17:56:28,2026-03-06 08:15:00
R-115,Tennis Court,2026-03-05 18:02:17,2026-03-08 08:00:00
R-196,Gym,2026-03-05 18:12:09,2026-03-06 18:00:00
R-170,Gym,2026-03-05 18:59:03,2026-03-06 18:45:00
R-202,Clubhouse,2026-03-05 19:09:50,2026-03-06 20:00:00
R-217,Tennis Court,2026-03-05 19:11:33,2026-03-06 20:00:00
R-150,Clubhouse,2026-03-05 19:20:05,2026-03-06 15:00:00
R-132,Tennis Court,2026-03-05 19:25:03,2026-03-07 09:45:00
R-103,Swimming Pool,2026-03-05 19:39:55,2026-03-06 08:15:00
R-145,Tennis Court,2026-03-05 19:52:14,2026-03-06 08:15:00
R-114,Badminton Court,2026-03-05 19:54:10,2026-03-06 19:15:00
R-135,Badminton Court,2026-03-05 20:10:04,2026-03-06 08:30:00
R-152,Clubhouse,2026-03-05 21:29:27,2026-03-06 06:30:00
R-200,Clubhouse,2026-03-05 21:34:51,2026-03-06 10:00:00
R-144,Badminton Court,2026-03-05 21:41:17,2026-03-06 07:30:00
R-206,Gym,2026-03-05 21:46:15,2026-03-06 13:30:00
R-153,Swimming Pool,2026-03-05 21:49:06,2026-03-06 11:00:00
R-162,Gym,2026-03-05 22:01:47,2026-03-06 14:15:00
R-102,Gym,2026-03-05 22:02:10,2026-03-06 08:45:00
R-109,Badminton Court,2026-03-05 22:23:19,2026-03-06 08:45:00
R-117,Gym,2026-03-05 22:32:29,2026-03-06 07:00:00
R-118,Gym,2026-03-05 22:39:50,2026-03-06 07:30:00
R-116,Gym,2026-03-05 23:02:09,2026-03-06 06:45:00
R-212,Badminton Court,2026-03-05 23:42:14,2026-03-06 14:00:00
R-197,Tennis Court,2026-03-05 23:43:18,2026-03-07 08:00:00
R-136,Badminton Court,2026-03-05 23:52:55,2026-03-06 18:45:00
R-188,Gym,2026-03-06 00:00:37,2026-03-06 09:00:00
R-172,Swimming Pool,2026-03-06 00:10:47,2026-03-06 08:15:00
R-198,Tennis Court,2026-03-06 00:41:36,2026-03-07 17:30:00
R-112,Gym,2026-03-06 00:49:53,2026-03-06 20:45:00
R-156,Gym,2026-03-06 01:01:21,2026-03-06 13:45:00
R-210,Clubhouse,2026-03-06 01:14:00,2026-03-07 17:30:00
R-138,Gym,2026-03-06 01:42:47,2026-03-08 17:45:00
R-161,Badminton Court,2026-03-06 02:05:30,2026-03-06 17:00:00
R-121,Gym,2026-03-06 02:21:10,2026-03-06 15:30:00
R-166,Gym,2026-03-06 03:55:07,2026-03-06 17:00:00
R-171,Clubhouse,2026-03-06 04:00:11,2026-03-06 10:45:00
R-147,Badminton Court,2026-03-06 04:50:42,2026-03-06 08:45:00
R-129,Gym,2026-03-06 06:18:37,2026-03-06 20:15:00
R-157,Tennis Court,2026-03-06 06:21:38,2026-03-08 18:30:00
R-133,Tennis Court,2026-03-06 07:18:26,2026-03-06 18:00:00
R-149,Tennis Court,2026-03-06 08:03:00,2026-03-06 11:30:00
R-130,Tennis Court,2026-03-06 08:20:25,2026-03-07 18:45:00
R-142,Gym,2026-03-06 08:21:22,2026-03-07 20:15:00
R-198,Tennis Court,2026-03-06 09:19:22,2026-03-08 17:00:00
R-181,Swimming Pool,2026-03-06 09:24:55,2026-03-06 17:30:00
R-124,Clubhouse,2026-03-06 09:59:33,2026-03-07 08:15:00
R-155,Clubhouse,2026-03-06 10:22:35,2026-03-07 18:00:00
R-209,Swimming Pool,2026-03-06 11:21:17,2026-03-06 16:45:00
R-107,Tennis Court,2026-03-06 11:48:08,2026-03-07 18:45:00
R-154,Clubhouse,2026-03-06 14:32:23,2026-03-08 08:30:00
R-109,Swimming Pool,2026-03-06 14:35:51,2026-03-07 07:45:00
R-175,Tennis Court,2026-03-06 14:50:56,2026-03-08 07:15:00
R-121,Clubhouse,2026-03-06 15:10:29,2026-03-07 14:30:00
R-127,Gym,2026-03-06 16:32:12,2026-03-07 07:30:00
R-162,Clubhouse,2026-03-06 16:49:58,2026-03-07 19:00:00
R-202,Gym,2026-03-06 18:43:05,2026-03-07 14:00:00
R-132,Tennis Court,2026-03-06 19:05:41,2026-03-08 17:15:00
R-213,Badminton Court,2026-03-06 19:46:33,2026-03-07 20:45:00
R-169,Swimming Pool,2026-03-06 20:25:06,2026-03-07 07:00:00
R-186,Gym,2026-03-06 20:35:37,2026-03-07 08:15:00
R-153,Swimming Pool,2026-03-06 22:58:07,2026-03-07 07:15:00
R-193,Clubhouse,2026-03-06 23:33:17,2026-03-07 20:15:00
R-190,Badminton Court,2026-03-07 00:19:46,2026-03-07 20:45:00
R-112,Badminton Court,2026-03-07 00:36:19,2026-03-07 15:30:00
R-161,Swimming Pool,2026-03-07 01:05:12,2026-03-07 11:30:00
R-133,Tennis Court,2026-03-07 01:06:28,2026-03-07 20:00:00
R-136,Tennis Court,2026-03-07 01:50:12,2026-03-07 19:45:00
R-179,Clubhouse,2026-03-07 02:31:21,2026-03-07 10:30:00
R-219,Tennis Court,2026-03-07 03:10:31,2026-03-08 17:45:00
R-110,Gym,2026-03-07 03:15:15,2026-03-07 17:15:00
R-166,Gym,2026-03-07 03:31:42,2026-03-07 11:15:00
R-108,Badminton Court,2026-03-07 04:19:05,2026-03-07 18:45:00
R-130,Swimming Pool,2026-03-07 05:04:53,2026-03-08 18:15:00
R-163,Clubhouse,2026-03-07 05:30:41,2026-03-07 11:30:00
R-197,Tennis Court,2026-03-07 05:54:19,2026-03-08 21:30:00
R-176,Swimming Pool,2026-03-07 07:34:16,2026-03-07 11:15:00
R-193,Gym,2026-03-07 07:47:33,2026-03-08 06:15:00
R-139,Swimming Pool,2026-03-07 07:48:42,2026-03-07 15:15:00
R-194,Clubhouse,2026-03-07 07:53:07,2026-03-07 19:45:00
R-143,Clubhouse,2026-03-07 08:25:15,2026-03-07 11:30:00
R-148,Swimming Pool,2026-03-07 08:51:09,2026-03-07 14:45:00
R-216,Swimming Pool,2026-03-07 09:50:27,2026-03-07 17:45:00
R-149,Clubhouse,2026-03-07 11:12:24,2026-03-07 17:15:00
R-181,Swimming Pool,2026-03-07 11:47:14,2026-03-07 15:45:00
R-203,Badminton Court,2026-03-07 12:25:55,2026-03-08 20:00:00
R-173,Tennis Court,2026-03-07 12:36:17,2026-03-08 18:45:00
R-124,Clubhouse,2026-03-07 12:50:13,2026-03-08 14:45:00
R-117,Swimming Pool,2026-03-07 14:04:19,2026-03-08 07:15:00
R-187,Clubhouse,2026-03-07 15:34:20,2026-03-08 08:00:00
R-145,Badminton Court,2026-03-07 16:41:34,2026-03-08 06:15:00
R-118,Gym,2026-03-07 16:58:39,2026-03-08 08:45:00
R-125,Badminton Court,2026-03-07 17:34:26,2026-03-08 19:00:00
R-212,Clubhouse,2026-03-07 17:37:58,2026-03-08 06:00:00
R-167,Badminton Court,2026-03-07 18:02:16,2026-03-08 07:45:00
R-180,Badminton Court,2026-03-07 19:18:45,2026-03-08 18:45:00
R-164,Badminton Court,2026-03-07 19:48:42,2026-03-08 19:30:00
R-158,Swimming Pool,2026-03-07 20:05:20,2026-03-08 07:45:00
R-144,Gym,2026-03-07 20:33:11,2026-03-08 08:45:00
R-214,Swimming Pool,2026-03-07 21:08:36,2026-03-08 14:00:00
R-201,Clubhouse,2026-03-07 21:09:06,2026-03-08 07:30:00
R-166,Badminton Court,2026-03-07 22:22:03,2026-03-08 08:15:00
R-125,Badminton Court,2026-03-07 22:53:58,2026-03-09 07:30:00
R-159,Clubhouse,2026-03-08 01:52:26,2026-03-08 19:15:00
R-184,Tennis Court,2026-03-08 02:51:11,2026-03-08 11:00:00
R-150,Clubhouse,2026-03-08 02:51:40,2026-03-08 15:45:00
R-106,Clubhouse,2026-03-08 02:52:48,2026-03-08 18:45:00
R-219,Gym,2026-03-08 03:12:47,2026-03-09 18:00:00
R-215,Swimming Pool,2026-03-08 03:36:15,2026-03-08 07:45:00
R-216,Swimming Pool,2026-03-08 03:47:49,2026-03-08 10:00:00
R-196,Tennis Court,2026-03-08 04:14:37,2026-03-09 20:45:00
R-122,Clubhouse,2026-03-08 04:17:27,2026-03-08 15:15:00
R-163,Badminton Court,2026-03-08 04:18:18,2026-03-08 10:45:00
R-155,Swimming Pool,2026-03-08 05:06:06,2026-03-08 20:15:00
R-181,Clubhouse,2026-03-08 05:17:46,2026-03-08 10:45:00
R-160,Swimming Pool,2026-03-08 05:19:06,2026-03-08 10:00:00
R-134,Tennis Court,2026-03-08 05:32:17,2026-03-08 11:45:00
R-140,Swimming Pool,2026-03-08 05:53:04,2026-03-08 11:30:00
R-176,Clubhouse,2026-03-08 05:57:39,2026-03-08 11:00:00
R-217,Badminton Court,2026-03-08 06:46:39,2026-03-09 20:45:00
R-120,Badminton Court,2026-03-08 07:45:50,2026-03-09 19:45:00
R-197,Tennis Court,2026-03-08 08:01:39,2026-03-10 18:15:00
R-172,Gym,2026-03-08 09:00:19,2026-03-09 07:45:00
R-205,Swimming Pool,2026-03-08 09:13:14,2026-03-08 17:15:00
R-103,Swimming Pool,2026-03-08 09:13:52,2026-03-08 15:00:00
R-180,Badminton Court,2026-03-08 09:17:38,2026-03-09 20:00:00
R-106,Badminton Court,2026-03-08 09:26:16,2026-03-09 19:45:00
R-170,Swimming Pool,2026-03-08 10:19:40,2026-03-09 19:15:00
R-104,Swimming Pool,2026-03-08 10:36:10,2026-03-08 16:15:00
R-192,Badminton Court,2026-03-08 10:39:41,2026-03-09 20:15:00
R-183,Badminton Court,2026-03-08 10:51:18,2026-03-09 19:30:00
R-151,Tennis Court,2026-03-08 10:54:46,2026-03-08 14:00:00
R-199,Swimming Pool,2026-03-08 11:02:36,2026-03-08 17:15:00
R-101,Gym,2026-03-08 11:22:58,2026-03-08 21:45:00
R-149,Swimming Pool,2026-03-08 11:32:11,2026-03-08 17:30:00
R-139,Clubhouse,2026-03-08 11:49:41,2026-03-08 15:45:00
R-174,Gym,2026-03-08 12:07:35,2026-03-09 06:45:00
R-173,Badminton Court,2026-03-08 12:11:02,2026-03-09 19:00:00
R-143,Badminton Court,2026-03-08 12:15:20,2026-03-08 16:15:00
R-158,Badminton Court,2026-03-08 13:34:25,2026-03-09 06:00:00
R-152,Gym,2026-03-08 14:06:14,2026-03-09 06:15:00
R-207,Badminton Court,2026-03-08 14:17:21,2026-03-09 19:45:00
R-147,Tennis Court,2026-03-08 14:20:38,2026-03-09 06:30:00
R-212,Gym,2026-03-08 14:30:40,2026-03-09 06:30:00
R-102,Gym,2026-03-08 14:39:09,2026-03-09 06:30:00
R-101,Gym,2026-03-08 14:43:52,2026-03-09 06:30:00
R-141,Badminton Court,2026-03-08 15:29:13,2026-03-09 19:45:00
R-154,Tennis Court,2026-03-08 15:53:07,2026-03-10 08:45:00
R-117,Badminton Court,2026-03-08 16:34:26,2026-03-09 07:45:00
R-156,Gym,2026-03-08 16:39:03,2026-03-09 08:00:00
R-136,Badminton Court,2026-03-08 16:39:05,2026-03-09 18:15:00
R-131,Gym,2026-03-08 16:50:34,2026-03-09 18:15:00
R-213,Clubhouse,2026-03-08 17:52:19,2026-03-09 17:00:00
R-113,Gym,2026-03-08 18:06:51,2026-03-09 06:30:00
R-206,Gym,2026-03-08 18:19:38,2026-03-09 08:30:00
R-115,Tennis Court,2026-03-08 19:14:15,2026-03-10 18:30:00
R-144,Gym,2026-03-08 19:51:05,2026-03-09 08:45:00
R-107,Badminton Court,2026-03-08 19:51:44,2026-03-09 18:30:00
R-135,Gym,2026-03-08 19:53:36,2026-03-09 08:45:00
R-184,Gym,2026-03-08 20:00:29,2026-03-09 11:00:00
R-194,Tennis Court,2026-03-08 20:13:23,2026-03-09 08:45:00
R-118,Gym,2026-03-08 20:20:39,2026-03-09 06:30:00
R-119,Gym,2026-03-08 20:35:01,2026-03-09 20:15:00
R-123,Gym,2026-03-08 20:37:42,2026-03-09 06:30:00
R-191,Badminton Court,2026-03-08 23:15:53,2026-03-09 08:30:00
R-105,Badminton Court,2026-03-09 00:11:00,2026-03-09 18:30:00
R-189,Gym,2026-03-09 00:21:21,2026-03-09 08:15:00
R-195,Tennis Court,2026-03-09 00:37:51,2026-03-09 19:45:00
R-145,Gym,2026-03-09 00:54:13,2026-03-09 08:30:00
R-188,Gym,2026-03-09 02:12:15,2026-03-09 17:45:00
R-215,Gym,2026-03-09 02:40:10,2026-03-09 11:00:00
R-129,Clubhouse,2026-03-09 03:19:14,2026-03-09 20:30:00
R-170,Badminton Court,2026-03-09 04:38:10,2026-03-10 12:15:00
R-177,Tennis Court,2026-03-09 04:51:49,2026-03-10 17:30:00
R-167,Gym,2026-03-09 05:35:48,2026-03-09 12:30:00
R-127,Swimming Pool,2026-03-09 06:10:04,2026-03-09 17:45:00
R-138,Gym,2026-03-09 06:33:57,2026-03-10 08:15:00
R-218,Badminton Court,2026-03-09 07:17:05,2026-03-09 17:00:00
R-116,Tennis Court,2026-03-09 08:23:05,2026-03-09 14:30:00
R-165,Badminton Court,2026-03-09 09:52:37,2026-03-10 18:45:00
R-125,Badminton Court,2026-03-09 10:06:02,2026-03-10 20:15:00
R-101,Gym,2026-03-09 10:34:36,2026-03-10 06:30:00
R-173,Badminton Court,2026-03-09 10:59:33,2026-03-10 14:45:00
R-141,Tennis Court,2026-03-09 11:11:06,2026-03-10 19:30:00
R-156,Swimming Pool,2026-03-09 13:36:27,2026-03-10 07:30:00
R-109,Gym,2026-03-09 13:51:56,2026-03-10 07:00:00
R-168,Gym,2026-03-09 13:57:42,2026-03-10 06:00:00
R-183,Badminton Court,2026-03-09 14:42:13,2026-03-10 20:15:00
R-117,Tennis Court,2026-03-09 14:58:25,2026-03-10 07:00:00
R-118,Gym,2026-03-09 15:08:23,2026-03-10 06:45:00
R-137,Swimming Pool,2026-03-09 15:24:49,2026-03-10 07:00:00
R-144,Gym,2026-03-09 15:30:43,2026-03-10 07:00:00
R-212,Gym,2026-03-09 15:55:26,2026-03-10 07:45:00
R-147,Gym,2026-03-09 16:12:37,2026-03-10 08:30:00
R-119,Swimming Pool,2026-03-09 16:33:26,2026-03-10 19:00:00
R-174,Badminton Court,2026-03-09 16:37:22,2026-03-10 06:30:00
R-196,Badminton Court,2026-03-09 16:39:38,2026-03-10 18:30:00
R-116,Gym,2026-03-09 16:57:40,2026-03-10 07:00:00
R-172,Gym,2026-03-09 16:59:18,2026-03-10 08:45:00
R-207,Badminton Court,2026-03-09 16:59:19,2026-03-10 13:00:00
R-152,Badminton Court,2026-03-09 17:34:28,2026-03-10 08:00:00
R-208,Gym,2026-03-09 17:36:25,2026-03-10 06:15:00
R-102,Gym,2026-03-09 17:59:41,2026-03-10 08:30:00
R-167,Gym,2026-03-09 18:12:26,2026-03-10 08:00:00
R-189,Gym,2026-03-09 18:20:34,2026-03-10 08:30:00
R-195,Badminton Court,2026-03-09 18:31:21,2026-03-10 19:00:00
R-145,Gym,2026-03-09 19:40:45,2026-03-10 06:15:00
R-131,Gym,2026-03-09 20:12:08,2026-03-10 20:30:00
R-135,Gym,2026-03-09 20:13:17,2026-03-10 08:30:00
R-191,Tennis Court,2026-03-09 20:20:43,2026-03-10 07:15:00
R-206,Swimming Pool,2026-03-09 21:20:52,2026-03-10 07:00:00
R-113,Badminton Court,2026-03-09 22:35:28,2026-03-10 06:30:00
R-121,Clubhouse,2026-03-09 23:24:33,2026-03-10 19:45:00
R-180,Badminton Court,2026-03-09 23:55:12,2026-03-10 18:15:00
R-106,Badminton Court,2026-03-10 00:19:25,2026-03-11 10:45:00
R-184,Swimming Pool,2026-03-10 01:42:20,2026-03-10 11:45:00
R-161,Tennis Court,2026-03-10 01:50:46,2026-03-10 17:30:00
R-132,Tennis Court,2026-03-10 02:05:34,2026-03-12 07:30:00
R-201,Badminton Court,2026-03-10 02:06:09,2026-03-10 08:00:00
R-106,Gym,2026-03-10 02:08:40,2026-03-10 20:15:00
R-128,Gym,2026-03-10 02:32:35,2026-03-10 11:30:00
R-136,Badminton Court,2026-03-10 02:46:52,2026-03-10 08:00:00
R-148,Gym,2026-03-10 04:42:34,2026-03-10 10:30:00
R-105,Swimming Pool,2026-03-10 05:45:08,2026-03-10 20:45:00
R-215,Badminton Court,2026-03-10 06:05:34,2026-03-10 16:45:00
R-198,Tennis Court,2026-03-10 06:50:32,2026-03-12 08:30:00
R-139,Swimming Pool,2026-03-10 07:09:00,2026-03-10 15:30:00
R-195,Badminton Court,2026-03-10 07:56:51,2026-03-11 18:30:00
R-132,Tennis Court,2026-03-10 09:09:25,2026-03-11 18:30:00
R-213,Badminton Court,2026-03-10 09:13:47,2026-03-10 18:30:00
R-163,Swimming Pool,2026-03-10 09:31:48,2026-03-10 16:15:00
R-175,Swimming Pool,2026-03-10 09:51:56,2026-03-12 07:30:00
R-107,Badminton Court,2026-03-10 10:26:25,2026-03-11 19:15:00
R-196,Gym,2026-03-10 11:03:41,2026-03-11 20:30:00
R-113,Clubhouse,2026-03-10 13:18:49,2026-03-11 06:00:00
R-102,Clubhouse,2026-03-10 13:36:30,2026-03-11 07:00:00
R-152,Gym,2026-03-10 13:41:37,2026-03-11 06:00:00
R-170,Badminton Court,2026-03-10 13:51:25,2026-03-11 21:15:00
R-192,Badminton Court,2026-03-10 13:55:00,2026-03-11 20:30:00
R-189,Gym,2026-03-10 14:17:26,2026-03-11 06:45:00
R-206,Gym,2026-03-10 14:29:48,2026-03-11 07:00:00
R-154,Tennis Court,2026-03-10 14:35:35,2026-03-12 17:15:00
R-156,Gym,2026-03-10 14:42:11,2026-03-11 08:30:00
R-128,Tennis Court,2026-03-10 15:12:21,2026-03-11 07:45:00
R-158,Gym,2026-03-10 15:28:08,2026-03-11 07:45:00
R-207,Gym,2026-03-10 15:36:28,2026-03-11 19:15:00
R-101,Gym,2026-03-10 16:13:06,2026-03-11 08:30:00
R-212,Gym,2026-03-10 16:15:43,2026-03-11 07:00:00
R-142,Gym,2026-03-10 16:57:03,2026-03-11 18:45:00
R-136,Clubhouse,2026-03-10 16:57:38,2026-03-11 18:30:00
R-164,Clubhouse,2026-03-10 17:25:03,2026-03-11 15:45:00
R-116,Gym,2026-03-10 17:30:21,2026-03-11 07:30:00
R-123,Gym,2026-03-10 17:49:32,2026-03-11 08:30:00
R-203,Badminton Court,2026-03-10 17:50:54,2026-03-11 18:00:00
R-115,Badminton Court,2026-03-10 17:55:56,2026-03-12 09:15:00
R-168,Clubhouse,2026-03-10 17:58:12,2026-03-11 07:00:00
R-119,Gym,2026-03-10 18:04:36,2026-03-11 20:30:00
R-172,Clubhouse,2026-03-10 18:10:16,2026-03-11 06:45:00
R-167,Gym,2026-03-10 18:10:18,2026-03-11 07:45:00
R-135,Gym,2026-03-10 18:58:17,2026-03-11 06:30:00
R-141,Badminton Court,2026-03-10 19:07:24,2026-03-11 20:45:00
R-174,Gym,2026-03-10 19:48:54,2026-03-11 08:15:00
R-137,Swimming Pool,2026-03-10 20:19:40,2026-03-11 07:30:00
R-106,Badminton Court,2026-03-10 20:36:19,2026-03-12 08:45:00
R-129,Swimming Pool,2026-03-10 20:41:47,2026-03-11 18:45:00
R-145,Gym,2026-03-10 20:49:10,2026-03-11 08:45:00
R-125,Gym,2026-03-10 21:37:53,2026-03-11 18:00:00
R-147,Gym,2026-03-10 22:20:51,2026-03-11 08:00:00
R-117,Gym,2026-03-10 22:32:07,2026-03-11 07:30:00
R-109,Clubhouse,2026-03-10 23:02:29,2026-03-11 08:45:00
R-208,Gym,2026-03-10 23:07:33,2026-03-11 08:45:00
R-161,Gym,2026-03-10 23:30:24,2026-03-11 11:15:00
R-144,Gym,2026-03-11 00:01:43,2026-03-11 08:30:00
R-213,Badminton Court,2026-03-11 00:01:56,2026-03-11 20:15:00
R-111,Clubhouse,2026-03-11 00:39:36,2026-03-11 19:15:00
R-130,Tennis Court,2026-03-11 01:21:04,2026-03-12 18:30:00
R-150,Clubhouse,2026-03-11 01:37:27,2026-03-11 20:00:00
R-120,Badminton Court,2026-03-11 02:08:56,2026-03-11 13:30:00
R-197,Tennis Court,2026-03-11 02:14:05,2026-03-12 07:45:00
R-127,Gym,2026-03-11 02:25:36,2026-03-11 14:00:00
R-142,Badminton Court,2026-03-11 03:00:45,2026-03-12 19:30:00
R-173,Badminton Court,2026-03-11 03:22:14,2026-03-11 20:15:00
R-105,Gym,2026-03-11 03:24:04,2026-03-11 19:30:00
R-133,Gym,2026-03-11 03:44:04,2026-03-11 20:00:00
R-120,Gym,2026-03-11 04:12:35,2026-03-12 18:15:00
R-184,Gym,2026-03-11 04:56:14,2026-03-11 11:45:00
R-201,Badminton Court,2026-03-11 04:57:31,2026-03-11 15:00:00
R-138,Swimming Pool,2026-03-11 05:27:16,2026-03-13 18:00:00
R-187,Tennis Court,2026-03-11 06:05:33,2026-03-11 19:15:00
R-136,Badminton Court,2026-03-11 06:07:11,2026-03-12 18:30:00
R-143,Gym,2026-03-11 06:23:36,2026-03-11 10:00:00
R-194,Gym,2026-03-11 07:22:37,2026-03-11 19:45:00
R-119,Tennis Court,2026-03-11 07:44:55,2026-03-12 21:45:00
R-218,Clubhouse,2026-03-11 08:08:56,2026-03-11 17:15:00
R-125,Badminton Court,2026-03-11 08:24:40,2026-03-12 19:45:00
R-170,Gym,2026-03-11 09:29:25,2026-03-12 19:45:00
R-180,Badminton Court,2026-03-11 10:45:42,2026-03-12 20:30:00
R-131,Badminton Court,2026-03-11 11:46:19,2026-03-12 19:45:00
R-189,Gym,2026-03-11 12:43:22,2026-03-12 08:30:00
R-109,Badminton Court,2026-03-11 13:27:04,2026-03-12 06:15:00
R-118,Swimming Pool,2026-03-11 13:29:45,2026-03-12 07:15:00
R-195,Tennis Court,2026-03-11 15:10:04,2026-03-12 18:00:00
R-101,Clubhouse,2026-03-11 15:37:23,2026-03-12 06:15:00
R-157,Swimming Pool,2026-03-11 15:49:09,2026-03-12 18:00:00
R-152,Badminton Court,2026-03-11 15:54:32,2026-03-12 08:45:00
R-117,Gym,2026-03-11 16:08:11,2026-03-12 06:15:00
R-123,Gym,2026-03-11 16:15:12,2026-03-12 07:15:00
R-102,Gym,2026-03-11 16:40:39,2026-03-12 08:30:00
R-207,Clubhouse,2026-03-11 17:04:44,2026-03-12 18:30:00
R-116,Gym,2026-03-11 17:26:49,2026-03-12 06:00:00
R-153,Swimming Pool,2026-03-11 17:30:15,2026-03-12 06:30:00
R-145,Gym,2026-03-11 17:44:04,2026-03-12 08:15:00
R-192,Swimming Pool,2026-03-11 17:54:16,2026-03-12 17:30:00
R-100,Gym,2026-03-11 17:55:34,2026-03-12 08:15:00
R-208,Clubhouse,2026-03-11 17:57:45,2026-03-12 08:00:00
R-172,Badminton Court,2026-03-11 18:11:24,2026-03-12 07:30:00
R-107,Clubhouse,2026-03-11 18:18:51,2026-03-12 21:45:00
R-135,Gym,2026-03-11 18:29:49,2026-03-12 06:45:00
R-156,Gym,2026-03-11 18:29:49,2026-03-12 06:00:00
R-197,Gym,2026-03-11 19:17:09,2026-03-14 08:15:00
R-206,Gym,2026-03-11 19:37:26,2026-03-12 08:45:00
R-168,Gym,2026-03-11 20:11:10,2026-03-12 12:00:00
R-218,Clubhouse,2026-03-11 20:21:26,2026-03-12 10:30:00
R-158,Gym,2026-03-11 20:45:16,2026-03-12 07:15:00
R-165,Badminton Court,2026-03-11 20:54:41,2026-03-13 18:00:00
R-184,Tennis Court,2026-03-11 21:05:11,2026-03-12 08:30:00
R-165,Tennis Court,2026-03-11 21:12:19,2026-03-12 18:45:00
R-167,Gym,2026-03-11 21:35:28,2026-03-12 08:15:00
R-105,Gym,2026-03-11 21:49:35,2026-03-12 18:00:00
R-103,Tennis Court,2026-03-11 22:14:18,2026-03-12 07:00:00
R-155,Clubhouse,2026-03-11 22:35:11,2026-03-12 19:00:00
R-141,Gym,2026-03-11 22:48:49,2026-03-12 19:30:00
R-203,Tennis Court,2026-03-11 23:06:17,2026-03-12 18:00:00
R-107,Badminton Court,2026-03-11 23:30:14,2026-03-13 19:15:00
R-174,Gym,2026-03-11 23:46:16,2026-03-12 08:30:00
R-186,Badminton Court,2026-03-12 01:15:32,2026-03-12 14:30:00
R-217,Gym,2026-03-12 01:25:08,2026-03-12 18:45:00
R-115,Tennis Court,2026-03-12 04:18:30,2026-03-14 08:15:00
R-151,Tennis Court,2026-03-12 05:01:14,2026-03-12 10:00:00
R-138,Gym,2026-03-12 06:29:50,2026-03-14 08:00:00
R-113,Gym,2026-03-12 07:03:31,2026-03-12 17:00:00
R-209,Clubhouse,2026-03-12 07:30:14,2026-03-12 11:30:00
R-131,Badminton Court,2026-03-12 07:44:21,2026-03-13 18:45:00
R-168,Gym,2026-03-12 08:23:42,2026-03-13 07:15:00
R-190,Tennis Court,2026-03-12 08:57:16,2026-03-13 07:00:00
R-192,Badminton Court,2026-03-12 09:20:00,2026-03-13 18:00:00
R-183,Badminton Court,2026-03-12 09:27:37,2026-03-13 19:45:00
R-171,Clubhouse,2026-03-12 10:08:58,2026-03-12 15:00:00
R-208,Tennis Court,2026-03-12 10:19:42,2026-03-13 06:15:00
R-179,Swimming Pool,2026-03-12 10:30:43,2026-03-12 17:15:00
R-122,Tennis Court,2026-03-12 10:32:18,2026-03-13 15:00:00
R-174,Gym,2026-03-12 11:19:21,2026-03-13 07:15:00
R-102,Gym,2026-03-12 12:03:17,2026-03-13 06:15:00
R-141,Badminton Court,2026-03-12 12:59:09,2026-03-13 20:30:00
R-175,Tennis Court,2026-03-12 13:40:00,2026-03-14 17:45:00
R-185,Swimming Pool,2026-03-12 13:41:09,2026-03-12 16:30:00
R-101,Gym,2026-03-12 14:35:10,2026-03-13 08:30:00
R-173,Badminton Court,2026-03-12 15:05:37,2026-03-13 19:15:00
R-167,Clubhouse,2026-03-12 15:13:12,2026-03-13 06:45:00
R-213,Badminton Court,2026-03-12 15:34:30,2026-03-13 19:45:00
R-142,Badminton Court,2026-03-12 15:48:03,2026-03-13 19:45:00
R-135,Badminton Court,2026-03-12 16:15:29,2026-03-13 06:15:00
R-180,Badminton Court,2026-03-12 17:04:37,2026-03-13 16:45:00
R-219,Gym,2026-03-12 17:15:52,2026-03-14 07:15:00
R-116,Gym,2026-03-12 17:20:34,2026-03-13 08:15:00
R-207,Gym,2026-03-12 17:34:23,2026-03-13 20:15:00
R-203,Badminton Court,2026-03-12 17:36:20,2026-03-13 19:30:00
R-153,Badminton Court,2026-03-12 17:57:56,2026-03-13 08:45:00
R-187,Clubhouse,2026-03-12 18:28:47,2026-03-13 07:15:00
R-117,Gym,2026-03-12 18:56:46,2026-03-13 07:15:00
R-106,Badminton Court,2026-03-12 19:08:05,2026-03-13 18:15:00
R-120,Badminton Court,2026-03-12 19:26:41,2026-03-13 20:15:00
R-144,Gym,2026-03-12 19:46:24,2026-03-13 06:45:00
R-136,Badminton Court,2026-03-12 19:48:18,2026-03-13 20:00:00
R-172,Gym,2026-03-12 19:53:31,2026-03-13 07:15:00
R-189,Gym,2026-03-12 20:34:15,2026-03-13 07:45:00
R-146,Tennis Court,2026-03-12 20:46:49,2026-03-14 07:15:00
R-206,Clubhouse,2026-03-12 20:48:04,2026-03-13 08:15:00
R-217,Badminton Court,2026-03-12 21:37:22,2026-03-13 19:45:00
R-118,Gym,2026-03-12 21:44:03,2026-03-13 06:45:00
R-170,Badminton Court,2026-03-12 22:20:34,2026-03-13 18:30:00
R-154,Tennis Court,2026-03-12 22:27:52,2026-03-14 08:15:00
R-109,Badminton Court,2026-03-12 22:29:26,2026-03-13 06:45:00
R-173,Badminton Court,2026-03-12 22:39:00,2026-03-14 11:45:00
R-112,Clubhouse,2026-03-12 22:41:14,2026-03-13 20:00:00
R-156,Gym,2026-03-12 22:41:48,2026-03-13 06:30:00
R-169,Clubhouse,2026-03-12 22:58:50,2026-03-13 08:00:00
R-186,Swimming Pool,2026-03-12 23:11:59,2026-03-13 17:00:00
R-127,Gym,2026-03-12 23:46:24,2026-03-13 11:15:00
R-113,Gym,2026-03-13 00:12:55,2026-03-13 08:15:00
R-204,Swimming Pool,2026-03-13 00:22:54,2026-03-13 07:30:00
R-111,Badminton Court,2026-03-13 01:23:36,2026-03-13 11:45:00
R-159,Swimming Pool,2026-03-13 01:25:52,2026-03-13 18:15:00
R-188,Swimming Pool,2026-03-13 01:27:56,2026-03-13 16:45:00
R-108,Badminton Court,2026-03-13 01:43:22,2026-03-13 11:00:00
R-195,Badminton Court,2026-03-13 02:10:50,2026-03-13 20:45:00
R-164,Clubhouse,2026-03-13 02:19:31,2026-03-13 19:30:00
R-214,Clubhouse,2026-03-13 03:21:57,2026-03-13 20:00:00
R-145,Swimming Pool,2026-03-13 03:28:50,2026-03-13 16:00:00
R-105,Gym,2026-03-13 03:50:49,2026-03-13 20:30:00
R-152,Badminton Court,2026-03-13 04:38:04,2026-03-13 20:15:00
R-215,Gym,2026-03-13 05:03:28,2026-03-13 17:45:00
R-202,Swimming Pool,2026-03-13 05:14:38,2026-03-13 20:45:00
R-154,Tennis Court,2026-03-13 05:34:18,2026-03-15 07:00:00
R-143,Swimming Pool,2026-03-13 05:56:22,2026-03-13 10:15:00
R-157,Tennis Court,2026-03-13 06:05:31,2026-03-15 08:15:00
R-219,Gym,2026-03-13 06:15:27,2026-03-15 07:15:00
R-209,Swimming Pool,2026-03-13 07:10:55,2026-03-13 15:30:00
R-125,Badminton Court,2026-03-13 07:46:56,2026-03-13 19:30:00
R-146,Badminton Court,2026-03-13 09:03:46,2026-03-15 07:15:00
R-148,Swimming Pool,2026-03-13 11:13:38,2026-03-13 16:30:00
R-213,Badminton Court,2026-03-13 12:38:22,2026-03-14 18:15:00
R-158,Clubhouse,2026-03-13 13:10:25,2026-03-14 06:15:00
R-196,Badminton Court,2026-03-13 14:35:17,2026-03-14 19:15:00
R-145,Tennis Court,2026-03-13 15:44:12,2026-03-14 07:15:00
R-117,Gym,2026-03-13 16:33:26,2026-03-14 06:45:00
R-128,Gym,2026-03-13 17:00:35,2026-03-14 08:30:00
R-217,Badminton Court,2026-03-13 17:02:08,2026-03-14 19:00:00
R-159,Clubhouse,2026-03-13 17:20:49,2026-03-14 15:45:00
R-120,Badminton Court,2026-03-13 17:34:13,2026-03-14 19:00:00
R-178,Gym,2026-03-13 17:48:20,2026-03-14 08:30:00
R-138,Tennis Court,2026-03-13 18:14:20,2026-03-15 07:00:00
R-133,Clubhouse,2026-03-13 19:28:05,2026-03-14 19:30:00
R-135,Gym,2026-03-13 19:29:03,2026-03-14 07:45:00
R-177,Swimming Pool,2026-03-13 19:51:49,2026-03-15 17:15:00
R-204,Clubhouse,2026-03-13 20:14:17,2026-03-14 08:15:00
R-155,Clubhouse,2026-03-13 20:29:03,2026-03-14 20:45:00
R-121,Tennis Court,2026-03-13 21:03:43,2026-03-14 18:30:00
R-123,Gym,2026-03-13 21:15:31,2026-03-14 08:15:00
R-186,Badminton Court,2026-03-13 21:23:32,2026-03-14 11:30:00
R-214,Clubhouse,2026-03-13 21:52:57,2026-03-14 18:30:00
R-215,Swimming Pool,2026-03-13 21:56:20,2026-03-14 08:30:00
R-126,Swimming Pool,2026-03-13 22:33:34,2026-03-14 08:30:00
R-100,Swimming Pool,2026-03-14 00:29:04,2026-03-14 11:15:00
R-185,Clubhouse,2026-03-14 01:03:06,2026-03-14 06:30:00
R-190,Tennis Court,2026-03-14 01:19:29,2026-03-14 14:00:00
R-129,Gym,2026-03-14 02:09:11,2026-03-14 20:00:00
R-106,Badminton Court,2026-03-14 02:32:07,2026-03-15 18:30:00
R-124,Clubhouse,2026-03-14 02:57:10,2026-03-14 18:30:00
R-209,Clubhouse,2026-03-14 04:21:17,2026-03-14 10:30:00
R-114,Gym,2026-03-14 05:37:21,2026-03-14 18:15:00
R-108,Swimming Pool,2026-03-14 05:52:32,2026-03-14 19:30:00
R-113,Tennis Court,2026-03-14 05:53:40,2026-03-14 19:45:00
R-161,Tennis Court,2026-03-14 06:32:20,2026-03-14 17:15:00
R-151,Swimming Pool,2026-03-14 06:41:47,2026-03-14 11:00:00
R-173,Gym,2026-03-14 06:47:17,2026-03-15 18:45:00
R-191,Swimming Pool,2026-03-14 07:15:19,2026-03-14 17:15:00
R-176,Swimming Pool,2026-03-14 07:45:28,2026-03-14 11:00:00
R-148,Swimming Pool,2026-03-14 07:58:06,2026-03-14 14:00:00
R-140,Gym,2026-03-14 08:32:40,2026-03-14 15:00:00
R-125,Badminton Court,2026-03-14 08:57:25,2026-03-15 20:45:00
R-216,Badminton Court,2026-03-14 09:17:43,2026-03-14 15:15:00
R-205,Swimming Pool,2026-03-14 11:23:13,2026-03-14 16:30:00
R-115,Tennis Court,2026-03-14 12:04:27,2026-03-15 18:15:00
R-103,Tennis Court,2026-03-14 12:23:06,2026-03-15 07:30:00
R-211,Clubhouse,2026-03-14 12:23:24,2026-03-14 17:30:00
R-175,Tennis Court,2026-03-14 12:27:25,2026-03-16 07:30:00
R-212,Gym,2026-03-14 14:09:22,2026-03-15 08:00:00
R-180,Badminton Court,2026-03-14 14:13:44,2026-03-15 20:00:00
R-190,Tennis Court,2026-03-14 15:29:08,2026-03-15 13:15:00
R-163,Clubhouse,2026-03-14 15:57:05,2026-03-14 20:00:00
R-188,Swimming Pool,2026-03-14 15:59:20,2026-03-15 07:00:00
R-159,Clubhouse,2026-03-14 16:16:01,2026-03-15 19:00:00
R-183,Gym,2026-03-14 16:42:05,2026-03-15 19:00:00
R-132,Tennis Court,2026-03-14 16:48:36,2026-03-16 08:30:00
R-169,Tennis Court,2026-03-14 17:06:13,2026-03-15 11:15:00
R-100,Badminton Court,2026-03-14 17:54:54,2026-03-15 06:15:00
R-126,Badminton Court,2026-03-14 17:55:57,2026-03-15 08:45:00
R-123,Gym,2026-03-14 17:59:55,2026-03-15 06:15:00
R-215,Tennis Court,2026-03-14 18:03:43,2026-03-15 11:15:00
R-189,Tennis Court,2026-03-14 18:18:43,2026-03-15 07:15:00
R-214,Clubhouse,2026-03-14 18:19:47,2026-03-15 19:15:00
R-108,Badminton Court,2026-03-14 18:32:18,2026-03-15 08:30:00
R-137,Tennis Court,2026-03-14 19:02:33,2026-03-14 21:00:00
R-168,Gym,2026-03-14 19:14:19,2026-03-15 06:15:00
R-193,Clubhouse,2026-03-14 19:41:45,2026-03-15 18:00:00
R-164,Clubhouse,2026-03-14 20:20:22,2026-03-15 20:00:00
R-166,Gym,2026-03-14 20:21:19,2026-03-15 08:15:00
R-105,Tennis Court,2026-03-14 21:31:31,2026-03-15 20:30:00
R-202,Clubhouse,2026-03-14 22:21:28,2026-03-15 20:00:00
R-191,Clubhouse,2026-03-14 23:07:53,2026-03-15 12:30:00
R-124,Tennis Court,2026-03-14 23:18:22,2026-03-15 19:00:00
R-147,Gym,2026-03-14 23:42:09,2026-03-15 12:15:00
R-130,Badminton Court,2026-03-15 02:23:31,2026-03-17 21:15:00
R-209,Clubhouse,2026-03-15 02:24:51,2026-03-15 10:00:00
R-181,Swimming Pool,2026-03-15 02:25:50,2026-03-15 10:00:00
R-178,Swimming Pool,2026-03-15 03:10:04,2026-03-15 15:00:00
R-163,Clubhouse,2026-03-15 03:41:26,2026-03-15 11:00:00
R-149,Gym,2026-03-15 04:29:26,2026-03-15 10:15:00
R-174,Gym,2026-03-15 04:36:06,2026-03-15 20:00:00
R-196,Tennis Court,2026-03-15 05:06:48,2026-03-15 19:45:00
R-140,Swimming Pool,2026-03-15 05:45:27,2026-03-15 11:45:00
R-148,Swimming Pool,2026-03-15 05:45:34,2026-03-15 10:30:00
R-176,Swimming Pool,2026-03-15 06:44:07,2026-03-15 11:00:00
R-160,Swimming Pool,2026-03-15 07:50:04,2026-03-15 16:00:00
R-199,Swimming Pool,2026-03-15 07:50:44,2026-03-15 15:00:00
R-137,Swimming Pool,2026-03-15 08:06:02,2026-03-15 19:15:00
R-111,Gym,2026-03-15 08:12:15,2026-03-15 19:30:00
R-151,Gym,2026-03-15 08:12:32,2026-03-15 15:00:00
R-175,Gym,2026-03-15 09:02:14,2026-03-17 07:15:00
R-182,Swimming Pool,2026-03-15 09:05:48,2026-03-15 17:30:00
R-203,Badminton Court,2026-03-15 09:44:20,2026-03-16 19:15:00
R-185,Swimming Pool,2026-03-15 09:57:15,2026-03-15 17:15:00
R-157,Badminton Court,2026-03-15 11:13:24,2026-03-17 08:15:00
R-117,Gym,2026-03-15 11:18:26,2026-03-16 07:30:00
R-165,Swimming Pool,2026-03-15 11:26:21,2026-03-16 20:15:00
R-118,Gym,2026-03-15 11:27:20,2026-03-15 20:15:00
R-216,Swimming Pool,2026-03-15 12:04:47,2026-03-15 15:45:00
R-195,Badminton Court,2026-03-15 12:10:11,2026-03-16 19:30:00
R-172,Gym,2026-03-15 12:11:21,2026-03-15 20:30:00
R-218,Gym,2026-03-15 13:17:00,2026-03-16 07:15:00
R-206,Gym,2026-03-15 13:44:27,2026-03-16 07:00:00
R-174,Gym,2026-03-15 13:55:36,2026-03-16 06:00:00
R-194,Swimming Pool,2026-03-15 14:04:01,2026-03-15 21:30:00
R-132,Badminton Court,2026-03-15 14:06:10,2026-03-17 08:15:00
R-102,Gym,2026-03-15 14:07:56,2026-03-16 08:15:00
R-213,Clubhouse,2026-03-15 14:12:46,2026-03-16 11:00:00
R-173,Gym,2026-03-15 14:20:46,2026-03-16 18:45:00
R-170,Badminton Court,2026-03-15 14:21:39,2026-03-16 19:00:00
R-136,Badminton Court,2026-03-15 14:31:53,2026-03-16 19:15:00
R-198,Tennis Court,2026-03-15 14:50:03,2026-03-17 18:00:00
R-186,Badminton Court,2026-03-15 14:56:26,2026-03-16 07:00:00
R-101,Swimming Pool,2026-03-15 15:21:31,2026-03-16 07:30:00
R-118,Gym,2026-03-15 15:48:06,2026-03-16 06:30:00
R-107,Badminton Court,2026-03-15 16:19:11,2026-03-16 18:30:00
R-109,Gym,2026-03-15 16:24:01,2026-03-16 06:30:00
R-155,Gym,2026-03-15 16:56:37,2026-03-16 18:15:00
R-135,Gym,2026-03-15 17:11:45,2026-03-16 06:45:00
R-208,Swimming Pool,2026-03-15 17:16:08,2026-03-16 06:00:00
R-189,Gym,2026-03-15 17:37:48,2026-03-16 07:45:00
R-127,Tennis Court,2026-03-15 17:38:27,2026-03-16 07:30:00
R-156,Gym,2026-03-15 17:46:00,2026-03-16 06:15:00
R-116,Gym,2026-03-15 18:00:14,2026-03-16 07:15:00
R-142,Badminton Court,2026-03-15 18:02:43,2026-03-16 21:00:00
R-200,Badminton Court,2026-03-15 18:39:02,2026-03-16 10:45:00
R-183,Tennis Court,2026-03-15 18:41:45,2026-03-16 19:00:00
R-169,Swimming Pool,2026-03-15 18:45:35,2026-03-16 08:30:00
R-212,Gym,2026-03-15 19:15:23,2026-03-16 08:15:00
R-172,Badminton Court,2026-03-15 19:28:03,2026-03-16 07:30:00
R-167,Badminton Court,2026-03-15 19:32:36,2026-03-16 08:30:00
R-211,Swimming Pool,2026-03-15 19:55:41,2026-03-15 21:45:00
R-180,Tennis Court,2026-03-15 20:01:41,2026-03-16 19:45:00
R-158,Swimming Pool,2026-03-15 21:26:30,2026-03-16 08:30:00
R-168,Gym,2026-03-15 21:47:00,2026-03-16 06:00:00
R-194,Gym,2026-03-15 22:04:14,2026-03-16 11:00:00
R-105,Badminton Court,2026-03-15 22:09:07,2026-03-16 20:45:00
R-123,Gym,2026-03-15 22:20:40,2026-03-16 08:45:00
R-177,Tennis Court,2026-03-15 22:22:16,2026-03-17 17:15:00
R-119,Badminton Court,2026-03-15 23:27:59,2026-03-16 18:30:00
R-113,Gym,2026-03-15 23:33:41,2026-03-16 07:00:00
R-152,Clubhouse,2026-03-16 00:02:40,2026-03-16 07:30:00
R-145,Gym,2026-03-16 00:02:43,2026-03-16 07:00:00
R-217,Badminton Court,2026-03-16 00:04:11,2026-03-16 19:45:00
R-180,Tennis Court,2026-03-16 00:15:49,2026-03-17 19:00:00
R-125,Badminton Court,2026-03-16 00:23:22,2026-03-17 18:15:00
R-146,Swimming Pool,2026-03-16 00:54:35,2026-03-17 18:45:00
R-217,Badminton Court,2026-03-16 02:13:53,2026-03-17 20:00:00
R-125,Badminton Court,2026-03-16 03:08:05,2026-03-16 19:30:00
R-111,Gym,2026-03-16 03:38:42,2026-03-16 17:15:00
R-141,Tennis Court,2026-03-16 04:32:41,2026-03-16 19:00:00
R-207,Badminton Court,2026-03-16 05:14:33,2026-03-16 19:00:00
R-144,Gym,2026-03-16 05:20:17,2026-03-17 06:15:00
R-106,Tennis Court,2026-03-16 06:56:25,2026-03-17 19:15:00
R-143,Badminton Court,2026-03-16 07:21:18,2026-03-16 15:00:00
R-178,Gym,2026-03-16 07:27:27,2026-03-16 17:30:00
R-201,Badminton Court,2026-03-16 08:27:47,2026-03-16 18:15:00
R-153,Tennis Court,2026-03-16 08:30:05,2026-03-16 17:45:00
R-213,Badminton Court,2026-03-16 08:51:36,2026-03-17 18:15:00
R-117,Badminton Court,2026-03-16 09:11:34,2026-03-17 06:30:00
R-173,Gym,2026-03-16 09:11:56,2026-03-17 19:45:00
R-203,Tennis Court,2026-03-16 09:37:43,2026-03-17 12:30:00
R-124,Badminton Court,2026-03-16 09:52:56,2026-03-17 14:15:00
R-110,Swimming Pool,2026-03-16 10:17:07,2026-03-16 17:45:00
R-139,Swimming Pool,2026-03-16 10:26:48,2026-03-16 16:00:00
R-102,Badminton Court,2026-03-16 10:36:39,2026-03-17 07:15:00
R-201,Swimming Pool,2026-03-16 11:43:17,2026-03-17 07:00:00
R-191,Gym,2026-03-16 12:02:33,2026-03-16 19:00:00
R-168,Gym,2026-03-16 12:40:42,2026-03-17 07:30:00
R-147,Tennis Court,2026-03-16 13:00:44,2026-03-17 08:45:00
R-120,Badminton Court,2026-03-16 13:17:15,2026-03-17 20:45:00
R-100,Swimming Pool,2026-03-16 13:32:09,2026-03-16 19:45:00
R-208,Tennis Court,2026-03-16 14:00:01,2026-03-17 10:00:00
R-172,Swimming Pool,2026-03-16 14:21:43,2026-03-17 07:45:00
R-183,Tennis Court,2026-03-16 14:29:05,2026-03-17 18:30:00
R-152,Gym,2026-03-16 14:44:11,2026-03-17 07:00:00
R-167,Gym,2026-03-16 14:58:42,2026-03-17 06:00:00
R-119,Badminton Court,2026-03-16 15:07:53,2026-03-17 18:30:00
R-101,Gym,2026-03-16 15:33:57,2026-03-17 06:00:00
R-162,Clubhouse,2026-03-16 15:54:51,2026-03-17 07:15:00
R-195,Badminton Court,2026-03-16 15:57:57,2026-03-17 19:30:00
R-174,Clubhouse,2026-03-16 15:58:17,2026-03-17 07:30:00
R-207,Badminton Court,2026-03-16 16:13:08,2026-03-17 19:00:00
R-103,Swimming Pool,2026-03-16 16:41:26,2026-03-17 08:15:00
R-189,Tennis Court,2026-03-16 17:09:27,2026-03-17 07:45:00
R-198,Tennis Court,2026-03-16 17:10:34,2026-03-18 08:45:00
R-156,Clubhouse,2026-03-16 17:23:08,2026-03-17 08:30:00
R-123,Swimming Pool,2026-03-16 18:00:16,2026-03-17 08:30:00
R-212,Gym,2026-03-16 18:02:20,2026-03-17 07:45:00
R-131,Badminton Court,2026-03-16 18:08:39,2026-03-17 19:30:00
R-113,Gym,2026-03-16 18:14:27,2026-03-17 07:15:00
R-109,Gym,2026-03-16 18:30:22,2026-03-17 07:15:00
R-192,Gym,2026-03-16 18:46:27,2026-03-17 20:30:00
R-118,Badminton Court,2026-03-16 19:14:31,2026-03-17 07:45:00
R-129,Tennis Court,2026-03-16 19:47:17,2026-03-17 19:00:00
R-107,Swimming Pool,2026-03-16 21:15:12,2026-03-17 18:30:00
R-111,Badminton Court,2026-03-16 21:41:21,2026-03-17 11:45:00
R-158,Gym,2026-03-16 21:59:21,2026-03-17 08:30:00
R-170,Badminton Court,2026-03-16 22:32:39,2026-03-17 20:00:00
R-141,Badminton Court,2026-03-16 22:33:06,2026-03-17 18:45:00
R-178,Badminton Court,2026-03-16 22:36:11,2026-03-17 11:15:00
R-186,Badminton Court,2026-03-16 22:41:15,2026-03-17 08:15:00
R-116,Gym,2026-03-16 23:35:15,2026-03-17 06:30:00
R-145,Swimming Pool,2026-03-17 01:14:48,2026-03-17 10:45:00
R-177,Tennis Court,2026-03-17 01:35:36,2026-03-19 08:00:00
R-136,Badminton Court,2026-03-17 01:38:43,2026-03-18 20:15:00
R-105,Badminton Court,2026-03-17 01:44:23,2026-03-17 16:30:00
R-135,Swimming Pool,2026-03-17 02:01:36,2026-03-17 18:00:00
R-166,Gym,2026-03-17 02:33:28,2026-03-17 13:30:00
R-173,Badminton Court,2026-03-17 02:46:56,2026-03-18 18:30:00
R-188,Tennis Court,2026-03-17 02:59:56,2026-03-17 17:30:00
R-142,Badminton Court,2026-03-17 03:10:27,2026-03-17 19:00:00
R-149,Clubhouse,2026-03-17 03:21:25,2026-03-17 11:15:00
R-206,Badminton Court,2026-03-17 03:31:24,2026-03-17 20:00:00
R-198,Tennis Court,2026-03-17 04:22:02,2026-03-19 07:45:00
R-171,Badminton Court,2026-03-17 05:05:04,2026-03-17 10:45:00
R-170,Clubhouse,2026-03-17 05:43:55,2026-03-18 19:30:00
R-163,Gym,2026-03-17 05:46:55,2026-03-17 11:30:00
R-210,Swimming Pool,2026-03-17 05:49:01,2026-03-19 08:30:00
R-192,Badminton Court,2026-03-17 05:50:57,2026-03-18 20:00:00
R-182,Swimming Pool,2026-03-17 06:33:52,2026-03-17 10:45:00
R-108,Swimming Pool,2026-03-17 06:48:23,2026-03-17 19:45:00
R-110,Tennis Court,2026-03-17 07:37:15,2026-03-17 19:45:00
R-148,Swimming Pool,2026-03-17 07:37:54,2026-03-17 15:15:00
R-107,Badminton Court,2026-03-17 08:27:35,2026-03-18 18:30:00
R-105,Badminton Court,2026-03-17 09:14:32,2026-03-18 20:45:00
R-157,Tennis Court,2026-03-17 09:17:10,2026-03-19 17:00:00
R-168,Gym,2026-03-17 09:42:26,2026-03-18 08:00:00
R-207,Badminton Court,2026-03-17 10:54:01,2026-03-18 20:15:00
R-217,Badminton Court,2026-03-17 11:00:00,2026-03-18 18:15:00
R-143,Swimming Pool,2026-03-17 11:48:22,2026-03-17 17:30:00
R-131,Gym,2026-03-17 13:02:52,2026-03-18 20:30:00
R-195,Clubhouse,2026-03-17 13:06:25,2026-03-18 19:15:00
R-180,Badminton Court,2026-03-17 13:09:03,2026-03-18 20:45:00
R-138,Gym,2026-03-17 13:27:32,2026-03-19 07:15:00
R-115,Tennis Court,2026-03-17 13:40:51,2026-03-19 08:30:00
R-156,Gym,2026-03-17 14:01:24,2026-03-18 06:30:00
R-117,Gym,2026-03-17 14:02:11,2026-03-18 06:30:00
R-106,Badminton Court,2026-03-17 14:24:26,2026-03-18 18:15:00
R-141,Badminton Court,2026-03-17 14:32:51,2026-03-18 20:30:00
R-206,Badminton Court,2026-03-17 14:37:01,2026-03-18 08:15:00
R-102,Gym,2026-03-17 14:41:08,2026-03-18 08:30:00
R-145,Swimming Pool,2026-03-17 15:16:34,2026-03-18 07:30:00
R-152,Gym,2026-03-17 15:20:19,2026-03-18 07:00:00
R-219,Tennis Court,2026-03-17 15:23:46,2026-03-19 15:15:00
R-147,Swimming Pool,2026-03-17 16:39:42,2026-03-18 06:15:00
R-184,Swimming Pool,2026-03-17 16:46:35,2026-03-18 08:45:00
R-174,Gym,2026-03-17 16:52:40,2026-03-18 07:00:00
R-123,Swimming Pool,2026-03-17 16:58:09,2026-03-18 06:30:00
R-101,Badminton Court,2026-03-17 17:23:13,2026-03-18 07:15:00
R-213,Clubhouse,2026-03-17 17:30:14,2026-03-18 18:45:00
R-135,Gym,2026-03-17 17:34:35,2026-03-18 06:00:00
R-167,Gym,2026-03-17 18:39:27,2026-03-18 07:00:00
R-172,Gym,2026-03-17 18:52:25,2026-03-18 07:15:00
R-109,Badminton Court,2026-03-17 19:11:26,2026-03-18 07:00:00
R-189,Gym,2026-03-17 19:35:27,2026-03-18 06:15:00
R-113,Clubhouse,2026-03-17 20:10:26,2026-03-18 06:45:00
R-146,Tennis Court,2026-03-17 20:11:00,2026-03-19 14:30:00
R-119,Badminton Court,2026-03-17 20:52:57,2026-03-18 19:30:00
R-208,Swimming Pool,2026-03-17 21:00:01,2026-03-18 06:30:00
R-204,Swimming Pool,2026-03-17 21:00:32,2026-03-18 11:00:00
R-158,Badminton Court,2026-03-17 21:18:52,2026-03-18 06:30:00
R-144,Gym,2026-03-17 21:40:20,2026-03-18 08:15:00
R-118,Swimming Pool,2026-03-17 21:45:56,2026-03-18 07:45:00
R-116,Gym,2026-03-17 21:53:21,2026-03-18 07:15:00
R-125,Badminton Court,2026-03-17 22:00:51,2026-03-18 18:30:00
R-203,Badminton Court,2026-03-17 22:04:03,2026-03-18 20:45:00
R-130,Tennis Court,2026-03-17 22:08:49,2026-03-19 13:15:00
R-178,Swimming Pool,2026-03-17 22:28:52,2026-03-18 08:15:00
R-194,Tennis Court,2026-03-17 23:18:38,2026-03-18 07:30:00
R-212,Gym,2026-03-17 23:31:09,2026-03-18 11:45:00
R-175,Clubhouse,2026-03-17 23:54:08,2026-03-19 07:45:00
R-197,Badminton Court,2026-03-18 02:13:15,2026-03-19 20:30:00
R-142,Badminton Court,2026-03-18 02:30:40,2026-03-18 21:45:00
R-196,Badminton Court,2026-03-18 03:53:15,2026-03-19 20:00:00
R-128,Badminton Court,2026-03-18 04:18:03,2026-03-18 19:45:00
R-119,Badminton Court,2026-03-18 04:41:28,2026-03-19 18:15:00
R-218,Gym,2026-03-18 05:25:21,2026-03-18 19:15:00
R-136,Swimming Pool,2026-03-18 05:27:32,2026-03-19 19:30:00
R-198,Tennis Court,2026-03-18 07:02:36,2026-03-20 08:00:00
R-154,Tennis Court,2026-03-18 08:30:37,2026-03-19 08:30:00
R-214,Clubhouse,2026-03-18 09:02:45,2026-03-18 19:30:00
R-120,Tennis Court,2026-03-18 09:47:11,2026-03-19 19:30:00
R-203,Badminton Court,2026-03-18 10:18:57,2026-03-19 19:15:00
R-171,Clubhouse,2026-03-18 10:24:25,2026-03-18 16:00:00
R-217,Badminton Court,2026-03-18 11:18:23,2026-03-19 18:45:00
R-134,Swimming Pool,2026-03-18 11:20:16,2026-03-18 16:15:00
R-141,Badminton Court,2026-03-18 11:24:16,2026-03-19 19:00:00
R-125,Tennis Court,2026-03-18 11:32:52,2026-03-19 20:15:00
R-173,Badminton Court,2026-03-18 11:45:57,2026-03-19 12:30:00
R-113,Gym,2026-03-18 12:15:36,2026-03-19 06:45:00
R-183,Clubhouse,2026-03-18 13:13:51,2026-03-19 19:45:00
R-213,Tennis Court,2026-03-18 13:50:32,2026-03-19 18:00:00
R-101,Clubhouse,2026-03-18 14:29:47,2026-03-19 06:30:00
R-208,Gym,2026-03-18 15:04:16,2026-03-19 07:15:00
R-102,Gym,2026-03-18 15:06:37,2026-03-19 06:30:00
R-109,Badminton Court,2026-03-18 15:23:59,2026-03-19 06:30:00
R-118,Badminton Court,2026-03-18 15:24:54,2026-03-19 06:45:00
R-195,Gym,2026-03-18 15:25:02,2026-03-19 18:45:00
R-167,Gym,2026-03-18 15:34:19,2026-03-19 07:00:00
R-116,Gym,2026-03-18 15:50:44,2026-03-19 06:00:00
R-172,Gym,2026-03-18 15:52:07,2026-03-19 07:45:00
R-189,Gym,2026-03-18 16:04:31,2026-03-19 08:15:00
R-105,Tennis Court,2026-03-18 17:11:19,2026-03-19 19:00:00
R-107,Badminton Court,2026-03-18 18:42:45,2026-03-19 20:30:00
R-135,Tennis Court,2026-03-18 18:56:51,2026-03-19 06:15:00
R-206,Tennis Court,2026-03-18 19:00:39,2026-03-19 07:45:00
R-156,Tennis Court,2026-03-18 19:01:12,2026-03-19 16:45:00
R-147,Swimming Pool,2026-03-18 19:02:09,2026-03-19 08:45:00
R-144,Gym,2026-03-18 19:13:40,2026-03-19 07:30:00
R-123,Gym,2026-03-18 19:57:17,2026-03-19 06:15:00
R-106,Tennis Court,2026-03-18 20:04:18,2026-03-19 18:30:00
R-153,Badminton Court,2026-03-18 20:08:47,2026-03-19 08:45:00
R-158,Tennis Court,2026-03-18 20:33:13,2026-03-19 08:00:00
R-145,Gym,2026-03-18 21:18:02,2026-03-19 07:00:00
R-166,Swimming Pool,2026-03-18 22:02:51,2026-03-19 11:15:00
R-168,Swimming Pool,2026-03-18 22:04:38,2026-03-19 08:30:00
R-117,Gym,2026-03-18 22:40:30,2026-03-19 06:15:00
R-180,Badminton Court,2026-03-18 23:03:21,2026-03-19 20:00:00
R-146,Tennis Court,2026-03-18 23:47:53,2026-03-20 07:30:00
R-192,Tennis Court,2026-03-19 00:09:19,2026-03-19 19:30:00
R-194,Badminton Court,2026-03-19 01:25:36,2026-03-19 17:15:00
R-174,Gym,2026-03-19 02:08:22,2026-03-19 08:00:00
R-133,Clubhouse,2026-03-19 04:01:39,2026-03-19 15:30:00
R-204,Gym,2026-03-19 04:12:15,2026-03-19 17:15:00
R-157,Badminton Court,2026-03-19 04:21:50,2026-03-21 08:30:00
R-142,Badminton Court,2026-03-19 04:21:58,2026-03-19 20:00:00
R-161,Tennis Court,2026-03-19 04:25:21,2026-03-19 19:15:00
R-139,Swimming Pool,2026-03-19 04:52:18,2026-03-19 10:30:00
R-152,Gym,2026-03-19 05:12:38,2026-03-19 15:45:00
R-165,Swimming Pool,2026-03-19 05:38:53,2026-03-20 18:00:00
R-171,Tennis Court,2026-03-19 05:43:54,2026-03-19 10:30:00
R-177,Tennis Court,2026-03-19 05:53:24,2026-03-20 08:15:00
R-212,Badminton Court,2026-03-19 07:32:31,2026-03-19 16:15:00
R-143,Swimming Pool,2026-03-19 07:53:09,2026-03-19 11:45:00
R-192,Gym,2026-03-19 08:10:31,2026-03-20 20:30:00
R-218,Swimming Pool,2026-03-19 08:13:08,2026-03-19 17:00:00
R-187,Gym,2026-03-19 08:15:50,2026-03-19 19:00:00
R-169,Swimming Pool,2026-03-19 08:55:12,2026-03-19 17:45:00
R-202,Badminton Court,2026-03-19 09:01:05,2026-03-20 07:00:00
R-146,Tennis Court,2026-03-19 09:36:10,2026-03-21 07:45:00
R-127,Swimming Pool,2026-03-19 10:08:43,2026-03-19 17:00:00
R-114,Tennis Court,2026-03-19 10:19:32,2026-03-20 15:15:00
R-102,Tennis Court,2026-03-19 10:27:55,2026-03-20 06:15:00
R-142,Tennis Court,2026-03-19 10:56:07,2026-03-20 20:30:00
R-112,Swimming Pool,2026-03-19 11:06:08,2026-03-20 14:30:00
R-197,Tennis Court,2026-03-19 11:09:31,2026-03-21 08:15:00
R-177,Tennis Court,2026-03-19 11:12:10,2026-03-21 07:30:00
R-195,Badminton Court,2026-03-19 11:34:45,2026-03-20 20:15:00
R-123,Gym,2026-03-19 11:39:23,2026-03-20 08:45:00
R-131,Badminton Court,2026-03-19 11:53:52,2026-03-20 18:30:00
R-152,Gym,2026-03-19 12:02:22,2026-03-20 08:45:00
R-144,Gym,2026-03-19 13:16:40,2026-03-20 08:00:00
R-107,Badminton Court,2026-03-19 13:52:52,2026-03-20 19:00:00
R-216,Gym,2026-03-19 14:09:58,2026-03-19 16:45:00
R-172,Gym,2026-03-19 14:32:23,2026-03-20 06:15:00
R-118,Gym,2026-03-19 15:19:42,2026-03-20 08:45:00
R-135,Gym,2026-03-19 15:21:55,2026-03-20 07:30:00
R-117,Gym,2026-03-19 15:27:44,2026-03-20 06:00:00
R-119,Gym,2026-03-19 15:41:18,2026-03-20 19:00:00
R-106,Badminton Court,2026-03-19 15:47:16,2026-03-20 19:15:00
R-147,Gym,2026-03-19 15:48:09,2026-03-20 07:00:00
R-213,Tennis Court,2026-03-19 15:54:07,2026-03-20 19:00:00
R-116,Gym,2026-03-19 16:06:41,2026-03-20 08:15:00
R-120,Clubhouse,2026-03-19 16:18:07,2026-03-20 19:00:00
R-101,Gym,2026-03-19 16:21:24,2026-03-20 07:45:00
R-173,Badminton Court,2026-03-19 16:23:20,2026-03-20 20:45:00
R-111,Gym,2026-03-19 16:58:42,2026-03-20 07:45:00
R-141,Swimming Pool,2026-03-19 17:01:46,2026-03-20 20:45:00
R-113,Gym,2026-03-19 17:09:55,2026-03-20 08:00:00
R-210,Tennis Court,2026-03-19 17:17:41,2026-03-21 08:15:00
R-174,Gym,2026-03-19 17:21:22,2026-03-20 12:30:00
R-198,Tennis Court,2026-03-19 18:00:15,2026-03-21 18:00:00
R-206,Swimming Pool,2026-03-19 18:09:21,2026-03-20 08:45:00
R-145,Badminton Court,2026-03-19 18:12:30,2026-03-20 08:15:00
R-191,Gym,2026-03-19 18:28:56,2026-03-20 08:00:00
R-168,Swimming Pool,2026-03-19 18:32:13,2026-03-20 06:00:00
R-155,Tennis Court,2026-03-19 18:43:45,2026-03-20 20:30:00
R-207,Badminton Court,2026-03-19 19:32:18,2026-03-20 18:15:00
R-122,Clubhouse,2026-03-19 19:33:17,2026-03-20 18:30:00
R-167,Gym,2026-03-19 19:35:16,2026-03-20 07:45:00
R-130,Gym,2026-03-19 19:45:21,2026-03-21 07:00:00
R-158,Gym,2026-03-19 19:45:29,2026-03-20 08:30:00
R-100,Gym,2026-03-19 19:45:54,2026-03-20 07:30:00
R-189,Gym,2026-03-19 19:53:16,2026-03-20 07:45:00
R-109,Gym,2026-03-19 20:46:03,2026-03-20 06:30:00
R-188,Swimming Pool,2026-03-19 21:27:45,2026-03-20 07:15:00
R-125,Badminton Court,2026-03-19 22:00:02,2026-03-20 19:45:00
R-212,Gym,2026-03-19 22:11:02,2026-03-20 08:30:00
R-200,Badminton Court,2026-03-19 22:13:06,2026-03-20 07:45:00
R-208,Gym,2026-03-19 22:36:25,2026-03-20 12:15:00
R-103,Swimming Pool,2026-03-19 22:36:42,2026-03-20 08:00:00
R-170,Badminton Court,2026-03-19 23:01:07,2026-03-20 20:45:00
R-166,Gym,2026-03-20 00:10:15,2026-03-20 11:45:00
R-133,Gym,2026-03-20 01:54:26,2026-03-20 19:45:00
R-214,Swimming Pool,2026-03-20 02:17:43,2026-03-20 19:45:00
R-138,Gym,2026-03-20 02:55:03,2026-03-22 07:45:00
R-146,Tennis Court,2026-03-20 04:04:02,2026-03-22 07:00:00
R-170,Badminton Court,2026-03-20 04:26:20,2026-03-21 19:15:00
R-125,Badminton Court,2026-03-20 05:44:27,2026-03-21 07:00:00
R-219,Tennis Court,2026-03-20 05:50:33,2026-03-21 18:15:00
R-130,Tennis Court,2026-03-20 06:45:25,2026-03-22 07:15:00
R-156,Badminton Court,2026-03-20 07:05:22,2026-03-20 15:45:00
R-203,Badminton Court,2026-03-20 07:10:54,2026-03-21 19:00:00
R-184,Swimming Pool,2026-03-20 07:11:36,2026-03-20 17:15:00
R-115,Tennis Court,2026-03-20 07:28:49,2026-03-21 17:00:00
R-134,Swimming Pool,2026-03-20 07:55:48,2026-03-20 10:45:00
R-128,Gym,2026-03-20 09:15:00,2026-03-20 17:30:00
R-187,Swimming Pool,2026-03-20 10:53:24,2026-03-20 19:15:00
R-114,Clubhouse,2026-03-20 12:14:38,2026-03-21 08:00:00
R-171,Swimming Pool,2026-03-20 13:01:09,2026-03-20 18:15:00
R-209,Tennis Court,2026-03-20 13:06:34,2026-03-20 16:45:00
R-150,Gym,2026-03-20 13:23:07,2026-03-21 14:45:00
R-198,Tennis Court,2026-03-20 14:22:12,2026-03-22 08:30:00
R-184,Swimming Pool,2026-03-20 15:21:29,2026-03-21 07:15:00
R-159,Tennis Court,2026-03-20 15:58:41,2026-03-21 15:30:00
R-210,Tennis Court,2026-03-20 16:04:33,2026-03-22 18:45:00
R-174,Gym,2026-03-20 16:23:54,2026-03-21 06:45:00
R-208,Gym,2026-03-20 16:34:47,2026-03-21 07:45:00
R-172,Gym,2026-03-20 16:37:22,2026-03-21 07:00:00
R-202,Clubhouse,2026-03-20 17:06:50,2026-03-21 10:15:00
R-127,Badminton Court,2026-03-20 19:00:53,2026-03-21 11:30:00
R-206,Clubhouse,2026-03-20 19:08:17,2026-03-21 06:45:00
R-103,Badminton Court,2026-03-20 19:19:58,2026-03-21 08:15:00
R-175,Tennis Court,2026-03-20 19:45:03,2026-03-22 17:15:00
R-113,Gym,2026-03-20 19:48:50,2026-03-21 08:30:00
R-137,Gym,2026-03-20 20:10:25,2026-03-21 08:30:00
R-177,Tennis Court,2026-03-20 21:14:51,2026-03-22 07:45:00
R-201,Gym,2026-03-20 21:51:51,2026-03-21 11:45:00
R-189,Badminton Court,2026-03-20 22:37:58,2026-03-21 08:30:00
R-144,Badminton Court,2026-03-20 22:45:16,2026-03-21 08:45:00
R-214,Swimming Pool,2026-03-20 23:36:20,2026-03-21 15:45:00
R-145,Badminton Court,2026-03-20 23:52:18,2026-03-21 08:15:00
R-175,Gym,2026-03-20 23:58:54,2026-03-23 18:15:00
R-186,Tennis Court,2026-03-21 00:31:59,2026-03-21 08:00:00
R-188,Clubhouse,2026-03-21 02:09:31,2026-03-21 08:00:00
R-171,Swimming Pool,2026-03-21 03:05:39,2026-03-21 10:00:00
R-193,Clubhouse,2026-03-21 03:06:48,2026-03-21 15:30:00
R-133,Swimming Pool,2026-03-21 03:16:44,2026-03-21 18:45:00
R-157,Tennis Court,2026-03-21 04:32:23,2026-03-23 07:30:00
R-155,Gym,2026-03-21 04:46:01,2026-03-21 20:30:00
R-126,Badminton Court,2026-03-21 05:15:41,2026-03-21 17:45:00
R-211,Swimming Pool,2026-03-21 05:34:18,2026-03-21 11:15:00
R-204,Gym,2026-03-21 05:39:08,2026-03-21 11:30:00
R-185,Swimming Pool,2026-03-21 06:03:43,2026-03-21 10:45:00
R-157,Tennis Court,2026-03-21 07:39:40,2026-03-22 18:00:00
R-139,Swimming Pool,2026-03-21 08:03:29,2026-03-21 11:45:00
R-176,Gym,2026-03-21 08:36:05,2026-03-21 11:30:00
R-169,Swimming Pool,2026-03-21 09:37:15,2026-03-21 19:00:00
R-192,Badminton Court,2026-03-21 10:44:14,2026-03-22 14:45:00
R-143,Clubhouse,2026-03-21 10:57:04,2026-03-21 17:45:00
R-104,Swimming Pool,2026-03-21 11:35:48,2026-03-21 16:30:00
R-213,Badminton Court,2026-03-21 15:12:27,2026-03-21 18:00:00
R-167,Swimming Pool,2026-03-21 15:17:13,2026-03-22 07:45:00
R-100,Tennis Court,2026-03-21 15:21:24,2026-03-22 08:45:00
R-208,Gym,2026-03-21 15:36:58,2026-03-22 08:00:00
R-152,Gym,2026-03-21 17:56:02,2026-03-22 07:15:00
R-187,Badminton Court,2026-03-21 18:22:55,2026-03-22 07:30:00
R-203,Badminton Court,2026-03-21 18:28:49,2026-03-23 18:15:00
R-127,Badminton Court,2026-03-21 18:31:15,2026-03-22 07:45:00
R-172,Gym,2026-03-21 19:06:56,2026-03-22 08:15:00
R-200,Badminton Court,2026-03-21 20:21:41,2026-03-22 08:45:00
R-132,Tennis Court,2026-03-21 20:31:00,2026-03-23 08:45:00
R-190,Clubhouse,2026-03-21 20:31:14,2026-03-22 14:30:00
R-124,Swimming Pool,2026-03-21 21:53:25,2026-03-22 15:15:00
R-155,Swimming Pool,2026-03-21 22:01:06,2026-03-22 20:45:00
R-128,Swimming Pool,2026-03-21 22:02:27,2026-03-22 08:15:00
R-188,Badminton Court,2026-03-21 22:45:01,2026-03-22 11:15:00
R-214,Clubhouse,2026-03-21 23:33:54,2026-03-22 20:00:00
R-193,Badminton Court,2026-03-21 23:43:23,2026-03-22 18:00:00
R-112,Clubhouse,2026-03-22 00:04:54,2026-03-22 18:30:00
R-170,Tennis Court,2026-03-22 00:34:55,2026-03-22 19:15:00
R-178,Gym,2026-03-22 01:27:53,2026-03-22 17:00:00
R-183,Badminton Court,2026-03-22 02:49:26,2026-03-22 20:00:00
R-168,Gym,2026-03-22 03:05:07,2026-03-22 18:15:00
R-114,Swimming Pool,2026-03-22 03:18:14,2026-03-22 20:30:00
R-151,Tennis Court,2026-03-22 03:45:29,2026-03-22 11:15:00
R-107,Badminton Court,2026-03-22 04:13:36,2026-03-23 19:00:00
R-138,Tennis Court,2026-03-22 04:56:25,2026-03-24 07:00:00
R-143,Gym,2026-03-22 05:04:57,2026-03-22 11:45:00
R-141,Gym,2026-03-22 05:33:26,2026-03-23 19:30:00
R-134,Badminton Court,2026-03-22 07:33:59,2026-03-22 15:45:00
R-181,Swimming Pool,2026-03-22 07:35:33,2026-03-22 15:45:00
R-201,Swimming Pool,2026-03-22 08:02:23,2026-03-22 19:00:00
R-196,Badminton Court,2026-03-22 08:19:41,2026-03-23 18:00:00
R-119,Badminton Court,2026-03-22 08:29:19,2026-03-23 20:00:00
R-185,Swimming Pool,2026-03-22 08:30:49,2026-03-22 16:30:00
R-212,Clubhouse,2026-03-22 09:30:20,2026-03-22 20:00:00
R-125,Badminton Court,2026-03-22 09:40:52,2026-03-23 18:30:00
R-195,Badminton Court,2026-03-22 09:43:43,2026-03-23 19:45:00
R-199,Swimming Pool,2026-03-22 09:52:10,2026-03-22 17:00:00
R-177,Tennis Court,2026-03-22 10:53:02,2026-03-24 17:00:00
R-165,Swimming Pool,2026-03-22 11:02:47,2026-03-23 13:30:00
R-102,Gym,2026-03-22 11:32:01,2026-03-23 07:15:00
R-179,Swimming Pool,2026-03-22 11:45:29,2026-03-22 17:30:00
R-205,Badminton Court,2026-03-22 12:10:20,2026-03-22 17:45:00
R-140,Gym,2026-03-22 12:21:48,2026-03-22 16:15:00
R-117,Badminton Court,2026-03-22 12:31:15,2026-03-23 06:45:00
R-145,Tennis Court,2026-03-22 12:37:31,2026-03-23 06:00:00
R-120,Badminton Court,2026-03-22 13:13:10,2026-03-23 18:45:00
R-148,Badminton Court,2026-03-22 13:14:07,2026-03-22 18:15:00
R-158,Gym,2026-03-22 13:22:52,2026-03-23 06:45:00
R-180,Badminton Court,2026-03-22 13:43:42,2026-03-23 20:15:00
R-207,Badminton Court,2026-03-22 13:55:09,2026-03-23 20:00:00
R-147,Gym,2026-03-22 13:58:33,2026-03-23 06:30:00
R-174,Gym,2026-03-22 13:59:14,2026-03-23 06:15:00
R-131,Badminton Court,2026-03-22 13:59:14,2026-03-23 18:15:00
R-109,Gym,2026-03-22 14:07:36,2026-03-23 07:00:00
R-175,Tennis Court,2026-03-22 14:24:18,2026-03-24 13:45:00
R-156,Gym,2026-03-22 14:39:12,2026-03-23 06:45:00
R-213,Gym,2026-03-22 14:52:20,2026-03-23 18:15:00
R-101,Gym,2026-03-22 14:57:38,2026-03-23 07:45:00
R-201,Swimming Pool,2026-03-22 15:02:32,2026-03-23 08:45:00
R-105,Badminton Court,2026-03-22 15:11:54,2026-03-23 19:00:00
R-157,Tennis Court,2026-03-22 15:26:29,2026-03-24 08:30:00
R-193,Swimming Pool,2026-03-22 15:27:49,2026-03-23 08:15:00
R-167,Badminton Court,2026-03-22 15:52:59,2026-03-23 08:45:00
R-135,Gym,2026-03-22 15:55:03,2026-03-23 07:30:00
R-217,Badminton Court,2026-03-22 16:04:15,2026-03-23 15:15:00
R-189,Gym,2026-03-22 16:05:38,2026-03-23 08:00:00
R-116,Gym,2026-03-22 16:31:53,2026-03-23 07:45:00
R-168,Gym,2026-03-22 17:35:56,2026-03-23 08:00:00
R-197,Badminton Court,2026-03-22 18:19:05,2026-03-24 07:15:00
R-126,Tennis Court,2026-03-22 18:29:30,2026-03-23 08:45:00
R-173,Tennis Court,2026-03-22 18:29:55,2026-03-23 19:00:00
R-108,Badminton Court,2026-03-22 18:52:34,2026-03-23 07:30:00
R-113,Badminton Court,2026-03-22 19:43:43,2026-03-23 07:30:00
R-152,Swimming Pool,2026-03-22 21:23:14,2026-03-23 08:15:00
R-142,Badminton Court,2026-03-22 21:30:22,2026-03-23 19:45:00
R-170,Badminton Court,2026-03-22 22:44:57,2026-03-23 19:45:00
R-118,Gym,2026-03-22 22:53:37,2026-03-23 06:45:00
R-172,Gym,2026-03-22 23:37:59,2026-03-23 07:45:00
R-218,Swimming Pool,2026-03-22 23:44:50,2026-03-23 07:30:00
R-136,Gym,2026-03-22 23:45:55,2026-03-23 18:30:00
R-210,Tennis Court,2026-03-22 23:52:21,2026-03-24 07:30:00
R-192,Badminton Court,2026-03-22 23:54:49,2026-03-23 18:00:00
R-200,Gym,2026-03-23 00:25:10,2026-03-23 17:00:00
R-144,Gym,2026-03-23 00:39:19,2026-03-23 07:45:00
R-106,Badminton Court,2026-03-23 00:57:00,2026-03-23 19:00:00
R-103,Swimming Pool,2026-03-23 01:20:57,2026-03-23 17:15:00
R-171,Clubhouse,2026-03-23 01:27:34,2026-03-23 10:45:00
R-130,Badminton Court,2026-03-23 01:53:01,2026-03-24 17:00:00
R-187,Swimming Pool,2026-03-23 02:03:55,2026-03-23 11:30:00
R-110,Tennis Court,2026-03-23 02:14:04,2026-03-23 11:30:00
R-133,Clubhouse,2026-03-23 03:25:37,2026-03-23 19:15:00
R-182,Clubhouse,2026-03-23 03:41:16,2026-03-23 10:30:00
R-115,Tennis Court,2026-03-23 03:49:16,2026-03-24 07:45:00
R-219,Badminton Court,2026-03-23 04:17:36,2026-03-24 17:00:00
R-204,Tennis Court,2026-03-23 04:33:45,2026-03-23 15:30:00
R-105,Badminton Court,2026-03-23 04:35:33,2026-03-24 13:00:00
R-148,Clubhouse,2026-03-23 04:46:14,2026-03-23 11:15:00
R-106,Gym,2026-03-23 05:57:11,2026-03-24 08:30:00
R-195,Badminton Court,2026-03-23 06:18:27,2026-03-24 20:45:00
R-107,Badminton Court,2026-03-23 07:15:02,2026-03-24 20:30:00
R-161,Gym,2026-03-23 07:25:35,2026-03-23 19:15:00
R-132,Gym,2026-03-23 07:44:08,2026-03-24 18:30:00
R-178,Swimming Pool,2026-03-23 08:13:47,2026-03-23 19:15:00
R-160,Clubhouse,2026-03-23 08:30:05,2026-03-23 16:15:00
R-141,Badminton Court,2026-03-23 08:48:10,2026-03-24 18:00:00
R-186,Gym,2026-03-23 09:30:06,2026-03-23 18:30:00
R-176,Swimming Pool,2026-03-23 10:43:33,2026-03-23 15:45:00
R-125,Tennis Court,2026-03-23 11:32:47,2026-03-24 19:30:00
R-104,Tennis Court,2026-03-23 11:51:08,2026-03-23 15:45:00
R-151,Tennis Court,2026-03-23 11:52:06,2026-03-23 17:00:00
R-123,Gym,2026-03-23 11:55:59,2026-03-23 19:15:00
R-211,Swimming Pool,2026-03-23 12:11:50,2026-03-23 17:30:00
R-174,Badminton Court,2026-03-23 12:42:33,2026-03-24 08:30:00
R-207,Badminton Court,2026-03-23 12:42:56,2026-03-24 18:00:00
R-156,Swimming Pool,2026-03-23 13:48:56,2026-03-24 07:00:00
R-136,Swimming Pool,2026-03-23 13:53:41,2026-03-24 20:00:00
R-109,Swimming Pool,2026-03-23 14:05:36,2026-03-24 08:45:00
R-101,Gym,2026-03-23 14:11:47,2026-03-24 08:45:00
R-152,Gym,2026-03-23 14:25:08,2026-03-24 06:30:00
R-117,Gym,2026-03-23 14:38:20,2026-03-24 06:00:00
R-144,Badminton Court,2026-03-23 14:39:41,2026-03-24 06:30:00
R-189,Gym,2026-03-23 14:51:55,2026-03-24 06:00:00
R-173,Badminton Court,2026-03-23 15:05:08,2026-03-24 19:15:00
R-188,Swimming Pool,2026-03-23 15:48:00,2026-03-23 19:15:00
R-135,Tennis Court,2026-03-23 15:51:47,2026-03-24 07:30:00
R-120,Tennis Court,2026-03-23 15:54:03,2026-03-24 20:30:00
R-113,Gym,2026-03-23 16:55:19,2026-03-24 06:30:00
R-123,Swimming Pool,2026-03-23 17:04:38,2026-03-24 08:15:00
R-208,Badminton Court,2026-03-23 17:05:35,2026-03-24 07:15:00
R-116,Gym,2026-03-23 17:41:59,2026-03-24 06:00:00
R-147,Tennis Court,2026-03-23 17:50:42,2026-03-24 06:30:00
R-215,Swimming Pool,2026-03-23 18:04:51,2026-03-24 08:15:00
R-172,Gym,2026-03-23 18:13:30,2026-03-24 06:45:00
R-188,Gym,2026-03-23 18:49:12,2026-03-24 07:00:00
R-170,Badminton Court,2026-03-23 18:50:39,2026-03-24 19:00:00
R-204,Tennis Court,2026-03-23 19:29:01,2026-03-24 11:30:00
R-168,Gym,2026-03-23 19:29:16,2026-03-24 06:30:00
R-131,Badminton Court,2026-03-23 19:57:01,2026-03-24 20:45:00
R-194,Badminton Court,2026-03-23 20:00:35,2026-03-24 08:00:00
R-192,Badminton Court,2026-03-23 20:06:12,2026-03-24 20:30:00
R-167,Gym,2026-03-23 20:11:32,2026-03-24 06:15:00
R-122,Clubhouse,2026-03-23 20:53:30,2026-03-24 15:30:00
R-127,Swimming Pool,2026-03-23 21:15:49,2026-03-24 08:15:00
R-180,Badminton Court,2026-03-23 21:19:32,2026-03-24 20:45:00
R-217,Badminton Court,2026-03-23 21:45:08,2026-03-24 19:15:00
R-203,Badminton Court,2026-03-23 21:56:34,2026-03-24 18:30:00
R-118,Gym,2026-03-23 22:51:30,2026-03-24 08:45:00
R-102,Gym,2026-03-23 23:07:49,2026-03-24 06:30:00
R-128,Gym,2026-03-23 23:14:35,2026-03-24 11:15:00
R-206,Swimming Pool,2026-03-24 00:39:39,2026-03-24 08:30:00
R-145,Gym,2026-03-24 00:51:44,2026-03-24 08:45:00
R-177,Tennis Court,2026-03-24 01:07:28,2026-03-25 17:00:00
R-149,Tennis Court,2026-03-24 06:00:06,2026-03-24 10:00:00
R-179,Clubhouse,2026-03-24 06:17:26,2026-03-24 11:00:00
R-201,Gym,2026-03-24 06:27:21,2026-03-24 17:15:00
R-107,Badminton Court,2026-03-24 06:28:36,2026-03-25 12:45:00
R-142,Tennis Court,2026-03-24 08:17:00,2026-03-25 19:30:00
R-157,Tennis Court,2026-03-24 08:36:12,2026-03-26 07:00:00
R-183,Badminton Court,2026-03-24 08:49:39,2026-03-25 19:30:00
R-117,Gym,2026-03-24 09:00:55,2026-03-25 06:45:00
R-166,Tennis Court,2026-03-24 09:02:09,2026-03-24 17:30:00
R-140,Gym,2026-03-24 09:18:04,2026-03-24 15:45:00
R-148,Swimming Pool,2026-03-24 09:45:09,2026-03-24 15:00:00
R-174,Badminton Court,2026-03-24 10:51:39,2026-03-25 08:45:00
R-172,Gym,2026-03-24 11:18:04,2026-03-25 08:15:00
R-195,Badminton Court,2026-03-24 12:33:06,2026-03-25 07:30:00
R-156,Gym,2026-03-24 12:34:39,2026-03-25 06:00:00
R-153,Gym,2026-03-24 13:23:13,2026-03-25 07:45:00
R-196,Badminton Court,2026-03-24 13:54:46,2026-03-25 18:30:00
R-160,Swimming Pool,2026-03-24 14:17:56,2026-03-24 16:15:00
R-198,Tennis Court,2026-03-24 14:31:58,2026-03-26 17:45:00
R-105,Badminton Court,2026-03-24 14:34:58,2026-03-25 20:15:00
R-109,Gym,2026-03-24 14:58:04,2026-03-25 07:00:00
R-103,Gym,2026-03-24 15:04:55,2026-03-25 08:45:00
R-217,Badminton Court,2026-03-24 15:28:08,2026-03-25 20:45:00
R-173,Badminton Court,2026-03-24 15:35:11,2026-03-25 19:00:00
R-141,Badminton Court,2026-03-24 16:11:23,2026-03-25 18:00:00
R-206,Gym,2026-03-24 16:13:23,2026-03-25 06:30:00
R-113,Gym,2026-03-24 16:35:06,2026-03-25 06:30:00
R-170,Badminton Court,2026-03-24 16:47:10,2026-03-25 18:30:00
R-146,Swimming Pool,2026-03-24 16:53:45,2026-03-26 07:00:00
R-180,Badminton Court,2026-03-24 17:01:57,2026-03-25 19:45:00
R-203,Badminton Court,2026-03-24 17:18:01,2026-03-26 18:15:00
R-123,Gym,2026-03-24 17:36:56,2026-03-25 07:30:00
R-144,Gym,2026-03-24 17:38:50,2026-03-25 07:15:00
R-213,Clubhouse,2026-03-24 17:46:01,2026-03-25 19:45:00
R-101,Gym,2026-03-24 18:00:18,2026-03-25 07:45:00
R-167,Gym,2026-03-24 18:17:25,2026-03-25 08:30:00
R-145,Swimming Pool,2026-03-24 18:26:43,2026-03-25 08:15:00
R-203,Badminton Court,2026-03-24 18:27:57,2026-03-25 19:30:00
R-152,Gym,2026-03-24 18:32:41,2026-03-25 07:00:00
R-169,Badminton Court,2026-03-24 18:59:38,2026-03-25 11:30:00
R-111,Tennis Court,2026-03-24 19:52:20,2026-03-25 11:30:00
R-131,Tennis Court,2026-03-24 20:01:31,2026-03-25 20:30:00
R-106,Gym,2026-03-24 20:08:07,2026-03-25 18:15:00
R-168,Gym,2026-03-24 20:12:07,2026-03-25 08:45:00
R-119,Badminton Court,2026-03-24 21:20:45,2026-03-25 19:30:00
R-159,Clubhouse,2026-03-24 23:30:12,2026-03-25 14:45:00
R-166,Swimming Pool,2026-03-24 23:40:32,2026-03-25 08:15:00
R-147,Swimming Pool,2026-03-24 23:47:41,2026-03-25 08:45:00
R-130,Gym,2026-03-25 00:02:50,2026-03-26 16:30:00
R-132,Gym,2026-03-25 00:12:27,2026-03-26 18:15:00
R-204,Tennis Court,2026-03-25 00:58:02,2026-03-25 11:30:00
R-189,Gym,2026-03-25 00:59:17,2026-03-25 17:45:00
R-158,Gym,2026-03-25 01:05:31,2026-03-25 08:45:00
R-116,Gym,2026-03-25 02:13:33,2026-03-25 13:45:00
R-118,Gym,2026-03-25 02:36:19,2026-03-25 17:45:00
R-131,Badminton Court,2026-03-25 03:41:05,2026-03-26 15:15:00
R-217,Badminton Court,2026-03-25 05:03:06,2026-03-26 19:45:00
R-137,Tennis Court,2026-03-25 05:17:18,2026-03-25 19:00:00
R-136,Tennis Court,2026-03-25 06:25:45,2026-03-26 19:00:00
R-175,Tennis Court,2026-03-25 06:36:55,2026-03-26 18:00:00
R-134,Swimming Pool,2026-03-25 07:19:59,2026-03-25 15:15:00
R-177,Tennis Court,2026-03-25 07:27:31,2026-03-26 17:45:00
R-210,Swimming Pool,2026-03-25 08:29:01,2026-03-26 18:15:00
R-105,Clubhouse,2026-03-25 08:46:12,2026-03-26 19:15:00
R-145,Clubhouse,2026-03-25 09:07:06,2026-03-26 07:15:00
R-132,Badminton Court,2026-03-25 09:35:54,2026-03-27 06:45:00
R-125,Badminton Court,2026-03-25 09:37:37,2026-03-26 18:15:00
R-218,Clubhouse,2026-03-25 09:58:28,2026-03-25 19:00:00
R-183,Badminton Court,2026-03-25 10:09:13,2026-03-26 16:00:00
R-197,Badminton Court,2026-03-25 10:29:03,2026-03-27 07:45:00
R-172,Gym,2026-03-25 11:05:09,2026-03-26 07:30:00
R-102,Gym,2026-03-25 13:30:54,2026-03-26 07:00:00
R-135,Gym,2026-03-25 13:43:37,2026-03-26 07:45:00
R-117,Badminton Court,2026-03-25 13:45:59,2026-03-26 07:45:00
R-170,Badminton Court,2026-03-25 13:46:53,2026-03-26 19:45:00
R-159,Tennis Court,2026-03-25 14:06:17,2026-03-26 14:30:00
R-174,Gym,2026-03-25 14:53:08,2026-03-26 07:00:00
R-118,Gym,2026-03-25 15:00:52,2026-03-26 06:15:00
R-168,Clubhouse,2026-03-25 15:42:08,2026-03-26 07:45:00
R-114,Clubhouse,2026-03-25 16:19:08,2026-03-26 18:00:00
R-206,Swimming Pool,2026-03-25 16:23:51,2026-03-26 06:00:00
R-157,Tennis Court,2026-03-25 16:28:22,2026-03-27 18:45:00
R-106,Badminton Court,2026-03-25 16:30:34,2026-03-26 20:45:00
R-107,Badminton Court,2026-03-25 16:32:14,2026-03-26 18:00:00
R-180,Badminton Court,2026-03-25 16:40:34,2026-03-26 20:30:00
R-208,Gym,2026-03-25 16:49:52,2026-03-26 07:45:00
R-196,Badminton Court,2026-03-25 16:59:31,2026-03-26 20:00:00
R-213,Tennis Court,2026-03-25 17:03:21,2026-03-26 18:00:00
R-113,Gym,2026-03-25 17:47:21,2026-03-26 07:30:00
R-156,Gym,2026-03-25 18:12:47,2026-03-26 08:15:00
R-158,Badminton Court,2026-03-25 18:47:56,2026-03-26 08:45:00
R-109,Swimming Pool,2026-03-25 19:09:51,2026-03-26 07:00:00
R-152,Gym,2026-03-25 19:18:32,2026-03-26 08:45:00
R-123,Clubhouse,2026-03-25 19:37:04,2026-03-26 06:30:00
R-153,Gym,2026-03-25 19:41:48,2026-03-26 07:00:00
R-178,Gym,2026-03-25 19:44:47,2026-03-26 11:00:00
R-191,Clubhouse,2026-03-25 20:12:13,2026-03-26 08:45:00
R-116,Gym,2026-03-25 20:26:26,2026-03-26 08:00:00
R-161,Clubhouse,2026-03-25 20:50:22,2026-03-26 06:00:00
R-137,Tennis Court,2026-03-25 20:51:38,2026-03-26 08:45:00
R-147,Badminton Court,2026-03-25 21:07:18,2026-03-26 07:45:00
R-173,Badminton Court,2026-03-25 21:16:15,2026-03-27 19:30:00
R-142,Badminton Court,2026-03-25 21:37:28,2026-03-26 19:15:00
R-157,Tennis Court,2026-03-25 21:48:27,2026-03-28 07:45:00
R-192,Swimming Pool,2026-03-25 22:00:06,2026-03-26 18:45:00
R-189,Gym,2026-03-25 22:19:10,2026-03-26 07:00:00
R-120,Badminton Court,2026-03-25 22:30:03,2026-03-26 18:30:00
R-101,Swimming Pool,2026-03-25 22:30:38,2026-03-26 07:15:00
R-212,Badminton Court,2026-03-25 23:41:08,2026-03-26 17:45:00
R-173,Badminton Court,2026-03-25 23:51:34,2026-03-26 21:30:00
R-110,Badminton Court,2026-03-26 01:23:04,2026-03-26 11:00:00
R-164,Badminton Court,2026-03-26 02:06:54,2026-03-26 20:45:00
R-215,Swimming Pool,2026-03-26 02:41:58,2026-03-26 19:30:00
R-119,Badminton Court,2026-03-26 03:50:01,2026-03-26 19:45:00
R-103,Gym,2026-03-26 04:00:24,2026-03-26 19:30:00
R-141,Badminton Court,2026-03-26 05:55:10,2026-03-26 18:45:00
R-151,Swimming Pool,2026-03-26 06:04:59,2026-03-26 10:45:00
R-186,Gym,2026-03-26 06:40:35,2026-03-26 17:00:00
R-187,Tennis Court,2026-03-26 08:30:47,2026-03-26 19:00:00
R-214,Clubhouse,2026-03-26 08:47:23,2026-03-27 14:00:00
R-147,Tennis Court,2026-03-26 08:50:59,2026-03-27 06:30:00
R-169,Badminton Court,2026-03-26 09:48:20,2026-03-27 08:00:00
R-204,Badminton Court,2026-03-26 10:00:34,2026-03-26 19:45:00
R-150,Clubhouse,2026-03-26 10:09:37,2026-03-26 20:30:00
R-106,Badminton Court,2026-03-26 10:13:25,2026-03-27 19:00:00
R-142,Badminton Court,2026-03-26 10:26:15,2026-03-27 18:15:00
R-192,Badminton Court,2026-03-26 11:00:45,2026-03-27 20:15:00
R-140,Swimming Pool,2026-03-26 11:52:35,2026-03-26 17:00:00
R-201,Clubhouse,2026-03-26 12:33:15,2026-03-26 19:15:00
R-196,Badminton Court,2026-03-26 12:38:25,2026-03-27 20:45:00
R-125,Swimming Pool,2026-03-26 12:55:53,2026-03-27 19:45:00
R-109,Gym,2026-03-26 12:56:13,2026-03-27 06:15:00
R-156,Gym,2026-03-26 13:03:13,2026-03-27 06:45:00
R-119,Badminton Court,2026-03-26 13:26:32,2026-03-27 18:00:00
R-106,Badminton Court,2026-03-26 14:05:33,2026-03-28 07:00:00
R-118,Gym,2026-03-26 14:16:38,2026-03-27 12:00:00
R-189,Gym,2026-03-26 14:22:29,2026-03-27 08:00:00
R-117,Gym,2026-03-26 14:30:22,2026-03-27 08:00:00
R-212,Gym,2026-03-26 14:39:19,2026-03-27 08:15:00
R-101,Clubhouse,2026-03-26 15:12:35,2026-03-27 06:15:00
R-144,Gym,2026-03-26 15:40:37,2026-03-27 07:15:00
R-183,Badminton Court,2026-03-26 15:52:42,2026-03-27 19:45:00
R-159,Clubhouse,2026-03-26 16:04:02,2026-03-27 19:45:00
R-168,Gym,2026-03-26 16:14:34,2026-03-27 08:45:00
R-136,Badminton Court,2026-03-26 16:34:41,2026-03-27 19:30:00
R-135,Badminton Court,2026-03-26 16:45:24,2026-03-27 06:15:00
R-102,Gym,2026-03-26 16:48:40,2026-03-27 07:00:00
R-175,Clubhouse,2026-03-26 17:18:06,2026-03-28 07:45:00
R-167,Gym,2026-03-26 17:41:31,2026-03-27 06:45:00
R-116,Clubhouse,2026-03-26 17:52:22,2026-03-27 08:15:00
R-113,Gym,2026-03-26 17:55:51,2026-03-27 08:15:00
R-120,Badminton Court,2026-03-26 19:16:57,2026-03-27 19:30:00
R-131,Badminton Court,2026-03-26 19:19:13,2026-03-27 20:00:00
R-123,Gym,2026-03-26 19:21:25,2026-03-27 11:30:00
R-158,Tennis Court,2026-03-26 19:37:53,2026-03-27 07:00:00
R-180,Badminton Court,2026-03-26 19:51:43,2026-03-27 19:00:00
R-145,Badminton Court,2026-03-26 20:00:51,2026-03-27 08:30:00
R-213,Badminton Court,2026-03-26 20:09:56,2026-03-27 19:45:00
R-178,Tennis Court,2026-03-26 21:47:17,2026-03-27 11:00:00
R-152,Gym,2026-03-26 21:58:39,2026-03-27 12:00:00
R-170,Clubhouse,2026-03-26 22:25:24,2026-03-27 18:45:00
R-122,Swimming Pool,2026-03-26 22:45:26,2026-03-27 14:45:00
R-172,Gym,2026-03-26 23:06:55,2026-03-27 06:30:00
R-201,Gym,2026-03-26 23:45:48,2026-03-27 08:45:00
R-193,Gym,2026-03-26 23:53:34,2026-03-27 20:45:00
R-105,Badminton Court,2026-03-27 00:02:01,2026-03-27 18:45:00
R-141,Badminton Court,2026-03-27 01:01:28,2026-03-27 21:15:00
R-140,Swimming Pool,2026-03-27 01:29:56,2026-03-27 10:45:00
R-207,Badminton Court,2026-03-27 02:02:50,2026-03-27 18:30:00
R-174,Badminton Court,2026-03-27 03:12:40,2026-03-27 20:15:00
R-165,Tennis Court,2026-03-27 03:55:05,2026-03-28 20:15:00
R-124,Clubhouse,2026-03-27 04:47:49,2026-03-27 17:00:00
R-208,Gym,2026-03-27 04:55:25,2026-03-27 21:30:00
R-100,Clubhouse,2026-03-27 04:58:28,2026-03-27 07:15:00
R-111,Clubhouse,2026-03-27 05:12:45,2026-03-27 17:00:00
R-198,Tennis Court,2026-03-27 06:04:33,2026-03-28 08:15:00
R-217,Swimming Pool,2026-03-27 06:08:35,2026-03-27 20:45:00
R-155,Clubhouse,2026-03-27 07:14:28,2026-03-27 18:00:00
R-215,Swimming Pool,2026-03-27 07:24:56,2026-03-27 19:45:00
R-187,Swimming Pool,2026-03-27 07:26:36,2026-03-27 17:30:00
R-164,Clubhouse,2026-03-27 08:55:42,2026-03-27 20:45:00
R-138,Tennis Court,2026-03-27 09:29:34,2026-03-28 18:30:00
R-147,Gym,2026-03-27 11:40:50,2026-03-28 06:45:00
R-139,Swimming Pool,2026-03-27 12:10:51,2026-03-27 17:00:00
R-173,Tennis Court,2026-03-27 12:19:05,2026-03-28 14:30:00
R-154,Tennis Court,2026-03-27 12:40:52,2026-03-29 07:45:00
R-105,Badminton Court,2026-03-27 13:36:25,2026-03-28 19:45:00
R-154,Tennis Court,2026-03-27 14:28:48,2026-03-28 20:00:00
R-102,Gym,2026-03-27 14:49:49,2026-03-28 07:00:00
R-103,Badminton Court,2026-03-27 16:05:58,2026-03-28 11:15:00
R-112,Clubhouse,2026-03-27 17:51:27,2026-03-28 14:30:00
R-118,Gym,2026-03-27 19:04:10,2026-03-28 07:00:00
R-190,Tennis Court,2026-03-27 19:22:55,2026-03-28 13:30:00
R-193,Clubhouse,2026-03-27 19:25:10,2026-03-28 17:00:00
R-162,Swimming Pool,2026-03-27 19:33:37,2026-03-28 19:30:00
R-159,Swimming Pool,2026-03-27 21:38:39,2026-03-28 15:30:00
R-126,Swimming Pool,2026-03-27 22:51:25,2026-03-28 11:15:00
R-214,Clubhouse,2026-03-27 23:02:00,2026-03-28 16:15:00
R-210,Gym,2026-03-27 23:40:50,2026-03-29 07:00:00
R-150,Clubhouse,2026-03-27 23:48:02,2026-03-28 19:15:00
R-182,Tennis Court,2026-03-28 00:37:28,2026-03-28 10:30:00
R-183,Badminton Court,2026-03-28 01:33:41,2026-03-28 20:15:00
R-158,Gym,2026-03-28 01:43:38,2026-03-28 17:30:00
R-172,Gym,2026-03-28 01:58:02,2026-03-28 18:30:00
R-171,Clubhouse,2026-03-28 02:24:52,2026-03-28 10:15:00
R-181,Clubhouse,2026-03-28 03:25:41,2026-03-28 11:15:00
R-148,Tennis Court,2026-03-28 04:13:22,2026-03-28 11:15:00
R-110,Tennis Court,2026-03-28 04:16:17,2026-03-28 11:45:00
R-163,Swimming Pool,2026-03-28 04:48:28,2026-03-28 11:30:00
R-108,Clubhouse,2026-03-28 05:19:26,2026-03-28 11:30:00
R-202,Clubhouse,2026-03-28 07:24:13,2026-03-29 14:00:00
R-153,Swimming Pool,2026-03-28 07:55:34,2026-03-28 19:15:00
R-133,Clubhouse,2026-03-28 09:09:24,2026-03-29 08:00:00
R-192,Badminton Court,2026-03-28 09:32:48,2026-03-29 18:30:00
R-149,Clubhouse,2026-03-28 09:40:23,2026-03-28 16:30:00
R-160,Clubhouse,2026-03-28 09:47:18,2026-03-28 17:00:00
R-183,Badminton Court,2026-03-28 11:53:49,2026-03-29 19:00:00
R-104,Swimming Pool,2026-03-28 12:10:28,2026-03-28 18:00:00
R-109,Gym,2026-03-28 13:24:18,2026-03-29 06:45:00
R-206,Gym,2026-03-28 14:53:25,2026-03-29 07:45:00
R-187,Swimming Pool,2026-03-28 17:15:18,2026-03-29 08:45:00
R-184,Tennis Court,2026-03-28 18:27:13,2026-03-29 07:00:00
R-212,Tennis Court,2026-03-28 18:29:16,2026-03-29 06:15:00
R-191,Swimming Pool,2026-03-28 20:04:53,2026-03-29 07:45:00
R-178,Swimming Pool,2026-03-28 20:42:06,2026-03-29 08:30:00
R-116,Tennis Court,2026-03-28 21:22:57,2026-03-29 06:45:00
R-121,Clubhouse,2026-03-28 21:40:46,2026-03-29 15:30:00
R-169,Tennis Court,2026-03-28 21:46:03,2026-03-29 08:00:00
R-215,Gym,2026-03-28 22:09:22,2026-03-29 11:30:00
R-142,Badminton Court,2026-03-28 22:09:37,2026-03-29 19:45:00
R-214,Swimming Pool,2026-03-28 22:50:02,2026-03-29 15:45:00
R-218,Gym,2026-03-28 23:36:44,2026-03-29 11:00:00
R-175,Tennis Court,2026-03-29 00:23:09,2026-03-31 07:45:00
R-165,Badminton Court,2026-03-29 00:51:50,2026-03-30 18:45:00
R-104,Tennis Court,2026-03-29 01:57:35,2026-03-29 11:15:00
R-139,Tennis Court,2026-03-29 02:04:44,2026-03-29 07:30:00
R-114,Clubhouse,2026-03-29 02:12:48,2026-03-29 19:15:00
R-179,Tennis Court,2026-03-29 03:25:21,2026-03-29 10:15:00
R-181,Tennis Court,2026-03-29 04:15:28,2026-03-29 11:00:00
R-216,Swimming Pool,2026-03-29 04:30:46,2026-03-29 11:00:00
R-149,Tennis Court,2026-03-29 04:45:33,2026-03-29 12:00:00
R-193,Clubhouse,2026-03-29 04:46:55,2026-03-29 19:00:00
R-143,Swimming Pool,2026-03-29 05:01:35,2026-03-29 10:45:00
R-199,Gym,2026-03-29 05:11:16,2026-03-29 15:00:00
R-196,Badminton Court,2026-03-29 06:45:52,2026-03-30 18:00:00
R-151,Gym,2026-03-29 07:00:43,2026-03-29 10:45:00
R-164,Clubhouse,2026-03-29 07:32:27,2026-03-29 20:15:00
R-213,Badminton Court,2026-03-29 08:08:08,2026-03-30 21:00:00
R-170,Gym,2026-03-29 08:38:12,2026-03-30 08:45:00
R-185,Tennis Court,2026-03-29 09:08:57,2026-03-29 15:30:00
R-134,Swimming Pool,2026-03-29 09:10:32,2026-03-29 15:45:00
R-111,Swimming Pool,2026-03-29 09:11:34,2026-03-29 19:30:00
R-160,Clubhouse,2026-03-29 09:17:25,2026-03-29 15:45:00
R-120,Tennis Court,2026-03-29 09:47:58,2026-03-30 19:15:00
R-105,Badminton Court,2026-03-29 11:02:55,2026-03-30 20:45:00
R-148,Swimming Pool,2026-03-29 11:18:31,2026-03-29 17:00:00
R-163,Swimming Pool,2026-03-29 11:18:53,2026-03-29 17:30:00
R-109,Clubhouse,2026-03-29 11:20:02,2026-03-30 07:30:00
R-171,Swimming Pool,2026-03-29 11:22:48,2026-03-29 15:30:00
R-217,Swimming Pool,2026-03-29 12:01:49,2026-03-30 21:00:00
R-141,Badminton Court,2026-03-29 12:12:09,2026-03-30 20:45:00
R-136,Badminton Court,2026-03-29 12:33:24,2026-03-30 20:45:00
R-125,Badminton Court,2026-03-29 13:08:12,2026-03-30 19:30:00
R-182,Clubhouse,2026-03-29 13:25:15,2026-03-29 17:00:00
R-107,Clubhouse,2026-03-29 13:29:56,2026-03-30 19:00:00
R-205,Swimming Pool,2026-03-29 13:44:14,2026-03-29 17:45:00
R-189,Clubhouse,2026-03-29 13:46:02,2026-03-30 06:45:00
R-172,Swimming Pool,2026-03-29 13:51:10,2026-03-30 06:15:00
R-197,Tennis Court,2026-03-29 13:52:33,2026-03-31 07:45:00
R-207,Badminton Court,2026-03-29 14:16:00,2026-03-30 19:45:00
R-192,Badminton Court,2026-03-29 14:42:56,2026-03-30 18:45:00
R-135,Gym,2026-03-29 14:43:24,2026-03-30 06:15:00
R-132,Tennis Court,2026-03-29 14:45:21,2026-03-31 18:30:00
R-152,Gym,2026-03-29 15:13:29,2026-03-30 07:45:00
R-153,Swimming Pool,2026-03-29 16:00:20,2026-03-30 07:00:00
R-194,Tennis Court,2026-03-29 16:03:10,2026-03-30 07:30:00
R-167,Gym,2026-03-29 16:30:03,2026-03-30 08:30:00
R-174,Gym,2026-03-29 17:25:12,2026-03-30 06:30:00
R-219,Tennis Court,2026-03-29 17:46:46,2026-03-31 08:45:00
R-131,Badminton Court,2026-03-29 17:59:36,2026-03-30 20:45:00
R-156,Clubhouse,2026-03-29 18:00:45,2026-03-30 08:45:00
R-206,Gym,2026-03-29 18:08:01,2026-03-30 07:00:00
R-118,Gym,2026-03-29 18:14:56,2026-03-30 08:45:00
R-103,Swimming Pool,2026-03-29 18:16:07,2026-03-30 11:15:00
R-166,Gym,2026-03-29 18:28:42,2026-03-30 08:45:00
R-173,Badminton Court,2026-03-29 18:41:03,2026-03-30 18:15:00
R-183,Badminton Court,2026-03-29 18:53:41,2026-03-30 18:45:00
R-144,Gym,2026-03-29 19:03:15,2026-03-30 06:45:00
R-161,Swimming Pool,2026-03-29 19:05:50,2026-03-30 07:00:00
R-158,Badminton Court,2026-03-29 19:07:34,2026-03-30 08:00:00
R-145,Gym,2026-03-29 19:19:50,2026-03-30 07:15:00
R-169,Tennis Court,2026-03-29 19:20:22,2026-03-30 07:00:00
R-138,Tennis Court,2026-03-29 19:34:07,2026-03-31 18:15:00
R-195,Clubhouse,2026-03-29 19:36:53,2026-03-30 19:15:00
R-142,Clubhouse,2026-03-29 19:46:35,2026-03-30 19:00:00
R-114,Clubhouse,2026-03-29 19:47:46,2026-03-30 14:45:00
R-170,Badminton Court,2026-03-29 20:27:47,2026-03-31 18:00:00
R-123,Gym,2026-03-29 20:40:40,2026-03-30 06:45:00
R-147,Gym,2026-03-29 20:58:08,2026-03-30 08:30:00
R-106,Gym,2026-03-29 20:59:33,2026-03-30 18:30:00
R-117,Gym,2026-03-29 21:22:49,2026-03-30 15:45:00
R-184,Gym,2026-03-29 22:11:12,2026-03-30 15:30:00
R-113,Gym,2026-03-29 22:33:02,2026-03-30 08:15:00
R-115,Swimming Pool,2026-03-29 22:47:24,2026-03-31 18:15:00
R-203,Badminton Court,2026-03-29 22:59:12,2026-03-30 20:00:00
R-101,Clubhouse,2026-03-29 23:22:18,2026-03-30 07:00:00
R-108,Tennis Court,2026-03-29 23:30:57,2026-03-30 11:00:00
R-112,Tennis Court,2026-03-29 23:36:23,2026-03-30 18:45:00
R-119,Badminton Court,2026-03-29 23:44:16,2026-03-30 20:45:00
R-212,Swimming Pool,2026-03-29 23:47:58,2026-03-30 08:45:00
R-116,Gym,2026-03-29 23:48:20,2026-03-30 20:00:00
R-204,Badminton Court,2026-03-29 23:57:23,2026-03-30 06:45:00
R-198,Clubhouse,2026-03-30 00:01:09,2026-03-31 07:45:00
R-127,Swimming Pool,2026-03-30 00:23:16,2026-03-30 08:30:00
R-201,Gym,2026-03-30 01:18:50,2026-03-30 11:45:00
R-168,Gym,2026-03-30 02:31:55,2026-03-30 14:00:00
R-130,Clubhouse,2026-03-30 03:12:45,2026-03-31 17:00:00
R-126,Swimming Pool,2026-03-30 03:13:21,2026-03-30 17:15:00
R-187,Gym,2026-03-30 03:16:19,2026-03-30 17:15:00
R-102,Gym,2026-03-30 03:46:08,2026-03-30 16:15:00
R-180,Badminton Court,2026-03-30 05:21:31,2026-03-30 18:00:00
R-183,Badminton Court,2026-03-30 06:31:50,2026-03-31 20:00:00
R-208,Badminton Court,2026-03-30 07:20:12,2026-03-30 18:15:00
R-185,Swimming Pool,2026-03-30 07:49:52,2026-03-30 15:00:00
R-203,Badminton Court,2026-03-30 08:05:31,2026-03-31 18:45:00
R-136,Badminton Court,2026-03-30 08:52:20,2026-03-31 13:00:00
R-164,Tennis Court,2026-03-30 08:55:47,2026-03-31 14:15:00
R-131,Swimming Pool,2026-03-30 10:16:58,2026-03-31 19:15:00
R-133,Clubhouse,2026-03-30 10:27:27,2026-03-31 07:30:00
R-196,Swimming Pool,2026-03-30 10:42:57,2026-03-31 18:45:00
R-107,Badminton Court,2026-03-30 11:30:49,2026-03-31 20:00:00
R-120,Tennis Court,2026-03-30 12:12:20,2026-03-31 19:30:00
R-142,Swimming Pool,2026-03-30 12:37:38,2026-03-31 19:30:00
R-123,Gym,2026-03-30 12:55:16,2026-03-31 07:00:00
R-101,Clubhouse,2026-03-30 14:25:56,2026-03-31 06:15:00
R-102,Gym,2026-03-30 14:33:15,2026-03-31 07:30:00
R-172,Gym,2026-03-30 15:02:08,2026-03-31 08:00:00
R-206,Gym,2026-03-30 15:05:19,2026-03-31 07:00:00
R-156,Gym,2026-03-30 15:44:29,2026-03-31 07:15:00
R-109,Gym,2026-03-30 16:08:02,2026-03-31 07:30:00
R-168,Gym,2026-03-30 16:18:19,2026-03-31 07:30:00
R-145,Gym,2026-03-30 17:11:33,2026-03-31 07:15:00
R-180,Gym,2026-03-30 17:36:14,2026-03-31 18:45:00
R-213,Badminton Court,2026-03-30 18:18:00,2026-03-31 18:30:00
R-118,Clubhouse,2026-03-30 18:29:07,2026-03-31 08:45:00
R-174,Gym,2026-03-30 18:30:02,2026-03-31 06:30:00
R-207,Badminton Court,2026-03-30 18:30:35,2026-03-31 19:15:00
R-161,Clubhouse,2026-03-30 18:51:38,2026-03-31 08:45:00
R-188,Badminton Court,2026-03-30 19:15:26,2026-03-31 08:30:00
R-167,Swimming Pool,2026-03-30 19:28:58,2026-03-31 08:45:00
R-189,Gym,2026-03-30 19:50:31,2026-03-31 07:15:00
R-146,Tennis Court,2026-03-30 20:23:57,2026-04-02 07:30:00
R-141,Badminton Court,2026-03-30 20:28:36,2026-04-01 08:30:00
R-212,Gym,2026-03-30 20:33:18,2026-03-31 06:15:00
R-116,Clubhouse,2026-03-30 20:39:05,2026-03-31 06:00:00
R-144,Tennis Court,2026-03-30 20:59:55,2026-03-31 15:15:00
R-117,Gym,2026-03-30 21:20:53,2026-03-31 08:45:00
R-115,Tennis Court,2026-03-30 21:21:07,2026-04-01 18:00:00
R-113,Gym,2026-03-30 21:26:15,2026-03-31 06:00:00
R-105,Tennis Court,2026-03-30 21:40:51,2026-03-31 19:00:00
R-147,Gym,2026-03-30 21:57:15,2026-03-31 08:30:00
R-138,Tennis Court,2026-03-30 22:16:15,2026-04-01 18:45:00
R-195,Badminton Court,2026-03-30 22:25:55,2026-03-31 18:30:00
R-115,Tennis Court,2026-03-30 22:58:47,2026-04-02 08:30:00
R-110,Badminton Court,2026-03-31 01:27:08,2026-03-31 11:15:00
R-135,Gym,2026-03-31 01:29:26,2026-03-31 07:15:00
R-152,Clubhouse,2026-03-31 01:53:42,2026-03-31 08:00:00
R-191,Swimming Pool,2026-03-31 04:13:59,2026-03-31 08:45:00
R-141,Badminton Court,2026-03-31 04:48:20,2026-03-31 20:45:00
R-165,Swimming Pool,2026-03-31 05:44:24,2026-03-31 18:45:00
R-166,Clubhouse,2026-03-31 05:50:55,2026-03-31 15:45:00
R-125,Badminton Court,2026-03-31 05:52:38,2026-04-01 18:15:00
R-182,Swimming Pool,2026-03-31 06:13:00,2026-03-31 11:45:00
R-214,Gym,2026-03-31 06:38:20,2026-03-31 20:00:00
R-179,Swimming Pool,2026-03-31 06:52:06,2026-03-31 10:30:00
R-127,Swimming Pool,2026-03-31 07:29:38,2026-03-31 19:15:00
R-130,Tennis Court,2026-03-31 07:34:25,2026-04-02 07:15:00
R-105,Badminton Court,2026-03-31 07:49:37,2026-04-01 20:45:00
R-183,Badminton Court,2026-03-31 08:09:35,2026-04-01 18:30:00
R-136,Badminton Court,2026-03-31 08:12:40,2026-04-01 19:00:00
R-204,Badminton Court,2026-03-31 10:12:45,2026-03-31 19:15:00
R-158,Gym,2026-03-31 10:40:01,2026-03-31 19:00:00
R-107,Tennis Court,2026-03-31 10:56:05,2026-04-01 18:30:00
R-165,Badminton Court,2026-03-31 11:02:56,2026-04-01 12:45:00
R-109,Gym,2026-03-31 11:05:25,2026-04-01 06:45:00
R-135,Gym,2026-03-31 11:06:06,2026-04-01 07:00:00
R-101,Gym,2026-03-31 11:26:45,2026-04-01 06:45:00
R-173,Badminton Court,2026-03-31 11:40:34,2026-04-01 19:15:00
R-158,Gym,2026-03-31 12:20:28,2026-04-01 11:00:00
R-170,Badminton Court,2026-03-31 12:27:35,2026-04-01 18:45:00
R-198,Tennis Court,2026-03-31 12:29:07,2026-04-02 08:00:00
R-102,Gym,2026-03-31 12:29:14,2026-04-01 06:30:00
R-208,Swimming Pool,2026-03-31 12:47:39,2026-04-01 07:45:00
R-145,Badminton Court,2026-03-31 12:55:49,2026-04-01 06:45:00
R-144,Gym,2026-03-31 13:02:31,2026-04-01 07:30:00
R-196,Badminton Court,2026-03-31 13:16:14,2026-04-01 18:15:00
R-156,Swimming Pool,2026-03-31 13:47:13,2026-04-01 08:15:00
R-203,Tennis Court,2026-03-31 14:00:44,2026-04-01 20:45:00
R-180,Clubhouse,2026-03-31 14:14:31,2026-04-01 18:00:00
R-197,Tennis Court,2026-03-31 14:18:42,2026-04-02 08:00:00
R-168,Tennis Court,2026-03-31 14:26:58,2026-04-01 07:30:00
R-152,Gym,2026-03-31 15:31:25,2026-04-01 06:15:00
R-202,Badminton Court,2026-03-31 15:52:48,2026-04-01 14:45:00
R-218,Swimming Pool,2026-03-31 16:43:57,2026-04-01 08:00:00
R-118,Gym,2026-03-31 16:53:08,2026-04-01 07:45:00
R-174,Gym,2026-03-31 17:02:38,2026-04-01 07:45:00
R-206,Gym,2026-03-31 17:11:12,2026-04-01 12:15:00
R-172,Clubhouse,2026-03-31 17:29:06,2026-04-01 08:00:00
R-167,Badminton Court,2026-03-31 17:58:32,2026-04-01 07:30:00
R-154,Gym,2026-03-31 18:21:08,2026-04-02 20:30:00
R-131,Tennis Court,2026-03-31 18:50:50,2026-04-01 20:45:00
R-147,Gym,2026-03-31 18:57:12,2026-04-01 08:45:00
R-120,Swimming Pool,2026-03-31 19:06:11,2026-04-01 20:00:00
R-189,Tennis Court,2026-03-31 20:03:25,2026-04-01 08:00:00
R-188,Gym,2026-03-31 20:13:26,2026-04-01 13:00:00
R-212,Gym,2026-03-31 20:55:28,2026-04-01 06:00:00
R-123,Tennis Court,2026-03-31 21:20:09,2026-04-01 07:00:00
R-113,Gym,2026-03-31 21:26:47,2026-04-01 08:45:00
R-153,Swimming Pool,2026-03-31 21:39:46,2026-04-01 11:00:00
R-217,Badminton Court,2026-03-31 21:54:55,2026-04-01 19:45:00
R-207,Tennis Court,2026-03-31 22:53:31,2026-04-01 20:45:00
R-106,Gym,2026-03-31 23:11:58,2026-04-01 19:15:00
R-119,Badminton Court,2026-03-31 23:52:34,2026-04-01 20:00:00
R-187,Tennis Court,2026-04-01 00:17:28,2026-04-01 08:45:00
R-117,Gym,2026-04-01 00:53:45,2026-04-01 08:00:00
R-213,Clubhouse,2026-04-01 02:11:32,2026-04-01 18:15:00
R-177,Tennis Court,2026-04-01 02:38:52,2026-04-02 15:15:00
R-216,Clubhouse,2026-04-01 03:56:34,2026-04-01 10:30:00
R-126,Swimming Pool,2026-04-01 04:59:03,2026-04-01 19:30:00
R-184,Badminton Court,2026-04-01 05:33:41,2026-04-01 17:15:00
R-171,Swimming Pool,2026-04-01 06:56:39,2026-04-01 16:00:00
R-195,Badminton Court,2026-04-01 08:19:05,2026-04-02 06:15:00
R-172,Gym,2026-04-01 08:54:43,2026-04-02 06:00:00
R-108,Gym,2026-04-01 09:20:53,2026-04-01 19:30:00
R-106,Gym,2026-04-01 09:39:31,2026-04-02 18:45:00
R-217,Badminton Court,2026-04-01 09:47:34,2026-04-02 09:15:00
R-183,Tennis Court,2026-04-01 09:57:59,2026-04-02 20:15:00
R-192,Badminton Court,2026-04-01 11:18:15,2026-04-02 19:45:00
R-165,Badminton Court,2026-04-01 11:24:32,2026-04-02 20:00:00
R-144,Gym,2026-04-01 11:59:55,2026-04-02 08:30:00
R-174,Gym,2026-04-01 12:07:55,2026-04-02 06:45:00
R-131,Clubhouse,2026-04-01 12:09:59,2026-04-02 20:30:00
R-118,Gym,2026-04-01 13:09:10,2026-04-02 06:15:00
R-142,Badminton Court,2026-04-01 13:29:44,2026-04-02 19:30:00
R-219,Tennis Court,2026-04-01 14:06:17,2026-04-02 20:45:00
R-213,Badminton Court,2026-04-01 14:52:39,2026-04-02 20:45:00
R-156,Gym,2026-04-01 14:56:57,2026-04-02 06:45:00
R-107,Badminton Court,2026-04-01 15:12:00,2026-04-02 21:15:00
R-158,Gym,2026-04-01 15:17:47,2026-04-02 06:45:00
R-102,Gym,2026-04-01 15:22:35,2026-04-02 08:15:00
R-167,Tennis Court,2026-04-01 16:17:50,2026-04-02 08:30:00
R-208,Gym,2026-04-01 16:31:11,2026-04-02 06:45:00
R-147,Gym,2026-04-01 16:36:11,2026-04-02 07:15:00
R-113,Gym,2026-04-01 16:46:30,2026-04-02 07:30:00
R-189,Gym,2026-04-01 17:00:42,2026-04-02 08:45:00
R-214,Clubhouse,2026-04-01 17:10:27,2026-04-02 14:30:00
R-105,Badminton Court,2026-04-01 17:52:46,2026-04-02 20:15:00
R-170,Badminton Court,2026-04-01 18:03:00,2026-04-02 19:30:00
R-117,Gym,2026-04-01 18:17:27,2026-04-02 08:45:00
R-125,Badminton Court,2026-04-01 18:24:25,2026-04-02 20:30:00
R-168,Tennis Court,2026-04-01 18:32:48,2026-04-02 07:30:00
R-152,Swimming Pool,2026-04-01 18:36:28,2026-04-02 06:45:00
R-186,Gym,2026-04-01 19:13:53,2026-04-02 11:00:00
R-133,Clubhouse,2026-04-01 20:07:39,2026-04-02 14:15:00
R-116,Swimming Pool,2026-04-01 21:41:18,2026-04-02 06:30:00
R-137,Gym,2026-04-01 22:22:03,2026-04-02 11:15:00
R-166,Gym,2026-04-01 23:40:50,2026-04-02 17:15:00
R-109,Gym,2026-04-02 00:04:53,2026-04-02 07:30:00
R-114,Clubhouse,2026-04-02 01:26:46,2026-04-02 20:15:00
R-123,Gym,2026-04-02 02:20:51,2026-04-02 16:00:00
R-101,Gym,2026-04-02 02:23:01,2026-04-02 19:45:00
R-126,Swimming Pool,2026-04-02 03:21:24,2026-04-02 18:00:00
R-173,Tennis Court,2026-04-02 03:23:50,2026-04-02 20:15:00
R-187,Swimming Pool,2026-04-02 03:26:12,2026-04-02 19:00:00
R-209,Gym,2026-04-02 04:16:23,2026-04-02 11:00:00
R-201,Clubhouse,2026-04-02 04:30:27,2026-04-02 17:30:00
R-100,Clubhouse,2026-04-02 04:48:04,2026-04-02 11:45:00
R-141,Badminton Court,2026-04-02 05:37:37,2026-04-02 20:45:00
R-103,Clubhouse,2026-04-02 07:08:45,2026-04-02 19:30:00
R-163,Swimming Pool,2026-04-02 08:12:22,2026-04-02 15:00:00
R-136,Badminton Court,2026-04-02 08:23:04,2026-04-03 19:45:00
R-205,Swimming Pool,2026-04-02 08:31:50,2026-04-02 15:00:00
R-153,Badminton Court,2026-04-02 09:23:44,2026-04-02 17:45:00
R-135,Gym,2026-04-02 09:29:26,2026-04-02 21:45:00
R-192,Badminton Court,2026-04-02 09:43:06,2026-04-03 19:30:00
R-145,Badminton Court,2026-04-02 09:57:28,2026-04-02 17:45:00
R-165,Badminton Court,2026-04-02 10:05:16,2026-04-03 19:00:00
R-142,Badminton Court,2026-04-02 10:32:03,2026-04-03 18:30:00
R-132,Swimming Pool,2026-04-02 11:09:16,2026-04-03 17:00:00
R-207,Swimming Pool,2026-04-02 11:11:37,2026-04-03 20:45:00
R-109,Gym,2026-04-02 11:43:00,2026-04-03 07:00:00
R-129,Clubhouse,2026-04-02 12:02:22,2026-04-03 15:00:00
R-217,Badminton Court,2026-04-02 12:34:05,2026-04-03 19:00:00
R-213,Badminton Court,2026-04-02 12:34:43,2026-04-03 17:30:00
R-104,Swimming Pool,2026-04-02 12:53:57,2026-04-02 15:45:00
R-212,Gym,2026-04-02 13:00:52,2026-04-03 07:45:00
R-170,Swimming Pool,2026-04-02 13:07:41,2026-04-03 18:15:00
R-210,Swimming Pool,2026-04-02 13:26:15,2026-04-04 09:00:00
R-152,Gym,2026-04-02 14:06:21,2026-04-03 07:00:00
R-208,Tennis Court,2026-04-02 14:16:15,2026-04-03 06:00:00
R-105,Badminton Court,2026-04-02 14:20:35,2026-04-03 20:30:00
R-156,Gym,2026-04-02 14:55:27,2026-04-03 08:00:00
R-147,Gym,2026-04-02 15:04:09,2026-04-03 07:00:00
R-106,Badminton Court,2026-04-02 15:29:33,2026-04-03 18:30:00
R-125,Badminton Court,2026-04-02 15:54:31,2026-04-03 18:45:00
R-101,Gym,2026-04-02 16:04:28,2026-04-03 07:15:00
R-113,Tennis Court,2026-04-02 16:20:22,2026-04-03 06:30:00
R-131,Badminton Court,2026-04-02 16:28:14,2026-04-03 18:30:00
R-119,Badminton Court,2026-04-02 16:32:47,2026-04-03 18:15:00
R-135,Gym,2026-04-02 16:52:01,2026-04-03 06:30:00
R-141,Badminton Court,2026-04-02 17:04:52,2026-04-03 18:45:00
R-195,Badminton Court,2026-04-02 17:07:02,2026-04-03 20:15:00
R-133,Clubhouse,2026-04-02 17:08:23,2026-04-03 15:30:00
R-116,Gym,2026-04-02 18:15:33,2026-04-03 08:30:00
R-167,Gym,2026-04-02 18:21:34,2026-04-03 06:45:00
R-203,Swimming Pool,2026-04-02 18:33:51,2026-04-03 20:00:00
R-120,Badminton Court,2026-04-02 18:56:46,2026-04-03 20:00:00
R-155,Badminton Court,2026-04-02 19:17:11,2026-04-03 14:00:00
R-117,Gym,2026-04-02 19:32:28,2026-04-03 06:00:00
R-124,Clubhouse,2026-04-02 19:59:09,2026-04-03 15:30:00
R-201,Badminton Court,2026-04-02 20:24:01,2026-04-03 07:30:00
R-123,Gym,2026-04-02 20:31:01,2026-04-03 08:00:00
R-183,Clubhouse,2026-04-02 20:39:51,2026-04-03 19:30:00
R-168,Clubhouse,2026-04-02 20:55:05,2026-04-03 07:30:00
R-102,Tennis Court,2026-04-02 21:02:46,2026-04-03 07:45:00
R-214,Clubhouse,2026-04-02 21:08:29,2026-04-03 20:00:00
R-144,Gym,2026-04-02 22:01:36,2026-04-03 07:30:00
R-146,Tennis Court,2026-04-02 22:05:22,2026-04-04 18:30:00
R-137,Gym,2026-04-02 22:06:36,2026-04-03 11:30:00
R-145,Badminton Court,2026-04-02 22:21:04,2026-04-03 07:30:00
R-189,Swimming Pool,2026-04-02 22:30:11,2026-04-03 06:30:00
R-158,Gym,2026-04-02 22:54:17,2026-04-03 07:30:00
R-173,Clubhouse,2026-04-02 23:28:24,2026-04-03 20:00:00
R-196,Badminton Court,2026-04-03 00:12:32,2026-04-03 18:45:00
R-193,Clubhouse,2026-04-03 00:41:19,2026-04-03 15:15:00
R-219,Tennis Court,2026-04-03 01:29:54,2026-04-04 17:15:00
R-186,Swimming Pool,2026-04-03 02:06:04,2026-04-03 08:15:00
R-178,Gym,2026-04-03 02:22:54,2026-04-03 17:00:00
R-174,Gym,2026-04-03 02:25:20,2026-04-03 13:00:00
R-151,Clubhouse,2026-04-03 03:17:45,2026-04-03 09:45:00
R-128,Swimming Pool,2026-04-03 03:21:59,2026-04-03 17:45:00
R-175,Badminton Court,2026-04-03 03:29:53,2026-04-04 18:00:00
R-206,Gym,2026-04-03 04:29:41,2026-04-03 07:30:00
R-216,Swimming Pool,2026-04-03 05:43:04,2026-04-03 11:30:00
R-122,Clubhouse,2026-04-03 06:48:07,2026-04-03 19:00:00
R-107,Tennis Court,2026-04-03 07:07:33,2026-04-03 20:45:00
R-197,Tennis Court,2026-04-03 07:56:27,2026-04-05 09:45:00
R-166,Clubhouse,2026-04-03 09:18:03,2026-04-03 19:15:00
R-110,Tennis Court,2026-04-03 09:41:41,2026-04-03 17:00:00
R-205,Clubhouse,2026-04-03 09:59:05,2026-04-03 16:15:00
R-168,Tennis Court,2026-04-03 10:16:44,2026-04-04 06:00:00
R-143,Swimming Pool,2026-04-03 10:58:21,2026-04-03 16:00:00
R-176,Clubhouse,2026-04-03 11:26:23,2026-04-03 16:15:00
R-160,Tennis Court,2026-04-03 14:17:08,2026-04-03 20:45:00
R-190,Badminton Court,2026-04-03 14:55:22,2026-04-04 14:45:00
R-162,Clubhouse,2026-04-03 15:07:19,2026-04-04 14:15:00
R-115,Tennis Court,2026-04-03 16:18:57,2026-04-05 08:45:00
R-159,Tennis Court,2026-04-03 16:39:45,2026-04-04 16:45:00
R-101,Gym,2026-04-03 17:11:48,2026-04-04 06:30:00
R-202,Clubhouse,2026-04-03 17:13:27,2026-04-04 14:45:00
R-193,Tennis Court,2026-04-03 17:52:58,2026-04-04 19:15:00
R-111,Tennis Court,2026-04-03 18:17:13,2026-04-04 07:00:00
R-210,Tennis Court,2026-04-03 19:24:10,2026-04-05 18:00:00
R-186,Badminton Court,2026-04-03 19:44:54,2026-04-04 11:15:00
R-167,Gym,2026-04-03 20:13:51,2026-04-04 08:00:00
R-184,Gym,2026-04-03 20:19:26,2026-04-04 08:15:00
R-127,Swimming Pool,2026-04-03 20:35:51,2026-04-04 11:45:00
R-166,Clubhouse,2026-04-03 21:17:26,2026-04-04 11:30:00
R-188,Tennis Court,2026-04-03 21:44:04,2026-04-04 14:30:00
R-214,Gym,2026-04-03 22:39:15,2026-04-04 15:00:00
R-215,Gym,2026-04-03 22:40:38,2026-04-04 10:15:00
R-103,Clubhouse,2026-04-03 23:11:43,2026-04-04 11:45:00
R-137,Clubhouse,2026-04-04 00:09:04,2026-04-04 11:15:00
R-201,Clubhouse,2026-04-04 00:13:01,2026-04-04 08:45:00
R-155,Tennis Court,2026-04-04 00:20:43,2026-04-04 18:15:00
R-175,Gym,2026-04-04 01:07:25,2026-04-05 07:00:00
R-124,Swimming Pool,2026-04-04 02:09:40,2026-04-04 20:45:00
R-210,Tennis Court,2026-04-04 02:48:57,2026-04-06 08:30:00
R-132,Badminton Court,2026-04-04 03:19:47,2026-04-05 18:30:00
R-140,Swimming Pool,2026-04-04 03:22:01,2026-04-04 10:00:00
R-149,Tennis Court,2026-04-04 03:27:58,2026-04-04 11:45:00
R-216,Swimming Pool,2026-04-04 03:47:51,2026-04-04 10:30:00
R-143,Swimming Pool,2026-04-04 04:17:42,2026-04-04 10:30:00
R-129,Clubhouse,2026-04-04 04:22:28,2026-04-04 18:45:00
R-134,Swimming Pool,2026-04-04 04:24:34,2026-04-04 10:00:00
R-114,Tennis Court,2026-04-04 04:48:13,2026-04-04 18:45:00
R-198,Tennis Court,2026-04-04 05:02:52,2026-04-05 18:15:00
R-163,Clubhouse,2026-04-04 05:20:05,2026-04-04 11:00:00
R-181,Swimming Pool,2026-04-04 06:02:27,2026-04-04 13:30:00
R-171,Swimming Pool,2026-04-04 06:15:01,2026-04-04 11:45:00
R-139,Swimming Pool,2026-04-04 07:03:35,2026-04-04 15:00:00
R-205,Swimming Pool,2026-04-04 07:16:40,2026-04-04 15:00:00
R-179,Swimming Pool,2026-04-04 07:26:01,2026-04-04 11:45:00
R-120,Badminton Court,2026-04-04 07:28:07,2026-04-05 18:15:00
R-146,Tennis Court,2026-04-04 07:55:55,2026-04-07 07:00:00
R-209,Swimming Pool,2026-04-04 08:16:52,2026-04-04 10:30:00
R-128,Swimming Pool,2026-04-04 08:41:43,2026-04-04 19:30:00
R-157,Tennis Court,2026-04-04 09:15:15,2026-04-05 17:30:00
R-138,Tennis Court,2026-04-04 09:53:00,2026-04-05 18:30:00
R-178,Tennis Court,2026-04-04 10:16:46,2026-04-04 18:15:00
R-177,Tennis Court,2026-04-04 10:26:22,2026-04-05 17:15:00
R-199,Swimming Pool,2026-04-04 10:28:59,2026-04-04 16:15:00
R-182,Gym,2026-04-04 10:41:40,2026-04-04 16:30:00
R-160,Swimming Pool,2026-04-04 10:52:12,2026-04-04 15:30:00
R-141,Gym,2026-04-04 11:09:50,2026-04-05 18:45:00
R-212,Clubhouse,2026-04-04 11:53:12,2026-04-05 07:15:00
R-106,Tennis Court,2026-04-04 13:12:38,2026-04-06 11:15:00
R-100,Tennis Court,2026-04-04 13:24:57,2026-04-05 07:00:00
R-105,Badminton Court,2026-04-04 13:41:30,2026-04-05 18:30:00
R-162,Clubhouse,2026-04-04 14:05:20,2026-04-05 15:45:00
R-195,Badminton Court,2026-04-04 14:21:49,2026-04-05 20:45:00
R-190,Clubhouse,2026-04-04 14:43:37,2026-04-05 18:00:00
R-180,Badminton Court,2026-04-04 14:47:10,2026-04-05 07:00:00
R-147,Badminton Court,2026-04-04 16:09:38,2026-04-05 08:30:00
R-101,Gym,2026-04-04 17:17:03,2026-04-05 08:15:00
R-129,Clubhouse,2026-04-04 17:30:01,2026-04-05 13:15:00
R-186,Badminton Court,2026-04-04 18:33:00,2026-04-05 07:15:00
R-146,Gym,2026-04-04 18:51:35,2026-04-06 08:00:00
R-170,Badminton Court,2026-04-04 19:06:00,2026-04-06 07:30:00
R-200,Gym,2026-04-04 19:48:03,2026-04-05 11:00:00
R-145,Gym,2026-04-04 19:51:36,2026-04-05 06:15:00
R-137,Clubhouse,2026-04-04 20:00:44,2026-04-05 07:30:00
R-110,Badminton Court,2026-04-04 20:05:04,2026-04-05 07:45:00
R-193,Clubhouse,2026-04-04 21:06:39,2026-04-05 13:45:00
R-116,Gym,2026-04-04 21:10:01,2026-04-05 08:45:00
R-144,Gym,2026-04-04 22:54:44,2026-04-05 08:45:00
R-191,Gym,2026-04-05 00:03:33,2026-04-05 07:30:00
R-111,Clubhouse,2026-04-05 01:00:34,2026-04-05 17:00:00
R-185,Swimming Pool,2026-04-05 01:02:47,2026-04-05 07:30:00
R-148,Gym,2026-04-05 01:22:23,2026-04-05 10:00:00
R-209,Swimming Pool,2026-04-05 01:49:01,2026-04-05 10:00:00
R-207,Badminton Court,2026-04-05 02:10:10,2026-04-05 20:15:00
R-163,Swimming Pool,2026-04-05 02:22:13,2026-04-05 10:00:00
R-104,Clubhouse,2026-04-05 03:35:34,2026-04-05 11:30:00
R-127,Tennis Court,2026-04-05 03:58:04,2026-04-05 07:30:00
R-121,Badminton Court,2026-04-05 03:58:21,2026-04-05 20:00:00
R-215,Gym,2026-04-05 03:59:18,2026-04-05 17:15:00
R-211,Gym,2026-04-05 04:29:49,2026-04-05 11:45:00
R-134,Swimming Pool,2026-04-05 05:08:46,2026-04-05 11:15:00
R-164,Clubhouse,2026-04-05 05:26:51,2026-04-05 15:00:00
R-120,Badminton Court,2026-04-05 05:42:22,2026-04-06 18:15:00
R-184,Swimming Pool,2026-04-05 05:55:29,2026-04-05 17:30:00
R-195,Badminton Court,2026-04-05 06:04:44,2026-04-06 19:00:00
R-193,Clubhouse,2026-04-05 06:51:06,2026-04-06 14:30:00
R-143,Swimming Pool,2026-04-05 07:22:26,2026-04-05 15:15:00
R-128,Clubhouse,2026-04-05 08:05:54,2026-04-05 19:15:00
R-122,Clubhouse,2026-04-05 08:25:56,2026-04-06 14:30:00
R-205,Swimming Pool,2026-04-05 08:48:25,2026-04-05 15:15:00
R-131,Gym,2026-04-05 09:10:32,2026-04-06 18:45:00
R-142,Badminton Court,2026-04-05 09:53:22,2026-04-06 18:30:00
R-139,Clubhouse,2026-04-05 10:47:44,2026-04-05 16:15:00
R-171,Tennis Court,2026-04-05 11:00:13,2026-04-05 16:30:00
R-149,Swimming Pool,2026-04-05 11:06:57,2026-04-05 16:15:00
R-189,Gym,2026-04-05 11:38:55,2026-04-06 06:45:00
R-199,Swimming Pool,2026-04-05 11:42:03,2026-04-05 16:15:00
R-119,Badminton Court,2026-04-05 11:48:46,2026-04-06 20:00:00
R-108,Gym,2026-04-05 11:54:37,2026-04-05 19:45:00
R-207,Badminton Court,2026-04-05 12:44:56,2026-04-06 11:30:00
R-107,Badminton Court,2026-04-05 12:46:42,2026-04-06 18:00:00
R-173,Badminton Court,2026-04-05 12:50:56,2026-04-06 15:15:00
R-213,Tennis Court,2026-04-05 13:05:30,2026-04-06 18:00:00
R-172,Gym,2026-04-05 13:25:36,2026-04-06 06:15:00
R-132,Tennis Court,2026-04-05 13:38:30,2026-04-07 07:30:00
R-156,Gym,2026-04-05 14:02:34,2026-04-06 06:30:00
R-219,Gym,2026-04-05 15:04:02,2026-04-07 07:45:00
R-100,Tennis Court,2026-04-05 15:12:20,2026-04-06 08:45:00
R-101,Tennis Court,2026-04-05 15:21:35,2026-04-06 07:15:00
R-116,Gym,2026-04-05 16:05:53,2026-04-06 07:15:00
R-144,Gym,2026-04-05 16:11:14,2026-04-06 07:00:00
R-212,Gym,2026-04-05 16:37:08,2026-04-06 08:30:00
R-157,Tennis Court,2026-04-05 16:40:42,2026-04-07 17:45:00
R-192,Swimming Pool,2026-04-05 16:54:50,2026-04-06 18:30:00
R-183,Badminton Court,2026-04-05 17:07:27,2026-04-06 20:30:00
R-102,Clubhouse,2026-04-05 17:12:56,2026-04-06 06:15:00
R-145,Badminton Court,2026-04-05 17:16:57,2026-04-06 06:15:00
R-113,Gym,2026-04-05 17:17:49,2026-04-06 06:30:00
R-109,Badminton Court,2026-04-05 17:35:49,2026-04-06 08:15:00
R-165,Badminton Court,2026-04-05 17:45:18,2026-04-06 19:30:00
R-136,Badminton Court,2026-04-05 17:59:08,2026-04-06 20:15:00
R-152,Gym,2026-04-05 18:18:43,2026-04-06 07:15:00
R-135,Gym,2026-04-05 18:37:08,2026-04-06 07:15:00
R-125,Tennis Court,2026-04-05 18:43:11,2026-04-06 19:00:00
R-174,Gym,2026-04-05 18:49:49,2026-04-06 06:30:00
R-208,Gym,2026-04-05 18:59:31,2026-04-06 07:15:00
R-141,Badminton Court,2026-04-05 19:06:35,2026-04-06 19:45:00
R-167,Gym,2026-04-05 19:12:41,2026-04-06 07:45:00
R-168,Gym,2026-04-05 19:55:57,2026-04-06 08:15:00
R-129,Clubhouse,2026-04-05 21:33:18,2026-04-06 14:30:00
R-186,Swimming Pool,2026-04-05 21:38:44,2026-04-06 11:30:00
R-187,Clubhouse,2026-04-05 22:12:37,2026-04-06 11:15:00
R-133,Clubhouse,2026-04-05 22:15:19,2026-04-06 19:30:00
R-123,Badminton Court,2026-04-05 22:19:51,2026-04-06 07:00:00
R-151,Badminton Court,2026-04-05 22:41:35,2026-04-06 06:45:00
R-158,Swimming Pool,2026-04-05 22:51:20,2026-04-06 11:30:00
R-153,Clubhouse,2026-04-05 23:01:01,2026-04-06 17:00:00
R-180,Badminton Court,2026-04-05 23:18:21,2026-04-06 19:30:00
R-206,Gym,2026-04-06 00:43:07,2026-04-06 13:45:00
R-147,Badminton Court,2026-04-06 00:53:11,2026-04-06 18:00:00
R-213,Badminton Court,2026-04-06 01:32:07,2026-04-07 19:00:00
R-117,Tennis Court,2026-04-06 01:45:59,2026-04-06 06:15:00
R-118,Gym,2026-04-06 01:50:00,2026-04-06 18:45:00
R-103,Clubhouse,2026-04-06 01:53:28,2026-04-06 11:00:00
R-175,Tennis Court,2026-04-06 02:13:26,2026-04-07 17:00:00
R-184,Swimming Pool,2026-04-06 02:25:08,2026-04-06 19:15:00
R-176,Gym,2026-04-06 03:09:08,2026-04-06 10:45:00
R-218,Clubhouse,2026-04-06 04:06:13,2026-04-06 11:45:00
R-115,Badminton Court,2026-04-06 05:09:40,2026-04-07 18:00:00
R-106,Badminton Court,2026-04-06 06:48:15,2026-04-07 19:15:00
R-180,Badminton Court,2026-04-06 06:50:00,2026-04-07 20:30:00
R-194,Clubhouse,2026-04-06 07:46:26,2026-04-06 19:00:00
R-154,Swimming Pool,2026-04-06 08:32:52,2026-04-07 18:30:00
R-177,Tennis Court,2026-04-06 09:06:16,2026-04-07 18:15:00
R-179,Clubhouse,2026-04-06 09:30:34,2026-04-06 15:45:00
R-191,Badminton Court,2026-04-06 10:19:17,2026-04-06 17:45:00
R-120,Gym,2026-04-06 10:55:32,2026-04-07 19:30:00
R-105,Badminton Court,2026-04-06 11:46:11,2026-04-07 19:30:00
R-158,Gym,2026-04-06 12:14:40,2026-04-07 08:30:00
R-107,Badminton Court,2026-04-06 12:21:59,2026-04-07 18:15:00
R-146,Clubhouse,2026-04-06 13:06:18,2026-04-08 17:15:00
R-208,Swimming Pool,2026-04-06 13:35:39,2026-04-07 06:30:00
R-203,Swimming Pool,2026-04-06 14:05:24,2026-04-07 19:00:00
R-152,Gym,2026-04-06 14:06:40,2026-04-07 06:15:00
R-168,Gym,2026-04-06 14:53:01,2026-04-07 08:30:00
R-144,Gym,2026-04-06 15:28:59,2026-04-07 06:15:00
R-192,Badminton Court,2026-04-06 15:39:41,2026-04-07 08:45:00
R-212,Badminton Court,2026-04-06 15:41:42,2026-04-07 07:00:00
R-122,Clubhouse,2026-04-06 16:06:53,2026-04-07 18:00:00
R-195,Badminton Court,2026-04-06 16:13:41,2026-04-07 18:15:00
R-172,Gym,2026-04-06 16:36:29,2026-04-07 08:00:00
R-147,Gym,2026-04-06 16:52:49,2026-04-07 06:00:00
R-170,Badminton Court,2026-04-06 17:13:19,2026-04-07 18:15:00
R-135,Gym,2026-04-06 17:24:28,2026-04-07 08:45:00
R-118,Gym,2026-04-06 17:26:04,2026-04-07 07:15:00
R-206,Gym,2026-04-06 17:37:47,2026-04-07 09:30:00
R-178,Swimming Pool,2026-04-06 18:08:38,2026-04-07 08:15:00
R-137,Clubhouse,2026-04-06 18:15:38,2026-04-07 10:15:00
R-112,Clubhouse,2026-04-06 18:48:18,2026-04-07 19:30:00
R-116,Gym,2026-04-06 18:56:40,2026-04-07 06:45:00
R-145,Gym,2026-04-06 19:09:49,2026-04-07 07:30:00
R-196,Badminton Court,2026-04-06 19:12:30,2026-04-07 20:15:00
R-103,Clubhouse,2026-04-06 19:21:37,2026-04-07 11:00:00
R-101,Badminton Court,2026-04-06 19:29:05,2026-04-07 06:15:00
R-174,Gym,2026-04-06 19:37:10,2026-04-07 08:00:00
R-173,Badminton Court,2026-04-06 19:39:03,2026-04-08 09:00:00
R-167,Gym,2026-04-06 20:15:12,2026-04-07 06:45:00
R-109,Gym,2026-04-06 20:39:02,2026-04-07 07:30:00
R-110,Gym,2026-04-06 21:29:25,2026-04-07 08:15:00
R-156,Gym,2026-04-06 21:30:57,2026-04-07 08:15:00
R-217,Badminton Court,2026-04-06 21:40:16,2026-04-07 19:00:00
R-166,Badminton Court,2026-04-06 22:03:07,2026-04-07 08:45:00
R-142,Swimming Pool,2026-04-06 22:08:44,2026-04-07 20:30:00
R-123,Gym,2026-04-06 22:35:37,2026-04-07 08:00:00
R-136,Tennis Court,2026-04-06 22:41:15,2026-04-07 19:45:00
R-186,Clubhouse,2026-04-06 23:10:34,2026-04-07 17:00:00
R-113,Gym,2026-04-06 23:21:15,2026-04-07 08:00:00
R-204,Clubhouse,2026-04-06 23:41:20,2026-04-07 08:30:00
R-203,Gym,2026-04-07 02:11:01,2026-04-08 08:45:00
R-143,Swimming Pool,2026-04-07 02:44:03,2026-04-07 11:15:00
R-207,Badminton Court,2026-04-07 02:52:44,2026-04-07 18:30:00
R-128,Swimming Pool,2026-04-07 03:23:16,2026-04-07 11:45:00
R-189,Gym,2026-04-07 03:25:36,2026-04-07 17:45:00
R-141,Tennis Court,2026-04-07 03:43:44,2026-04-07 20:00:00
R-185,Clubhouse,2026-04-07 03:56:50,2026-04-07 10:00:00
R-125,Gym,2026-04-07 04:15:35,2026-04-08 18:00:00
R-198,Tennis Court,2026-04-07 06:50:35,2026-04-08 17:15:00
R-195,Badminton Court,2026-04-07 08:11:50,2026-04-08 20:45:00
R-127,Badminton Court,2026-04-07 08:15:54,2026-04-07 17:45:00
R-191,Badminton Court,2026-04-07 08:46:14,2026-04-07 19:30:00
R-213,Badminton Court,2026-04-07 09:35:14,2026-04-08 18:30:00
R-197,Tennis Court,2026-04-07 10:42:29,2026-04-08 17:30:00
R-116,Gym,2026-04-07 11:48:45,2026-04-08 06:45:00
R-206,Swimming Pool,2026-04-07 12:08:14,2026-04-08 08:15:00
R-113,Tennis Court,2026-04-07 12:29:20,2026-04-08 06:15:00
R-120,Badminton Court,2026-04-07 12:56:00,2026-04-08 20:30:00
R-170,Badminton Court,2026-04-07 13:46:29,2026-04-08 18:45:00
R-217,Badminton Court,2026-04-07 13:59:40,2026-04-08 20:30:00
R-159,Gym,2026-04-07 14:28:30,2026-04-08 08:30:00
R-141,Badminton Court,2026-04-07 15:01:57,2026-04-08 19:15:00
R-136,Swimming Pool,2026-04-07 15:02:59,2026-04-08 20:00:00
R-175,Tennis Court,2026-04-07 15:14:23,2026-04-09 08:15:00
R-134,Swimming Pool,2026-04-07 15:24:36,2026-04-07 19:45:00
R-165,Badminton Court,2026-04-07 15:25:50,2026-04-08 19:45:00
R-154,Tennis Court,2026-04-07 15:29:51,2026-04-09 07:45:00
R-130,Swimming Pool,2026-04-07 15:36:12,2026-04-09 08:15:00
R-212,Gym,2026-04-07 16:09:18,2026-04-08 06:45:00
R-131,Badminton Court,2026-04-07 16:17:29,2026-04-08 20:45:00
R-196,Gym,2026-04-07 16:45:56,2026-04-08 20:45:00
R-207,Badminton Court,2026-04-07 16:50:15,2026-04-08 20:00:00
R-109,Gym,2026-04-07 17:40:16,2026-04-08 06:15:00
R-155,Clubhouse,2026-04-07 18:06:54,2026-04-08 20:00:00
R-172,Gym,2026-04-07 18:07:50,2026-04-08 07:00:00
R-144,Badminton Court,2026-04-07 18:18:58,2026-04-08 07:45:00
R-147,Gym,2026-04-07 18:25:02,2026-04-08 09:45:00
R-145,Badminton Court,2026-04-07 18:30:00,2026-04-08 06:30:00
R-161,Gym,2026-04-07 18:34:22,2026-04-08 07:30:00
R-123,Gym,2026-04-07 18:39:20,2026-04-08 08:00:00
R-105,Badminton Court,2026-04-07 19:14:49,2026-04-08 20:00:00
R-156,Swimming Pool,2026-04-07 19:16:07,2026-04-08 07:15:00
R-167,Gym,2026-04-07 19:20:39,2026-04-08 08:45:00
R-135,Gym,2026-04-07 19:26:38,2026-04-08 08:45:00
R-118,Badminton Court,2026-04-07 19:50:02,2026-04-08 08:45:00
R-129,Swimming Pool,2026-04-07 20:03:40,2026-04-08 15:00:00
R-101,Gym,2026-04-07 20:51:54,2026-04-08 07:00:00
R-197,Tennis Court,2026-04-07 21:10:37,2026-04-09 18:00:00
R-106,Badminton Court,2026-04-07 21:56:14,2026-04-08 18:15:00
R-215,Tennis Court,2026-04-07 21:59:11,2026-04-08 11:00:00
R-204,Clubhouse,2026-04-07 22:53:13,2026-04-08 08:30:00
R-110,Badminton Court,2026-04-07 23:50:11,2026-04-08 07:30:00
R-189,Gym,2026-04-07 23:58:37,2026-04-08 06:45:00
R-208,Gym,2026-04-08 00:27:00,2026-04-08 19:45:00
R-108,Clubhouse,2026-04-08 00:35:48,2026-04-08 11:15:00
R-180,Tennis Court,2026-04-08 00:47:26,2026-04-08 18:15:00
R-152,Gym,2026-04-08 00:50:24,2026-04-08 20:15:00
R-112,Badminton Court,2026-04-08 02:29:13,2026-04-08 18:30:00
R-157,Tennis Court,2026-04-08 02:55:07,2026-04-09 18:45:00
R-111,Gym,2026-04-08 03:54:51,2026-04-08 17:00:00
R-188,Gym,2026-04-08 04:00:24,2026-04-08 17:00:00
R-198,Swimming Pool,2026-04-08 05:29:07,2026-04-09 18:15:00
R-213,Badminton Court,2026-04-08 05:41:34,2026-04-09 19:15:00
R-184,Gym,2026-04-08 05:53:59,2026-04-08 17:45:00
R-134,Swimming Pool,2026-04-08 06:15:30,2026-04-08 13:30:00
R-168,Badminton Court,2026-04-08 06:51:07,2026-04-08 20:45:00
R-103,Clubhouse,2026-04-08 07:27:33,2026-04-08 19:15:00
R-195,Badminton Court,2026-04-08 07:41:00,2026-04-09 20:45:00
R-203,Badminton Court,2026-04-08 09:07:04,2026-04-09 18:45:00
R-100,Clubhouse,2026-04-08 09:15:42,2026-04-08 17:15:00
R-189,Badminton Court,2026-04-08 10:40:55,2026-04-09 06:15:00
R-120,Gym,2026-04-08 10:47:50,2026-04-09 18:00:00
R-125,Badminton Court,2026-04-08 10:49:00,2026-04-09 20:45:00
R-165,Tennis Court,2026-04-08 11:02:53,2026-04-09 20:15:00
R-119,Badminton Court,2026-04-08 11:59:57,2026-04-09 14:15:00
R-185,Gym,2026-04-08 12:23:05,2026-04-08 17:30:00
R-172,Badminton Court,2026-04-08 12:58:56,2026-04-09 08:00:00
R-129,Clubhouse,2026-04-08 14:04:05,2026-04-09 15:15:00
R-207,Badminton Court,2026-04-08 14:26:12,2026-04-09 11:15:00
R-152,Gym,2026-04-08 14:47:29,2026-04-09 07:00:00
R-219,Tennis Court,2026-04-08 15:00:34,2026-04-09 12:15:00
R-141,Tennis Court,2026-04-08 15:04:40,2026-04-09 21:45:00
R-121,Clubhouse,2026-04-08 15:18:37,2026-04-09 15:45:00
R-206,Gym,2026-04-08 15:50:58,2026-04-09 08:45:00
R-135,Gym,2026-04-08 15:56:46,2026-04-09 06:45:00
R-212,Clubhouse,2026-04-08 15:57:59,2026-04-09 07:15:00
R-167,Gym,2026-04-08 16:06:54,2026-04-09 08:45:00
R-190,Clubhouse,2026-04-08 16:34:50,2026-04-09 15:30:00
R-145,Gym,2026-04-08 16:45:51,2026-04-09 06:15:00
R-217,Tennis Court,2026-04-08 16:49:57,2026-04-09 18:00:00
R-142,Badminton Court,2026-04-08 16:57:15,2026-04-09 20:30:00
R-144,Gym,2026-04-08 16:57:59,2026-04-09 07:00:00
R-130,Tennis Court,2026-04-08 17:04:42,2026-04-11 08:30:00
R-131,Badminton Court,2026-04-08 17:20:07,2026-04-09 18:45:00
R-113,Tennis Court,2026-04-08 17:24:58,2026-04-09 06:00:00
R-101,Gym,2026-04-08 17:36:00,2026-04-09 07:30:00
R-208,Gym,2026-04-08 17:36:04,2026-04-09 07:00:00
R-109,Gym,2026-04-08 17:36:37,2026-04-09 07:00:00
R-102,Gym,2026-04-08 17:54:14,2026-04-09 06:30:00
R-106,Badminton Court,2026-04-08 18:14:09,2026-04-09 19:15:00
R-118,Swimming Pool,2026-04-08 18:22:22,2026-04-09 08:45:00
R-196,Badminton Court,2026-04-08 18:51:41,2026-04-09 19:30:00
R-158,Gym,2026-04-08 18:55:58,2026-04-09 08:30:00
R-153,Tennis Court,2026-04-08 19:21:48,2026-04-09 08:30:00
R-123,Gym,2026-04-08 19:22:32,2026-04-09 07:45:00
R-107,Swimming Pool,2026-04-08 20:24:46,2026-04-09 18:30:00
R-174,Clubhouse,2026-04-08 20:53:48,2026-04-09 08:30:00
R-169,Swimming Pool,2026-04-08 21:23:22,2026-04-09 11:00:00
R-116,Badminton Court,2026-04-08 21:32:07,2026-04-09 07:15:00
R-191,Badminton Court,2026-04-08 22:03:20,2026-04-09 08:45:00
R-186,Swimming Pool,2026-04-08 22:26:05,2026-04-09 11:15:00
R-147,Gym,2026-04-08 22:32:58,2026-04-09 07:00:00
R-103,Badminton Court,2026-04-09 00:20:43,2026-04-09 10:00:00
R-105,Badminton Court,2026-04-09 00:23:08,2026-04-09 20:00:00
R-184,Badminton Court,2026-04-09 00:31:23,2026-04-09 11:00:00
R-200,Swimming Pool,2026-04-09 01:17:19,2026-04-09 11:00:00
R-170,Gym,2026-04-09 01:44:49,2026-04-09 21:00:00
R-180,Badminton Court,2026-04-09 02:00:28,2026-04-09 17:00:00
R-192,Badminton Court,2026-04-09 02:26:40,2026-04-09 20:00:00
R-156,Gym,2026-04-09 03:41:36,2026-04-09 17:15:00
R-141,Gym,2026-04-09 04:53:22,2026-04-10 18:45:00
R-168,Badminton Court,2026-04-09 04:54:59,2026-04-09 17:45:00
R-107,Badminton Court,2026-04-09 04:59:26,2026-04-10 10:00:00
R-217,Badminton Court,2026-04-09 05:04:39,2026-04-10 19:45:00
R-173,Tennis Court,2026-04-09 05:16:03,2026-04-09 20:15:00
R-111,Swimming Pool,2026-04-09 05:49:26,2026-04-09 19:30:00
R-164,Swimming Pool,2026-04-09 07:13:05,2026-04-10 14:00:00
R-143,Swimming Pool,2026-04-09 07:59:10,2026-04-09 15:15:00
R-125,Badminton Court,2026-04-09 09:00:32,2026-04-10 18:45:00
R-157,Tennis Court,2026-04-09 09:20:13,2026-04-11 07:45:00
R-117,Gym,2026-04-09 09:37:28,2026-04-09 20:30:00
R-183,Badminton Court,2026-04-09 09:44:08,2026-04-10 19:15:00
R-152,Gym,2026-04-09 10:13:13,2026-04-10 07:15:00
R-213,Badminton Court,2026-04-09 10:29:59,2026-04-10 20:30:00
R-189,Gym,2026-04-09 10:46:06,2026-04-10 08:15:00
R-131,Badminton Court,2026-04-09 11:01:04,2026-04-10 20:30:00
R-104,Tennis Court,2026-04-09 11:34:04,2026-04-09 17:45:00
R-140,Swimming Pool,2026-04-09 11:35:48,2026-04-09 16:00:00
R-216,Clubhouse,2026-04-09 12:10:32,2026-04-09 17:00:00
R-117,Badminton Court,2026-04-09 13:19:24,2026-04-10 07:00:00
R-105,Badminton Court,2026-04-09 13:57:21,2026-04-10 18:15:00
R-215,Clubhouse,2026-04-09 14:46:59,2026-04-09 21:15:00
R-159,Swimming Pool,2026-04-09 14:47:48,2026-04-10 17:45:00
R-109,Gym,2026-04-09 14:57:28,2026-04-10 08:00:00
R-120,Badminton Court,2026-04-09 15:03:49,2026-04-10 18:00:00
R-203,Gym,2026-04-09 15:22:55,2026-04-10 18:15:00
R-168,Gym,2026-04-09 15:34:56,2026-04-10 07:00:00
R-116,Gym,2026-04-09 15:46:23,2026-04-10 07:00:00
R-206,Gym,2026-04-09 15:46:41,2026-04-10 06:00:00
R-145,Clubhouse,2026-04-09 15:48:16,2026-04-10 07:45:00
R-142,Badminton Court,2026-04-09 16:22:48,2026-04-10 19:30:00
R-118,Gym,2026-04-09 16:23:07,2026-04-10 07:00:00
R-101,Badminton Court,2026-04-09 16:43:46,2026-04-10 08:30:00
R-158,Gym,2026-04-09 16:45:02,2026-04-10 08:45:00
R-165,Gym,2026-04-09 17:09:53,2026-04-10 18:30:00
R-114,Badminton Court,2026-04-09 17:23:35,2026-04-10 15:15:00
R-207,Badminton Court,2026-04-09 17:25:18,2026-04-10 19:15:00
R-156,Gym,2026-04-09 18:10:30,2026-04-10 07:00:00
R-190,Tennis Court,2026-04-09 18:13:03,2026-04-10 19:15:00
R-208,Badminton Court,2026-04-09 18:25:39,2026-04-10 06:30:00
R-162,Clubhouse,2026-04-09 18:28:59,2026-04-10 15:00:00
R-135,Clubhouse,2026-04-09 18:29:27,2026-04-10 06:30:00
R-106,Badminton Court,2026-04-09 18:36:08,2026-04-10 19:00:00
R-167,Gym,2026-04-09 18:57:49,2026-04-10 07:00:00
R-212,Gym,2026-04-09 19:00:52,2026-04-10 08:30:00
R-172,Gym,2026-04-09 19:08:36,2026-04-10 08:30:00
R-102,Gym,2026-04-09 20:12:44,2026-04-10 08:45:00
R-150,Clubhouse,2026-04-09 20:54:07,2026-04-10 14:45:00
R-173,Badminton Court,2026-04-09 21:01:05,2026-04-10 20:00:00
R-193,Clubhouse,2026-04-09 21:24:35,2026-04-10 19:00:00
R-113,Gym,2026-04-09 21:59:24,2026-04-10 06:00:00
R-153,Swimming Pool,2026-04-09 22:13:25,2026-04-10 08:30:00
R-123,Gym,2026-04-09 22:35:23,2026-04-10 07:15:00
R-198,Tennis Court,2026-04-09 23:18:55,2026-04-11 17:00:00
R-100,Gym,2026-04-09 23:19:01,2026-04-10 11:00:00
R-129,Swimming Pool,2026-04-10 00:00:28,2026-04-10 18:30:00
R-196,Tennis Court,2026-04-10 00:30:39,2026-04-10 18:45:00
R-195,Badminton Court,2026-04-10 00:33:55,2026-04-10 19:00:00
R-124,Clubhouse,2026-04-10 00:59:05,2026-04-10 18:00:00
R-144,Gym,2026-04-10 01:26:13,2026-04-10 08:15:00
R-169,Swimming Pool,2026-04-10 01:32:11,2026-04-10 11:00:00
R-219,Badminton Court,2026-04-10 02:00:12,2026-04-11 08:00:00
R-161,Clubhouse,2026-04-10 03:35:23,2026-04-10 17:00:00
R-132,Tennis Court,2026-04-10 03:52:50,2026-04-11 18:45:00
R-175,Tennis Court,2026-04-10 04:11:11,2026-04-12 17:15:00
R-164,Clubhouse,2026-04-10 04:14:29,2026-04-11 07:30:00
R-166,Gym,2026-04-10 06:07:40,2026-04-10 17:00:00
R-130,Badminton Court,2026-04-10 06:09:33,2026-04-12 15:30:00
R-147,Gym,2026-04-10 06:17:34,2026-04-10 19:30:00
R-127,Tennis Court,2026-04-10 06:54:11,2026-04-10 17:30:00
R-112,Clubhouse,2026-04-10 07:11:52,2026-04-10 20:00:00
R-119,Swimming Pool,2026-04-10 07:44:02,2026-04-11 18:45:00
R-211,Swimming Pool,2026-04-10 10:05:17,2026-04-10 15:00:00
R-213,Badminton Court,2026-04-10 11:01:12,2026-04-11 20:15:00
R-128,Swimming Pool,2026-04-10 11:07:06,2026-04-10 19:15:00
R-218,Swimming Pool,2026-04-10 11:16:47,2026-04-10 19:00:00
R-143,Tennis Court,2026-04-10 11:41:28,2026-04-10 16:45:00
R-174,Gym,2026-04-10 12:43:54,2026-04-11 07:00:00
R-158,Gym,2026-04-10 13:55:57,2026-04-11 08:30:00
R-210,Tennis Court,2026-04-10 14:11:41,2026-04-12 18:00:00
R-206,Gym,2026-04-10 15:17:08,2026-04-11 08:45:00
R-127,Clubhouse,2026-04-10 15:47:42,2026-04-11 11:00:00
R-162,Clubhouse,2026-04-10 16:13:32,2026-04-11 18:45:00
R-212,Gym,2026-04-10 16:46:09,2026-04-11 06:15:00
R-208,Gym,2026-04-10 16:46:48,2026-04-11 08:45:00
R-147,Gym,2026-04-10 17:01:37,2026-04-11 07:15:00
R-215,Badminton Court,2026-04-10 17:10:33,2026-04-11 07:30:00
R-111,Tennis Court,2026-04-10 18:05:40,2026-04-11 07:00:00
R-122,Badminton Court,2026-04-10 18:19:30,2026-04-11 15:15:00
R-170,Badminton Court,2026-04-10 18:20:44,2026-04-11 19:30:00
R-100,Clubhouse,2026-04-10 19:00:09,2026-04-11 08:30:00
R-153,Clubhouse,2026-04-10 19:37:46,2026-04-11 11:00:00
R-191,Gym,2026-04-10 19:56:37,2026-04-11 07:15:00
R-172,Gym,2026-04-10 21:00:32,2026-04-11 07:30:00
R-155,Clubhouse,2026-04-10 21:06:54,2026-04-11 20:30:00
R-166,Gym,2026-04-10 21:13:15,2026-04-11 07:45:00
R-106,Badminton Court,2026-04-10 21:44:31,2026-04-11 20:00:00
R-190,Clubhouse,2026-04-10 22:04:56,2026-04-11 15:45:00
R-186,Tennis Court,2026-04-10 22:13:28,2026-04-11 08:15:00
R-214,Badminton Court,2026-04-10 22:51:22,2026-04-11 20:00:00
R-193,Clubhouse,2026-04-10 23:10:54,2026-04-11 20:00:00
R-150,Clubhouse,2026-04-10 23:53:38,2026-04-11 19:45:00
R-129,Clubhouse,2026-04-11 00:03:57,2026-04-11 15:45:00
R-110,Swimming Pool,2026-04-11 00:08:37,2026-04-11 11:00:00
R-116,Gym,2026-04-11 00:23:25,2026-04-11 08:00:00
R-102,Gym,2026-04-11 00:25:18,2026-04-11 08:30:00
R-154,Tennis Court,2026-04-11 01:08:54,2026-04-12 07:00:00
R-218,Swimming Pool,2026-04-11 01:36:20,2026-04-11 17:00:00
R-216,Badminton Court,2026-04-11 01:46:13,2026-04-11 10:00:00
R-133,Swimming Pool,2026-04-11 02:27:37,2026-04-11 19:00:00
R-103,Swimming Pool,2026-04-11 02:51:46,2026-04-11 17:15:00
R-132,Clubhouse,2026-04-11 02:54:47,2026-04-12 07:30:00
R-137,Tennis Court,2026-04-11 03:28:12,2026-04-11 11:15:00
R-196,Badminton Court,2026-04-11 03:45:53,2026-04-12 19:30:00
R-182,Swimming Pool,2026-04-11 04:02:10,2026-04-11 11:30:00
R-134,Gym,2026-04-11 04:51:08,2026-04-11 10:45:00
R-143,Swimming Pool,2026-04-11 05:06:11,2026-04-11 11:30:00
R-163,Clubhouse,2026-04-11 05:32:50,2026-04-11 11:45:00
R-176,Tennis Court,2026-04-11 07:31:25,2026-04-11 16:00:00
R-185,Swimming Pool,2026-04-11 08:15:07,2026-04-11 11:45:00
R-149,Swimming Pool,2026-04-11 08:44:49,2026-04-11 15:30:00
R-171,Swimming Pool,2026-04-11 09:10:12,2026-04-11 15:00:00
R-199,Swimming Pool,2026-04-11 10:02:02,2026-04-11 16:00:00
R-139,Swimming Pool,2026-04-11 10:39:59,2026-04-11 15:45:00
R-106,Clubhouse,2026-04-11 10:51:42,2026-04-12 18:00:00
R-140,Swimming Pool,2026-04-11 11:21:39,2026-04-11 17:00:00
R-198,Tennis Court,2026-04-11 11:36:16,2026-04-13 18:45:00
R-133,Tennis Court,2026-04-11 12:28:01,2026-04-12 14:15:00
R-104,Clubhouse,2026-04-11 12:30:11,2026-04-11 17:45:00
R-203,Clubhouse,2026-04-11 14:29:16,2026-04-12 19:45:00
R-195,Tennis Court,2026-04-11 14:53:56,2026-04-12 20:15:00
R-170,Tennis Court,2026-04-11 15:08:02,2026-04-12 20:45:00
R-189,Gym,2026-04-11 15:28:37,2026-04-12 06:00:00
R-131,Badminton Court,2026-04-11 16:43:57,2026-04-12 20:45:00
R-122,Swimming Pool,2026-04-11 17:18:40,2026-04-12 14:30:00
R-147,Gym,2026-04-11 17:19:43,2026-04-12 08:45:00
R-162,Clubhouse,2026-04-11 17:50:23,2026-04-12 15:15:00
R-218,Clubhouse,2026-04-11 18:03:08,2026-04-12 07:15:00
R-128,Clubhouse,2026-04-11 19:51:51,2026-04-12 07:30:00
R-191,Badminton Court,2026-04-11 20:07:30,2026-04-12 08:30:00
R-124,Clubhouse,2026-04-11 20:28:38,2026-04-12 18:45:00
R-202,Badminton Court,2026-04-11 20:34:24,2026-04-12 18:15:00
R-111,Swimming Pool,2026-04-11 20:50:33,2026-04-12 10:00:00
R-129,Swimming Pool,2026-04-11 20:59:17,2026-04-12 18:45:00
R-192,Badminton Court,2026-04-11 22:42:50,2026-04-12 18:15:00
R-213,Clubhouse,2026-04-11 23:10:50,2026-04-12 18:00:00
R-178,Swimming Pool,2026-04-11 23:12:43,2026-04-12 19:30:00
R-127,Clubhouse,2026-04-11 23:41:07,2026-04-12 08:00:00
R-110,Gym,2026-04-11 23:42:41,2026-04-12 07:45:00
R-183,Tennis Court,2026-04-12 00:25:29,2026-04-12 20:30:00
R-125,Swimming Pool,2026-04-12 00:50:28,2026-04-13 20:00:00
R-212,Gym,2026-04-12 00:52:15,2026-04-12 17:45:00
R-112,Clubhouse,2026-04-12 01:22:23,2026-04-12 19:45:00
R-179,Swimming Pool,2026-04-12 02:01:08,2026-04-12 09:00:00
R-182,Clubhouse,2026-04-12 02:42:09,2026-04-12 10:00:00
R-159,Tennis Court,2026-04-12 02:55:23,2026-04-12 20:30:00
R-164,Badminton Court,2026-04-12 03:12:57,2026-04-12 15:00:00
R-163,Swimming Pool,2026-04-12 04:26:40,2026-04-12 10:00:00
R-176,Swimming Pool,2026-04-12 04:27:28,2026-04-12 10:30:00
R-115,Swimming Pool,2026-04-12 04:34:18,2026-04-13 17:45:00
R-104,Swimming Pool,2026-04-12 04:50:51,2026-04-12 10:45:00
R-184,Badminton Court,2026-04-12 04:51:16,2026-04-12 17:15:00
R-181,Swimming Pool,2026-04-12 05:22:45,2026-04-12 10:15:00
R-141,Badminton Court,2026-04-12 05:40:12,2026-04-13 08:00:00
R-173,Badminton Court,2026-04-12 06:32:27,2026-04-13 20:45:00
R-148,Swimming Pool,2026-04-12 06:41:25,2026-04-12 10:30:00
R-161,Badminton Court,2026-04-12 07:19:11,2026-04-12 19:45:00
R-204,Tennis Court,2026-04-12 08:37:06,2026-04-12 17:45:00
R-199,Swimming Pool,2026-04-12 08:45:57,2026-04-12 16:00:00
R-143,Tennis Court,2026-04-12 08:51:55,2026-04-12 16:15:00
R-166,Swimming Pool,2026-04-12 09:10:14,2026-04-12 17:15:00
R-151,Tennis Court,2026-04-12 09:10:37,2026-04-12 15:00:00
R-140,Swimming Pool,2026-04-12 09:12:55,2026-04-12 15:00:00
R-134,Badminton Court,2026-04-12 09:42:48,2026-04-12 17:45:00
R-131,Badminton Court,2026-04-12 09:59:30,2026-04-13 07:00:00
R-203,Gym,2026-04-12 10:27:17,2026-04-13 13:30:00
R-216,Badminton Court,2026-04-12 10:37:59,2026-04-12 14:15:00
R-149,Clubhouse,2026-04-12 10:58:05,2026-04-12 17:15:00
R-211,Swimming Pool,2026-04-12 10:59:42,2026-04-12 17:45:00
R-168,Clubhouse,2026-04-12 11:00:09,2026-04-13 06:15:00
R-158,Gym,2026-04-12 11:03:13,2026-04-13 06:30:00
R-209,Swimming Pool,2026-04-12 11:11:13,2026-04-12 17:45:00
R-183,Gym,2026-04-12 11:14:15,2026-04-13 18:15:00
R-205,Swimming Pool,2026-04-12 11:34:38,2026-04-12 17:30:00
R-192,Badminton Court,2026-04-12 12:06:58,2026-04-13 19:15:00
R-208,Clubhouse,2026-04-12 12:09:35,2026-04-13 06:00:00
R-210,Tennis Court,2026-04-12 12:59:28,2026-04-14 17:30:00
R-165,Badminton Court,2026-04-12 13:16:22,2026-04-13 19:00:00
R-212,Badminton Court,2026-04-12 13:40:01,2026-04-13 08:30:00
R-145,Gym,2026-04-12 14:50:46,2026-04-13 07:15:00
R-102,Badminton Court,2026-04-12 14:51:20,2026-04-13 07:30:00
R-172,Clubhouse,2026-04-12 14:52:22,2026-04-13 07:45:00
R-105,Swimming Pool,2026-04-12 15:28:31,2026-04-13 19:30:00
R-118,Badminton Court,2026-04-12 15:40:16,2026-04-13 07:30:00
R-207,Badminton Court,2026-04-12 15:53:30,2026-04-13 18:00:00
R-138,Tennis Court,2026-04-12 16:01:34,2026-04-14 08:00:00
R-201,Swimming Pool,2026-04-12 16:15:09,2026-04-13 07:00:00
R-180,Badminton Court,2026-04-12 16:16:08,2026-04-13 20:00:00
R-108,Badminton Court,2026-04-12 16:33:33,2026-04-13 06:45:00
R-107,Clubhouse,2026-04-12 16:47:28,2026-04-13 19:15:00
R-144,Gym,2026-04-12 17:06:00,2026-04-13 09:30:00
R-174,Gym,2026-04-12 17:12:54,2026-04-13 07:30:00
R-127,Tennis Court,2026-04-12 17:35:10,2026-04-13 08:45:00
R-206,Gym,2026-04-12 18:03:07,2026-04-13 06:30:00
R-195,Swimming Pool,2026-04-12 18:35:54,2026-04-13 20:15:00
R-147,Badminton Court,2026-04-12 18:44:46,2026-04-13 06:30:00
R-109,Swimming Pool,2026-04-12 18:47:58,2026-04-13 07:30:00
R-217,Badminton Court,2026-04-12 18:52:51,2026-04-13 20:00:00
R-113,Clubhouse,2026-04-12 19:34:22,2026-04-13 06:45:00
R-142,Tennis Court,2026-04-12 19:47:50,2026-04-13 18:00:00
R-188,Gym,2026-04-12 19:53:57,2026-04-13 08:00:00
R-135,Gym,2026-04-12 19:54:54,2026-04-13 08:00:00
R-186,Swimming Pool,2026-04-12 20:16:05,2026-04-13 11:15:00
R-117,Gym,2026-04-12 20:23:17,2026-04-13 06:45:00
R-198,Tennis Court,2026-04-12 20:33:26,2026-04-14 07:15:00
R-101,Gym,2026-04-12 20:37:21,2026-04-13 08:45:00
R-119,Clubhouse,2026-04-12 21:04:19,2026-04-13 20:30:00
R-137,Gym,2026-04-12 21:32:34,2026-04-13 08:15:00
R-123,Gym,2026-04-12 21:36:05,2026-04-13 08:45:00
R-156,Gym,2026-04-12 21:51:14,2026-04-13 08:00:00
R-120,Badminton Court,2026-04-12 21:52:53,2026-04-13 18:45:00
R-167,Badminton Court,2026-04-12 21:57:31,2026-04-13 07:45:00
R-189,Gym,2026-04-12 22:41:49,2026-04-13 08:30:00
R-218,Badminton Court,2026-04-12 22:53:34,2026-04-13 08:45:00
R-146,Tennis Court,2026-04-12 23:20:17,2026-04-14 07:15:00
R-136,Badminton Court,2026-04-12 23:45:34,2026-04-13 19:00:00
R-100,Swimming Pool,2026-04-12 23:47:14,2026-04-13 08:45:00
R-116,Gym,2026-04-13 02:26:59,2026-04-13 07:45:00
R-136,Badminton Court,2026-04-13 02:53:21,2026-04-14 19:30:00
R-115,Tennis Court,2026-04-13 03:02:29,2026-04-14 18:15:00
R-173,Badminton Court,2026-04-13 04:01:48,2026-04-14 19:45:00
R-149,Tennis Court,2026-04-13 05:25:30,2026-04-13 10:30:00
R-187,Gym,2026-04-13 06:02:08,2026-04-13 17:30:00
R-134,Badminton Court,2026-04-13 06:05:00,2026-04-13 10:15:00
R-175,Tennis Court,2026-04-13 06:33:47,2026-04-14 12:15:00
R-180,Badminton Court,2026-04-13 06:56:02,2026-04-14 08:45:00
R-204,Clubhouse,2026-04-13 07:50:05,2026-04-13 17:30:00
R-157,Tennis Court,2026-04-13 07:59:07,2026-04-14 17:45:00
R-194,Badminton Court,2026-04-13 08:10:14,2026-04-13 19:45:00
R-207,Badminton Court,2026-04-13 08:40:54,2026-04-14 08:30:00
R-217,Badminton Court,2026-04-13 08:47:47,2026-04-14 19:15:00
R-196,Badminton Court,2026-04-13 09:23:09,2026-04-14 19:15:00
R-107,Badminton Court,2026-04-13 09:33:16,2026-04-14 19:15:00
R-192,Badminton Court,2026-04-13 09:50:15,2026-04-14 19:15:00
R-101,Gym,2026-04-13 09:52:44,2026-04-14 06:45:00
R-104,Swimming Pool,2026-04-13 09:56:10,2026-04-13 16:15:00
R-165,Badminton Court,2026-04-13 10:44:31,2026-04-14 18:15:00
R-171,Badminton Court,2026-04-13 10:51:18,2026-04-13 16:15:00
R-182,Swimming Pool,2026-04-13 10:52:29,2026-04-13 17:15:00
R-105,Badminton Court,2026-04-13 11:58:01,2026-04-14 19:00:00
R-158,Tennis Court,2026-04-13 12:41:16,2026-04-14 08:15:00
R-206,Gym,2026-04-13 14:49:34,2026-04-14 08:45:00
R-103,Clubhouse,2026-04-13 15:32:23,2026-04-14 07:45:00
R-125,Badminton Court,2026-04-13 15:49:50,2026-04-14 20:15:00
R-102,Gym,2026-04-13 16:05:08,2026-04-14 07:15:00
R-172,Gym,2026-04-13 16:23:12,2026-04-14 08:30:00
R-147,Gym,2026-04-13 16:37:42,2026-04-14 08:00:00
R-142,Badminton Court,2026-04-13 16:53:11,2026-04-14 19:30:00
R-167,Gym,2026-04-13 17:16:41,2026-04-14 07:30:00
R-118,Badminton Court,2026-04-13 17:34:16,2026-04-14 08:30:00
R-113,Gym,2026-04-13 17:50:07,2026-04-14 08:00:00
R-117,Gym,2026-04-13 17:55:33,2026-04-14 08:30:00
R-106,Badminton Court,2026-04-13 18:07:05,2026-04-14 20:30:00
R-135,Gym,2026-04-13 18:14:09,2026-04-14 06:15:00
R-116,Gym,2026-04-13 18:18:37,2026-04-14 08:00:00
R-208,Gym,2026-04-13 18:21:48,2026-04-14 08:45:00
R-146,Tennis Court,2026-04-13 18:41:44,2026-04-15 17:15:00
R-109,Gym,2026-04-13 18:46:55,2026-04-14 06:30:00
R-189,Gym,2026-04-13 18:57:45,2026-04-14 06:00:00
R-141,Badminton Court,2026-04-13 18:58:29,2026-04-14 10:30:00
R-145,Badminton Court,2026-04-13 19:51:52,2026-04-14 06:45:00
R-195,Badminton Court,2026-04-13 19:54:58,2026-04-14 19:15:00
R-126,Clubhouse,2026-04-13 20:22:43,2026-04-14 08:45:00
R-165,Badminton Court,2026-04-13 20:58:19,2026-04-15 19:30:00
R-212,Swimming Pool,2026-04-13 20:59:09,2026-04-14 08:15:00
R-183,Tennis Court,2026-04-13 21:24:00,2026-04-14 18:30:00
R-156,Badminton Court,2026-04-13 21:29:50,2026-04-14 07:45:00
R-188,Swimming Pool,2026-04-13 21:42:16,2026-04-14 08:00:00
R-119,Badminton Court,2026-04-13 22:04:24,2026-04-14 20:15:00
R-144,Gym,2026-04-13 22:11:52,2026-04-14 16:45:00
R-152,Swimming Pool,2026-04-13 22:22:15,2026-04-14 08:45:00
R-200,Swimming Pool,2026-04-14 01:46:22,2026-04-14 19:45:00
R-201,Tennis Court,2026-04-14 01:49:33,2026-04-14 11:30:00
R-131,Gym,2026-04-14 03:52:41,2026-04-14 18:30:00
R-197,Clubhouse,2026-04-14 04:04:24,2026-04-16 08:15:00
R-123,Gym,2026-04-14 05:21:42,2026-04-14 17:00:00
R-195,Badminton Court,2026-04-14 06:43:28,2026-04-15 20:15:00
R-108,Tennis Court,2026-04-14 06:53:16,2026-04-14 19:15:00
R-171,Swimming Pool,2026-04-14 07:43:55,2026-04-14 15:00:00
R-110,Clubhouse,2026-04-14 07:55:36,2026-04-14 19:45:00
R-127,Badminton Court,2026-04-14 08:02:19,2026-04-14 16:15:00
R-189,Swimming Pool,2026-04-14 08:28:16,2026-04-15 06:00:00
R-154,Swimming Pool,2026-04-14 08:29:18,2026-04-16 07:45:00
R-136,Gym,2026-04-14 09:30:53,2026-04-15 20:30:00
R-182,Clubhouse,2026-04-14 09:32:01,2026-04-14 16:30:00
R-169,Tennis Court,2026-04-14 09:56:06,2026-04-14 19:45:00
R-174,Swimming Pool,2026-04-14 10:09:11,2026-04-14 21:00:00
R-194,Gym,2026-04-14 10:22:07,2026-04-14 19:45:00
R-192,Tennis Court,2026-04-14 10:51:28,2026-04-15 20:15:00
R-117,Gym,2026-04-14 11:04:40,2026-04-15 06:15:00
R-120,Badminton Court,2026-04-14 11:28:10,2026-04-15 19:00:00
R-180,Badminton Court,2026-04-14 12:18:54,2026-04-15 19:00:00
R-142,Badminton Court,2026-04-14 12:19:13,2026-04-15 18:15:00
R-116,Badminton Court,2026-04-14 14:19:15,2026-04-15 07:00:00
R-144,Tennis Court,2026-04-14 14:31:06,2026-04-15 06:30:00
R-218,Swimming Pool,2026-04-14 14:38:21,2026-04-15 08:45:00
R-203,Badminton Court,2026-04-14 14:54:45,2026-04-15 19:15:00
R-135,Gym,2026-04-14 15:12:51,2026-04-15 08:15:00
R-212,Gym,2026-04-14 15:34:49,2026-04-15 06:45:00
R-101,Gym,2026-04-14 15:46:12,2026-04-15 08:45:00
R-109,Gym,2026-04-14 15:53:45,2026-04-15 07:30:00
R-119,Badminton Court,2026-04-14 16:04:54,2026-04-15 19:30:00
R-172,Gym,2026-04-14 16:11:45,2026-04-15 06:45:00
R-206,Gym,2026-04-14 16:16:35,2026-04-15 07:15:00
R-113,Gym,2026-04-14 16:23:08,2026-04-15 08:30:00
R-170,Swimming Pool,2026-04-14 17:18:08,2026-04-15 20:45:00
R-208,Gym,2026-04-14 17:21:32,2026-04-15 07:15:00
R-167,Badminton Court,2026-04-14 17:27:32,2026-04-15 06:15:00
R-158,Gym,2026-04-14 17:54:54,2026-04-15 08:45:00
R-217,Clubhouse,2026-04-14 18:04:27,2026-04-15 18:15:00
R-125,Clubhouse,2026-04-14 18:11:25,2026-04-15 20:00:00
R-156,Gym,2026-04-14 18:15:38,2026-04-15 08:45:00
R-102,Clubhouse,2026-04-14 18:22:19,2026-04-15 08:45:00
R-174,Badminton Court,2026-04-14 19:19:32,2026-04-15 07:45:00
R-204,Swimming Pool,2026-04-14 19:30:57,2026-04-15 07:45:00
R-105,Badminton Court,2026-04-14 19:47:35,2026-04-15 13:30:00
R-169,Gym,2026-04-14 20:37:17,2026-04-15 07:45:00
R-214,Badminton Court,2026-04-14 20:48:14,2026-04-15 19:15:00
R-124,Tennis Court,2026-04-14 21:01:18,2026-04-15 15:30:00
R-196,Badminton Court,2026-04-14 21:24:43,2026-04-15 19:15:00
R-147,Gym,2026-04-14 22:05:54,2026-04-15 09:45:00
R-175,Tennis Court,2026-04-14 22:12:49,2026-04-16 18:45:00
R-106,Tennis Court,2026-04-14 22:45:57,2026-04-15 19:15:00
R-187,Badminton Court,2026-04-15 00:11:12,2026-04-15 17:45:00
R-152,Gym,2026-04-15 01:31:44,2026-04-15 14:45:00
R-168,Swimming Pool,2026-04-15 02:29:37,2026-04-15 15:45:00
R-115,Clubhouse,2026-04-15 02:32:16,2026-04-16 18:45:00
R-128,Badminton Court,2026-04-15 02:35:48,2026-04-15 11:30:00
R-155,Badminton Court,2026-04-15 02:54:35,2026-04-15 14:30:00
R-111,Swimming Pool,2026-04-15 03:06:55,2026-04-15 19:45:00
R-184,Gym,2026-04-15 03:26:51,2026-04-15 11:45:00
R-207,Badminton Court,2026-04-15 04:07:52,2026-04-15 20:45:00
R-118,Badminton Court,2026-04-15 04:12:58,2026-04-15 12:15:00
R-134,Swimming Pool,2026-04-15 04:17:36,2026-04-15 10:30:00
R-192,Tennis Court,2026-04-15 05:34:00,2026-04-16 19:45:00
R-160,Clubhouse,2026-04-15 05:34:42,2026-04-15 11:00:00
R-145,Tennis Court,2026-04-15 06:08:54,2026-04-15 21:45:00
R-178,Swimming Pool,2026-04-15 06:22:50,2026-04-15 17:30:00
R-203,Gym,2026-04-15 06:51:05,2026-04-16 18:30:00
R-146,Tennis Court,2026-04-15 07:24:40,2026-04-16 18:30:00
R-165,Badminton Court,2026-04-15 08:03:11,2026-04-16 20:45:00
R-123,Gym,2026-04-15 08:38:40,2026-04-15 20:45:00
R-200,Gym,2026-04-15 08:45:37,2026-04-15 19:00:00
R-142,Tennis Court,2026-04-15 08:51:36,2026-04-16 20:15:00
R-130,Tennis Court,2026-04-15 09:12:24,2026-04-16 20:45:00
R-212,Gym,2026-04-15 09:17:24,2026-04-16 07:15:00
R-106,Badminton Court,2026-04-15 09:23:36,2026-04-16 18:00:00
R-167,Gym,2026-04-15 10:15:03,2026-04-16 07:15:00
R-201,Swimming Pool,2026-04-15 10:46:46,2026-04-15 16:00:00
R-170,Badminton Court,2026-04-15 11:25:43,2026-04-16 20:00:00
R-132,Tennis Court,2026-04-15 12:01:40,2026-04-16 17:45:00
R-149,Swimming Pool,2026-04-15 12:08:37,2026-04-15 16:30:00
R-120,Badminton Court,2026-04-15 12:50:18,2026-04-16 18:00:00
R-158,Gym,2026-04-15 13:12:53,2026-04-16 07:15:00
R-141,Badminton Court,2026-04-15 13:57:37,2026-04-16 18:30:00
R-217,Badminton Court,2026-04-15 14:45:34,2026-04-16 19:45:00
R-196,Badminton Court,2026-04-15 15:04:57,2026-04-16 20:00:00
R-118,Gym,2026-04-15 15:29:14,2026-04-16 07:45:00
R-144,Gym,2026-04-15 15:38:23,2026-04-16 07:45:00
R-208,Gym,2026-04-15 15:38:49,2026-04-16 08:00:00
R-117,Gym,2026-04-15 16:06:07,2026-04-16 06:15:00
R-113,Gym,2026-04-15 16:48:47,2026-04-16 07:15:00
R-102,Gym,2026-04-15 17:13:50,2026-04-16 07:45:00
R-135,Gym,2026-04-15 17:16:31,2026-04-16 06:45:00
R-206,Gym,2026-04-15 17:52:56,2026-04-16 07:30:00
R-123,Gym,2026-04-15 18:19:58,2026-04-16 07:30:00
R-156,Gym,2026-04-15 18:48:45,2026-04-16 06:30:00
R-174,Gym,2026-04-15 18:51:19,2026-04-16 08:45:00
R-105,Badminton Court,2026-04-15 18:58:37,2026-04-16 19:15:00
R-172,Badminton Court,2026-04-15 19:08:25,2026-04-16 06:30:00
R-186,Swimming Pool,2026-04-15 19:32:47,2026-04-16 07:30:00
R-145,Gym,2026-04-15 19:33:08,2026-04-16 07:30:00
R-137,Swimming Pool,2026-04-15 19:38:50,2026-04-16 07:45:00
R-131,Tennis Court,2026-04-15 20:16:34,2026-04-16 18:30:00
R-168,Gym,2026-04-15 20:26:25,2026-04-16 06:45:00
R-147,Clubhouse,2026-04-15 20:55:35,2026-04-16 07:00:00
R-116,Gym,2026-04-15 21:07:16,2026-04-16 07:00:00
R-101,Gym,2026-04-15 21:16:34,2026-04-16 10:30:00
R-173,Badminton Court,2026-04-15 21:21:37,2026-04-16 18:15:00
R-130,Tennis Court,2026-04-15 21:31:44,2026-04-18 08:00:00
R-103,Gym,2026-04-15 21:45:08,2026-04-16 08:45:00
R-189,Badminton Court,2026-04-15 21:55:56,2026-04-16 08:30:00
R-215,Tennis Court,2026-04-15 21:59:40,2026-04-16 11:00:00
R-128,Clubhouse,2026-04-15 22:47:52,2026-04-16 11:30:00
R-180,Badminton Court,2026-04-15 22:54:35,2026-04-16 18:00:00
R-197,Badminton Court,2026-04-15 23:08:05,2026-04-17 07:00:00
R-121,Clubhouse,2026-04-15 23:18:39,2026-04-16 19:00:00
R-109,Gym,2026-04-15 23:28:22,2026-04-16 16:00:00
R-198,Tennis Court,2026-04-15 23:35:44,2026-04-17 17:45:00
R-194,Tennis Court,2026-04-15 23:36:27,2026-04-16 17:15:00
R-192,Badminton Court,2026-04-15 23:38:51,2026-04-17 17:00:00
R-125,Badminton Court,2026-04-16 00:02:20,2026-04-16 20:15:00
R-219,Tennis Court,2026-04-16 01:08:22,2026-04-18 08:30:00
R-152,Badminton Court,2026-04-16 01:10:07,2026-04-16 06:30:00
R-124,Tennis Court,2026-04-16 02:09:32,2026-04-16 20:00:00
R-198,Clubhouse,2026-04-16 02:24:10,2026-04-16 18:45:00
R-105,Tennis Court,2026-04-16 02:40:22,2026-04-17 18:45:00
R-107,Badminton Court,2026-04-16 03:22:06,2026-04-16 20:15:00
R-196,Badminton Court,2026-04-16 03:32:11,2026-04-17 20:45:00
R-127,Swimming Pool,2026-04-16 03:37:19,2026-04-16 17:30:00
R-119,Badminton Court,2026-04-16 03:42:00,2026-04-17 19:30:00
R-138,Gym,2026-04-16 03:56:37,2026-04-18 18:45:00
R-166,Clubhouse,2026-04-16 04:36:19,2026-04-16 19:30:00
R-204,Gym,2026-04-16 04:56:34,2026-04-16 17:00:00
R-198,Tennis Court,2026-04-16 05:14:44,2026-04-18 07:45:00
R-184,Clubhouse,2026-04-16 05:17:50,2026-04-16 17:30:00
R-207,Badminton Court,2026-04-16 05:26:27,2026-04-17 18:00:00
R-217,Gym,2026-04-16 06:32:31,2026-04-17 18:00:00
R-201,Badminton Court,2026-04-16 07:15:41,2026-04-16 19:15:00
R-190,Clubhouse,2026-04-16 10:22:37,2026-04-17 14:15:00
R-210,Tennis Court,2026-04-16 10:52:21,2026-04-18 17:00:00
R-176,Tennis Court,2026-04-16 11:09:03,2026-04-16 17:00:00
R-142,Clubhouse,2026-04-16 12:09:59,2026-04-17 20:15:00
R-213,Tennis Court,2026-04-16 12:28:26,2026-04-17 17:45:00
R-101,Gym,2026-04-16 12:50:16,2026-04-17 07:30:00
R-117,Gym,2026-04-16 12:56:05,2026-04-17 07:00:00
R-122,Clubhouse,2026-04-16 13:43:52,2026-04-17 06:30:00
R-165,Swimming Pool,2026-04-16 13:54:07,2026-04-17 19:45:00
R-168,Swimming Pool,2026-04-16 14:14:36,2026-04-17 07:45:00
R-157,Tennis Court,2026-04-16 14:17:24,2026-04-18 08:45:00
R-212,Gym,2026-04-16 14:24:11,2026-04-17 06:30:00
R-102,Gym,2026-04-16 14:53:24,2026-04-17 06:30:00
R-144,Gym,2026-04-16 15:05:57,2026-04-17 07:30:00
R-206,Swimming Pool,2026-04-16 15:39:42,2026-04-17 08:30:00
R-173,Badminton Court,2026-04-16 15:41:04,2026-04-17 19:15:00
R-139,Swimming Pool,2026-04-16 16:01:54,2026-04-16 20:45:00
R-172,Gym,2026-04-16 16:02:25,2026-04-17 07:15:00
R-130,Tennis Court,2026-04-16 16:06:38,2026-04-17 17:15:00
R-156,Gym,2026-04-16 16:32:50,2026-04-17 06:00:00
R-118,Gym,2026-04-16 16:38:49,2026-04-17 06:00:00
R-116,Badminton Court,2026-04-16 16:59:15,2026-04-17 07:30:00
R-123,Badminton Court,2026-04-16 17:40:29,2026-04-17 06:00:00
R-203,Badminton Court,2026-04-16 17:54:24,2026-04-17 18:15:00
R-135,Gym,2026-04-16 18:13:10,2026-04-17 08:45:00
R-180,Gym,2026-04-16 18:21:24,2026-04-17 18:15:00
R-147,Tennis Court,2026-04-16 18:32:59,2026-04-17 08:30:00
R-107,Gym,2026-04-16 18:58:47,2026-04-17 19:15:00
R-158,Badminton Court,2026-04-16 19:14:35,2026-04-17 07:45:00
R-214,Clubhouse,2026-04-16 19:34:15,2026-04-17 09:00:00
R-174,Badminton Court,2026-04-16 19:34:29,2026-04-17 10:00:00
R-109,Tennis Court,2026-04-16 19:36:36,2026-04-17 06:45:00
R-164,Clubhouse,2026-04-16 20:07:24,2026-04-17 15:30:00
R-195,Clubhouse,2026-04-16 20:50:29,2026-04-17 18:00:00
R-204,Gym,2026-04-16 21:12:01,2026-04-17 07:30:00
R-183,Badminton Court,2026-04-16 21:15:29,2026-04-17 20:00:00
R-133,Clubhouse,2026-04-16 21:20:20,2026-04-17 15:45:00
R-175,Gym,2026-04-16 21:20:33,2026-04-18 08:30:00
R-124,Swimming Pool,2026-04-16 21:25:18,2026-04-17 20:00:00
R-108,Swimming Pool,2026-04-16 21:27:28,2026-04-17 07:00:00
R-136,Badminton Court,2026-04-16 21:40:04,2026-04-17 20:00:00
R-155,Swimming Pool,2026-04-16 21:47:40,2026-04-17 20:45:00
R-129,Clubhouse,2026-04-16 21:53:59,2026-04-17 18:00:00
R-113,Gym,2026-04-16 21:57:57,2026-04-17 06:45:00
R-145,Tennis Court,2026-04-16 22:10:04,2026-04-17 11:15:00
R-186,Swimming Pool,2026-04-16 22:23:20,2026-04-17 07:45:00
R-167,Gym,2026-04-16 22:44:36,2026-04-17 08:15:00
R-169,Gym,2026-04-16 22:47:54,2026-04-17 12:00:00
R-208,Gym,2026-04-16 23:20:25,2026-04-17 07:30:00
R-202,Clubhouse,2026-04-17 00:00:17,2026-04-17 20:30:00
R-187,Gym,2026-04-17 00:01:22,2026-04-17 11:30:00
R-150,Gym,2026-04-17 00:28:56,2026-04-17 19:30:00
R-198,Gym,2026-04-17 00:51:15,2026-04-19 08:30:00
R-127,Tennis Court,2026-04-17 01:14:33,2026-04-17 08:45:00
R-132,Tennis Court,2026-04-17 02:40:25,2026-04-19 07:45:00
R-219,Badminton Court,2026-04-17 02:56:44,2026-04-19 07:30:00
R-189,Gym,2026-04-17 02:59:41,2026-04-17 08:45:00
R-110,Tennis Court,2026-04-17 03:04:43,2026-04-17 17:45:00
R-200,Clubhouse,2026-04-17 03:50:29,2026-04-17 17:00:00
R-176,Swimming Pool,2026-04-17 04:16:44,2026-04-17 10:45:00
R-132,Clubhouse,2026-04-17 04:36:21,2026-04-18 17:15:00
R-153,Gym,2026-04-17 04:53:44,2026-04-17 17:00:00
R-215,Badminton Court,2026-04-17 05:27:05,2026-04-17 19:00:00
R-152,Tennis Court,2026-04-17 05:33:36,2026-04-17 16:45:00
R-126,Tennis Court,2026-04-17 06:30:47,2026-04-17 17:15:00
R-154,Tennis Court,2026-04-17 07:22:47,2026-04-18 17:15:00
R-192,Badminton Court,2026-04-17 10:16:02,2026-04-18 20:30:00
R-142,Badminton Court,2026-04-17 10:30:52,2026-04-18 18:30:00
R-209,Swimming Pool,2026-04-17 11:07:19,2026-04-17 17:30:00
R-105,Gym,2026-04-17 11:18:58,2026-04-18 20:30:00
R-208,Gym,2026-04-17 12:35:32,2026-04-18 06:15:00
R-130,Tennis Court,2026-04-17 15:09:49,2026-04-19 08:15:00
R-156,Gym,2026-04-17 17:26:58,2026-04-18 07:45:00
R-120,Badminton Court,2026-04-17 17:35:37,2026-04-18 18:45:00
R-174,Gym,2026-04-17 17:46:50,2026-04-18 06:45:00
R-102,Gym,2026-04-17 17:59:25,2026-04-18 08:15:00
R-116,Gym,2026-04-17 18:32:36,2026-04-18 08:00:00
R-153,Badminton Court,2026-04-17 19:08:07,2026-04-18 08:45:00
R-147,Gym,2026-04-17 20:18:25,2026-04-18 07:00:00
R-212,Gym,2026-04-17 20:29:50,2026-04-18 06:45:00
R-154,Tennis Court,2026-04-17 20:42:33,2026-04-19 07:30:00
R-128,Tennis Court,2026-04-17 21:09:34,2026-04-18 07:15:00
R-101,Badminton Court,2026-04-17 21:22:57,2026-04-18 11:15:00
R-150,Gym,2026-04-17 21:31:24,2026-04-18 18:45:00
R-152,Gym,2026-04-17 22:03:17,2026-04-18 08:30:00
R-169,Gym,2026-04-17 22:24:18,2026-04-18 08:15:00
R-155,Tennis Court,2026-04-17 23:37:05,2026-04-18 18:30:00
R-173,Badminton Court,2026-04-17 23:40:23,2026-04-18 19:45:00
R-111,Swimming Pool,2026-04-17 23:42:45,2026-04-18 10:30:00
R-202,Gym,2026-04-18 00:18:59,2026-04-18 20:00:00
R-175,Tennis Court,2026-04-18 00:26:10,2026-04-19 08:00:00
R-171,Swimming Pool,2026-04-18 00:34:20,2026-04-18 06:45:00
R-134,Swimming Pool,2026-04-18 01:09:05,2026-04-18 06:15:00
R-180,Tennis Court,2026-04-18 02:49:37,2026-04-19 19:00:00
R-167,Gym,2026-04-18 02:51:08,2026-04-18 12:30:00
R-179,Swimming Pool,2026-04-18 03:51:26,2026-04-18 10:15:00
R-115,Tennis Court,2026-04-18 04:03:54,2026-04-19 18:00:00
R-148,Tennis Court,2026-04-18 05:03:50,2026-04-18 11:15:00
R-186,Tennis Court,2026-04-18 05:15:21,2026-04-18 13:45:00
R-122,Badminton Court,2026-04-18 05:32:40,2026-04-18 20:45:00
R-201,Gym,2026-04-18 05:36:33,2026-04-18 12:00:00
R-151,Tennis Court,2026-04-18 05:51:49,2026-04-18 10:00:00
R-166,Gym,2026-04-18 05:52:47,2026-04-18 20:30:00
R-104,Swimming Pool,2026-04-18 06:00:04,2026-04-18 10:30:00
R-129,Clubhouse,2026-04-18 06:03:17,2026-04-18 19:30:00
R-181,Badminton Court,2026-04-18 06:14:00,2026-04-18 10:15:00
R-139,Swimming Pool,2026-04-18 07:48:34,2026-04-18 11:30:00
R-206,Badminton Court,2026-04-18 07:58:31,2026-04-18 20:30:00
R-182,Swimming Pool,2026-04-18 08:15:11,2026-04-18 11:15:00
R-154,Tennis Court,2026-04-18 08:55:23,2026-04-20 07:15:00
R-110,Swimming Pool,2026-04-18 09:01:41,2026-04-18 17:15:00
R-119,Badminton Court,2026-04-18 09:03:21,2026-04-19 20:15:00
R-218,Gym,2026-04-18 09:04:58,2026-04-18 19:30:00
R-199,Swimming Pool,2026-04-18 09:24:27,2026-04-18 15:00:00
R-211,Clubhouse,2026-04-18 09:57:34,2026-04-18 16:15:00
R-143,Swimming Pool,2026-04-18 10:10:15,2026-04-18 16:15:00
R-205,Swimming Pool,2026-04-18 10:22:04,2026-04-18 16:15:00
R-146,Swimming Pool,2026-04-18 10:37:59,2026-04-19 18:15:00
R-210,Tennis Court,2026-04-18 10:51:11,2026-04-19 08:30:00
R-160,Tennis Court,2026-04-18 12:26:10,2026-04-18 17:15:00
R-218,Gym,2026-04-18 13:09:37,2026-04-19 08:00:00
R-105,Swimming Pool,2026-04-18 13:13:02,2026-04-19 20:00:00
R-195,Gym,2026-04-18 13:27:42,2026-04-19 10:30:00
R-122,Clubhouse,2026-04-18 14:06:10,2026-04-19 11:00:00
R-161,Badminton Court,2026-04-18 15:01:28,2026-04-19 06:30:00
R-121,Clubhouse,2026-04-18 17:29:41,2026-04-19 14:45:00
R-102,Gym,2026-04-18 17:59:20,2026-04-19 08:45:00
R-131,Badminton Court,2026-04-18 18:04:54,2026-04-19 18:00:00
R-203,Badminton Court,2026-04-18 19:02:14,2026-04-19 12:45:00
R-174,Gym,2026-04-18 19:20:09,2026-04-19 06:00:00
R-165,Gym,2026-04-18 19:38:25,2026-04-20 19:15:00
R-112,Swimming Pool,2026-04-18 19:55:19,2026-04-19 20:15:00
R-166,Gym,2026-04-18 19:58:18,2026-04-19 08:15:00
R-116,Gym,2026-04-18 19:58:43,2026-04-19 08:30:00
R-196,Badminton Court,2026-04-18 20:31:07,2026-04-19 18:30:00
R-184,Gym,2026-04-18 21:05:20,2026-04-19 07:15:00
R-129,Swimming Pool,2026-04-18 21:17:47,2026-04-19 14:00:00
R-202,Clubhouse,2026-04-18 22:33:56,2026-04-19 19:30:00
R-159,Swimming Pool,2026-04-18 22:58:42,2026-04-19 14:45:00
R-130,Gym,2026-04-18 23:11:34,2026-04-21 08:15:00
R-111,Gym,2026-04-18 23:13:12,2026-04-19 12:30:00
R-183,Badminton Court,2026-04-18 23:30:11,2026-04-20 07:00:00
R-153,Swimming Pool,2026-04-19 00:13:01,2026-04-19 17:15:00
R-113,Gym,2026-04-19 00:44:46,2026-04-19 08:00:00
R-127,Gym,2026-04-19 00:54:01,2026-04-19 17:45:00
R-130,Tennis Court,2026-04-19 01:37:29,2026-04-20 08:45:00
R-146,Badminton Court,2026-04-19 01:55:18,2026-04-21 07:30:00
R-151,Swimming Pool,2026-04-19 02:23:41,2026-04-19 07:45:00
R-140,Badminton Court,2026-04-19 02:35:02,2026-04-19 10:00:00
R-216,Swimming Pool,2026-04-19 04:29:51,2026-04-19 10:30:00
R-163,Tennis Court,2026-04-19 04:57:50,2026-04-19 11:45:00
R-215,Swimming Pool,2026-04-19 05:07:08,2026-04-19 17:30:00
R-115,Gym,2026-04-19 05:12:50,2026-04-20 18:30:00
R-160,Swimming Pool,2026-04-19 05:13:44,2026-04-19 10:00:00
R-209,Clubhouse,2026-04-19 05:45:48,2026-04-19 15:00:00
R-195,Clubhouse,2026-04-19 06:18:27,2026-04-20 18:15:00
R-205,Swimming Pool,2026-04-19 06:30:26,2026-04-19 13:30:00
R-203,Badminton Court,2026-04-19 06:34:04,2026-04-20 20:15:00
R-188,Badminton Court,2026-04-19 07:22:07,2026-04-19 19:45:00
R-187,Gym,2026-04-19 07:57:20,2026-04-19 17:45:00
R-185,Swimming Pool,2026-04-19 08:09:29,2026-04-19 11:45:00
R-177,Tennis Court,2026-04-19 08:31:38,2026-04-21 08:00:00
R-169,Tennis Court,2026-04-19 08:44:27,2026-04-19 19:15:00
R-213,Badminton Court,2026-04-19 08:45:16,2026-04-20 19:00:00
R-176,Tennis Court,2026-04-19 08:46:14,2026-04-19 16:30:00
R-104,Clubhouse,2026-04-19 09:24:56,2026-04-19 17:00:00
R-149,Swimming Pool,2026-04-19 09:44:10,2026-04-19 15:00:00
R-132,Tennis Court,2026-04-19 10:00:16,2026-04-21 18:45:00
R-170,Badminton Court,2026-04-19 10:13:01,2026-04-20 20:00:00
R-120,Tennis Court,2026-04-19 11:30:24,2026-04-20 19:45:00
R-147,Gym,2026-04-19 11:32:50,2026-04-20 07:15:00
R-179,Swimming Pool,2026-04-19 11:49:28,2026-04-19 16:45:00
R-117,Gym,2026-04-19 12:02:54,2026-04-20 08:30:00
R-180,Tennis Court,2026-04-19 12:08:50,2026-04-20 18:30:00
R-192,Badminton Court,2026-04-19 12:43:10,2026-04-20 18:00:00
R-182,Tennis Court,2026-04-19 13:44:39,2026-04-19 20:00:00
R-107,Badminton Court,2026-04-19 14:01:38,2026-04-20 18:45:00
R-105,Badminton Court,2026-04-19 14:04:05,2026-04-20 18:00:00
R-132,Tennis Court,2026-04-19 14:35:36,2026-04-22 07:30:00
R-102,Gym,2026-04-19 14:51:00,2026-04-20 07:45:00
R-113,Gym,2026-04-19 14:51:13,2026-04-20 08:30:00
R-135,Gym,2026-04-19 15:07:28,2026-04-20 06:30:00
R-116,Gym,2026-04-19 15:08:47,2026-04-20 07:30:00
R-141,Clubhouse,2026-04-19 15:41:01,2026-04-20 20:45:00
R-109,Gym,2026-04-19 16:02:17,2026-04-20 08:15:00
R-172,Gym,2026-04-19 16:07:27,2026-04-20 07:15:00
R-212,Badminton Court,2026-04-19 16:10:56,2026-04-20 07:45:00
R-207,Badminton Court,2026-04-19 16:20:16,2026-04-20 18:30:00
R-142,Badminton Court,2026-04-19 17:09:52,2026-04-20 19:45:00
R-174,Gym,2026-04-19 17:17:53,2026-04-20 06:00:00
R-101,Gym,2026-04-19 17:26:05,2026-04-20 07:15:00
R-206,Swimming Pool,2026-04-19 17:26:31,2026-04-20 08:45:00
R-215,Gym,2026-04-19 17:35:44,2026-04-20 06:15:00
R-158,Gym,2026-04-19 17:55:39,2026-04-20 06:15:00
R-217,Badminton Court,2026-04-19 18:08:53,2026-04-20 18:45:00
R-156,Gym,2026-04-19 18:09:09,2026-04-20 07:30:00
R-144,Badminton Court,2026-04-19 18:18:04,2026-04-20 08:45:00
R-167,Gym,2026-04-19 18:27:18,2026-04-20 06:45:00
R-173,Badminton Court,2026-04-19 18:42:19,2026-04-20 20:45:00
R-208,Gym,2026-04-19 18:43:26,2026-04-20 07:15:00
R-145,Gym,2026-04-19 18:55:42,2026-04-20 07:15:00
R-118,Gym,2026-04-19 19:04:47,2026-04-20 08:00:00
R-178,Gym,2026-04-19 19:14:36,2026-04-20 07:00:00
R-123,Gym,2026-04-19 19:37:45,2026-04-20 08:15:00
R-106,Badminton Court,2026-04-19 20:19:08,2026-04-20 19:45:00
R-189,Gym,2026-04-19 20:49:39,2026-04-20 08:30:00
R-136,Tennis Court,2026-04-19 21:57:56,2026-04-20 20:30:00
R-175,Tennis Court,2026-04-19 22:15:00,2026-04-22 07:45:00
R-115,Tennis Court,2026-04-19 22:16:15,2026-04-21 08:00:00
R-184,Clubhouse,2026-04-19 22:50:48,2026-04-20 13:30:00
R-137,Swimming Pool,2026-04-19 22:51:56,2026-04-20 17:30:00
R-126,Swimming Pool,2026-04-19 23:06:17,2026-04-20 08:30:00
R-110,Swimming Pool,2026-04-20 00:27:09,2026-04-20 13:45:00
R-125,Gym,2026-04-20 00:31:32,2026-04-20 21:15:00
R-103,Swimming Pool,2026-04-20 00:51:09,2026-04-20 07:15:00
R-108,Clubhouse,2026-04-20 01:09:34,2026-04-20 07:15:00
R-119,Badminton Court,2026-04-20 01:10:37,2026-04-20 19:45:00
R-168,Gym,2026-04-20 01:15:41,2026-04-20 07:30:00
R-200,Clubhouse,2026-04-20 01:45:56,2026-04-20 11:45:00
R-204,Clubhouse,2026-04-20 01:47:25,2026-04-20 11:45:00
R-194,Swimming Pool,2026-04-20 01:48:40,2026-04-20 08:15:00
R-141,Badminton Court,2026-04-20 02:17:22,2026-04-21 06:45:00
R-179,Gym,2026-04-20 02:59:49,2026-04-20 10:15:00
R-140,Gym,2026-04-20 03:53:29,2026-04-20 11:15:00
R-186,Tennis Court,2026-04-20 03:56:00,2026-04-20 19:30:00
R-181,Clubhouse,2026-04-20 04:59:59,2026-04-20 11:45:00
R-210,Badminton Court,2026-04-20 06:25:52,2026-04-22 08:00:00
R-151,Swimming Pool,2026-04-20 07:03:45,2026-04-20 11:15:00
R-102,Badminton Court,2026-04-20 07:32:56,2026-04-21 06:15:00
R-161,Clubhouse,2026-04-20 09:00:57,2026-04-20 17:45:00
R-207,Badminton Court,2026-04-20 09:30:26,2026-04-21 18:45:00
R-118,Clubhouse,2026-04-20 09:37:39,2026-04-21 06:30:00
R-127,Swimming Pool,2026-04-20 10:10:22,2026-04-20 17:45:00
R-170,Tennis Court,2026-04-20 10:42:25,2026-04-21 19:30:00
R-134,Swimming Pool,2026-04-20 11:13:03,2026-04-20 17:45:00
R-167,Gym,2026-04-20 12:45:36,2026-04-21 06:30:00
R-120,Badminton Court,2026-04-20 13:09:13,2026-04-21 19:30:00
R-125,Badminton Court,2026-04-20 14:21:19,2026-04-21 20:00:00
R-114,Clubhouse,2026-04-20 14:32:03,2026-04-21 19:30:00
R-210,Tennis Court,2026-04-20 14:33:08,2026-04-23 08:00:00
R-136,Badminton Court,2026-04-20 14:33:13,2026-04-21 18:30:00
R-101,Gym,2026-04-20 15:17:35,2026-04-21 08:30:00
R-135,Gym,2026-04-20 15:52:41,2026-04-21 08:15:00
R-106,Badminton Court,2026-04-20 15:52:50,2026-04-21 18:30:00
R-128,Clubhouse,2026-04-20 15:53:10,2026-04-21 08:15:00
R-138,Tennis Court,2026-04-20 15:55:00,2026-04-22 18:00:00
R-212,Gym,2026-04-20 16:30:49,2026-04-21 08:45:00
R-157,Tennis Court,2026-04-20 16:33:39,2026-04-21 18:00:00
R-189,Gym,2026-04-20 17:03:36,2026-04-21 06:00:00
R-147,Badminton Court,2026-04-20 17:07:39,2026-04-21 07:45:00
R-190,Gym,2026-04-20 17:17:28,2026-04-21 14:15:00
R-168,Gym,2026-04-20 17:33:35,2026-04-21 07:15:00
R-156,Tennis Court,2026-04-20 17:39:58,2026-04-21 08:00:00
R-109,Gym,2026-04-20 17:44:39,2026-04-21 06:30:00
R-123,Gym,2026-04-20 17:46:04,2026-04-21 07:00:00
R-206,Gym,2026-04-20 17:50:17,2026-04-21 08:00:00
R-187,Badminton Court,2026-04-20 17:51:30,2026-04-21 07:45:00
R-191,Badminton Court,2026-04-20 18:32:51,2026-04-21 06:00:00
R-217,Gym,2026-04-20 19:02:43,2026-04-21 20:00:00
R-158,Gym,2026-04-20 19:13:32,2026-04-21 06:15:00
R-208,Swimming Pool,2026-04-20 19:25:33,2026-04-21 08:45:00
R-197,Badminton Court,2026-04-20 19:56:37,2026-04-21 17:45:00
R-144,Tennis Court,2026-04-20 20:33:17,2026-04-21 07:30:00
R-131,Badminton Court,2026-04-20 20:42:23,2026-04-21 18:30:00
R-213,Badminton Court,2026-04-20 20:42:33,2026-04-21 19:45:00
R-194,Badminton Court,2026-04-20 20:54:49,2026-04-21 07:15:00
R-166,Tennis Court,2026-04-20 21:15:58,2026-04-21 07:45:00
R-127,Swimming Pool,2026-04-20 21:33:06,2026-04-21 07:00:00
R-113,Gym,2026-04-20 22:08:51,2026-04-21 09:45:00
R-173,Badminton Court,2026-04-20 23:02:19,2026-04-21 19:30:00
R-105,Badminton Court,2026-04-21 00:16:10,2026-04-21 20:00:00
R-116,Swimming Pool,2026-04-21 00:42:28,2026-04-21 15:30:00
R-188,Swimming Pool,2026-04-21 00:46:14,2026-04-21 11:00:00
R-110,Gym,2026-04-21 01:09:49,2026-04-21 07:00:00
R-145,Gym,2026-04-21 01:13:13,2026-04-21 12:00:00
R-195,Badminton Court,2026-04-21 02:46:05,2026-04-21 20:45:00
R-198,Tennis Court,2026-04-21 02:55:20,2026-04-22 18:00:00
R-134,Swimming Pool,2026-04-21 03:22:55,2026-04-21 09:45:00
R-152,Gym,2026-04-21 04:39:49,2026-04-21 15:45:00
R-107,Badminton Court,2026-04-21 05:26:30,2026-04-22 20:00:00
R-180,Badminton Court,2026-04-21 05:50:25,2026-04-21 19:15:00
R-180,Gym,2026-04-21 06:34:11,2026-04-22 20:45:00
R-100,Tennis Court,2026-04-21 07:19:42,2026-04-21 16:00:00
R-160,Swimming Pool,2026-04-21 07:25:58,2026-04-21 15:15:00
R-131,Swimming Pool,2026-04-21 07:58:11,2026-04-22 18:30:00
R-143,Swimming Pool,2026-04-21 08:09:04,2026-04-21 13:15:00
R-207,Gym,2026-04-21 08:45:08,2026-04-22 20:00:00
R-147,Gym,2026-04-21 09:47:15,2026-04-22 07:00:00
R-145,Gym,2026-04-21 10:20:31,2026-04-22 07:00:00
R-117,Gym,2026-04-21 11:52:34,2026-04-22 07:45:00
R-125,Gym,2026-04-21 13:15:54,2026-04-22 16:15:00
R-113,Gym,2026-04-21 13:20:53,2026-04-22 06:45:00
R-173,Badminton Court,2026-04-21 13:31:57,2026-04-22 20:15:00
R-172,Badminton Court,2026-04-21 13:56:08,2026-04-22 07:15:00
R-209,Clubhouse,2026-04-21 13:58:03,2026-04-21 17:00:00
R-129,Clubhouse,2026-04-21 14:13:04,2026-04-22 18:00:00
R-137,Badminton Court,2026-04-21 14:30:51,2026-04-22 07:00:00
R-195,Badminton Court,2026-04-21 14:56:57,2026-04-22 18:30:00
R-214,Clubhouse,2026-04-21 15:02:31,2026-04-22 14:00:00
R-165,Badminton Court,2026-04-21 15:04:49,2026-04-22 18:00:00
R-120,Badminton Court,2026-04-21 15:52:12,2026-04-22 18:45:00
R-217,Badminton Court,2026-04-21 15:57:00,2026-04-22 18:30:00
R-158,Swimming Pool,2026-04-21 16:04:39,2026-04-22 08:15:00
R-166,Swimming Pool,2026-04-21 16:08:56,2026-04-22 07:15:00
R-167,Badminton Court,2026-04-21 17:17:33,2026-04-22 06:45:00
R-174,Badminton Court,2026-04-21 17:34:08,2026-04-22 07:00:00
R-118,Gym,2026-04-21 17:45:19,2026-04-22 07:30:00
R-141,Badminton Court,2026-04-21 18:12:00,2026-04-22 18:30:00
R-106,Badminton Court,2026-04-21 18:16:03,2026-04-22 18:30:00
R-135,Gym,2026-04-21 18:16:52,2026-04-22 07:00:00
R-105,Badminton Court,2026-04-21 18:22:36,2026-04-22 18:45:00
R-208,Gym,2026-04-21 19:19:49,2026-04-22 06:30:00
R-128,Tennis Court,2026-04-21 19:26:58,2026-04-22 08:45:00
R-178,Gym,2026-04-21 19:33:43,2026-04-22 07:45:00
R-156,Gym,2026-04-21 19:50:02,2026-04-22 08:15:00
R-138,Tennis Court,2026-04-21 20:01:46,2026-04-23 17:30:00
R-188,Badminton Court,2026-04-21 20:03:01,2026-04-22 07:45:00
R-213,Badminton Court,2026-04-21 20:03:18,2026-04-22 18:15:00
R-203,Tennis Court,2026-04-21 20:10:01,2026-04-22 20:00:00
R-212,Gym,2026-04-21 20:19:50,2026-04-22 08:15:00
R-218,Badminton Court,2026-04-21 20:20:46,2026-04-22 07:30:00
R-206,Gym,2026-04-21 20:35:38,2026-04-22 08:15:00
R-102,Gym,2026-04-21 20:37:47,2026-04-22 06:45:00
R-123,Gym,2026-04-21 20:56:16,2026-04-22 07:00:00
R-109,Gym,2026-04-21 21:15:03,2026-04-22 07:45:00
R-190,Swimming Pool,2026-04-21 21:46:11,2026-04-22 18:15:00
R-192,Badminton Court,2026-04-21 21:56:06,2026-04-22 19:00:00
R-191,Tennis Court,2026-04-21 22:38:37,2026-04-22 11:15:00
R-196,Badminton Court,2026-04-21 22:48:52,2026-04-23 10:15:00
R-146,Tennis Court,2026-04-21 23:32:49,2026-04-23 08:45:00
R-196,Badminton Court,2026-04-21 23:48:24,2026-04-22 20:00:00
R-100,Clubhouse,2026-04-22 00:41:02,2026-04-22 08:15:00
R-201,Gym,2026-04-22 00:54:30,2026-04-22 11:15:00
R-127,Badminton Court,2026-04-22 02:11:51,2026-04-22 17:00:00
R-152,Gym,2026-04-22 02:12:42,2026-04-22 11:45:00
R-101,Badminton Court,2026-04-22 02:16:10,2026-04-22 08:15:00
R-168,Gym,2026-04-22 04:24:57,2026-04-22 19:00:00
R-181,Tennis Court,2026-04-22 04:36:24,2026-04-22 11:15:00
R-170,Gym,2026-04-22 04:36:25,2026-04-22 18:15:00
R-119,Badminton Court,2026-04-22 05:15:43,2026-04-22 20:00:00
R-189,Gym,2026-04-22 05:44:51,2026-04-22 20:30:00
R-190,Clubhouse,2026-04-22 06:05:20,2026-04-23 10:45:00
R-207,Badminton Court,2026-04-22 06:16:43,2026-04-23 18:45:00
R-136,Badminton Court,2026-04-22 06:43:15,2026-04-23 20:30:00
R-116,Gym,2026-04-22 06:59:52,2026-04-22 21:30:00
R-126,Gym,2026-04-22 07:21:54,2026-04-22 19:00:00
R-184,Gym,2026-04-22 07:44:34,2026-04-22 16:30:00
R-154,Tennis Court,2026-04-22 09:18:23,2026-04-23 17:30:00
R-215,Tennis Court,2026-04-22 10:08:37,2026-04-22 21:00:00
R-105,Badminton Court,2026-04-22 10:11:27,2026-04-23 20:30:00
R-121,Clubhouse,2026-04-22 10:14:32,2026-04-22 19:00:00
R-213,Badminton Court,2026-04-22 10:17:14,2026-04-23 16:30:00
R-179,Swimming Pool,2026-04-22 10:34:14,2026-04-22 16:30:00
R-183,Badminton Court,2026-04-22 11:20:07,2026-04-23 18:00:00
R-151,Clubhouse,2026-04-22 11:57:19,2026-04-22 20:00:00
R-211,Swimming Pool,2026-04-22 12:04:25,2026-04-22 17:15:00
R-167,Gym,2026-04-22 12:33:54,2026-04-23 08:00:00
R-206,Badminton Court,2026-04-22 12:47:16,2026-04-23 06:00:00
R-164,Badminton Court,2026-04-22 13:09:13,2026-04-23 20:00:00
R-152,Tennis Court,2026-04-22 13:45:21,2026-04-23 08:45:00
R-212,Gym,2026-04-22 13:47:48,2026-04-23 06:45:00
R-160,Badminton Court,2026-04-22 13:53:24,2026-04-22 17:45:00
R-131,Badminton Court,2026-04-22 14:37:19,2026-04-23 20:30:00
R-119,Badminton Court,2026-04-22 14:38:45,2026-04-23 18:30:00
R-195,Badminton Court,2026-04-22 14:46:10,2026-04-23 19:15:00
R-165,Swimming Pool,2026-04-22 15:09:35,2026-04-23 18:00:00
R-141,Clubhouse,2026-04-22 15:18:07,2026-04-23 12:30:00
R-113,Badminton Court,2026-04-22 15:44:05,2026-04-23 08:30:00
R-135,Tennis Court,2026-04-22 15:45:00,2026-04-23 06:30:00
R-116,Gym,2026-04-22 16:19:49,2026-04-23 06:15:00
R-174,Gym,2026-04-22 16:36:53,2026-04-23 08:00:00
R-158,Badminton Court,2026-04-22 17:05:33,2026-04-23 08:15:00
R-144,Swimming Pool,2026-04-22 17:24:03,2026-04-23 08:15:00
R-123,Swimming Pool,2026-04-22 17:43:52,2026-04-23 08:45:00
R-218,Badminton Court,2026-04-22 18:49:36,2026-04-23 07:30:00
R-147,Gym,2026-04-22 18:57:23,2026-04-23 06:00:00
R-173,Swimming Pool,2026-04-22 19:08:22,2026-04-23 18:00:00
R-194,Gym,2026-04-22 20:07:18,2026-04-23 08:15:00
R-180,Badminton Court,2026-04-22 20:10:20,2026-04-23 20:00:00
R-156,Gym,2026-04-22 20:35:08,2026-04-23 07:00:00
R-153,Gym,2026-04-22 20:37:47,2026-04-23 08:15:00
R-142,Badminton Court,2026-04-22 20:45:59,2026-04-23 18:30:00
R-101,Clubhouse,2026-04-22 20:57:28,2026-04-23 08:45:00
R-106,Gym,2026-04-22 21:06:03,2026-04-23 18:30:00
R-107,Badminton Court,2026-04-22 21:06:53,2026-04-23 19:15:00
R-117,Gym,2026-04-22 21:17:57,2026-04-23 08:15:00
R-208,Gym,2026-04-22 21:23:38,2026-04-23 08:45:00
R-125,Badminton Court,2026-04-22 21:44:17,2026-04-23 16:30:00
R-193,Swimming Pool,2026-04-22 22:00:31,2026-04-23 19:15:00
R-189,Gym,2026-04-22 22:53:16,2026-04-23 08:45:00
R-203,Badminton Court,2026-04-22 23:51:07,2026-04-23 20:30:00
R-114,Swimming Pool,2026-04-23 00:34:43,2026-04-23 19:00:00
R-159,Badminton Court,2026-04-23 01:02:46,2026-04-23 15:00:00
R-109,Gym,2026-04-23 01:06:29,2026-04-23 08:45:00
R-219,Badminton Court,2026-04-23 01:17:31,2026-04-25 07:30:00
R-172,Gym,2026-04-23 01:19:45,2026-04-23 07:00:00
R-143,Gym,2026-04-23 01:28:21,2026-04-23 06:45:00
R-170,Badminton Court,2026-04-23 01:47:36,2026-04-23 18:30:00
R-102,Clubhouse,2026-04-23 01:55:56,2026-04-23 20:00:00
R-151,Clubhouse,2026-04-23 03:47:23,2026-04-23 10:30:00
R-148,Tennis Court,2026-04-23 04:37:32,2026-04-23 10:45:00
R-183,Tennis Court,2026-04-23 04:38:23,2026-04-24 19:30:00
R-215,Gym,2026-04-23 05:27:38,2026-04-23 11:00:00
R-157,Tennis Court,2026-04-23 06:26:39,2026-04-25 06:00:00
R-217,Badminton Court,2026-04-23 06:58:09,2026-04-24 09:30:00
R-178,Tennis Court,2026-04-23 07:25:50,2026-04-23 19:45:00
R-131,Badminton Court,2026-04-23 08:00:57,2026-04-24 20:45:00
R-192,Swimming Pool,2026-04-23 08:17:12,2026-04-23 19:15:00
R-203,Tennis Court,2026-04-23 08:20:53,2026-04-24 18:00:00
R-141,Badminton Court,2026-04-23 08:30:07,2026-04-24 19:30:00
R-106,Gym,2026-04-23 09:48:11,2026-04-24 18:15:00
R-188,Swimming Pool,2026-04-23 10:31:17,2026-04-23 21:45:00
R-204,Tennis Court,2026-04-23 10:32:30,2026-04-23 19:15:00
R-214,Clubhouse,2026-04-23 11:10:14,2026-04-24 20:00:00
R-180,Tennis Court,2026-04-23 13:33:11,2026-04-24 18:15:00
R-168,Gym,2026-04-23 13:37:50,2026-04-24 07:30:00
R-213,Badminton Court,2026-04-23 13:52:12,2026-04-24 18:00:00
R-142,Badminton Court,2026-04-23 14:29:15,2026-04-24 20:30:00
R-118,Clubhouse,2026-04-23 15:07:51,2026-04-24 06:00:00
R-172,Gym,2026-04-23 15:27:39,2026-04-24 06:15:00
R-152,Gym,2026-04-23 15:36:41,2026-04-24 06:45:00
R-207,Badminton Court,2026-04-23 15:43:44,2026-04-24 18:30:00
R-115,Tennis Court,2026-04-23 15:56:20,2026-04-25 18:30:00
R-133,Clubhouse,2026-04-23 16:10:59,2026-04-24 15:00:00
R-208,Gym,2026-04-23 16:23:22,2026-04-24 06:45:00
R-158,Gym,2026-04-23 16:44:06,2026-04-24 08:15:00
R-189,Gym,2026-04-23 16:48:42,2026-04-24 06:00:00
R-113,Badminton Court,2026-04-23 16:55:42,2026-04-24 08:15:00
R-165,Badminton Court,2026-04-23 17:25:14,2026-04-24 18:00:00
R-167,Gym,2026-04-23 17:25:49,2026-04-24 06:30:00
R-144,Gym,2026-04-23 17:26:25,2026-04-24 08:00:00
R-105,Badminton Court,2026-04-23 17:26:29,2026-04-24 20:15:00
R-147,Gym,2026-04-23 17:43:44,2026-04-24 06:15:00
R-195,Swimming Pool,2026-04-23 18:01:11,2026-04-24 19:30:00
R-123,Badminton Court,2026-04-23 18:09:33,2026-04-24 06:15:00
R-116,Gym,2026-04-23 18:23:13,2026-04-24 07:45:00
R-192,Badminton Court,2026-04-23 18:41:16,2026-04-24 18:15:00
R-206,Gym,2026-04-23 18:45:51,2026-04-24 08:15:00
R-136,Swimming Pool,2026-04-23 19:02:37,2026-04-24 20:00:00
R-162,Clubhouse,2026-04-23 19:04:39,2026-04-24 20:30:00
R-117,Gym,2026-04-23 19:23:21,2026-04-24 06:00:00
R-145,Gym,2026-04-23 20:04:52,2026-04-24 08:00:00
R-121,Badminton Court,2026-04-23 20:16:22,2026-04-24 14:30:00
R-164,Gym,2026-04-23 20:48:34,2026-04-24 15:45:00
R-156,Badminton Court,2026-04-23 21:22:25,2026-04-24 07:15:00
R-184,Clubhouse,2026-04-23 22:12:23,2026-04-24 11:00:00
R-129,Clubhouse,2026-04-23 22:12:34,2026-04-24 18:30:00
R-190,Clubhouse,2026-04-23 23:23:55,2026-04-24 18:30:00
R-188,Swimming Pool,2026-04-23 23:33:04,2026-04-24 07:45:00
R-196,Gym,2026-04-23 23:49:16,2026-04-24 19:00:00
R-146,Tennis Court,2026-04-24 01:01:18,2026-04-26 07:00:00
R-173,Badminton Court,2026-04-24 01:38:22,2026-04-24 20:30:00
R-110,Tennis Court,2026-04-24 02:04:43,2026-04-24 11:00:00
R-170,Swimming Pool,2026-04-24 02:19:42,2026-04-25 18:30:00
R-178,Clubhouse,2026-04-24 03:19:40,2026-04-24 11:00:00
R-153,Swimming Pool,2026-04-24 04:12:43,2026-04-24 19:45:00
R-185,Tennis Court,2026-04-24 04:22:41,2026-04-24 11:00:00
R-103,Gym,2026-04-24 04:37:55,2026-04-24 17:30:00
R-101,Clubhouse,2026-04-24 05:09:23,2026-04-24 08:45:00
R-137,Badminton Court,2026-04-24 05:12:16,2026-04-24 17:00:00
R-171,Clubhouse,2026-04-24 05:56:07,2026-04-24 11:15:00
R-174,Gym,2026-04-24 06:15:37,2026-04-24 17:15:00
R-212,Tennis Court,2026-04-24 06:28:53,2026-04-24 20:15:00
R-218,Clubhouse,2026-04-24 06:41:40,2026-04-24 19:45:00
R-211,Badminton Court,2026-04-24 06:47:34,2026-04-24 15:00:00
R-170,Tennis Court,2026-04-24 08:50:12,2026-04-24 19:30:00
R-210,Tennis Court,2026-04-24 09:06:47,2026-04-25 19:45:00
R-115,Tennis Court,2026-04-24 09:48:42,2026-04-26 18:15:00
R-138,Gym,2026-04-24 10:35:27,2026-04-25 17:45:00
R-199,Swimming Pool,2026-04-24 10:40:57,2026-04-24 17:15:00
R-146,Tennis Court,2026-04-24 10:41:53,2026-04-25 17:45:00
R-102,Gym,2026-04-24 11:25:47,2026-04-24 21:00:00
R-145,Tennis Court,2026-04-24 11:32:56,2026-04-25 07:00:00
R-208,Badminton Court,2026-04-24 12:17:13,2026-04-25 06:00:00
R-122,Gym,2026-04-24 12:53:41,2026-04-25 15:15:00
R-133,Tennis Court,2026-04-24 15:23:02,2026-04-25 11:45:00
R-152,Gym,2026-04-24 17:11:35,2026-04-25 07:15:00
R-175,Badminton Court,2026-04-24 17:20:56,2026-04-26 07:15:00
R-200,Tennis Court,2026-04-24 18:00:35,2026-04-25 07:15:00
R-218,Gym,2026-04-24 18:09:44,2026-04-25 07:15:00
R-121,Clubhouse,2026-04-24 18:27:51,2026-04-25 19:30:00
R-193,Clubhouse,2026-04-24 18:37:30,2026-04-25 14:15:00
R-169,Gym,2026-04-24 19:35:15,2026-04-25 11:15:00
R-137,Gym,2026-04-24 19:37:05,2026-04-25 08:45:00
R-167,Tennis Court,2026-04-24 19:57:11,2026-04-25 06:15:00
R-142,Badminton Court,2026-04-24 20:08:33,2026-04-25 20:00:00
R-129,Badminton Court,2026-04-24 20:12:25,2026-04-25 18:15:00
R-186,Clubhouse,2026-04-24 20:53:54,2026-04-25 07:45:00
R-154,Badminton Court,2026-04-24 22:24:34,2026-04-27 07:30:00
R-188,Swimming Pool,2026-04-24 22:25:42,2026-04-25 11:45:00
R-111,Gym,2026-04-24 22:27:56,2026-04-25 08:45:00
R-178,Tennis Court,2026-04-24 22:42:22,2026-04-25 11:30:00
R-116,Gym,2026-04-24 23:00:41,2026-04-25 06:45:00
R-123,Badminton Court,2026-04-24 23:08:41,2026-04-25 12:00:00
R-173,Badminton Court,2026-04-24 23:26:51,2026-04-25 18:15:00
R-131,Badminton Court,2026-04-25 00:03:21,2026-04-25 20:15:00
R-126,Gym,2026-04-25 01:04:35,2026-04-25 17:30:00
R-159,Badminton Court,2026-04-25 03:19:04,2026-04-25 20:15:00
R-158,Swimming Pool,2026-04-25 03:35:37,2026-04-25 21:15:00
R-185,Swimming Pool,2026-04-25 03:57:02,2026-04-25 10:00:00
R-215,Badminton Court,2026-04-25 04:04:17,2026-04-25 19:00:00
R-148,Swimming Pool,2026-04-25 04:47:31,2026-04-25 10:45:00
R-166,Badminton Court,2026-04-25 05:00:46,2026-04-25 15:30:00
R-149,Clubhouse,2026-04-25 07:41:22,2026-04-25 15:30:00
R-209,Swimming Pool,2026-04-25 09:24:02,2026-04-25 16:45:00
R-103,Tennis Court,2026-04-25 09:31:07,2026-04-25 19:00:00
R-205,Badminton Court,2026-04-25 09:40:05,2026-04-25 15:45:00
R-173,Badminton Court,2026-04-25 10:39:09,2026-04-26 20:00:00
R-104,Clubhouse,2026-04-25 10:45:50,2026-04-25 15:45:00
R-132,Tennis Court,2026-04-25 10:50:56,2026-04-26 17:15:00
R-132,Tennis Court,2026-04-25 11:02:23,2026-04-27 17:15:00
R-130,Tennis Court,2026-04-25 11:14:37,2026-04-26 08:45:00
R-179,Gym,2026-04-25 12:02:21,2026-04-25 17:45:00
R-217,Tennis Court,2026-04-25 12:15:24,2026-04-26 20:45:00
R-181,Tennis Court,2026-04-25 12:15:33,2026-04-25 16:15:00
R-143,Swimming Pool,2026-04-25 13:35:27,2026-04-25 19:15:00
R-113,Gym,2026-04-25 13:36:09,2026-04-26 08:45:00
R-167,Badminton Court,2026-04-25 14:43:58,2026-04-26 08:00:00
R-158,Gym,2026-04-25 15:37:09,2026-04-26 08:45:00
R-212,Badminton Court,2026-04-25 15:43:36,2026-04-26 07:30:00
R-170,Gym,2026-04-25 16:46:55,2026-04-26 18:15:00
R-124,Clubhouse,2026-04-25 17:53:33,2026-04-26 15:30:00
R-166,Tennis Court,2026-04-25 18:27:50,2026-04-26 07:15:00
R-102,Gym,2026-04-25 19:36:27,2026-04-26 06:15:00
R-138,Tennis Court,2026-04-25 19:54:09,2026-04-26 17:45:00
R-202,Clubhouse,2026-04-25 20:05:09,2026-04-26 20:00:00
R-197,Tennis Court,2026-04-25 20:45:01,2026-04-26 18:15:00
R-186,Badminton Court,2026-04-25 21:27:05,2026-04-26 11:45:00
R-159,Clubhouse,2026-04-25 22:04:41,2026-04-26 19:45:00
R-201,Gym,2026-04-25 23:40:46,2026-04-26 17:15:00
R-196,Badminton Court,2026-04-26 00:36:26,2026-04-27 18:15:00
R-190,Swimming Pool,2026-04-26 02:17:29,2026-04-26 20:15:00
R-204,Tennis Court,2026-04-26 02:43:40,2026-04-26 17:30:00
R-181,Swimming Pool,2026-04-26 02:44:41,2026-04-26 10:15:00
R-149,Swimming Pool,2026-04-26 02:48:18,2026-04-26 10:15:00
R-130,Gym,2026-04-26 03:01:34,2026-04-28 08:15:00
R-147,Tennis Court,2026-04-26 03:05:36,2026-04-26 06:15:00
R-194,Clubhouse,2026-04-26 03:07:39,2026-04-26 17:30:00
R-119,Tennis Court,2026-04-26 03:15:55,2026-04-27 18:00:00
R-122,Clubhouse,2026-04-26 03:41:17,2026-04-26 18:00:00
R-216,Swimming Pool,2026-04-26 03:49:55,2026-04-26 11:30:00
R-127,Gym,2026-04-26 04:19:07,2026-04-26 11:45:00
R-211,Tennis Court,2026-04-26 04:37:19,2026-04-26 10:30:00
R-112,Swimming Pool,2026-04-26 04:49:37,2026-04-26 19:00:00
R-185,Clubhouse,2026-04-26 05:03:05,2026-04-26 10:30:00
R-175,Tennis Court,2026-04-26 05:17:45,2026-04-28 07:15:00
R-199,Swimming Pool,2026-04-26 05:59:55,2026-04-26 10:15:00
R-137,Gym,2026-04-26 06:10:46,2026-04-26 14:45:00
R-163,Clubhouse,2026-04-26 07:00:00,2026-04-26 12:00:00
R-165,Badminton Court,2026-04-26 08:06:11,2026-04-27 19:15:00
R-161,Tennis Court,2026-04-26 08:11:48,2026-04-26 21:45:00
R-103,Swimming Pool,2026-04-26 08:47:45,2026-04-26 17:15:00
R-191,Swimming Pool,2026-04-26 09:13:51,2026-04-26 20:30:00
R-171,Swimming Pool,2026-04-26 09:13:55,2026-04-26 15:30:00
R-173,Badminton Court,2026-04-26 09:19:12,2026-04-27 18:45:00
R-132,Swimming Pool,2026-04-26 09:46:19,2026-04-28 11:15:00
R-174,Gym,2026-04-26 10:23:15,2026-04-27 07:00:00
R-140,Tennis Court,2026-04-26 10:27:11,2026-04-26 17:45:00
R-209,Swimming Pool,2026-04-26 10:30:24,2026-04-26 18:00:00
R-182,Tennis Court,2026-04-26 10:40:38,2026-04-26 17:30:00
R-107,Clubhouse,2026-04-26 10:43:39,2026-04-27 20:45:00
R-126,Swimming Pool,2026-04-26 11:37:22,2026-04-26 21:15:00
R-187,Gym,2026-04-26 12:20:38,2026-04-27 06:45:00
R-213,Clubhouse,2026-04-26 12:42:53,2026-04-27 18:15:00
R-203,Gym,2026-04-26 12:48:47,2026-04-27 19:30:00
R-158,Badminton Court,2026-04-26 13:47:41,2026-04-27 08:45:00
R-217,Badminton Court,2026-04-26 14:15:10,2026-04-27 18:30:00
R-135,Badminton Court,2026-04-26 15:14:57,2026-04-27 06:00:00
R-180,Badminton Court,2026-04-26 15:25:13,2026-04-27 19:30:00
R-144,Gym,2026-04-26 15:33:37,2026-04-27 08:15:00
R-136,Badminton Court,2026-04-26 15:40:28,2026-04-27 19:00:00
R-167,Badminton Court,2026-04-26 15:47:59,2026-04-27 06:30:00
R-116,Gym,2026-04-26 16:06:53,2026-04-27 06:45:00
R-156,Gym,2026-04-26 16:11:07,2026-04-27 06:00:00
R-115,Tennis Court,2026-04-26 16:32:16,2026-04-28 06:45:00
R-120,Gym,2026-04-26 16:45:54,2026-04-27 18:00:00
R-148,Swimming Pool,2026-04-26 16:54:20,2026-04-26 21:00:00
R-101,Gym,2026-04-26 17:01:01,2026-04-27 06:45:00
R-118,Gym,2026-04-26 17:17:56,2026-04-27 07:45:00
R-177,Gym,2026-04-26 17:23:40,2026-04-28 21:45:00
R-154,Tennis Court,2026-04-26 17:47:30,2026-04-28 06:45:00
R-109,Gym,2026-04-26 17:54:48,2026-04-27 07:00:00
R-123,Gym,2026-04-26 18:19:53,2026-04-27 06:45:00
R-197,Clubhouse,2026-04-26 18:43:19,2026-04-28 17:45:00
R-145,Tennis Court,2026-04-26 18:44:41,2026-04-27 08:45:00
R-208,Gym,2026-04-26 18:48:07,2026-04-27 07:45:00
R-111,Gym,2026-04-26 18:50:27,2026-04-27 07:45:00
R-192,Badminton Court,2026-04-26 19:00:51,2026-04-27 18:30:00
R-212,Gym,2026-04-26 19:03:51,2026-04-27 07:30:00
R-183,Badminton Court,2026-04-26 19:07:23,2026-04-27 18:30:00
R-189,Gym,2026-04-26 19:25:40,2026-04-27 08:15:00
R-127,Gym,2026-04-26 19:41:46,2026-04-27 07:30:00
R-168,Swimming Pool,2026-04-26 19:42:48,2026-04-27 12:30:00
R-137,Gym,2026-04-26 19:47:16,2026-04-27 11:30:00
R-166,Swimming Pool,2026-04-26 20:21:48,2026-04-27 07:00:00
R-204,Clubhouse,2026-04-26 20:35:27,2026-04-27 08:45:00
R-113,Gym,2026-04-26 20:48:43,2026-04-27 08:45:00
R-195,Badminton Court,2026-04-26 20:59:50,2026-04-27 19:30:00
R-193,Badminton Court,2026-04-26 22:23:49,2026-04-27 14:45:00
R-206,Gym,2026-04-26 22:26:59,2026-04-27 06:15:00
R-207,Badminton Court,2026-04-26 22:36:33,2026-04-27 18:00:00
R-114,Clubhouse,2026-04-26 22:43:16,2026-04-27 18:15:00
R-147,Gym,2026-04-26 22:46:56,2026-04-27 06:00:00
R-172,Gym,2026-04-26 23:46:15,2026-04-27 16:15:00
R-100,Swimming Pool,2026-04-27 00:23:57,2026-04-27 11:15:00
R-169,Clubhouse,2026-04-27 02:01:13,2026-04-27 11:45:00
R-117,Gym,2026-04-27 02:10:40,2026-04-27 16:45:00
R-126,Clubhouse,2026-04-27 02:39:02,2026-04-27 19:15:00
R-157,Tennis Court,2026-04-27 02:52:05,2026-04-28 18:00:00
R-136,Badminton Court,2026-04-27 03:04:12,2026-04-28 10:00:00
R-105,Badminton Court,2026-04-27 03:22:51,2026-04-27 19:45:00
R-152,Gym,2026-04-27 03:50:06,2026-04-27 16:00:00
R-205,Swimming Pool,2026-04-27 04:47:46,2026-04-27 10:30:00
R-148,Swimming Pool,2026-04-27 05:42:09,2026-04-27 10:00:00
R-184,Gym,2026-04-27 06:02:10,2026-04-27 18:45:00
R-201,Badminton Court,2026-04-27 07:27:40,2026-04-27 17:30:00
R-110,Gym,2026-04-27 07:43:18,2026-04-27 19:45:00
R-196,Badminton Court,2026-04-27 09:10:08,2026-04-28 20:00:00
R-172,Clubhouse,2026-04-27 09:16:19,2026-04-28 06:15:00
R-180,Badminton Court,2026-04-27 09:27:42,2026-04-28 07:15:00
R-143,Swimming Pool,2026-04-27 10:11:45,2026-04-27 17:00:00
R-119,Tennis Court,2026-04-27 11:24:54,2026-04-28 20:15:00
R-158,Tennis Court,2026-04-27 11:47:42,2026-04-28 06:30:00
R-173,Gym,2026-04-27 11:53:18,2026-04-28 19:00:00
R-165,Badminton Court,2026-04-27 13:00:37,2026-04-28 20:15:00
R-167,Gym,2026-04-27 13:38:13,2026-04-28 08:30:00
R-175,Tennis Court,2026-04-27 13:45:11,2026-04-30 08:15:00
R-108,Badminton Court,2026-04-27 14:03:07,2026-04-27 17:45:00
R-116,Badminton Court,2026-04-27 14:19:34,2026-04-28 07:30:00
R-203,Badminton Court,2026-04-27 14:22:28,2026-04-28 17:15:00
R-123,Swimming Pool,2026-04-27 14:25:46,2026-04-28 07:15:00
R-113,Clubhouse,2026-04-27 14:28:23,2026-04-28 07:15:00
R-168,Gym,2026-04-27 14:35:07,2026-04-28 07:15:00
R-118,Gym,2026-04-27 14:40:05,2026-04-28 06:00:00
R-208,Gym,2026-04-27 15:09:42,2026-04-28 07:00:00
R-195,Badminton Court,2026-04-27 15:18:30,2026-04-28 19:15:00
R-189,Gym,2026-04-27 15:40:02,2026-04-28 06:30:00
R-139,Swimming Pool,2026-04-27 16:08:11,2026-04-27 21:45:00
R-152,Gym,2026-04-27 16:16:26,2026-04-28 06:00:00
R-106,Badminton Court,2026-04-27 16:22:50,2026-04-28 19:30:00
R-117,Gym,2026-04-27 16:34:46,2026-04-28 08:00:00
R-109,Gym,2026-04-27 17:02:14,2026-04-28 06:30:00
R-135,Badminton Court,2026-04-27 17:07:51,2026-04-28 08:30:00
R-210,Tennis Court,2026-04-27 17:38:29,2026-04-29 17:00:00
R-145,Badminton Court,2026-04-27 17:56:47,2026-04-28 08:45:00
R-102,Tennis Court,2026-04-27 18:06:53,2026-04-28 07:15:00
R-206,Gym,2026-04-27 18:13:51,2026-04-28 07:15:00
R-192,Badminton Court,2026-04-27 18:16:56,2026-04-28 20:30:00
R-156,Gym,2026-04-27 18:23:40,2026-04-28 08:30:00
R-124,Clubhouse,2026-04-27 18:31:47,2026-04-28 14:45:00
R-178,Badminton Court,2026-04-27 19:00:35,2026-04-28 11:00:00
R-144,Gym,2026-04-27 19:24:38,2026-04-28 06:00:00
R-147,Gym,2026-04-27 19:32:06,2026-04-28 07:00:00
R-200,Swimming Pool,2026-04-27 19:49:53,2026-04-28 07:45:00
R-213,Clubhouse,2026-04-27 21:05:25,2026-04-28 19:15:00
R-201,Swimming Pool,2026-04-27 21:21:34,2026-04-28 08:45:00
R-197,Badminton Court,2026-04-27 22:46:11,2026-04-29 17:30:00
R-107,Badminton Court,2026-04-27 23:00:41,2026-04-28 19:30:00
R-100,Swimming Pool,2026-04-27 23:28:42,2026-04-28 08:30:00
R-105,Badminton Court,2026-04-27 23:39:27,2026-04-28 19:45:00
R-126,Tennis Court,2026-04-28 00:22:19,2026-04-28 08:45:00
R-142,Clubhouse,2026-04-28 00:28:29,2026-04-28 18:30:00
R-212,Tennis Court,2026-04-28 00:51:35,2026-04-28 06:30:00
R-166,Gym,2026-04-28 01:13:58,2026-04-28 17:00:00
R-101,Gym,2026-04-28 01:55:20,2026-04-28 14:00:00
R-131,Tennis Court,2026-04-28 01:56:06,2026-04-28 18:15:00
R-204,Tennis Court,2026-04-28 03:26:04,2026-04-28 17:15:00
R-187,Swimming Pool,2026-04-28 03:44:19,2026-04-28 19:30:00
R-130,Tennis Court,2026-04-28 04:02:45,2026-04-30 07:45:00
R-170,Swimming Pool,2026-04-28 04:07:58,2026-04-29 15:30:00
R-177,Tennis Court,2026-04-28 07:23:33,2026-04-30 15:00:00
R-184,Gym,2026-04-28 08:37:08,2026-04-28 16:45:00
R-153,Gym,2026-04-28 09:02:47,2026-04-28 19:30:00
R-192,Tennis Court,2026-04-28 09:22:26,2026-04-29 18:15:00
R-111,Swimming Pool,2026-04-28 10:05:57,2026-04-28 19:30:00
R-202,Clubhouse,2026-04-28 10:14:44,2026-04-29 08:00:00
R-212,Badminton Court,2026-04-28 10:52:06,2026-04-29 06:15:00
R-162,Tennis Court,2026-04-28 11:07:19,2026-04-29 11:15:00
R-174,Gym,2026-04-28 11:14:40,2026-04-29 08:30:00
R-197,Tennis Court,2026-04-28 11:32:16,2026-04-30 08:45:00
R-173,Badminton Court,2026-04-28 11:40:07,2026-04-29 20:15:00
R-213,Badminton Court,2026-04-28 12:06:40,2026-04-29 18:30:00
R-141,Badminton Court,2026-04-28 12:33:58,2026-04-29 19:00:00
R-123,Tennis Court,2026-04-28 13:18:15,2026-04-29 06:15:00
R-147,Gym,2026-04-28 15:42:02,2026-04-29 07:00:00
R-189,Gym,2026-04-28 15:49:16,2026-04-29 06:00:00
R-167,Swimming Pool,2026-04-28 15:57:26,2026-04-29 07:15:00
R-158,Gym,2026-04-28 16:00:15,2026-04-29 07:30:00
R-217,Tennis Court,2026-04-28 16:10:42,2026-04-29 15:30:00
R-180,Swimming Pool,2026-04-28 16:23:19,2026-04-30 18:00:00
R-131,Badminton Court,2026-04-28 16:37:23,2026-04-29 19:00:00
R-208,Swimming Pool,2026-04-28 16:50:18,2026-04-29 08:15:00
R-180,Badminton Court,2026-04-28 17:06:50,2026-04-29 20:45:00
R-105,Badminton Court,2026-04-28 18:06:50,2026-04-29 21:00:00
R-152,Gym,2026-04-28 18:11:10,2026-04-29 08:15:00
R-219,Tennis Court,2026-04-28 18:13:18,2026-04-30 08:45:00
R-207,Badminton Court,2026-04-28 18:14:01,2026-04-29 20:45:00
R-206,Tennis Court,2026-04-28 18:14:13,2026-04-29 07:00:00
R-113,Clubhouse,2026-04-28 18:14:50,2026-04-29 06:00:00
R-156,Gym,2026-04-28 18:39:14,2026-04-29 06:45:00
R-102,Gym,2026-04-28 18:43:17,2026-04-29 07:45:00
R-120,Badminton Court,2026-04-28 18:51:59,2026-04-29 20:45:00
R-107,Badminton Court,2026-04-28 18:58:22,2026-04-29 18:30:00
R-119,Gym,2026-04-28 18:59:44,2026-04-29 18:30:00
R-109,Badminton Court,2026-04-28 19:35:29,2026-04-29 06:45:00
R-137,Swimming Pool,2026-04-28 19:48:21,2026-04-29 07:00:00
R-183,Badminton Court,2026-04-28 20:01:44,2026-04-29 19:00:00
R-106,Gym,2026-04-28 20:15:53,2026-04-29 19:15:00
R-165,Badminton Court,2026-04-28 20:19:15,2026-04-29 20:15:00
R-161,Gym,2026-04-28 20:24:55,2026-04-29 07:15:00
R-145,Badminton Court,2026-04-28 20:28:44,2026-04-29 06:15:00
R-136,Clubhouse,2026-04-28 20:37:53,2026-04-29 20:30:00
R-146,Tennis Court,2026-04-28 21:03:35,2026-04-30 17:00:00
R-101,Tennis Court,2026-04-28 21:10:07,2026-04-29 08:45:00
R-138,Tennis Court,2026-04-28 21:13:36,2026-04-30 08:30:00
R-110,Gym,2026-04-28 21:21:54,2026-04-29 11:30:00
R-201,Swimming Pool,2026-04-28 21:44:52,2026-04-29 08:00:00
R-195,Badminton Court,2026-04-28 22:00:37,2026-04-29 18:00:00
R-186,Swimming Pool,2026-04-28 22:27:54,2026-04-29 11:15:00
R-144,Gym,2026-04-28 23:07:41,2026-04-29 07:15:00
R-166,Swimming Pool,2026-04-28 23:18:59,2026-04-29 08:45:00
R-168,Gym,2026-04-28 23:36:16,2026-04-29 06:00:00
R-205,Clubhouse,2026-04-28 23:44:56,2026-04-29 10:00:00
R-203,Gym,2026-04-29 00:46:47,2026-04-30 18:30:00
R-204,Tennis Court,2026-04-29 00:49:43,2026-04-29 10:30:00
R-203,Gym,2026-04-29 00:52:02,2026-04-29 20:15:00
R-198,Tennis Court,2026-04-29 00:55:26,2026-04-30 17:00:00
R-210,Clubhouse,2026-04-29 01:12:46,2026-04-30 20:30:00
R-112,Clubhouse,2026-04-29 01:34:30,2026-04-29 18:45:00
R-216,Clubhouse,2026-04-29 01:40:57,2026-04-29 10:30:00
R-117,Swimming Pool,2026-04-29 01:50:34,2026-04-29 08:45:00
R-118,Tennis Court,2026-04-29 01:52:46,2026-04-29 16:00:00
R-111,Tennis Court,2026-04-29 03:07:24,2026-04-29 19:15:00
R-188,Swimming Pool,2026-04-29 04:22:25,2026-04-29 17:30:00
R-211,Swimming Pool,2026-04-29 05:12:23,2026-04-29 10:00:00
R-178,Gym,2026-04-29 05:57:01,2026-04-29 19:15:00
R-218,Tennis Court,2026-04-29 06:26:00,2026-04-29 14:15:00
R-115,Tennis Court,2026-04-29 06:33:48,2026-04-30 16:00:00
R-120,Tennis Court,2026-04-29 07:22:48,2026-04-30 19:30:00
R-121,Clubhouse,2026-04-29 08:25:57,2026-04-30 06:30:00
R-195,Tennis Court,2026-04-29 08:29:27,2026-04-30 20:30:00
R-172,Swimming Pool,2026-04-29 09:05:12,2026-04-29 21:30:00
R-125,Badminton Court,2026-04-29 10:00:09,2026-04-30 19:00:00
R-117,Swimming Pool,2026-04-29 10:21:32,2026-04-30 08:00:00
R-104,Gym,2026-04-29 10:26:49,2026-04-29 16:30:00
R-199,Swimming Pool,2026-04-29 10:34:17,2026-04-29 16:30:00
R-119,Badminton Court,2026-04-29 10:34:33,2026-04-30 18:15:00
R-108,Clubhouse,2026-04-29 10:44:26,2026-04-29 19:30:00
R-134,Swimming Pool,2026-04-29 11:00:46,2026-04-29 16:30:00
R-169,Badminton Court,2026-04-29 11:11:14,2026-04-29 19:15:00
R-141,Swimming Pool,2026-04-29 11:21:18,2026-04-30 07:15:00
R-107,Badminton Court,2026-04-29 11:53:46,2026-04-30 18:15:00
R-165,Badminton Court,2026-04-29 11:58:13,2026-04-30 19:15:00
R-118,Swimming Pool,2026-04-29 14:01:36,2026-04-30 08:30:00
R-152,Gym,2026-04-29 14:30:19,2026-04-30 06:30:00
R-102,Gym,2026-04-29 14:45:07,2026-04-30 07:30:00
R-135,Clubhouse,2026-04-29 14:51:14,2026-04-30 07:15:00
R-116,Gym,2026-04-29 15:13:28,2026-04-30 07:00:00
R-103,Clubhouse,2026-04-29 15:18:03,2026-04-30 07:15:00
R-168,Badminton Court,2026-04-29 15:23:07,2026-04-30 07:00:00
R-183,Badminton Court,2026-04-29 15:38:01,2026-04-30 18:45:00
R-218,Clubhouse,2026-04-29 16:16:05,2026-04-30 08:45:00
R-142,Badminton Court,2026-04-29 16:37:09,2026-04-30 21:30:00
R-207,Badminton Court,2026-04-29 17:00:54,2026-04-30 19:45:00
R-144,Gym,2026-04-29 17:06:51,2026-04-30 07:00:00
R-173,Badminton Court,2026-04-29 17:24:10,2026-04-30 19:15:00
R-202,Clubhouse,2026-04-29 17:27:08,2026-04-30 15:45:00
R-146,Swimming Pool,2026-04-29 17:51:20,2026-05-02 18:15:00
R-190,Clubhouse,2026-04-29 18:05:09,2026-04-30 15:45:00
R-212,Gym,2026-04-29 18:18:38,2026-04-30 08:45:00
R-101,Gym,2026-04-29 18:20:04,2026-04-30 07:15:00
R-147,Gym,2026-04-29 18:37:03,2026-04-30 07:45:00
R-135,Gym,2026-04-29 18:37:26,2026-04-29 21:00:00
R-158,Badminton Court,2026-04-29 18:58:10,2026-04-30 07:30:00
R-113,Gym,2026-04-29 19:18:07,2026-04-30 07:15:00
R-172,Gym,2026-04-29 19:27:30,2026-04-30 13:15:00
R-109,Badminton Court,2026-04-29 19:43:07,2026-04-30 07:30:00
R-166,Tennis Court,2026-04-29 19:53:30,2026-04-30 07:30:00
R-169,Gym,2026-04-29 20:05:01,2026-04-30 09:45:00
R-156,Gym,2026-04-29 20:21:58,2026-04-30 08:00:00
R-106,Badminton Court,2026-04-29 20:29:16,2026-04-30 18:45:00
R-206,Badminton Court,2026-04-29 20:37:10,2026-04-30 07:15:00
R-208,Gym,2026-04-29 21:04:17,2026-04-30 07:45:00
R-174,Gym,2026-04-29 22:08:13,2026-04-30 08:45:00
R-131,Swimming Pool,2026-04-29 22:35:40,2026-04-30 19:15:00
R-157,Tennis Court,2026-04-29 22:36:41,2026-05-01 17:30:00
R-164,Swimming Pool,2026-04-30 00:11:12,2026-04-30 17:30:00
R-189,Gym,2026-04-30 00:23:51,2026-04-30 12:15:00
R-128,Swimming Pool,2026-04-30 00:31:51,2026-04-30 14:00:00
R-217,Badminton Court,2026-04-30 01:07:51,2026-04-30 19:15:00
R-123,Gym,2026-04-30 01:50:37,2026-04-30 08:15:00
R-145,Swimming Pool,2026-04-30 01:52:03,2026-04-30 07:15:00
R-195,Swimming Pool,2026-04-30 02:02:28,2026-05-01 18:15:00
R-191,Gym,2026-04-30 02:28:33,2026-04-30 08:45:00
R-175,Tennis Court,2026-04-30 02:51:33,2026-05-02 10:45:00
R-200,Badminton Court,2026-04-30 03:11:38,2026-04-30 17:30:00
R-196,Gym,2026-04-30 03:47:52,2026-04-30 20:45:00
R-204,Gym,2026-04-30 03:50:14,2026-04-30 18:15:00
R-105,Clubhouse,2026-04-30 04:10:59,2026-05-01 18:45:00
R-163,Tennis Court,2026-04-30 04:13:02,2026-04-30 10:15:00
R-111,Badminton Court,2026-04-30 05:31:58,2026-04-30 19:15:00
R-107,Badminton Court,2026-04-30 06:43:16,2026-05-01 18:45:00
R-201,Clubhouse,2026-04-30 07:08:27,2026-04-30 19:15:00
R-173,Gym,2026-04-30 08:20:10,2026-05-01 18:45:00
R-104,Swimming Pool,2026-04-30 08:21:46,2026-04-30 10:00:00
R-217,Gym,2026-04-30 08:31:43,2026-05-01 19:15:00
R-140,Swimming Pool,2026-04-30 08:51:51,2026-04-30 16:30:00
R-205,Swimming Pool,2026-04-30 09:41:25,2026-04-30 15:15:00
R-181,Swimming Pool,2026-04-30 10:21:49,2026-04-30 17:00:00
R-155,Clubhouse,2026-04-30 10:29:56,2026-05-01 13:45:00
R-203,Badminton Court,2026-04-30 10:31:49,2026-05-01 20:30:00
R-131,Badminton Court,2026-04-30 10:51:39,2026-05-01 18:15:00
R-172,Badminton Court,2026-04-30 11:34:32,2026-05-01 07:00:00
R-180,Badminton Court,2026-04-30 12:09:40,2026-05-01 16:15:00
R-120,Badminton Court,2026-04-30 13:05:34,2026-05-01 20:45:00
R-206,Gym,2026-04-30 13:39:18,2026-05-01 06:15:00
R-154,Clubhouse,2026-04-30 13:44:07,2026-05-02 07:00:00
R-207,Gym,2026-04-30 14:36:27,2026-05-01 20:00:00
R-174,Gym,2026-04-30 14:47:33,2026-05-01 07:45:00
R-197,Tennis Court,2026-04-30 14:52:10,2026-05-02 18:00:00
R-167,Swimming Pool,2026-04-30 14:59:56,2026-05-01 06:30:00
R-212,Badminton Court,2026-04-30 15:00:48,2026-05-01 06:15:00
R-113,Swimming Pool,2026-04-30 15:03:56,2026-05-01 06:00:00
R-190,Badminton Court,2026-04-30 15:21:12,2026-05-01 15:15:00
R-145,Gym,2026-04-30 15:31:24,2026-05-01 06:30:00
R-135,Gym,2026-04-30 15:36:08,2026-05-01 06:45:00
R-114,Swimming Pool,2026-04-30 15:51:25,2026-05-01 20:15:00
R-109,Badminton Court,2026-04-30 16:13:37,2026-05-01 06:00:00
R-208,Gym,2026-04-30 16:38:19,2026-05-01 08:15:00
R-101,Gym,2026-04-30 17:07:15,2026-05-01 07:45:00
R-102,Gym,2026-04-30 17:29:01,2026-05-01 06:45:00
R-196,Badminton Court,2026-04-30 17:30:50,2026-05-01 19:00:00
R-112,Clubhouse,2026-04-30 17:49:12,2026-05-01 18:45:00
R-103,Swimming Pool,2026-04-30 17:55:28,2026-05-01 07:45:00
R-157,Clubhouse,2026-04-30 18:01:31,2026-05-02 08:00:00
R-123,Gym,2026-04-30 19:33:20,2026-05-01 08:15:00
R-186,Badminton Court,2026-04-30 19:35:17,2026-05-01 11:00:00
R-192,Badminton Court,2026-04-30 19:38:41,2026-05-01 18:30:00
R-189,Gym,2026-04-30 20:12:59,2026-05-01 08:30:00
R-132,Swimming Pool,2026-04-30 20:32:35,2026-05-02 08:15:00
R-122,Tennis Court,2026-04-30 20:44:34,2026-05-01 14:30:00
R-147,Gym,2026-04-30 21:03:32,2026-05-01 08:30:00
R-118,Gym,2026-04-30 21:09:54,2026-05-01 08:45:00
R-168,Swimming Pool,2026-04-30 21:35:46,2026-05-01 06:30:00
R-156,Gym,2026-04-30 21:41:07,2026-05-01 16:30:00
R-219,Tennis Court,2026-04-30 22:50:20,2026-05-02 08:15:00
R-158,Swimming Pool,2026-04-30 23:05:36,2026-05-01 06:15:00
R-115,Gym,2026-05-01 00:43:07,2026-05-02 17:30:00
R-144,Gym,2026-05-01 00:46:50,2026-05-01 07:30:00
R-125,Badminton Court,2026-05-01 00:59:29,2026-05-01 20:15:00
R-117,Tennis Court,2026-05-01 01:26:02,2026-05-01 08:00:00
R-213,Badminton Court,2026-05-01 01:51:26,2026-05-01 20:30:00
R-202,Tennis Court,2026-05-01 02:00:08,2026-05-01 15:30:00
R-170,Badminton Court,2026-05-01 02:22:42,2026-05-01 18:45:00
R-198,Tennis Court,2026-05-01 03:29:02,2026-05-02 18:30:00
R-142,Badminton Court,2026-05-01 03:49:26,2026-05-01 18:45:00
R-152,Gym,2026-05-01 04:19:00,2026-05-01 13:00:00
R-153,Badminton Court,2026-05-01 04:48:24,2026-05-01 19:45:00
R-215,Swimming Pool,2026-05-01 05:27:46,2026-05-01 17:00:00
R-100,Badminton Court,2026-05-01 05:49:05,2026-05-01 20:45:00
R-194,Gym,2026-05-01 06:17:21,2026-05-01 15:45:00
R-191,Badminton Court,2026-05-01 06:38:12,2026-05-01 19:45:00
R-130,Tennis Court,2026-05-01 07:03:36,2026-05-03 20:45:00
R-111,Clubhouse,2026-05-01 07:07:34,2026-05-01 19:45:00
R-166,Swimming Pool,2026-05-01 07:31:38,2026-05-01 17:30:00
R-121,Clubhouse,2026-05-01 08:12:18,2026-05-02 07:15:00
R-160,Tennis Court,2026-05-01 09:04:53,2026-05-01 12:45:00
R-161,Gym,2026-05-01 09:12:52,2026-05-01 17:45:00
R-119,Badminton Court,2026-05-01 09:23:18,2026-05-02 19:30:00
R-217,Badminton Court,2026-05-01 09:29:47,2026-05-02 19:15:00
R-107,Clubhouse,2026-05-01 10:15:33,2026-05-02 18:00:00
R-106,Badminton Court,2026-05-01 11:01:02,2026-05-01 18:15:00
R-174,Gym,2026-05-01 11:13:54,2026-05-02 06:30:00
R-170,Tennis Court,2026-05-01 11:55:43,2026-05-02 18:15:00
R-203,Tennis Court,2026-05-01 12:03:16,2026-05-02 19:00:00
R-133,Clubhouse,2026-05-01 12:19:22,2026-05-02 14:30:00
R-128,Clubhouse,2026-05-01 13:01:40,2026-05-01 19:45:00
R-193,Badminton Court,2026-05-01 13:28:32,2026-05-02 20:30:00
R-105,Tennis Court,2026-05-01 13:51:34,2026-05-02 19:30:00
R-143,Swimming Pool,2026-05-01 14:28:56,2026-05-01 17:30:00
R-219,Gym,2026-05-01 16:10:25,2026-05-03 06:30:00
R-124,Clubhouse,2026-05-01 16:30:03,2026-05-02 14:00:00
R-135,Tennis Court,2026-05-01 16:39:05,2026-05-02 07:30:00
R-144,Gym,2026-05-01 16:55:19,2026-05-02 06:30:00
R-136,Badminton Court,2026-05-01 17:03:07,2026-05-01 18:45:00
R-165,Badminton Court,2026-05-01 18:15:12,2026-05-02 18:45:00
R-150,Tennis Court,2026-05-01 21:54:52,2026-05-02 20:15:00
R-155,Swimming Pool,2026-05-01 22:44:02,2026-05-02 14:15:00
R-112,Clubhouse,2026-05-01 22:47:35,2026-05-02 18:15:00
R-184,Gym,2026-05-01 23:59:14,2026-05-02 17:00:00
R-127,Clubhouse,2026-05-02 01:27:37,2026-05-02 08:45:00
R-125,Badminton Court,2026-05-02 01:35:22,2026-05-02 18:00:00
R-199,Tennis Court,2026-05-02 01:38:53,2026-05-02 10:00:00
R-194,Gym,2026-05-02 02:01:47,2026-05-02 17:15:00
R-180,Clubhouse,2026-05-02 02:31:40,2026-05-02 20:15:00
R-128,Swimming Pool,2026-05-02 02:39:53,2026-05-02 19:15:00
R-134,Swimming Pool,2026-05-02 03:37:45,2026-05-02 10:15:00
R-169,Badminton Court,2026-05-02 03:42:18,2026-05-02 17:30:00
R-148,Swimming Pool,2026-05-02 04:04:14,2026-05-02 10:15:00
R-132,Tennis Court,2026-05-02 04:14:07,2026-05-04 08:30:00
R-201,Tennis Court,2026-05-02 05:04:49,2026-05-02 19:45:00
R-216,Badminton Court,2026-05-02 06:10:38,2026-05-02 10:30:00
R-171,Clubhouse,2026-05-02 06:34:35,2026-05-02 10:15:00
R-110,Gym,2026-05-02 06:50:44,2026-05-02 19:15:00
R-140,Swimming Pool,2026-05-02 07:08:55,2026-05-02 17:45:00
R-170,Badminton Court,2026-05-02 07:18:15,2026-05-03 18:30:00
R-178,Swimming Pool,2026-05-02 07:45:35,2026-05-02 17:00:00
R-159,Gym,2026-05-02 08:55:04,2026-05-02 20:15:00
R-182,Swimming Pool,2026-05-02 09:18:10,2026-05-02 15:15:00
R-179,Swimming Pool,2026-05-02 09:21:38,2026-05-02 12:45:00
R-139,Gym,2026-05-02 09:29:29,2026-05-02 17:00:00
R-149,Swimming Pool,2026-05-02 09:52:53,2026-05-02 16:45:00
R-162,Tennis Court,2026-05-02 10:23:56,2026-05-02 19:45:00
R-205,Swimming Pool,2026-05-02 10:34:09,2026-05-02 15:45:00
R-163,Swimming Pool,2026-05-02 10:38:27,2026-05-02 17:15:00
R-151,Tennis Court,2026-05-02 11:08:48,2026-05-02 15:00:00
R-175,Tennis Court,2026-05-02 11:09:38,2026-05-03 18:30:00
R-108,Swimming Pool,2026-05-02 11:10:35,2026-05-02 19:30:00
R-143,Clubhouse,2026-05-02 11:51:01,2026-05-02 16:15:00
R-130,Tennis Court,2026-05-02 12:53:54,2026-05-04 12:15:00
R-176,Tennis Court,2026-05-02 13:19:39,2026-05-02 18:30:00
R-214,Clubhouse,2026-05-02 13:20:53,2026-05-03 09:45:00
R-211,Tennis Court,2026-05-02 13:37:18,2026-05-02 17:30:00
R-101,Gym,2026-05-02 16:34:09,2026-05-03 07:00:00
R-161,Swimming Pool,2026-05-02 18:35:39,2026-05-03 08:00:00
R-162,Gym,2026-05-02 18:59:19,2026-05-03 15:45:00
R-213,Tennis Court,2026-05-02 19:04:13,2026-05-03 20:45:00
R-166,Swimming Pool,2026-05-02 19:11:16,2026-05-03 08:30:00
R-212,Gym,2026-05-02 19:25:00,2026-05-03 08:15:00
R-218,Badminton Court,2026-05-02 19:36:42,2026-05-03 07:15:00
R-150,Tennis Court,2026-05-02 20:37:24,2026-05-03 15:45:00
R-129,Clubhouse,2026-05-02 21:31:56,2026-05-03 19:15:00
R-108,Gym,2026-05-02 22:12:01,2026-05-03 11:30:00
R-158,Tennis Court,2026-05-02 22:56:49,2026-05-03 20:30:00
R-178,Swimming Pool,2026-05-02 23:38:13,2026-05-03 08:15:00
R-133,Swimming Pool,2026-05-02 23:58:38,2026-05-03 20:30:00
R-124,Badminton Court,2026-05-03 00:51:41,2026-05-03 20:45:00
R-190,Tennis Court,2026-05-03 00:58:23,2026-05-03 15:15:00
R-138,Tennis Court,2026-05-03 02:22:16,2026-05-04 07:30:00
R-184,Clubhouse,2026-05-03 02:43:23,2026-05-03 19:45:00
R-136,Gym,2026-05-03 03:05:16,2026-05-04 20:45:00
R-165,Badminton Court,2026-05-03 03:20:57,2026-05-04 09:45:00
R-199,Swimming Pool,2026-05-03 03:53:18,2026-05-03 11:00:00
R-181,Gym,2026-05-03 04:19:17,2026-05-03 11:00:00
R-121,Clubhouse,2026-05-03 04:31:07,2026-05-03 16:30:00
R-180,Badminton Court,2026-05-03 04:48:21,2026-05-04 18:30:00
R-149,Clubhouse,2026-05-03 05:26:56,2026-05-03 11:45:00
R-171,Gym,2026-05-03 05:52:04,2026-05-03 12:30:00
R-169,Swimming Pool,2026-05-03 05:57:42,2026-05-03 17:15:00
R-201,Gym,2026-05-03 06:05:11,2026-05-03 17:00:00
R-119,Badminton Court,2026-05-03 06:27:35,2026-05-04 18:00:00
R-154,Gym,2026-05-03 06:30:17,2026-05-04 18:30:00
R-132,Tennis Court,2026-05-03 06:32:56,2026-05-05 07:15:00
R-175,Gym,2026-05-03 06:55:44,2026-05-05 08:00:00
R-217,Clubhouse,2026-05-03 07:46:30,2026-05-04 18:00:00
R-163,Clubhouse,2026-05-03 08:24:06,2026-05-03 16:15:00
R-120,Tennis Court,2026-05-03 08:30:14,2026-05-04 13:45:00
R-176,Swimming Pool,2026-05-03 08:45:33,2026-05-03 14:30:00
R-134,Badminton Court,2026-05-03 09:20:53,2026-05-03 16:30:00
R-140,Tennis Court,2026-05-03 09:47:22,2026-05-03 15:00:00
R-144,Badminton Court,2026-05-03 10:22:46,2026-05-04 08:00:00
R-135,Gym,2026-05-03 11:08:08,2026-05-04 06:00:00
R-177,Tennis Court,2026-05-03 11:18:04,2026-05-05 07:00:00
R-168,Clubhouse,2026-05-03 11:26:16,2026-05-04 08:30:00
R-183,Badminton Court,2026-05-03 11:28:24,2026-05-04 18:15:00
R-205,Badminton Court,2026-05-03 11:36:12,2026-05-03 17:15:00
R-179,Swimming Pool,2026-05-03 11:59:40,2026-05-03 18:30:00
R-123,Gym,2026-05-03 12:11:19,2026-05-04 08:15:00
R-196,Badminton Court,2026-05-03 12:33:16,2026-05-04 19:15:00
R-156,Swimming Pool,2026-05-03 12:48:10,2026-05-04 08:45:00
R-152,Gym,2026-05-03 13:13:44,2026-05-04 06:00:00
R-203,Badminton Court,2026-05-03 13:19:32,2026-05-04 18:45:00
R-148,Gym,2026-05-03 13:26:27,2026-05-03 19:00:00
R-192,Gym,2026-05-03 13:42:17,2026-05-04 18:15:00
R-141,Tennis Court,2026-05-03 13:42:20,2026-05-04 20:45:00
R-185,Swimming Pool,2026-05-03 14:02:27,2026-05-03 19:45:00
R-107,Clubhouse,2026-05-03 14:22:05,2026-05-04 20:15:00
R-209,Badminton Court,2026-05-03 14:22:29,2026-05-03 20:30:00
R-212,Gym,2026-05-03 14:58:39,2026-05-04 07:30:00
R-207,Badminton Court,2026-05-03 14:59:29,2026-05-04 17:00:00
R-208,Gym,2026-05-03 15:00:01,2026-05-04 07:15:00
R-193,Gym,2026-05-03 16:01:46,2026-05-04 19:45:00
R-105,Badminton Court,2026-05-03 16:43:48,2026-05-04 19:00:00
R-113,Gym,2026-05-03 17:03:00,2026-05-04 06:45:00
R-147,Gym,2026-05-03 17:05:09,2026-05-04 08:00:00
R-145,Gym,2026-05-03 17:18:56,2026-05-04 06:00:00
R-101,Gym,2026-05-03 17:30:34,2026-05-04 06:15:00
R-187,Clubhouse,2026-05-03 17:33:07,2026-05-04 08:45:00
R-117,Gym,2026-05-03 17:50:46,2026-05-04 06:15:00
R-218,Clubhouse,2026-05-03 18:22:28,2026-05-04 06:30:00
R-126,Swimming Pool,2026-05-03 18:25:42,2026-05-04 08:45:00
R-169,Gym,2026-05-03 18:37:05,2026-05-04 06:45:00
R-174,Gym,2026-05-03 18:39:29,2026-05-04 07:15:00
R-109,Gym,2026-05-03 18:47:18,2026-05-04 06:30:00
R-142,Badminton Court,2026-05-03 19:26:32,2026-05-04 20:00:00
R-102,Gym,2026-05-03 19:53:27,2026-05-04 17:00:00
R-167,Badminton Court,2026-05-03 20:00:52,2026-05-04 07:45:00
R-170,Badminton Court,2026-05-03 20:16:29,2026-05-04 18:30:00
R-206,Gym,2026-05-03 21:39:09,2026-05-04 07:00:00
R-189,Gym,2026-05-03 21:57:54,2026-05-04 08:30:00
R-201,Badminton Court,2026-05-03 22:08:52,2026-05-04 07:15:00
R-172,Gym,2026-05-03 22:12:10,2026-05-04 08:00:00
R-130,Tennis Court,2026-05-03 23:18:01,2026-05-05 17:30:00
R-204,Badminton Court,2026-05-04 01:28:56,2026-05-04 09:15:00
R-125,Swimming Pool,2026-05-04 01:48:50,2026-05-04 18:00:00
R-127,Tennis Court,2026-05-04 02:28:36,2026-05-04 17:00:00
R-108,Swimming Pool,2026-05-04 02:35:03,2026-05-04 11:30:00
R-202,Badminton Court,2026-05-04 02:48:39,2026-05-04 18:45:00
R-188,Tennis Court,2026-05-04 02:51:28,2026-05-04 11:15:00
R-110,Swimming Pool,2026-05-04 03:23:14,2026-05-04 21:45:00
R-158,Clubhouse,2026-05-04 04:56:37,2026-05-04 16:30:00
R-116,Gym,2026-05-04 05:06:54,2026-05-04 19:00:00
R-111,Badminton Court,2026-05-04 06:02:21,2026-05-04 12:15:00
R-177,Tennis Court,2026-05-04 07:11:02,2026-05-04 17:45:00
R-186,Gym,2026-05-04 07:44:57,2026-05-04 17:15:00
R-216,Gym,2026-05-04 09:08:02,2026-05-04 15:15:00
R-213,Badminton Court,2026-05-04 09:52:58,2026-05-05 18:00:00
R-103,Gym,2026-05-04 09:54:44,2026-05-04 20:45:00
R-203,Badminton Court,2026-05-04 09:55:03,2026-05-05 19:00:00
R-192,Badminton Court,2026-05-04 10:18:59,2026-05-05 19:15:00
R-202,Clubhouse,2026-05-04 11:07:04,2026-05-05 15:30:00
R-172,Clubhouse,2026-05-04 11:40:04,2026-05-05 07:15:00
R-135,Gym,2026-05-04 11:56:55,2026-05-05 06:00:00
R-137,Swimming Pool,2026-05-04 12:09:15,2026-05-05 07:30:00
R-152,Gym,2026-05-04 12:52:24,2026-05-05 08:45:00
R-195,Tennis Court,2026-05-04 13:11:30,2026-05-05 19:15:00
R-200,Gym,2026-05-04 13:22:21,2026-05-04 17:15:00
R-167,Gym,2026-05-04 13:27:40,2026-05-05 07:15:00
R-113,Gym,2026-05-04 13:28:18,2026-05-05 06:00:00
R-109,Badminton Court,2026-05-04 13:38:49,2026-05-05 07:15:00
R-145,Swimming Pool,2026-05-04 14:04:20,2026-05-05 08:30:00
R-219,Gym,2026-05-04 14:30:42,2026-05-05 18:45:00
R-212,Gym,2026-05-04 15:25:41,2026-05-05 07:15:00
R-158,Clubhouse,2026-05-04 15:26:29,2026-05-05 07:30:00
R-123,Gym,2026-05-04 15:36:48,2026-05-05 07:45:00
R-146,Tennis Court,2026-05-04 16:20:56,2026-05-05 07:30:00
R-156,Gym,2026-05-04 16:21:36,2026-05-05 07:30:00
R-173,Badminton Court,2026-05-04 16:47:20,2026-05-05 16:45:00
R-194,Gym,2026-05-04 17:04:16,2026-05-05 07:30:00
R-183,Gym,2026-05-04 17:06:33,2026-05-05 18:45:00
R-162,Clubhouse,2026-05-04 17:39:08,2026-05-05 18:00:00
R-117,Gym,2026-05-04 18:51:08,2026-05-05 08:30:00
R-105,Badminton Court,2026-05-04 18:56:47,2026-05-05 20:30:00
R-119,Badminton Court,2026-05-04 19:02:40,2026-05-05 20:45:00
R-142,Badminton Court,2026-05-04 19:30:31,2026-05-05 19:30:00
R-147,Gym,2026-05-04 19:50:53,2026-05-05 08:30:00
R-118,Gym,2026-05-04 20:03:43,2026-05-05 06:45:00
R-131,Badminton Court,2026-05-04 20:23:55,2026-05-05 20:45:00
R-159,Tennis Court,2026-05-04 20:25:11,2026-05-05 19:00:00
R-208,Swimming Pool,2026-05-04 20:57:09,2026-05-05 10:45:00
R-133,Clubhouse,2026-05-04 21:11:10,2026-05-05 18:15:00
R-112,Clubhouse,2026-05-04 21:36:28,2026-05-05 15:15:00
R-141,Badminton Court,2026-05-04 22:02:51,2026-05-05 19:45:00
R-121,Clubhouse,2026-05-04 22:42:29,2026-05-05 18:30:00
R-144,Gym,2026-05-04 22:53:04,2026-05-05 07:15:00
R-200,Gym,2026-05-04 23:31:58,2026-05-05 11:30:00
R-124,Swimming Pool,2026-05-05 00:10:37,2026-05-05 20:00:00
R-170,Badminton Court,2026-05-05 00:20:45,2026-05-05 18:45:00
R-136,Badminton Court,2026-05-05 00:23:35,2026-05-05 20:30:00
R-196,Badminton Court,2026-05-05 00:31:19,2026-05-05 18:00:00
R-141,Badminton Court,2026-05-05 00:31:55,2026-05-06 18:15:00
R-100,Badminton Court,2026-05-05 01:50:26,2026-05-05 11:45:00
R-116,Gym,2026-05-05 02:31:30,2026-05-05 17:15:00
R-101,Badminton Court,2026-05-05 03:32:20,2026-05-05 16:45:00
R-189,Badminton Court,2026-05-05 04:00:23,2026-05-05 15:15:00
R-146,Tennis Court,2026-05-05 04:32:31,2026-05-07 17:00:00
R-187,Clubhouse,2026-05-05 04:43:18,2026-05-05 19:00:00
R-127,Tennis Court,2026-05-05 05:08:14,2026-05-05 19:30:00
R-206,Badminton Court,2026-05-05 05:34:30,2026-05-05 16:45:00
R-168,Tennis Court,2026-05-05 05:48:37,2026-05-05 17:30:00
R-217,Tennis Court,2026-05-05 06:40:56,2026-05-06 20:15:00
R-219,Tennis Court,2026-05-05 06:46:35,2026-05-07 18:45:00
R-175,Tennis Court,2026-05-05 06:51:38,2026-05-07 07:45:00
R-107,Gym,2026-05-05 06:57:50,2026-05-06 18:45:00
R-125,Tennis Court,2026-05-05 07:22:53,2026-05-06 18:00:00
R-201,Gym,2026-05-05 07:25:49,2026-05-05 20:45:00
R-174,Gym,2026-05-05 08:08:38,2026-05-05 17:30:00
R-134,Swimming Pool,2026-05-05 08:10:48,2026-05-05 15:00:00
R-211,Swimming Pool,2026-05-05 08:33:51,2026-05-05 15:45:00
R-126,Gym,2026-05-05 08:50:04,2026-05-05 19:00:00
R-213,Badminton Court,2026-05-05 10:00:59,2026-05-06 20:00:00
R-182,Gym,2026-05-05 10:28:47,2026-05-05 17:00:00
R-170,Badminton Court,2026-05-05 10:50:54,2026-05-06 19:45:00
R-180,Tennis Court,2026-05-05 11:08:14,2026-05-06 20:45:00
R-156,Badminton Court,2026-05-05 11:23:24,2026-05-06 07:00:00
R-132,Gym,2026-05-05 11:44:44,2026-05-07 07:00:00
R-142,Badminton Court,2026-05-05 13:18:26,2026-05-06 19:30:00
R-158,Gym,2026-05-05 13:44:35,2026-05-06 07:30:00
R-153,Tennis Court,2026-05-05 14:01:56,2026-05-05 19:00:00
R-105,Badminton Court,2026-05-05 14:36:51,2026-05-06 19:45:00
R-144,Tennis Court,2026-05-05 14:58:50,2026-05-06 06:30:00
R-123,Gym,2026-05-05 15:04:37,2026-05-06 07:30:00
R-188,Gym,2026-05-05 15:07:51,2026-05-06 08:15:00
R-173,Tennis Court,2026-05-05 15:09:03,2026-05-06 12:30:00
R-147,Gym,2026-05-05 15:17:05,2026-05-06 08:45:00
R-207,Badminton Court,2026-05-05 15:28:19,2026-05-06 19:30:00
R-102,Swimming Pool,2026-05-05 16:01:05,2026-05-06 08:30:00
R-189,Swimming Pool,2026-05-05 16:34:14,2026-05-06 06:45:00
R-101,Gym,2026-05-05 16:42:04,2026-05-06 07:30:00
R-113,Gym,2026-05-05 16:51:38,2026-05-06 07:15:00
R-106,Badminton Court,2026-05-05 17:02:56,2026-05-06 20:00:00
R-195,Badminton Court,2026-05-05 17:11:27,2026-05-06 18:15:00
R-135,Badminton Court,2026-05-05 17:13:28,2026-05-06 06:45:00
R-212,Badminton Court,2026-05-05 17:51:39,2026-05-06 08:30:00
R-164,Swimming Pool,2026-05-05 17:55:35,2026-05-06 18:00:00
R-168,Gym,2026-05-05 18:10:11,2026-05-06 07:15:00
R-131,Swimming Pool,2026-05-05 18:49:10,2026-05-06 19:00:00
R-116,Badminton Court,2026-05-05 19:53:44,2026-05-06 08:45:00
R-117,Swimming Pool,2026-05-05 20:05:47,2026-05-06 08:30:00
R-208,Badminton Court,2026-05-05 20:39:06,2026-05-06 06:15:00
R-109,Gym,2026-05-05 20:50:10,2026-05-06 06:45:00
R-206,Clubhouse,2026-05-05 20:54:27,2026-05-06 06:00:00
R-174,Gym,2026-05-05 21:03:29,2026-05-06 08:45:00
R-145,Gym,2026-05-05 21:11:26,2026-05-06 08:00:00
R-108,Swimming Pool,2026-05-05 21:36:31,2026-05-06 11:00:00
R-178,Tennis Court,2026-05-05 22:59:18,2026-05-06 11:30:00
R-154,Tennis Court,2026-05-05 23:40:05,2026-05-07 17:15:00
R-119,Tennis Court,2026-05-06 00:06:56,2026-05-06 19:45:00
R-167,Gym,2026-05-06 00:28:35,2026-05-06 06:45:00
R-115,Tennis Court,2026-05-06 00:33:59,2026-05-07 18:30:00
R-186,Badminton Court,2026-05-06 00:44:44,2026-05-06 11:30:00
R-183,Clubhouse,2026-05-06 00:58:00,2026-05-06 18:30:00
R-118,Clubhouse,2026-05-06 01:14:27,2026-05-06 17:00:00
R-217,Badminton Court,2026-05-06 01:16:34,2026-05-07 19:45:00
R-214,Clubhouse,2026-05-06 01:41:08,2026-05-06 19:00:00
R-219,Tennis Court,2026-05-06 01:41:53,2026-05-08 18:15:00
R-201,Swimming Pool,2026-05-06 02:14:53,2026-05-06 17:00:00
R-194,Badminton Court,2026-05-06 02:41:06,2026-05-06 11:00:00
R-136,Badminton Court,2026-05-06 02:52:39,2026-05-07 19:45:00
R-137,Swimming Pool,2026-05-06 02:53:31,2026-05-06 17:15:00
R-196,Badminton Court,2026-05-06 03:32:09,2026-05-07 18:45:00
R-198,Tennis Court,2026-05-06 03:37:07,2026-05-07 18:00:00
R-196,Badminton Court,2026-05-06 05:02:58,2026-05-06 18:30:00
R-143,Swimming Pool,2026-05-06 05:19:28,2026-05-06 10:45:00
R-100,Swimming Pool,2026-05-06 05:30:53,2026-05-06 19:30:00
R-152,Gym,2026-05-06 05:42:51,2026-05-06 21:00:00
R-203,Badminton Court,2026-05-06 05:56:02,2026-05-06 20:15:00
R-130,Tennis Court,2026-05-06 05:58:39,2026-05-07 17:15:00
R-125,Badminton Court,2026-05-06 06:07:46,2026-05-07 07:15:00
R-128,Tennis Court,2026-05-06 07:14:17,2026-05-06 19:00:00
R-107,Badminton Court,2026-05-06 07:46:03,2026-05-07 18:30:00
R-138,Gym,2026-05-06 07:46:12,2026-05-08 17:30:00
R-120,Tennis Court,2026-05-06 08:08:51,2026-05-07 18:45:00
R-141,Gym,2026-05-06 08:43:22,2026-05-07 14:30:00
R-165,Badminton Court,2026-05-06 08:43:30,2026-05-07 19:00:00
R-180,Badminton Court,2026-05-06 09:16:45,2026-05-07 15:00:00
R-203,Badminton Court,2026-05-06 09:50:25,2026-05-07 18:30:00
R-134,Clubhouse,2026-05-06 10:28:17,2026-05-06 17:45:00
R-213,Badminton Court,2026-05-06 10:46:29,2026-05-07 19:15:00
R-105,Clubhouse,2026-05-06 12:10:45,2026-05-07 19:00:00
R-173,Badminton Court,2026-05-06 13:20:12,2026-05-07 19:15:00
R-133,Swimming Pool,2026-05-06 13:33:14,2026-05-07 15:30:00
R-170,Badminton Court,2026-05-06 13:53:36,2026-05-07 19:15:00
R-147,Gym,2026-05-06 13:59:39,2026-05-07 07:00:00
R-102,Gym,2026-05-06 14:06:07,2026-05-07 08:45:00
R-172,Badminton Court,2026-05-06 14:39:18,2026-05-07 08:15:00
R-212,Badminton Court,2026-05-06 14:43:43,2026-05-07 06:15:00
R-167,Gym,2026-05-06 15:32:47,2026-05-07 07:45:00
R-119,Badminton Court,2026-05-06 15:36:35,2026-05-07 20:30:00
R-144,Gym,2026-05-06 16:08:16,2026-05-07 08:00:00
R-118,Gym,2026-05-06 16:34:04,2026-05-07 06:45:00
R-156,Gym,2026-05-06 16:38:13,2026-05-07 06:00:00
R-135,Swimming Pool,2026-05-06 16:39:30,2026-05-07 07:30:00
R-123,Badminton Court,2026-05-06 16:41:21,2026-05-07 08:15:00
R-101,Gym,2026-05-06 16:50:07,2026-05-07 08:45:00
R-142,Badminton Court,2026-05-06 17:14:46,2026-05-07 19:15:00
R-155,Tennis Court,2026-05-06 17:33:42,2026-05-07 20:30:00
R-117,Gym,2026-05-06 18:16:00,2026-05-07 06:45:00
R-158,Badminton Court,2026-05-06 18:20:35,2026-05-07 06:30:00
R-189,Gym,2026-05-06 18:36:57,2026-05-07 07:00:00
R-200,Gym,2026-05-06 18:48:44,2026-05-07 08:15:00
R-128,Tennis Court,2026-05-06 19:05:32,2026-05-07 07:45:00
R-195,Gym,2026-05-06 20:26:24,2026-05-08 09:00:00
R-111,Badminton Court,2026-05-06 21:03:34,2026-05-07 07:15:00
R-110,Clubhouse,2026-05-06 21:25:15,2026-05-07 08:45:00
R-174,Gym,2026-05-06 21:27:54,2026-05-07 07:15:00
R-127,Swimming Pool,2026-05-06 22:19:05,2026-05-07 11:15:00
R-169,Gym,2026-05-06 22:29:24,2026-05-07 11:00:00
R-192,Swimming Pool,2026-05-06 23:07:40,2026-05-07 18:00:00
R-206,Gym,2026-05-06 23:11:34,2026-05-07 13:30:00
R-168,Gym,2026-05-06 23:19:24,2026-05-07 06:15:00
R-145,Gym,2026-05-06 23:37:43,2026-05-07 08:15:00
R-106,Badminton Court,2026-05-06 23:55:43,2026-05-07 19:30:00
R-183,Swimming Pool,2026-05-07 00:40:24,2026-05-07 18:45:00
R-162,Clubhouse,2026-05-07 00:42:02,2026-05-07 21:00:00
R-166,Tennis Court,2026-05-07 00:48:50,2026-05-07 11:00:00
R-109,Badminton Court,2026-05-07 00:52:42,2026-05-07 18:15:00
R-126,Gym,2026-05-07 02:15:11,2026-05-07 07:15:00
R-116,Gym,2026-05-07 02:58:38,2026-05-07 21:15:00
R-120,Badminton Court,2026-05-07 03:25:09,2026-05-08 18:45:00
R-194,Gym,2026-05-07 04:07:14,2026-05-07 19:30:00
R-151,Badminton Court,2026-05-07 04:13:16,2026-05-07 11:30:00
R-113,Clubhouse,2026-05-07 05:06:02,2026-05-07 14:15:00
R-178,Clubhouse,2026-05-07 05:11:32,2026-05-07 19:30:00
R-100,Tennis Court,2026-05-07 05:32:18,2026-05-07 19:45:00
R-215,Badminton Court,2026-05-07 05:42:31,2026-05-07 15:45:00
R-217,Badminton Court,2026-05-07 06:24:30,2026-05-08 17:00:00
R-103,Badminton Court,2026-05-07 06:53:50,2026-05-07 19:30:00
R-173,Badminton Court,2026-05-07 07:09:06,2026-05-08 20:30:00
R-140,Gym,2026-05-07 07:59:42,2026-05-07 15:00:00
R-131,Badminton Court,2026-05-07 08:04:48,2026-05-07 20:30:00
R-119,Badminton Court,2026-05-07 09:01:19,2026-05-08 11:15:00
R-198,Tennis Court,2026-05-07 09:15:17,2026-05-09 08:00:00
R-199,Swimming Pool,2026-05-07 10:12:15,2026-05-07 15:15:00
R-118,Gym,2026-05-07 10:19:09,2026-05-08 06:15:00
R-146,Tennis Court,2026-05-07 10:25:03,2026-05-09 07:45:00
R-109,Gym,2026-05-07 10:28:33,2026-05-08 06:30:00
R-104,Swimming Pool,2026-05-07 11:01:59,2026-05-07 16:30:00
R-180,Badminton Court,2026-05-07 11:12:02,2026-05-08 20:30:00
R-155,Clubhouse,2026-05-07 14:21:25,2026-05-08 14:15:00
R-147,Gym,2026-05-07 14:28:16,2026-05-08 07:45:00
R-144,Badminton Court,2026-05-07 14:36:19,2026-05-08 06:45:00
R-192,Badminton Court,2026-05-07 15:03:45,2026-05-08 20:45:00
R-208,Gym,2026-05-07 15:41:12,2026-05-08 07:15:00
R-131,Badminton Court,2026-05-07 15:48:55,2026-05-08 19:30:00
R-202,Tennis Court,2026-05-07 15:53:10,2026-05-08 15:45:00
R-141,Badminton Court,2026-05-07 16:06:08,2026-05-08 20:45:00
R-165,Badminton Court,2026-05-07 16:17:27,2026-05-08 19:45:00
R-150,Clubhouse,2026-05-07 16:23:44,2026-05-08 17:15:00
R-196,Gym,2026-05-07 16:51:20,2026-05-08 20:30:00
R-107,Badminton Court,2026-05-07 16:55:01,2026-05-08 19:00:00
R-136,Badminton Court,2026-05-07 17:03:36,2026-05-08 18:45:00
R-161,Tennis Court,2026-05-07 17:05:42,2026-05-08 11:00:00
R-113,Gym,2026-05-07 17:06:06,2026-05-08 06:30:00
R-157,Tennis Court,2026-05-07 17:15:28,2026-05-09 07:00:00
R-142,Gym,2026-05-07 17:32:50,2026-05-08 19:00:00
R-156,Tennis Court,2026-05-07 17:33:17,2026-05-08 06:30:00
R-172,Gym,2026-05-07 17:35:30,2026-05-08 07:15:00
R-130,Swimming Pool,2026-05-07 17:57:25,2026-05-09 07:30:00
R-207,Gym,2026-05-07 18:09:13,2026-05-08 19:45:00
R-170,Badminton Court,2026-05-07 18:19:33,2026-05-08 18:30:00
R-101,Gym,2026-05-07 18:28:10,2026-05-08 07:15:00
R-162,Swimming Pool,2026-05-07 18:38:02,2026-05-08 15:30:00
R-126,Gym,2026-05-07 18:43:42,2026-05-08 08:15:00
R-168,Gym,2026-05-07 18:45:59,2026-05-08 08:30:00
R-212,Gym,2026-05-07 18:50:17,2026-05-08 08:00:00
R-125,Badminton Court,2026-05-07 18:52:29,2026-05-08 19:30:00
R-189,Swimming Pool,2026-05-07 19:10:37,2026-05-08 06:15:00
R-152,Gym,2026-05-07 19:39:15,2026-05-08 07:45:00
R-100,Swimming Pool,2026-05-07 20:21:40,2026-05-08 11:00:00
R-117,Clubhouse,2026-05-07 20:35:25,2026-05-08 07:30:00
R-206,Gym,2026-05-07 20:43:25,2026-05-08 08:45:00
R-193,Swimming Pool,2026-05-07 20:58:49,2026-05-08 20:00:00
R-135,Gym,2026-05-07 21:01:00,2026-05-08 08:45:00
R-123,Tennis Court,2026-05-07 21:25:36,2026-05-08 08:30:00
R-166,Swimming Pool,2026-05-07 21:52:35,2026-05-08 17:00:00
R-219,Tennis Court,2026-05-07 22:07:42,2026-05-10 08:30:00
R-158,Tennis Court,2026-05-07 22:15:14,2026-05-08 10:45:00
R-121,Clubhouse,2026-05-07 22:27:37,2026-05-08 13:30:00
R-102,Gym,2026-05-07 22:40:07,2026-05-08 06:00:00
R-116,Gym,2026-05-07 23:02:20,2026-05-08 09:45:00
R-197,Badminton Court,2026-05-07 23:15:39,2026-05-09 07:15:00
R-188,Swimming Pool,2026-05-07 23:26:18,2026-05-08 11:45:00
R-129,Badminton Court,2026-05-07 23:27:38,2026-05-08 20:30:00
R-214,Swimming Pool,2026-05-07 23:36:56,2026-05-08 18:15:00
R-160,Swimming Pool,2026-05-07 23:45:23,2026-05-08 06:15:00
R-204,Tennis Court,2026-05-08 00:24:20,2026-05-08 11:45:00
R-145,Tennis Court,2026-05-08 01:02:27,2026-05-08 13:00:00
R-105,Badminton Court,2026-05-08 02:00:08,2026-05-08 18:00:00
R-210,Gym,2026-05-08 02:18:48,2026-05-09 20:45:00
R-174,Gym,2026-05-08 02:42:49,2026-05-08 14:00:00
R-219,Tennis Court,2026-05-08 03:29:37,2026-05-09 08:00:00
R-190,Clubhouse,2026-05-08 03:49:56,2026-05-08 14:30:00
R-194,Swimming Pool,2026-05-08 05:08:52,2026-05-08 19:00:00
R-128,Tennis Court,2026-05-08 05:26:43,2026-05-08 19:45:00
R-184,Clubhouse,2026-05-08 05:40:48,2026-05-08 19:45:00
R-132,Tennis Court,2026-05-08 06:01:37,2026-05-09 18:45:00
R-192,Badminton Court,2026-05-08 06:02:22,2026-05-09 13:00:00
R-140,Clubhouse,2026-05-08 06:08:55,2026-05-08 10:45:00
R-153,Gym,2026-05-08 06:38:55,2026-05-08 21:00:00
R-167,Gym,2026-05-08 06:52:57,2026-05-08 19:30:00
R-176,Gym,2026-05-08 07:49:23,2026-05-08 16:30:00
R-164,Clubhouse,2026-05-08 08:07:41,2026-05-08 19:00:00
R-178,Swimming Pool,2026-05-08 08:14:46,2026-05-08 19:45:00
R-200,Tennis Court,2026-05-08 09:07:50,2026-05-08 19:30:00
R-127,Clubhouse,2026-05-08 09:41:05,2026-05-08 19:30:00
R-142,Swimming Pool,2026-05-08 10:32:49,2026-05-09 17:30:00
R-185,Swimming Pool,2026-05-08 12:54:35,2026-05-08 15:30:00
R-143,Swimming Pool,2026-05-08 13:15:04,2026-05-08 17:45:00
R-211,Tennis Court,2026-05-08 13:25:58,2026-05-08 16:45:00
R-116,Gym,2026-05-08 13:53:40,2026-05-09 06:15:00
R-180,Badminton Court,2026-05-08 14:08:08,2026-05-09 19:00:00
R-119,Clubhouse,2026-05-08 14:11:16,2026-05-09 20:15:00
R-124,Badminton Court,2026-05-08 14:26:22,2026-05-09 20:15:00
R-198,Tennis Court,2026-05-08 15:07:32,2026-05-10 08:15:00
R-152,Swimming Pool,2026-05-08 15:08:24,2026-05-09 06:30:00
R-212,Gym,2026-05-08 15:26:55,2026-05-09 06:15:00
R-157,Tennis Court,2026-05-08 15:39:08,2026-05-10 07:15:00
R-145,Gym,2026-05-08 15:48:49,2026-05-09 08:30:00
R-136,Badminton Court,2026-05-08 16:20:17,2026-05-09 20:00:00
R-150,Swimming Pool,2026-05-08 17:12:19,2026-05-09 14:45:00
R-114,Tennis Court,2026-05-08 18:35:51,2026-05-09 15:45:00
R-141,Badminton Court,2026-05-08 18:46:48,2026-05-09 20:45:00
R-168,Swimming Pool,2026-05-08 20:16:05,2026-05-09 08:45:00
R-120,Gym,2026-05-08 21:40:35,2026-05-10 06:15:00
R-123,Gym,2026-05-08 21:44:19,2026-05-09 08:45:00
R-188,Swimming Pool,2026-05-08 21:52:27,2026-05-09 08:15:00
R-125,Swimming Pool,2026-05-08 23:03:01,2026-05-09 18:30:00
R-129,Clubhouse,2026-05-08 23:28:04,2026-05-09 18:30:00
R-184,Tennis Court,2026-05-09 01:07:41,2026-05-09 11:30:00
R-164,Gym,2026-05-09 01:25:15,2026-05-09 20:45:00
R-122,Badminton Court,2026-05-09 01:44:03,2026-05-09 18:30:00
R-172,Gym,2026-05-09 02:58:26,2026-05-09 18:00:00
R-126,Clubhouse,2026-05-09 03:19:43,2026-05-09 11:30:00
R-205,Swimming Pool,2026-05-09 03:33:20,2026-05-09 09:30:00
R-128,Tennis Court,2026-05-09 03:42:21,2026-05-09 11:30:00
R-199,Swimming Pool,2026-05-09 04:50:19,2026-05-09 12:00:00
R-171,Swimming Pool,2026-05-09 04:59:42,2026-05-09 08:15:00
R-181,Swimming Pool,2026-05-09 05:05:24,2026-05-09 11:15:00
R-110,Clubhouse,2026-05-09 06:32:44,2026-05-09 17:45:00
R-143,Gym,2026-05-09 06:42:38,2026-05-09 15:00:00
R-154,Tennis Court,2026-05-09 06:57:38,2026-05-10 17:00:00
R-137,Swimming Pool,2026-05-09 07:08:49,2026-05-09 16:15:00
R-153,Badminton Court,2026-05-09 07:54:44,2026-05-09 19:15:00
R-179,Swimming Pool,2026-05-09 08:11:56,2026-05-09 15:15:00
R-201,Gym,2026-05-09 08:22:50,2026-05-09 19:00:00
R-176,Clubhouse,2026-05-09 08:28:11,2026-05-09 16:30:00
R-204,Clubhouse,2026-05-09 09:01:24,2026-05-09 19:45:00
R-149,Tennis Court,2026-05-09 09:16:01,2026-05-09 15:30:00
R-104,Swimming Pool,2026-05-09 11:01:11,2026-05-09 16:45:00
R-163,Swimming Pool,2026-05-09 11:06:19,2026-05-09 16:45:00
R-109,Swimming Pool,2026-05-09 11:41:07,2026-05-10 08:30:00
R-139,Swimming Pool,2026-05-09 11:59:34,2026-05-09 17:45:00
R-134,Clubhouse,2026-05-09 12:41:23,2026-05-09 16:00:00
R-157,Tennis Court,2026-05-09 12:43:05,2026-05-11 07:00:00
R-206,Gym,2026-05-09 16:19:01,2026-05-10 08:30:00
R-145,Gym,2026-05-09 17:07:58,2026-05-10 06:00:00
R-146,Tennis Court,2026-05-09 17:36:43,2026-05-11 17:30:00
R-114,Clubhouse,2026-05-09 17:59:02,2026-05-10 14:00:00
R-118,Gym,2026-05-09 20:20:13,2026-05-10 08:30:00
R-144,Gym,2026-05-09 21:04:00,2026-05-10 08:30:00
R-133,Clubhouse,2026-05-09 21:47:11,2026-05-10 15:00:00
R-119,Badminton Court,2026-05-09 21:54:18,2026-05-10 20:30:00
R-204,Clubhouse,2026-05-09 22:22:25,2026-05-10 08:15:00
R-101,Gym,2026-05-09 22:35:06,2026-05-10 08:30:00
R-208,Gym,2026-05-09 23:01:37,2026-05-10 07:30:00
R-121,Clubhouse,2026-05-09 23:53:40,2026-05-10 20:45:00
R-195,Badminton Court,2026-05-10 01:50:13,2026-05-11 15:15:00
R-190,Gym,2026-05-10 02:20:10,2026-05-10 20:15:00
R-106,Tennis Court,2026-05-10 02:57:37,2026-05-11 18:15:00
R-172,Badminton Court,2026-05-10 03:28:18,2026-05-10 17:30:00
R-141,Badminton Court,2026-05-10 03:34:06,2026-05-11 19:15:00
R-217,Badminton Court,2026-05-10 04:06:41,2026-05-10 20:30:00
R-209,Clubhouse,2026-05-10 04:46:18,2026-05-10 11:15:00
R-128,Clubhouse,2026-05-10 05:29:56,2026-05-10 17:30:00
R-120,Tennis Court,2026-05-10 05:44:05,2026-05-11 18:30:00
R-134,Swimming Pool,2026-05-10 05:48:17,2026-05-10 10:45:00
R-201,Swimming Pool,2026-05-10 05:51:27,2026-05-10 16:15:00
R-192,Badminton Court,2026-05-10 05:56:07,2026-05-11 20:30:00
R-127,Badminton Court,2026-05-10 06:17:29,2026-05-10 11:45:00
R-169,Tennis Court,2026-05-10 06:33:15,2026-05-10 17:15:00
R-115,Tennis Court,2026-05-10 06:38:36,2026-05-12 18:00:00
R-173,Badminton Court,2026-05-10 06:39:30,2026-05-11 18:00:00
R-197,Tennis Court,2026-05-10 07:50:18,2026-05-12 08:00:00
R-164,Clubhouse,2026-05-10 08:12:15,2026-05-10 20:15:00
R-139,Badminton Court,2026-05-10 08:33:00,2026-05-10 12:15:00
R-136,Clubhouse,2026-05-10 08:49:46,2026-05-11 15:00:00
R-170,Tennis Court,2026-05-10 08:52:55,2026-05-11 20:15:00
R-163,Swimming Pool,2026-05-10 08:59:16,2026-05-10 15:45:00
R-171,Gym,2026-05-10 08:59:34,2026-05-10 12:45:00
R-119,Badminton Court,2026-05-10 09:13:28,2026-05-11 18:30:00
R-196,Badminton Court,2026-05-10 09:56:26,2026-05-11 18:30:00
R-151,Swimming Pool,2026-05-10 10:13:34,2026-05-10 15:15:00
R-182,Swimming Pool,2026-05-10 10:37:52,2026-05-10 16:30:00
R-160,Clubhouse,2026-05-10 10:59:54,2026-05-10 17:15:00
R-143,Clubhouse,2026-05-10 11:25:49,2026-05-10 15:45:00
R-149,Clubhouse,2026-05-10 11:53:59,2026-05-10 17:30:00
R-174,Gym,2026-05-10 12:03:31,2026-05-11 06:15:00
R-185,Clubhouse,2026-05-10 12:05:58,2026-05-10 17:45:00
R-189,Gym,2026-05-10 12:14:31,2026-05-11 07:00:00
R-179,Swimming Pool,2026-05-10 12:30:41,2026-05-10 18:30:00
R-138,Tennis Court,2026-05-10 12:32:45,2026-05-12 17:00:00
R-167,Swimming Pool,2026-05-10 12:52:27,2026-05-11 06:30:00
R-131,Tennis Court,2026-05-10 13:26:37,2026-05-11 20:00:00
R-104,Badminton Court,2026-05-10 13:39:05,2026-05-10 16:15:00
R-142,Badminton Court,2026-05-10 14:13:19,2026-05-11 18:45:00
R-168,Gym,2026-05-10 15:00:34,2026-05-11 08:00:00
R-164,Swimming Pool,2026-05-10 15:33:46,2026-05-11 18:15:00
R-105,Badminton Court,2026-05-10 15:40:35,2026-05-11 19:00:00
R-212,Gym,2026-05-10 15:44:47,2026-05-11 06:30:00
R-144,Tennis Court,2026-05-10 15:47:18,2026-05-11 07:30:00
R-213,Gym,2026-05-10 16:10:34,2026-05-11 19:30:00
R-118,Swimming Pool,2026-05-10 16:10:47,2026-05-11 06:15:00
R-165,Badminton Court,2026-05-10 16:31:58,2026-05-11 18:45:00
R-198,Tennis Court,2026-05-10 16:34:29,2026-05-12 07:45:00
R-217,Tennis Court,2026-05-10 17:01:19,2026-05-11 19:45:00
R-203,Badminton Court,2026-05-10 17:33:01,2026-05-11 18:45:00
R-123,Gym,2026-05-10 17:40:49,2026-05-11 07:15:00
R-147,Clubhouse,2026-05-10 17:46:22,2026-05-11 07:15:00
R-158,Clubhouse,2026-05-10 18:17:23,2026-05-11 08:15:00
R-108,Badminton Court,2026-05-10 18:44:28,2026-05-11 07:00:00
R-206,Gym,2026-05-10 19:01:59,2026-05-11 07:45:00
R-172,Gym,2026-05-10 19:19:31,2026-05-11 08:30:00
R-208,Clubhouse,2026-05-10 19:27:08,2026-05-11 07:45:00
R-152,Gym,2026-05-10 19:54:27,2026-05-11 08:15:00
R-204,Swimming Pool,2026-05-10 19:54:55,2026-05-11 07:45:00
R-101,Tennis Court,2026-05-10 20:10:14,2026-05-11 10:00:00
R-207,Gym,2026-05-10 20:11:49,2026-05-11 19:45:00
R-102,Gym,2026-05-10 20:51:44,2026-05-11 06:30:00
R-117,Gym,2026-05-10 22:07:18,2026-05-11 11:15:00
R-194,Tennis Court,2026-05-10 22:36:13,2026-05-11 11:45:00
R-103,Gym,2026-05-10 22:40:33,2026-05-11 07:15:00
R-153,Swimming Pool,2026-05-10 23:22:28,2026-05-11 11:00:00
R-145,Gym,2026-05-10 23:53:03,2026-05-11 19:45:00
R-187,Badminton Court,2026-05-11 00:22:10,2026-05-11 11:00:00
R-135,Gym,2026-05-11 01:10:43,2026-05-11 08:00:00
R-156,Gym,2026-05-11 01:43:41,2026-05-11 16:45:00
R-116,Gym,2026-05-11 02:34:46,2026-05-11 08:15:00
R-111,Badminton Court,2026-05-11 02:54:49,2026-05-11 17:30:00
R-142,Tennis Court,2026-05-11 03:46:01,2026-05-12 19:00:00
R-175,Tennis Court,2026-05-11 03:46:09,2026-05-12 08:00:00
R-109,Swimming Pool,2026-05-11 03:53:41,2026-05-11 15:30:00
R-175,Tennis Court,2026-05-11 04:03:10,2026-05-13 07:30:00
R-126,Gym,2026-05-11 04:25:29,2026-05-11 19:00:00
R-163,Badminton Court,2026-05-11 04:59:01,2026-05-11 11:45:00
R-169,Clubhouse,2026-05-11 05:50:15,2026-05-11 17:30:00
R-146,Tennis Court,2026-05-11 06:30:21,2026-05-13 07:15:00
R-137,Swimming Pool,2026-05-11 06:35:39,2026-05-11 19:15:00
R-150,Swimming Pool,2026-05-11 07:20:41,2026-05-11 19:45:00
R-191,Clubhouse,2026-05-11 08:20:55,2026-05-11 16:15:00
R-113,Gym,2026-05-11 08:43:35,2026-05-11 18:30:00
R-141,Badminton Court,2026-05-11 08:59:43,2026-05-12 13:30:00
R-217,Badminton Court,2026-05-11 09:03:00,2026-05-12 18:00:00
R-208,Gym,2026-05-11 09:16:48,2026-05-12 06:15:00
R-177,Badminton Court,2026-05-11 09:17:46,2026-05-12 07:45:00
R-120,Badminton Court,2026-05-11 09:58:29,2026-05-12 16:45:00
R-136,Badminton Court,2026-05-11 10:28:18,2026-05-12 19:45:00
R-107,Clubhouse,2026-05-11 10:32:42,2026-05-12 18:00:00
R-193,Clubhouse,2026-05-11 11:32:30,2026-05-12 18:30:00
R-180,Badminton Court,2026-05-11 11:51:11,2026-05-12 18:00:00
R-106,Clubhouse,2026-05-11 12:13:00,2026-05-12 20:45:00
R-105,Badminton Court,2026-05-11 12:15:16,2026-05-12 18:45:00
R-212,Tennis Court,2026-05-11 12:23:26,2026-05-12 08:45:00
R-165,Clubhouse,2026-05-11 12:38:21,2026-05-12 14:30:00
R-173,Badminton Court,2026-05-11 12:38:37,2026-05-12 18:00:00
R-213,Gym,2026-05-11 12:44:19,2026-05-12 19:00:00
R-121,Gym,2026-05-11 13:56:35,2026-05-12 14:45:00
R-196,Swimming Pool,2026-05-11 14:32:36,2026-05-12 15:45:00
R-113,Tennis Court,2026-05-11 14:38:46,2026-05-12 07:45:00
R-206,Clubhouse,2026-05-11 14:39:29,2026-05-12 07:30:00
R-116,Gym,2026-05-11 15:20:58,2026-05-12 08:15:00
R-146,Tennis Court,2026-05-11 15:56:51,2026-05-12 18:45:00
R-189,Gym,2026-05-11 16:14:20,2026-05-12 06:45:00
R-109,Gym,2026-05-11 16:46:58,2026-05-12 08:00:00
R-158,Swimming Pool,2026-05-11 17:25:51,2026-05-12 07:15:00
R-152,Badminton Court,2026-05-11 17:29:42,2026-05-12 06:45:00
R-101,Gym,2026-05-11 17:32:22,2026-05-12 08:00:00
R-117,Badminton Court,2026-05-11 17:46:06,2026-05-12 07:45:00
R-123,Gym,2026-05-11 18:09:26,2026-05-12 07:00:00
R-145,Tennis Court,2026-05-11 19:08:51,2026-05-12 08:45:00
R-164,Clubhouse,2026-05-11 19:10:34,2026-05-12 19:15:00
R-172,Gym,2026-05-11 19:40:10,2026-05-12 07:45:00
R-144,Gym,2026-05-11 19:50:11,2026-05-12 08:30:00
R-100,Badminton Court,2026-05-11 20:05:24,2026-05-12 07:45:00
R-135,Badminton Court,2026-05-11 20:22:39,2026-05-12 06:30:00
R-215,Badminton Court,2026-05-11 21:01:03,2026-05-12 11:15:00
R-174,Gym,2026-05-11 21:07:24,2026-05-12 06:15:00
R-175,Clubhouse,2026-05-11 22:13:24,2026-05-14 07:45:00
R-167,Gym,2026-05-11 22:54:08,2026-05-12 06:45:00
R-125,Badminton Court,2026-05-11 22:56:52,2026-05-12 12:45:00
R-102,Gym,2026-05-11 23:17:54,2026-05-12 07:45:00
R-147,Gym,2026-05-11 23:30:36,2026-05-12 08:45:00
R-131,Badminton Court,2026-05-11 23:58:00,2026-05-12 19:00:00
R-155,Clubhouse,2026-05-12 00:18:26,2026-05-12 15:30:00
R-192,Tennis Court,2026-05-12 00:31:52,2026-05-12 18:30:00
R-190,Clubhouse,2026-05-12 01:38:26,2026-05-12 19:30:00
R-180,Badminton Court,2026-05-12 01:43:19,2026-05-13 18:15:00
R-168,Gym,2026-05-12 02:00:10,2026-05-12 18:00:00
R-195,Badminton Court,2026-05-12 02:11:05,2026-05-12 18:00:00
R-133,Badminton Court,2026-05-12 03:31:14,2026-05-12 18:30:00
R-198,Tennis Court,2026-05-12 03:46:39,2026-05-14 08:45:00
R-127,Tennis Court,2026-05-12 03:54:34,2026-05-12 11:45:00
R-118,Gym,2026-05-12 04:04:48,2026-05-12 19:30:00
R-170,Badminton Court,2026-05-12 04:49:52,2026-05-12 20:15:00
R-125,Badminton Court,2026-05-12 05:20:11,2026-05-13 20:30:00
R-188,Swimming Pool,2026-05-12 05:47:41,2026-05-12 17:45:00
R-183,Badminton Court,2026-05-12 05:51:10,2026-05-13 18:15:00
R-165,Badminton Court,2026-05-12 05:53:38,2026-05-13 19:30:00
R-128,Swimming Pool,2026-05-12 10:04:17,2026-05-12 20:30:00
R-213,Tennis Court,2026-05-12 10:06:11,2026-05-13 19:15:00
R-197,Tennis Court,2026-05-12 12:03:00,2026-05-14 17:30:00
R-212,Badminton Court,2026-05-12 12:52:07,2026-05-13 07:30:00
R-195,Gym,2026-05-12 12:56:19,2026-05-13 18:30:00
R-203,Badminton Court,2026-05-12 13:00:52,2026-05-13 20:45:00
R-101,Gym,2026-05-12 13:28:14,2026-05-13 07:00:00
R-135,Swimming Pool,2026-05-12 13:29:48,2026-05-13 08:30:00
R-207,Badminton Court,2026-05-12 13:57:37,2026-05-13 20:00:00
R-144,Gym,2026-05-12 14:04:39,2026-05-13 08:30:00
R-117,Swimming Pool,2026-05-12 14:35:10,2026-05-13 08:00:00
R-156,Swimming Pool,2026-05-12 14:48:54,2026-05-13 08:00:00
R-107,Badminton Court,2026-05-12 14:51:36,2026-05-13 18:15:00
R-113,Gym,2026-05-12 15:11:21,2026-05-13 08:30:00
R-145,Swimming Pool,2026-05-12 15:19:19,2026-05-13 06:00:00
R-136,Tennis Court,2026-05-12 15:37:17,2026-05-13 17:30:00
R-208,Gym,2026-05-12 15:51:18,2026-05-13 07:00:00
R-174,Tennis Court,2026-05-12 15:58:46,2026-05-13 06:00:00
R-196,Badminton Court,2026-05-12 16:25:35,2026-05-13 20:30:00
R-217,Badminton Court,2026-05-12 16:25:39,2026-05-13 20:00:00
R-147,Gym,2026-05-12 16:55:42,2026-05-13 07:30:00
R-119,Badminton Court,2026-05-12 18:08:44,2026-05-13 19:45:00
R-206,Tennis Court,2026-05-12 18:10:00,2026-05-13 07:30:00
R-218,Swimming Pool,2026-05-12 18:56:42,2026-05-13 07:30:00
R-161,Gym,2026-05-12 19:59:01,2026-05-13 07:30:00
R-109,Clubhouse,2026-05-12 20:07:57,2026-05-13 07:45:00
R-170,Badminton Court,2026-05-12 20:24:06,2026-05-13 18:30:00
R-102,Badminton Court,2026-05-12 20:25:32,2026-05-13 06:30:00
R-115,Tennis Court,2026-05-12 20:47:58,2026-05-15 07:00:00
R-141,Clubhouse,2026-05-12 20:48:03,2026-05-13 20:30:00
R-168,Badminton Court,2026-05-12 20:50:51,2026-05-13 08:45:00
R-120,Badminton Court,2026-05-12 20:59:19,2026-05-13 18:15:00
R-132,Clubhouse,2026-05-12 21:05:43,2026-05-14 08:15:00
R-110,Tennis Court,2026-05-12 21:06:23,2026-05-13 08:00:00
R-116,Gym,2026-05-12 21:10:02,2026-05-13 07:45:00
R-172,Gym,2026-05-12 21:35:06,2026-05-13 07:30:00
R-167,Gym,2026-05-12 22:03:07,2026-05-13 08:30:00
R-137,Badminton Court,2026-05-12 22:05:15,2026-05-13 11:45:00
R-152,Gym,2026-05-12 22:23:15,2026-05-13 07:15:00
R-123,Gym,2026-05-12 22:43:03,2026-05-13 10:30:00
R-188,Badminton Court,2026-05-12 23:05:47,2026-05-13 08:45:00
R-118,Gym,2026-05-12 23:06:38,2026-05-13 19:00:00
R-153,Gym,2026-05-12 23:27:48,2026-05-13 07:15:00
R-204,Clubhouse,2026-05-12 23:51:49,2026-05-13 07:30:00
R-200,Swimming Pool,2026-05-13 00:27:00,2026-05-13 08:15:00
R-129,Badminton Court,2026-05-13 02:11:31,2026-05-13 20:15:00
R-146,Tennis Court,2026-05-13 02:48:50,2026-05-14 08:30:00
R-108,Badminton Court,2026-05-13 04:33:02,2026-05-13 17:45:00
R-194,Swimming Pool,2026-05-13 05:35:41,2026-05-13 19:45:00
R-191,Swimming Pool,2026-05-13 06:37:54,2026-05-13 17:15:00
R-185,Swimming Pool,2026-05-13 06:38:42,2026-05-13 10:30:00
R-143,Swimming Pool,2026-05-13 06:56:33,2026-05-13 11:15:00
R-126,Badminton Court,2026-05-13 08:02:47,2026-05-13 17:00:00
R-196,Badminton Court,2026-05-13 08:28:43,2026-05-14 18:00:00
R-145,Gym,2026-05-13 08:30:15,2026-05-14 07:00:00
R-175,Gym,2026-05-13 08:55:04,2026-05-15 07:45:00
R-134,Gym,2026-05-13 09:24:57,2026-05-13 15:45:00
R-189,Gym,2026-05-13 09:35:16,2026-05-14 07:00:00
R-127,Gym,2026-05-13 09:52:51,2026-05-13 19:00:00
R-106,Badminton Court,2026-05-13 10:13:50,2026-05-13 18:45:00
R-209,Swimming Pool,2026-05-13 10:31:04,2026-05-13 16:45:00
R-178,Tennis Court,2026-05-13 10:39:22,2026-05-13 19:45:00
R-180,Badminton Court,2026-05-13 10:57:29,2026-05-14 20:00:00
R-119,Badminton Court,2026-05-13 11:29:43,2026-05-14 20:00:00
R-147,Gym,2026-05-13 11:40:59,2026-05-14 06:15:00
R-203,Tennis Court,2026-05-13 12:03:27,2026-05-14 18:00:00
R-107,Gym,2026-05-13 12:16:45,2026-05-14 18:45:00
R-168,Tennis Court,2026-05-13 12:46:55,2026-05-14 06:45:00
R-128,Gym,2026-05-13 13:00:55,2026-05-13 19:45:00
R-174,Swimming Pool,2026-05-13 13:37:15,2026-05-14 08:15:00
R-144,Gym,2026-05-13 13:44:44,2026-05-14 06:00:00
R-207,Badminton Court,2026-05-13 14:03:44,2026-05-14 19:45:00
R-101,Gym,2026-05-13 14:19:42,2026-05-14 07:30:00
R-212,Tennis Court,2026-05-13 14:50:47,2026-05-14 08:45:00
R-206,Gym,2026-05-13 15:49:35,2026-05-14 06:45:00
R-213,Badminton Court,2026-05-13 16:33:28,2026-05-14 18:30:00
R-186,Swimming Pool,2026-05-13 17:17:59,2026-05-14 11:15:00
R-142,Badminton Court,2026-05-13 17:31:14,2026-05-14 18:45:00
R-159,Gym,2026-05-13 18:11:28,2026-05-14 14:00:00
R-195,Badminton Court,2026-05-13 19:04:58,2026-05-14 18:45:00
R-138,Gym,2026-05-13 19:19:47,2026-05-14 18:45:00
R-161,Clubhouse,2026-05-13 19:27:35,2026-05-14 11:30:00
R-141,Gym,2026-05-13 19:27:36,2026-05-14 20:15:00
R-123,Gym,2026-05-13 19:30:31,2026-05-14 08:00:00
R-165,Badminton Court,2026-05-13 20:02:10,2026-05-14 19:00:00
R-218,Gym,2026-05-13 20:14:50,2026-05-14 07:15:00
R-162,Clubhouse,2026-05-13 21:38:03,2026-05-14 19:30:00
R-152,Gym,2026-05-13 21:47:50,2026-05-14 08:00:00
R-215,Gym,2026-05-13 22:11:45,2026-05-14 07:45:00
R-150,Gym,2026-05-13 22:24:37,2026-05-14 14:15:00
R-109,Gym,2026-05-13 22:55:55,2026-05-14 13:00:00
R-116,Badminton Court,2026-05-13 23:29:47,2026-05-14 17:00:00
R-128,Gym,2026-05-14 00:10:52,2026-05-14 17:00:00
R-131,Badminton Court,2026-05-14 00:43:59,2026-05-14 20:45:00
R-137,Tennis Court,2026-05-14 01:08:05,2026-05-14 08:15:00
R-172,Swimming Pool,2026-05-14 01:18:49,2026-05-14 08:15:00
R-192,Badminton Court,2026-05-14 01:19:18,2026-05-14 20:45:00
R-170,Badminton Court,2026-05-14 01:31:25,2026-05-14 20:15:00
R-141,Badminton Court,2026-05-14 02:15:37,2026-05-15 20:45:00
R-167,Gym,2026-05-14 02:41:16,2026-05-14 14:30:00
R-135,Gym,2026-05-14 02:51:00,2026-05-14 16:30:00
R-201,Swimming Pool,2026-05-14 03:37:27,2026-05-14 13:45:00
R-202,Swimming Pool,2026-05-14 03:40:51,2026-05-14 20:45:00
R-153,Gym,2026-05-14 03:48:32,2026-05-14 14:15:00
R-102,Swimming Pool,2026-05-14 04:04:47,2026-05-14 21:00:00
R-111,Gym,2026-05-14 04:25:00,2026-05-14 11:00:00
R-158,Clubhouse,2026-05-14 04:26:34,2026-05-14 20:00:00
R-105,Badminton Court,2026-05-14 05:31:16,2026-05-14 18:00:00
R-110,Clubhouse,2026-05-14 05:45:06,2026-05-14 19:30:00
R-188,Swimming Pool,2026-05-14 06:18:19,2026-05-14 19:00:00
R-173,Tennis Court,2026-05-14 06:35:29,2026-05-15 06:45:00
R-192,Badminton Court,2026-05-14 06:47:34,2026-05-15 18:00:00
R-165,Gym,2026-05-14 06:56:56,2026-05-15 19:00:00
R-105,Badminton Court,2026-05-14 07:21:00,2026-05-15 06:00:00
R-142,Badminton Court,2026-05-14 08:01:09,2026-05-15 18:00:00
R-184,Tennis Court,2026-05-14 08:27:07,2026-05-14 18:00:00
R-146,Tennis Court,2026-05-14 08:58:38,2026-05-16 07:30:00
R-216,Badminton Court,2026-05-14 09:01:50,2026-05-14 16:15:00
R-200,Swimming Pool,2026-05-14 09:22:14,2026-05-14 17:00:00
R-156,Gym,2026-05-14 09:31:26,2026-05-14 14:30:00
R-168,Tennis Court,2026-05-14 09:36:19,2026-05-15 08:00:00
R-167,Tennis Court,2026-05-14 10:22:36,2026-05-15 06:15:00
R-147,Gym,2026-05-14 11:10:02,2026-05-15 07:15:00
R-133,Clubhouse,2026-05-14 11:16:47,2026-05-15 19:00:00
R-145,Gym,2026-05-14 11:18:54,2026-05-15 06:00:00
R-182,Badminton Court,2026-05-14 11:47:25,2026-05-14 16:30:00
R-156,Gym,2026-05-14 11:58:14,2026-05-15 07:30:00
R-150,Tennis Court,2026-05-14 12:00:58,2026-05-15 14:00:00
R-136,Swimming Pool,2026-05-14 12:25:45,2026-05-15 20:00:00
R-170,Clubhouse,2026-05-14 12:31:56,2026-05-15 20:15:00
R-206,Swimming Pool,2026-05-14 12:32:44,2026-05-15 08:00:00
R-212,Clubhouse,2026-05-14 13:08:51,2026-05-15 07:00:00
R-180,Badminton Court,2026-05-14 13:11:31,2026-05-15 20:00:00
R-187,Badminton Court,2026-05-14 13:26:06,2026-05-15 07:00:00
R-144,Gym,2026-05-14 14:02:36,2026-05-15 06:30:00
R-208,Gym,2026-05-14 14:09:51,2026-05-15 11:45:00
R-113,Gym,2026-05-14 14:10:15,2026-05-15 08:30:00
R-201,Badminton Court,2026-05-14 14:25:20,2026-05-15 08:15:00
R-174,Swimming Pool,2026-05-14 14:48:19,2026-05-15 07:15:00
R-101,Gym,2026-05-14 15:03:36,2026-05-15 06:15:00
R-210,Tennis Court,2026-05-14 15:21:04,2026-05-16 08:30:00
R-129,Clubhouse,2026-05-14 16:01:06,2026-05-15 10:45:00
R-132,Tennis Court,2026-05-14 16:54:26,2026-05-16 07:00:00
R-152,Gym,2026-05-14 16:59:15,2026-05-15 08:30:00
R-202,Swimming Pool,2026-05-14 16:59:36,2026-05-15 15:15:00
R-131,Badminton Court,2026-05-14 17:00:24,2026-05-15 19:45:00
R-122,Clubhouse,2026-05-14 17:06:28,2026-05-15 18:30:00
R-135,Swimming Pool,2026-05-14 17:07:39,2026-05-15 07:00:00
R-196,Badminton Court,2026-05-14 17:27:14,2026-05-15 18:30:00
R-154,Tennis Court,2026-05-14 17:48:25,2026-05-16 07:00:00
R-218,Gym,2026-05-14 18:17:39,2026-05-15 08:45:00
R-102,Gym,2026-05-14 18:36:52,2026-05-15 08:30:00
R-120,Badminton Court,2026-05-14 18:41:56,2026-05-15 20:15:00
R-207,Clubhouse,2026-05-14 19:15:16,2026-05-15 18:30:00
R-158,Gym,2026-05-14 19:38:34,2026-05-15 06:30:00
R-193,Swimming Pool,2026-05-14 19:51:19,2026-05-15 14:00:00
R-162,Clubhouse,2026-05-14 20:09:48,2026-05-15 18:15:00
R-118,Gym,2026-05-14 20:13:10,2026-05-15 07:00:00
R-106,Badminton Court,2026-05-14 20:17:51,2026-05-15 19:15:00
R-125,Badminton Court,2026-05-14 20:21:20,2026-05-15 19:45:00
R-166,Tennis Court,2026-05-14 20:33:06,2026-05-15 08:45:00
R-164,Clubhouse,2026-05-14 20:40:39,2026-05-15 19:00:00
R-116,Clubhouse,2026-05-14 21:03:30,2026-05-15 06:45:00
R-119,Badminton Court,2026-05-14 21:12:32,2026-05-15 19:30:00
R-217,Badminton Court,2026-05-14 21:12:39,2026-05-15 12:15:00
R-114,Gym,2026-05-14 21:28:17,2026-05-15 14:45:00
R-172,Gym,2026-05-14 21:28:27,2026-05-15 08:00:00
R-109,Badminton Court,2026-05-14 21:51:33,2026-05-15 06:45:00
R-123,Gym,2026-05-14 21:59:31,2026-05-15 08:30:00
R-177,Tennis Court,2026-05-14 22:13:10,2026-05-16 18:30:00
R-214,Badminton Court,2026-05-14 22:53:13,2026-05-15 20:30:00
R-107,Gym,2026-05-14 23:09:32,2026-05-15 18:45:00
R-130,Tennis Court,2026-05-14 23:40:38,2026-05-16 07:45:00
R-195,Badminton Court,2026-05-15 00:28:05,2026-05-16 19:00:00
R-219,Badminton Court,2026-05-15 00:47:10,2026-05-16 08:15:00
R-204,Badminton Court,2026-05-15 02:39:36,2026-05-15 11:15:00
R-138,Tennis Court,2026-05-15 03:05:36,2026-05-16 18:15:00
R-112,Clubhouse,2026-05-15 03:26:55,2026-05-15 20:30:00
R-130,Tennis Court,2026-05-15 03:53:34,2026-05-17 07:30:00
R-126,Badminton Court,2026-05-15 03:55:57,2026-05-15 12:00:00
R-162,Clubhouse,2026-05-15 04:28:02,2026-05-16 07:00:00
R-153,Swimming Pool,2026-05-15 04:54:14,2026-05-15 17:45:00
R-117,Gym,2026-05-15 05:23:18,2026-05-15 13:45:00
R-161,Swimming Pool,2026-05-15 05:42:33,2026-05-15 17:15:00
R-213,Badminton Court,2026-05-15 06:42:29,2026-05-15 19:45:00
R-217,Gym,2026-05-15 06:52:32,2026-05-16 07:15:00
R-137,Tennis Court,2026-05-15 07:13:03,2026-05-15 17:30:00
R-115,Tennis Court,2026-05-15 07:22:20,2026-05-16 08:00:00
R-125,Badminton Court,2026-05-15 07:37:41,2026-05-16 19:00:00
R-200,Tennis Court,2026-05-15 07:39:29,2026-05-15 17:15:00
R-175,Clubhouse,2026-05-15 07:45:41,2026-05-16 18:15:00
R-194,Swimming Pool,2026-05-15 07:52:33,2026-05-15 19:30:00
R-108,Badminton Court,2026-05-15 08:14:05,2026-05-15 17:45:00
R-111,Gym,2026-05-15 08:28:36,2026-05-15 19:45:00
R-128,Swimming Pool,2026-05-15 08:46:26,2026-05-15 19:45:00
R-134,Swimming Pool,2026-05-15 09:02:31,2026-05-15 16:15:00
R-164,Clubhouse,2026-05-15 10:19:15,2026-05-16 15:45:00
R-160,Swimming Pool,2026-05-15 10:31:46,2026-05-15 16:30:00
R-149,Swimming Pool,2026-05-15 12:12:45,2026-05-15 16:45:00
R-111,Clubhouse,2026-05-15 12:27:40,2026-05-16 08:30:00
R-184,Badminton Court,2026-05-15 14:46:59,2026-05-16 08:15:00
R-120,Badminton Court,2026-05-15 15:40:22,2026-05-16 19:30:00
R-109,Gym,2026-05-15 15:51:11,2026-05-16 07:00:00
R-117,Gym,2026-05-15 16:33:36,2026-05-16 08:15:00
R-204,Gym,2026-05-15 17:43:50,2026-05-16 07:15:00
R-133,Gym,2026-05-15 18:17:42,2026-05-16 14:00:00
R-196,Gym,2026-05-15 18:21:18,2026-05-16 20:45:00
R-197,Tennis Court,2026-05-15 19:16:43,2026-05-17 17:15:00
R-142,Gym,2026-05-15 19:26:51,2026-05-16 19:15:00
R-172,Tennis Court,2026-05-15 19:46:59,2026-05-16 08:30:00
R-187,Swimming Pool,2026-05-15 20:27:56,2026-05-16 08:15:00
R-114,Clubhouse,2026-05-15 21:16:21,2026-05-16 14:15:00
R-129,Clubhouse,2026-05-15 21:23:48,2026-05-16 15:00:00
R-175,Tennis Court,2026-05-15 21:33:45,2026-05-17 18:15:00
R-119,Badminton Court,2026-05-15 23:12:19,2026-05-16 20:45:00
R-169,Swimming Pool,2026-05-15 23:14:41,2026-05-16 11:00:00
R-218,Tennis Court,2026-05-16 00:21:26,2026-05-16 07:00:00
R-201,Clubhouse,2026-05-16 00:45:46,2026-05-16 17:30:00
R-132,Tennis Court,2026-05-16 00:53:01,2026-05-17 20:15:00
R-195,Badminton Court,2026-05-16 03:00:51,2026-05-17 20:00:00
R-127,Clubhouse,2026-05-16 03:08:08,2026-05-16 17:30:00
R-193,Clubhouse,2026-05-16 03:10:08,2026-05-16 20:15:00
R-154,Tennis Court,2026-05-16 04:01:23,2026-05-17 08:15:00
R-188,Tennis Court,2026-05-16 04:13:31,2026-05-16 17:45:00
R-149,Swimming Pool,2026-05-16 04:52:07,2026-05-16 10:00:00
R-215,Clubhouse,2026-05-16 05:26:28,2026-05-16 17:00:00
R-214,Clubhouse,2026-05-16 06:04:42,2026-05-16 15:45:00
R-181,Swimming Pool,2026-05-16 06:47:00,2026-05-16 11:15:00
R-179,Swimming Pool,2026-05-16 07:12:51,2026-05-16 12:00:00
R-104,Swimming Pool,2026-05-16 07:20:37,2026-05-16 15:15:00
R-161,Clubhouse,2026-05-16 08:28:07,2026-05-16 17:45:00
R-126,Badminton Court,2026-05-16 08:44:00,2026-05-16 19:15:00
R-205,Clubhouse,2026-05-16 09:38:12,2026-05-16 15:45:00
R-139,Clubhouse,2026-05-16 09:47:55,2026-05-16 20:00:00
R-177,Gym,2026-05-16 10:24:27,2026-05-17 07:15:00
R-141,Badminton Court,2026-05-16 10:37:46,2026-05-17 18:15:00
R-209,Swimming Pool,2026-05-16 10:44:40,2026-05-16 17:15:00
R-140,Gym,2026-05-16 10:45:46,2026-05-16 17:30:00
R-163,Swimming Pool,2026-05-16 11:08:52,2026-05-16 15:15:00
R-117,Gym,2026-05-16 11:53:15,2026-05-17 07:00:00
R-164,Clubhouse,2026-05-16 13:11:56,2026-05-17 15:45:00
R-146,Tennis Court,2026-05-16 14:33:59,2026-05-17 18:00:00
R-216,Swimming Pool,2026-05-16 15:21:12,2026-05-16 21:45:00
R-131,Badminton Court,2026-05-16 15:44:00,2026-05-17 20:00:00
R-174,Gym,2026-05-16 16:01:50,2026-05-17 08:30:00
R-189,Clubhouse,2026-05-16 16:39:39,2026-05-17 07:00:00
R-206,Gym,2026-05-16 16:40:51,2026-05-17 06:00:00
R-126,Gym,2026-05-16 17:00:31,2026-05-17 07:15:00
R-157,Badminton Court,2026-05-16 17:21:01,2026-05-17 18:30:00
R-145,Gym,2026-05-16 17:55:18,2026-05-17 07:30:00
R-150,Clubhouse,2026-05-16 18:10:27,2026-05-17 14:45:00
R-114,Gym,2026-05-16 18:54:54,2026-05-17 15:45:00
R-200,Tennis Court,2026-05-16 19:14:55,2026-05-17 07:00:00
R-218,Badminton Court,2026-05-16 19:55:39,2026-05-17 07:00:00
R-177,Tennis Court,2026-05-16 20:16:07,2026-05-19 17:45:00
R-128,Clubhouse,2026-05-16 20:27:36,2026-05-17 17:45:00
R-188,Clubhouse,2026-05-16 21:05:24,2026-05-17 07:30:00
R-103,Tennis Court,2026-05-16 21:08:31,2026-05-17 11:30:00
R-142,Tennis Court,2026-05-16 22:10:07,2026-05-18 18:30:00
R-204,Gym,2026-05-16 22:31:46,2026-05-17 14:00:00
R-219,Badminton Court,2026-05-16 22:52:43,2026-05-19 08:00:00
R-215,Gym,2026-05-16 22:58:21,2026-05-17 11:15:00
R-193,Clubhouse,2026-05-16 23:32:26,2026-05-17 15:00:00
R-129,Clubhouse,2026-05-16 23:36:25,2026-05-17 19:45:00
R-194,Gym,2026-05-17 00:30:59,2026-05-17 11:15:00
R-187,Clubhouse,2026-05-17 00:42:26,2026-05-17 08:00:00
R-166,Badminton Court,2026-05-17 02:39:22,2026-05-17 17:15:00
R-185,Swimming Pool,2026-05-17 03:03:33,2026-05-17 11:00:00
R-205,Clubhouse,2026-05-17 03:03:38,2026-05-17 10:45:00
R-100,Badminton Court,2026-05-17 03:56:50,2026-05-17 11:30:00
R-196,Tennis Court,2026-05-17 05:19:47,2026-05-18 20:45:00
R-181,Swimming Pool,2026-05-17 06:11:48,2026-05-17 11:00:00
R-133,Clubhouse,2026-05-17 06:16:14,2026-05-17 18:45:00
R-210,Badminton Court,2026-05-17 06:20:29,2026-05-18 07:30:00
R-211,Gym,2026-05-17 07:14:16,2026-05-17 15:15:00
R-137,Gym,2026-05-17 07:25:09,2026-05-17 17:45:00
R-176,Swimming Pool,2026-05-17 07:30:00,2026-05-17 11:45:00
R-178,Badminton Court,2026-05-17 07:30:31,2026-05-17 19:30:00
R-217,Badminton Court,2026-05-17 08:31:39,2026-05-18 20:00:00
R-127,Clubhouse,2026-05-17 09:12:49,2026-05-17 17:15:00
R-163,Tennis Court,2026-05-17 09:29:45,2026-05-17 15:45:00
R-199,Tennis Court,2026-05-17 09:34:51,2026-05-17 16:30:00
R-104,Gym,2026-05-17 09:37:00,2026-05-17 16:30:00
R-148,Swimming Pool,2026-05-17 09:39:09,2026-05-17 17:00:00
R-173,Badminton Court,2026-05-17 09:44:38,2026-05-18 12:30:00
R-198,Gym,2026-05-17 10:17:26,2026-05-19 07:30:00
R-165,Gym,2026-05-17 10:17:35,2026-05-18 18:00:00
R-152,Gym,2026-05-17 10:42:00,2026-05-18 06:00:00
R-209,Swimming Pool,2026-05-17 10:56:57,2026-05-17 17:00:00
R-192,Badminton Court,2026-05-17 11:29:15,2026-05-18 18:45:00
R-183,Tennis Court,2026-05-17 12:48:48,2026-05-18 20:00:00
R-141,Gym,2026-05-17 12:58:17,2026-05-18 19:00:00
R-167,Gym,2026-05-17 13:00:11,2026-05-18 06:00:00
R-123,Gym,2026-05-17 13:36:34,2026-05-18 06:30:00
R-168,Gym,2026-05-17 13:59:30,2026-05-18 06:00:00
R-116,Gym,2026-05-17 14:00:58,2026-05-18 06:00:00
R-117,Gym,2026-05-17 14:30:35,2026-05-18 08:15:00
R-135,Gym,2026-05-17 14:34:19,2026-05-18 07:45:00
R-158,Swimming Pool,2026-05-17 14:43:38,2026-05-18 06:15:00
R-113,Gym,2026-05-17 15:27:37,2026-05-18 08:00:00
R-119,Badminton Court,2026-05-17 15:31:09,2026-05-18 20:00:00
R-118,Gym,2026-05-17 15:42:00,2026-05-18 06:15:00
R-149,Swimming Pool,2026-05-17 15:44:43,2026-05-17 21:30:00
R-213,Badminton Court,2026-05-17 16:26:55,2026-05-18 20:45:00
R-156,Gym,2026-05-17 16:33:21,2026-05-18 06:45:00
R-105,Badminton Court,2026-05-17 16:42:30,2026-05-18 21:15:00
R-180,Badminton Court,2026-05-17 16:54:41,2026-05-18 20:15:00
R-137,Badminton Court,2026-05-17 16:57:09,2026-05-18 07:00:00
R-172,Badminton Court,2026-05-17 17:08:10,2026-05-18 06:30:00
R-102,Gym,2026-05-17 18:28:12,2026-05-18 08:45:00
R-115,Tennis Court,2026-05-17 18:31:50,2026-05-19 17:45:00
R-125,Badminton Court,2026-05-17 18:38:40,2026-05-18 19:15:00
R-101,Gym,2026-05-17 19:00:07,2026-05-18 07:30:00
R-107,Badminton Court,2026-05-17 19:08:00,2026-05-18 18:30:00
R-189,Swimming Pool,2026-05-17 19:27:31,2026-05-18 07:00:00
R-146,Tennis Court,2026-05-17 19:40:31,2026-05-19 18:30:00
R-206,Gym,2026-05-17 19:54:15,2026-05-18 06:45:00
R-131,Badminton Court,2026-05-17 20:07:06,2026-05-18 20:00:00
R-100,Badminton Court,2026-05-17 20:13:26,2026-05-18 07:30:00
R-208,Gym,2026-05-17 20:14:11,2026-05-18 08:30:00
R-103,Badminton Court,2026-05-17 20:41:45,2026-05-18 07:30:00
R-145,Gym,2026-05-17 20:51:17,2026-05-18 08:15:00
R-218,Gym,2026-05-17 21:02:38,2026-05-18 08:00:00
R-147,Gym,2026-05-17 21:08:24,2026-05-18 08:15:00
R-174,Gym,2026-05-17 21:41:23,2026-05-18 07:30:00
R-138,Tennis Court,2026-05-17 22:51:17,2026-05-19 08:45:00
R-191,Swimming Pool,2026-05-17 23:10:02,2026-05-18 08:15:00
R-200,Gym,2026-05-18 00:17:14,2026-05-18 11:45:00
R-132,Tennis Court,2026-05-18 00:32:28,2026-05-19 07:30:00
R-154,Tennis Court,2026-05-18 00:35:28,2026-05-19 07:30:00
R-108,Badminton Court,2026-05-18 00:48:10,2026-05-18 14:00:00
R-144,Gym,2026-05-18 01:20:10,2026-05-18 16:45:00
R-109,Gym,2026-05-18 02:50:01,2026-05-18 18:45:00
R-122,Clubhouse,2026-05-18 02:58:10,2026-05-18 20:15:00
R-149,Clubhouse,2026-05-18 03:24:07,2026-05-18 10:15:00
R-207,Badminton Court,2026-05-18 03:28:43,2026-05-19 12:30:00
R-184,Gym,2026-05-18 04:29:28,2026-05-18 17:00:00
R-204,Tennis Court,2026-05-18 05:17:10,2026-05-18 17:00:00
R-203,Badminton Court,2026-05-18 05:46:37,2026-05-19 19:00:00
R-212,Gym,2026-05-18 05:47:14,2026-05-18 18:45:00
R-173,Badminton Court,2026-05-18 06:50:56,2026-05-19 19:15:00
R-194,Gym,2026-05-18 07:21:55,2026-05-18 17:45:00
R-186,Gym,2026-05-18 08:04:34,2026-05-18 11:15:00
R-160,Swimming Pool,2026-05-18 09:09:39,2026-05-18 16:00:00
R-180,Gym,2026-05-18 09:35:31,2026-05-19 18:30:00
R-127,Swimming Pool,2026-05-18 10:09:32,2026-05-18 17:15:00
R-145,Tennis Court,2026-05-18 10:48:38,2026-05-19 08:00:00
R-107,Badminton Court,2026-05-18 10:59:36,2026-05-19 14:15:00
R-181,Gym,2026-05-18 11:01:02,2026-05-18 17:30:00
R-161,Badminton Court,2026-05-18 11:19:04,2026-05-18 19:15:00
R-217,Tennis Court,2026-05-18 12:32:46,2026-05-19 18:30:00
R-113,Swimming Pool,2026-05-18 12:43:52,2026-05-19 06:15:00
R-152,Badminton Court,2026-05-18 13:16:10,2026-05-19 06:45:00
R-206,Gym,2026-05-18 14:06:17,2026-05-19 07:30:00
R-167,Badminton Court,2026-05-18 14:17:02,2026-05-19 07:15:00
R-123,Tennis Court,2026-05-18 14:54:35,2026-05-19 06:30:00
R-118,Gym,2026-05-18 15:00:11,2026-05-19 08:15:00
R-195,Badminton Court,2026-05-18 15:18:27,2026-05-19 19:30:00
R-196,Badminton Court,2026-05-18 15:24:50,2026-05-19 20:30:00
R-174,Gym,2026-05-18 15:28:49,2026-05-19 06:30:00
R-156,Gym,2026-05-18 16:05:31,2026-05-19 07:00:00
R-141,Swimming Pool,2026-05-18 16:22:29,2026-05-19 18:45:00
R-170,Badminton Court,2026-05-18 16:44:54,2026-05-19 06:30:00
R-117,Swimming Pool,2026-05-18 17:47:07,2026-05-19 08:30:00
R-187,Badminton Court,2026-05-18 17:49:42,2026-05-19 06:15:00
R-109,Badminton Court,2026-05-18 18:02:15,2026-05-19 08:45:00
R-200,Gym,2026-05-18 18:23:14,2026-05-19 08:30:00
R-102,Swimming Pool,2026-05-18 18:56:46,2026-05-19 06:45:00
R-131,Badminton Court,2026-05-18 19:34:14,2026-05-19 18:30:00
R-120,Badminton Court,2026-05-18 19:39:47,2026-05-19 19:15:00
R-213,Badminton Court,2026-05-18 19:40:47,2026-05-19 18:15:00
R-189,Gym,2026-05-18 19:43:22,2026-05-19 06:45:00
R-105,Clubhouse,2026-05-18 19:56:41,2026-05-19 19:15:00
R-168,Badminton Court,2026-05-18 20:02:00,2026-05-19 08:30:00
R-212,Tennis Court,2026-05-18 20:03:25,2026-05-19 07:30:00
R-192,Gym,2026-05-18 20:15:48,2026-05-19 18:15:00
R-161,Tennis Court,2026-05-18 20:49:51,2026-05-19 08:00:00
R-135,Badminton Court,2026-05-18 21:10:19,2026-05-19 07:45:00
R-110,Tennis Court,2026-05-18 21:25:12,2026-05-19 11:45:00
R-155,Clubhouse,2026-05-18 22:03:32,2026-05-19 13:30:00
R-116,Badminton Court,2026-05-18 22:16:39,2026-05-19 06:45:00
R-208,Gym,2026-05-18 22:22:35,2026-05-19 06:00:00
R-183,Gym,2026-05-18 22:23:22,2026-05-19 20:00:00
R-202,Gym,2026-05-18 22:26:48,2026-05-19 19:45:00
R-106,Clubhouse,2026-05-18 23:12:47,2026-05-19 18:30:00
R-191,Gym,2026-05-18 23:17:46,2026-05-19 11:45:00
R-125,Badminton Court,2026-05-18 23:37:54,2026-05-19 20:30:00
R-165,Badminton Court,2026-05-18 23:39:02,2026-05-19 20:15:00
R-164,Clubhouse,2026-05-19 00:29:07,2026-05-19 15:30:00
R-138,Badminton Court,2026-05-19 01:46:01,2026-05-20 08:00:00
R-144,Gym,2026-05-19 02:11:59,2026-05-19 13:30:00
R-186,Badminton Court,2026-05-19 02:32:01,2026-05-19 17:00:00
R-147,Gym,2026-05-19 03:15:51,2026-05-19 19:15:00
R-211,Swimming Pool,2026-05-19 03:25:09,2026-05-19 11:30:00
R-172,Gym,2026-05-19 03:41:56,2026-05-19 17:30:00
R-127,Clubhouse,2026-05-19 04:09:09,2026-05-19 17:00:00
R-217,Badminton Court,2026-05-19 04:25:30,2026-05-20 19:45:00
R-158,Clubhouse,2026-05-19 04:41:00,2026-05-19 16:30:00
R-101,Gym,2026-05-19 04:47:13,2026-05-19 18:00:00
R-197,Tennis Court,2026-05-19 04:54:30,2026-05-21 08:00:00
R-131,Badminton Court,2026-05-19 05:57:28,2026-05-20 11:00:00
R-100,Gym,2026-05-19 06:00:27,2026-05-19 11:15:00
R-195,Badminton Court,2026-05-19 06:15:25,2026-05-20 07:15:00
R-103,Clubhouse,2026-05-19 06:33:23,2026-05-19 19:15:00
R-137,Clubhouse,2026-05-19 06:39:17,2026-05-19 18:30:00
R-201,Swimming Pool,2026-05-19 07:04:13,2026-05-19 20:00:00
R-219,Tennis Court,2026-05-19 07:20:41,2026-05-21 08:15:00
R-204,Gym,2026-05-19 08:12:48,2026-05-19 19:00:00
R-170,Badminton Court,2026-05-19 08:24:16,2026-05-20 19:15:00
R-107,Badminton Court,2026-05-19 08:41:02,2026-05-20 18:00:00
R-165,Badminton Court,2026-05-19 09:10:37,2026-05-20 08:45:00
R-169,Badminton Court,2026-05-19 09:10:51,2026-05-19 21:45:00
R-136,Swimming Pool,2026-05-19 09:49:37,2026-05-20 17:00:00
R-142,Badminton Court,2026-05-19 10:08:07,2026-05-20 18:15:00
R-175,Tennis Court,2026-05-19 10:08:56,2026-05-21 18:15:00
R-210,Tennis Court,2026-05-19 10:53:35,2026-05-21 08:45:00
R-153,Swimming Pool,2026-05-19 11:06:55,2026-05-19 17:00:00
R-173,Badminton Court,2026-05-19 11:15:28,2026-05-20 18:15:00
R-141,Badminton Court,2026-05-19 12:51:24,2026-05-20 18:30:00
R-138,Tennis Court,2026-05-19 13:09:22,2026-05-21 07:30:00
R-118,Gym,2026-05-19 13:09:26,2026-05-20 06:15:00
R-213,Badminton Court,2026-05-19 13:43:07,2026-05-20 18:15:00
R-194,Swimming Pool,2026-05-19 14:20:41,2026-05-20 08:45:00
R-183,Clubhouse,2026-05-19 14:31:39,2026-05-20 18:45:00
R-158,Clubhouse,2026-05-19 14:45:51,2026-05-20 08:30:00
R-144,Gym,2026-05-19 14:54:10,2026-05-20 07:15:00
R-101,Gym,2026-05-19 15:16:11,2026-05-20 07:15:00
R-120,Badminton Court,2026-05-19 15:37:24,2026-05-20 18:30:00
R-177,Badminton Court,2026-05-19 15:40:20,2026-05-21 07:15:00
R-168,Gym,2026-05-19 15:42:32,2026-05-20 06:00:00
R-116,Tennis Court,2026-05-19 16:03:55,2026-05-20 08:45:00
R-218,Gym,2026-05-19 16:12:20,2026-05-20 09:30:00
R-147,Gym,2026-05-19 16:24:33,2026-05-20 08:30:00
R-145,Gym,2026-05-19 17:27:26,2026-05-20 07:45:00
R-109,Gym,2026-05-19 17:49:17,2026-05-20 08:45:00
R-102,Gym,2026-05-19 18:07:28,2026-05-20 08:15:00
R-113,Swimming Pool,2026-05-19 18:12:33,2026-05-20 07:30:00
R-123,Gym,2026-05-19 18:19:55,2026-05-20 07:30:00
R-172,Gym,2026-05-19 18:42:48,2026-05-20 07:00:00
R-110,Swimming Pool,2026-05-19 18:53:11,2026-05-20 07:15:00
R-203,Gym,2026-05-19 19:00:45,2026-05-20 19:15:00
R-189,Swimming Pool,2026-05-19 19:12:46,2026-05-20 06:45:00
R-206,Swimming Pool,2026-05-19 19:19:41,2026-05-20 07:30:00
R-192,Badminton Court,2026-05-19 19:47:55,2026-05-20 19:45:00
R-106,Badminton Court,2026-05-19 20:31:49,2026-05-20 18:45:00
R-180,Tennis Court,2026-05-19 20:51:58,2026-05-21 15:15:00
R-100,Tennis Court,2026-05-19 21:56:33,2026-05-20 11:00:00
R-135,Clubhouse,2026-05-19 22:03:10,2026-05-20 06:45:00
R-208,Gym,2026-05-19 22:05:02,2026-05-20 08:00:00
R-167,Gym,2026-05-19 22:49:15,2026-05-20 08:15:00
R-174,Gym,2026-05-19 23:04:22,2026-05-20 06:45:00
R-186,Gym,2026-05-19 23:53:42,2026-05-20 07:00:00
R-200,Clubhouse,2026-05-20 00:19:26,2026-05-20 08:15:00
R-160,Swimming Pool,2026-05-20 02:45:01,2026-05-20 10:15:00
R-117,Swimming Pool,2026-05-20 03:22:01,2026-05-20 19:15:00
R-153,Tennis Court,2026-05-20 04:06:16,2026-05-20 19:00:00
R-154,Tennis Court,2026-05-20 05:05:35,2026-05-21 17:15:00
R-165,Gym,2026-05-20 06:14:56,2026-05-21 11:00:00
R-108,Gym,2026-05-20 06:24:37,2026-05-20 19:15:00
R-212,Gym,2026-05-20 06:43:55,2026-05-20 17:30:00
R-137,Swimming Pool,2026-05-20 06:59:40,2026-05-20 17:30:00
R-101,Gym,2026-05-20 07:35:22,2026-05-21 07:45:00
R-169,Badminton Court,2026-05-20 07:46:19,2026-05-20 19:45:00
R-184,Tennis Court,2026-05-20 08:18:00,2026-05-20 18:45:00
R-213,Badminton Court,2026-05-20 09:01:31,2026-05-21 19:30:00
R-127,Badminton Court,2026-05-20 09:10:09,2026-05-20 19:45:00
R-163,Badminton Court,2026-05-20 09:24:53,2026-05-20 16:00:00
R-147,Gym,2026-05-20 10:08:14,2026-05-21 06:45:00
R-183,Badminton Court,2026-05-20 10:26:34,2026-05-21 18:30:00
R-211,Swimming Pool,2026-05-20 10:57:46,2026-05-20 16:45:00
R-179,Swimming Pool,2026-05-20 11:28:59,2026-05-20 17:30:00
R-168,Gym,2026-05-20 11:45:10,2026-05-21 06:15:00
R-189,Gym,2026-05-20 12:00:32,2026-05-21 08:15:00
R-142,Gym,2026-05-20 12:00:44,2026-05-21 20:15:00
R-187,Gym,2026-05-20 12:33:47,2026-05-20 19:15:00
R-123,Swimming Pool,2026-05-20 13:42:54,2026-05-21 06:30:00
R-150,Gym,2026-05-20 14:03:03,2026-05-21 14:00:00
R-144,Clubhouse,2026-05-20 14:08:38,2026-05-21 06:00:00
R-106,Badminton Court,2026-05-20 14:21:28,2026-05-21 20:00:00
R-122,Badminton Court,2026-05-20 14:27:22,2026-05-21 15:00:00
R-113,Gym,2026-05-20 14:41:10,2026-05-21 07:30:00
R-119,Badminton Court,2026-05-20 15:04:01,2026-05-21 20:15:00
R-216,Swimming Pool,2026-05-20 15:07:58,2026-05-20 20:15:00
R-109,Gym,2026-05-20 15:14:42,2026-05-21 08:45:00
R-174,Swimming Pool,2026-05-20 15:21:56,2026-05-21 07:30:00
R-102,Swimming Pool,2026-05-20 15:26:52,2026-05-21 07:15:00
R-192,Badminton Court,2026-05-20 16:13:44,2026-05-21 20:45:00
R-195,Badminton Court,2026-05-20 16:30:05,2026-05-21 19:00:00
R-135,Clubhouse,2026-05-20 16:30:30,2026-05-21 06:45:00
R-218,Tennis Court,2026-05-20 17:01:05,2026-05-21 08:00:00
R-175,Tennis Court,2026-05-20 17:16:56,2026-05-22 15:15:00
R-208,Gym,2026-05-20 17:42:04,2026-05-21 08:00:00
R-156,Gym,2026-05-20 17:42:20,2026-05-21 06:45:00
R-107,Badminton Court,2026-05-20 17:47:27,2026-05-21 18:15:00
R-152,Gym,2026-05-20 18:12:53,2026-05-21 06:00:00
R-187,Swimming Pool,2026-05-20 18:13:51,2026-05-21 11:30:00
R-217,Gym,2026-05-20 18:29:34,2026-05-21 18:00:00
R-116,Gym,2026-05-20 18:30:07,2026-05-21 08:45:00
R-172,Gym,2026-05-20 18:39:30,2026-05-21 07:00:00
R-203,Gym,2026-05-20 18:43:35,2026-05-21 20:15:00
R-117,Clubhouse,2026-05-20 18:47:25,2026-05-21 09:30:00
R-167,Gym,2026-05-20 18:53:52,2026-05-21 07:30:00
R-153,Swimming Pool,2026-05-20 19:16:52,2026-05-21 11:30:00
R-125,Badminton Court,2026-05-20 19:26:47,2026-05-21 20:15:00
R-166,Gym,2026-05-20 19:52:49,2026-05-21 07:00:00
R-145,Gym,2026-05-20 21:07:53,2026-05-21 06:00:00
R-118,Swimming Pool,2026-05-20 22:01:35,2026-05-21 08:15:00
R-161,Gym,2026-05-20 22:07:21,2026-05-21 11:15:00
R-136,Clubhouse,2026-05-20 22:13:23,2026-05-21 20:30:00
R-120,Badminton Court,2026-05-20 22:20:10,2026-05-21 20:30:00
R-136,Badminton Court,2026-05-20 23:36:55,2026-05-22 06:15:00
R-131,Badminton Court,2026-05-21 00:29:08,2026-05-21 19:00:00
R-125,Badminton Court,2026-05-21 00:45:13,2026-05-22 10:30:00
R-158,Badminton Court,2026-05-21 00:47:57,2026-05-21 07:00:00
R-173,Badminton Court,2026-05-21 00:58:35,2026-05-21 19:45:00
R-177,Clubhouse,2026-05-21 01:34:17,2026-05-22 17:30:00
R-188,Tennis Court,2026-05-21 02:21:38,2026-05-21 19:00:00
R-163,Swimming Pool,2026-05-21 02:28:58,2026-05-21 11:00:00
R-214,Clubhouse,2026-05-21 02:49:12,2026-05-21 18:15:00
R-103,Gym,2026-05-21 03:27:07,2026-05-21 17:30:00
R-155,Clubhouse,2026-05-21 03:34:30,2026-05-21 19:15:00
R-157,Clubhouse,2026-05-21 03:54:58,2026-05-21 17:15:00
R-108,Gym,2026-05-21 04:48:14,2026-05-21 17:45:00
R-148,Swimming Pool,2026-05-21 05:16:18,2026-05-21 12:30:00
R-213,Clubhouse,2026-05-21 05:28:24,2026-05-22 18:15:00
R-130,Tennis Court,2026-05-21 05:30:44,2026-05-23 21:15:00
R-184,Badminton Court,2026-05-21 06:21:58,2026-05-21 19:45:00
R-186,Gym,2026-05-21 06:47:46,2026-05-21 17:15:00
R-131,Badminton Court,2026-05-21 07:33:16,2026-05-22 16:45:00
R-215,Gym,2026-05-21 07:56:36,2026-05-21 17:30:00
R-182,Clubhouse,2026-05-21 08:04:57,2026-05-21 16:15:00
R-119,Badminton Court,2026-05-21 08:12:05,2026-05-22 18:30:00
R-150,Clubhouse,2026-05-21 08:15:28,2026-05-22 07:45:00
R-168,Badminton Court,2026-05-21 08:43:43,2026-05-22 06:30:00
R-197,Badminton Court,2026-05-21 08:46:20,2026-05-24 07:30:00
R-183,Badminton Court,2026-05-21 08:48:43,2026-05-22 18:00:00
R-101,Gym,2026-05-21 09:42:09,2026-05-22 06:30:00
R-212,Gym,2026-05-21 09:43:17,2026-05-22 06:15:00
R-146,Tennis Court,2026-05-21 10:43:36,2026-05-23 07:45:00
R-170,Badminton Court,2026-05-21 10:45:22,2026-05-22 19:00:00
R-139,Swimming Pool,2026-05-21 11:19:17,2026-05-21 15:00:00
R-120,Badminton Court,2026-05-21 12:02:42,2026-05-22 19:45:00
R-152,Gym,2026-05-21 12:05:26,2026-05-22 06:00:00
R-181,Clubhouse,2026-05-21 12:31:35,2026-05-21 20:15:00
R-209,Clubhouse,2026-05-21 12:47:33,2026-05-21 16:15:00
R-124,Badminton Court,2026-05-21 13:46:02,2026-05-22 14:30:00
R-195,Swimming Pool,2026-05-21 13:53:55,2026-05-22 20:00:00
R-192,Badminton Court,2026-05-21 14:00:16,2026-05-22 19:00:00
R-167,Gym,2026-05-21 14:02:57,2026-05-22 06:30:00
R-145,Clubhouse,2026-05-21 14:25:29,2026-05-22 08:00:00
R-147,Gym,2026-05-21 14:52:18,2026-05-22 07:45:00
R-206,Gym,2026-05-21 15:12:38,2026-05-22 07:15:00
R-102,Gym,2026-05-21 15:21:14,2026-05-22 06:15:00
R-109,Gym,2026-05-21 15:24:31,2026-05-22 07:45:00
R-203,Badminton Court,2026-05-21 16:52:10,2026-05-22 19:45:00
R-156,Gym,2026-05-21 17:15:10,2026-05-22 07:00:00
R-113,Gym,2026-05-21 17:33:24,2026-05-22 07:30:00
R-106,Badminton Court,2026-05-21 17:51:29,2026-05-22 18:30:00
R-172,Tennis Court,2026-05-21 17:57:38,2026-05-22 06:00:00
R-117,Gym,2026-05-21 18:24:40,2026-05-22 06:15:00
R-105,Badminton Court,2026-05-21 18:27:26,2026-05-22 20:00:00
R-115,Swimming Pool,2026-05-21 18:28:17,2026-05-23 08:15:00
R-189,Badminton Court,2026-05-21 19:12:24,2026-05-22 07:45:00
R-197,Tennis Court,2026-05-21 19:12:58,2026-05-23 08:45:00
R-132,Tennis Court,2026-05-21 19:32:15,2026-05-23 17:30:00
R-107,Badminton Court,2026-05-21 19:59:32,2026-05-22 19:00:00
R-180,Badminton Court,2026-05-21 20:13:01,2026-05-22 20:45:00
R-118,Gym,2026-05-21 20:30:34,2026-05-22 06:30:00
R-116,Swimming Pool,2026-05-21 20:30:56,2026-05-22 08:15:00
R-164,Swimming Pool,2026-05-21 20:58:59,2026-05-22 14:00:00
R-128,Badminton Court,2026-05-21 20:59:55,2026-05-22 07:00:00
R-110,Badminton Court,2026-05-21 21:02:19,2026-05-22 07:15:00
R-174,Clubhouse,2026-05-21 21:19:53,2026-05-22 08:15:00
R-133,Clubhouse,2026-05-21 21:35:23,2026-05-22 19:00:00
R-202,Clubhouse,2026-05-21 21:41:56,2026-05-22 14:30:00
R-198,Tennis Court,2026-05-21 21:58:55,2026-05-23 17:45:00
R-129,Clubhouse,2026-05-21 22:01:05,2026-05-22 14:30:00
R-215,Swimming Pool,2026-05-21 22:02:39,2026-05-22 08:15:00
R-218,Gym,2026-05-21 22:38:02,2026-05-22 07:15:00
R-122,Tennis Court,2026-05-21 22:51:50,2026-05-22 18:45:00
R-144,Gym,2026-05-21 23:05:39,2026-05-22 08:30:00
R-193,Clubhouse,2026-05-21 23:16:58,2026-05-22 20:00:00
R-112,Clubhouse,2026-05-22 00:22:33,2026-05-22 20:30:00
R-158,Gym,2026-05-22 00:43:09,2026-05-22 11:15:00
R-157,Tennis Court,2026-05-22 00:56:36,2026-05-24 17:30:00
R-217,Badminton Court,2026-05-22 01:08:50,2026-05-22 18:00:00
R-207,Gym,2026-05-22 02:04:33,2026-05-22 20:45:00
R-126,Badminton Court,2026-05-22 02:07:18,2026-05-22 17:45:00
R-190,Swimming Pool,2026-05-22 02:43:08,2026-05-22 20:00:00
R-137,Clubhouse,2026-05-22 03:12:58,2026-05-22 19:45:00
R-208,Gym,2026-05-22 03:39:37,2026-05-22 13:00:00
R-196,Badminton Court,2026-05-22 05:21:19,2026-05-22 19:30:00
R-165,Tennis Court,2026-05-22 07:08:34,2026-05-22 18:30:00
R-100,Swimming Pool,2026-05-22 07:42:19,2026-05-22 17:30:00
R-194,Gym,2026-05-22 11:22:09,2026-05-22 19:45:00
R-181,Swimming Pool,2026-05-22 11:24:39,2026-05-22 17:30:00
R-178,Badminton Court,2026-05-22 11:34:21,2026-05-22 16:00:00
R-106,Tennis Court,2026-05-22 11:59:59,2026-05-23 20:45:00
R-160,Swimming Pool,2026-05-22 12:27:57,2026-05-22 17:45:00
R-146,Swimming Pool,2026-05-22 13:16:47,2026-05-24 08:15:00
R-213,Badminton Court,2026-05-22 13:24:01,2026-05-23 18:45:00
R-159,Clubhouse,2026-05-22 14:04:11,2026-05-23 18:30:00
R-191,Gym,2026-05-22 14:33:42,2026-05-22 20:30:00
R-116,Gym,2026-05-22 15:23:30,2026-05-23 08:00:00
R-102,Gym,2026-05-22 15:50:20,2026-05-23 07:00:00
R-114,Clubhouse,2026-05-22 18:41:48,2026-05-23 15:45:00
R-112,Swimming Pool,2026-05-22 18:43:05,2026-05-23 19:15:00
R-121,Clubhouse,2026-05-22 18:48:30,2026-05-23 15:15:00
R-217,Badminton Court,2026-05-22 19:42:44,2026-05-23 18:00:00
R-175,Tennis Court,2026-05-22 19:51:11,2026-05-24 18:00:00
R-189,Tennis Court,2026-05-22 20:07:23,2026-05-23 07:30:00
R-215,Clubhouse,2026-05-22 20:13:39,2026-05-23 07:30:00
R-193,Clubhouse,2026-05-22 20:22:57,2026-05-23 18:15:00
R-208,Clubhouse,2026-05-22 20:44:49,2026-05-23 07:30:00
R-210,Tennis Court,2026-05-22 21:05:29,2026-05-24 17:45:00
R-162,Clubhouse,2026-05-22 21:22:55,2026-05-23 19:30:00
R-153,Badminton Court,2026-05-22 21:30:46,2026-05-23 11:45:00
R-188,Tennis Court,2026-05-22 21:38:09,2026-05-23 07:00:00
R-158,Gym,2026-05-22 22:31:40,2026-05-23 07:00:00
R-169,Swimming Pool,2026-05-22 22:35:54,2026-05-23 11:30:00
R-214,Clubhouse,2026-05-22 22:36:09,2026-05-23 19:15:00
R-164,Tennis Court,2026-05-22 23:04:08,2026-05-23 19:45:00
R-155,Clubhouse,2026-05-22 23:08:44,2026-05-23 19:30:00
R-150,Clubhouse,2026-05-22 23:41:46,2026-05-23 15:45:00
R-117,Clubhouse,2026-05-23 03:21:20,2026-05-23 21:30:00
R-160,Swimming Pool,2026-05-23 03:25:31,2026-05-23 12:00:00
R-149,Swimming Pool,2026-05-23 04:07:26,2026-05-23 10:15:00
R-181,Swimming Pool,2026-05-23 04:16:43,2026-05-23 10:15:00
R-194,Badminton Court,2026-05-23 05:02:18,2026-05-23 17:45:00
R-120,Badminton Court,2026-05-23 05:04:02,2026-05-24 08:30:00
R-190,Swimming Pool,2026-05-23 05:10:40,2026-05-23 18:45:00
R-163,Clubhouse,2026-05-23 05:39:13,2026-05-23 15:00:00
R-139,Swimming Pool,2026-05-23 05:39:28,2026-05-23 11:45:00
R-218,Tennis Court,2026-05-23 06:03:49,2026-05-23 17:15:00
R-182,Swimming Pool,2026-05-23 06:06:29,2026-05-23 11:45:00
R-204,Tennis Court,2026-05-23 06:17:25,2026-05-23 19:00:00
R-115,Clubhouse,2026-05-23 06:22:57,2026-05-24 18:45:00
R-178,Tennis Court,2026-05-23 06:25:46,2026-05-23 19:00:00
R-140,Badminton Court,2026-05-23 07:14:02,2026-05-23 16:15:00
R-134,Gym,2026-05-23 07:18:14,2026-05-23 13:00:00
R-191,Badminton Court,2026-05-23 07:24:24,2026-05-23 19:45:00
R-122,Clubhouse,2026-05-23 07:51:51,2026-05-23 14:00:00
R-179,Tennis Court,2026-05-23 08:00:33,2026-05-23 15:45:00
R-217,Tennis Court,2026-05-23 09:01:41,2026-05-24 20:00:00
R-176,Swimming Pool,2026-05-23 11:31:32,2026-05-23 17:30:00
R-148,Swimming Pool,2026-05-23 12:09:02,2026-05-23 17:45:00
R-171,Tennis Court,2026-05-23 12:21:16,2026-05-23 15:00:00
R-183,Gym,2026-05-23 14:08:04,2026-05-24 18:00:00
R-208,Gym,2026-05-23 15:16:56,2026-05-24 06:30:00
R-156,Swimming Pool,2026-05-23 15:37:02,2026-05-24 06:45:00
R-130,Tennis Court,2026-05-23 15:51:59,2026-05-24 18:15:00
R-121,Clubhouse,2026-05-23 16:07:07,2026-05-24 18:00:00
R-177,Tennis Court,2026-05-23 16:27:27,2026-05-24 18:30:00
R-108,Tennis Court,2026-05-23 17:30:54,2026-05-24 08:00:00
R-212,Swimming Pool,2026-05-23 18:21:38,2026-05-24 08:30:00
R-116,Swimming Pool,2026-05-23 18:50:35,2026-05-24 08:30:00
R-158,Gym,2026-05-23 19:33:14,2026-05-24 07:30:00
R-218,Swimming Pool,2026-05-23 19:47:28,2026-05-24 10:00:00
R-135,Gym,2026-05-23 20:36:56,2026-05-24 08:15:00
R-101,Gym,2026-05-23 20:58:26,2026-05-24 06:30:00
R-197,Tennis Court,2026-05-23 21:40:54,2026-05-26 07:00:00
R-162,Clubhouse,2026-05-23 21:45:57,2026-05-24 14:00:00
R-202,Clubhouse,2026-05-23 22:08:57,2026-05-24 15:00:00
R-114,Badminton Court,2026-05-23 22:16:45,2026-05-24 20:30:00
R-102,Gym,2026-05-23 22:56:14,2026-05-24 08:15:00
R-145,Clubhouse,2026-05-23 23:19:41,2026-05-24 06:30:00
R-122,Swimming Pool,2026-05-23 23:55:18,2026-05-24 13:30:00
R-216,Swimming Pool,2026-05-24 00:07:41,2026-05-24 06:15:00
R-129,Swimming Pool,2026-05-24 00:22:51,2026-05-24 19:15:00
R-100,Swimming Pool,2026-05-24 00:30:39,2026-05-24 15:00:00
R-169,Clubhouse,2026-05-24 01:42:15,2026-05-24 11:00:00
R-219,Tennis Court,2026-05-24 02:15:33,2026-05-26 08:00:00
R-153,Badminton Court,2026-05-24 02:17:31,2026-05-24 17:00:00
R-171,Clubhouse,2026-05-24 02:18:00,2026-05-24 10:15:00
R-136,Badminton Court,2026-05-24 02:26:11,2026-05-25 19:45:00
R-150,Clubhouse,2026-05-24 02:28:23,2026-05-24 15:15:00
R-139,Tennis Court,2026-05-24 03:00:58,2026-05-24 11:00:00
R-200,Gym,2026-05-24 03:32:37,2026-05-24 17:15:00
R-215,Gym,2026-05-24 03:59:51,2026-05-24 17:15:00
R-161,Swimming Pool,2026-05-24 05:08:28,2026-05-24 17:00:00
R-126,Badminton Court,2026-05-24 05:24:10,2026-05-24 17:15:00
R-211,Swimming Pool,2026-05-24 07:40:11,2026-05-24 16:00:00
R-160,Swimming Pool,2026-05-24 07:46:01,2026-05-24 15:45:00
R-140,Swimming Pool,2026-05-24 07:48:51,2026-05-24 16:15:00
R-191,Clubhouse,2026-05-24 08:11:46,2026-05-24 20:15:00
R-157,Tennis Court,2026-05-24 08:21:40,2026-05-25 18:15:00
R-210,Tennis Court,2026-05-24 08:52:01,2026-05-26 07:30:00
R-185,Swimming Pool,2026-05-24 08:56:59,2026-05-24 16:15:00
R-173,Clubhouse,2026-05-24 09:24:38,2026-05-25 19:00:00
R-163,Clubhouse,2026-05-24 09:41:35,2026-05-24 15:15:00
R-182,Clubhouse,2026-05-24 09:46:56,2026-05-24 16:00:00
R-149,Clubhouse,2026-05-24 10:07:03,2026-05-24 11:45:00
R-194,Badminton Court,2026-05-24 10:14:54,2026-05-24 19:00:00
R-192,Badminton Court,2026-05-24 10:35:38,2026-05-25 12:15:00
R-195,Badminton Court,2026-05-24 11:02:43,2026-05-25 18:45:00
R-148,Clubhouse,2026-05-24 11:20:58,2026-05-24 16:45:00
R-179,Swimming Pool,2026-05-24 12:12:21,2026-05-24 17:45:00
R-203,Badminton Court,2026-05-24 12:31:47,2026-05-25 19:45:00
R-209,Swimming Pool,2026-05-24 12:36:46,2026-05-24 17:45:00
R-120,Tennis Court,2026-05-24 12:54:49,2026-05-25 18:30:00
R-144,Gym,2026-05-24 13:31:53,2026-05-25 07:00:00
R-173,Badminton Court,2026-05-24 13:44:56,2026-05-26 10:30:00
R-172,Gym,2026-05-24 13:51:51,2026-05-25 06:45:00
R-118,Gym,2026-05-24 14:04:59,2026-05-25 07:00:00
R-208,Swimming Pool,2026-05-24 14:22:35,2026-05-25 07:45:00
R-167,Gym,2026-05-24 14:48:17,2026-05-25 06:00:00
R-158,Gym,2026-05-24 14:50:17,2026-05-25 08:45:00
R-123,Gym,2026-05-24 15:17:30,2026-05-25 06:45:00
R-134,Gym,2026-05-24 15:23:29,2026-05-24 18:15:00
R-110,Clubhouse,2026-05-24 15:27:56,2026-05-25 07:45:00
R-102,Gym,2026-05-24 15:55:15,2026-05-25 08:30:00
R-115,Badminton Court,2026-05-24 16:02:56,2026-05-26 17:30:00
R-174,Gym,2026-05-24 16:10:54,2026-05-25 08:00:00
R-152,Swimming Pool,2026-05-24 16:35:01,2026-05-25 08:45:00
R-113,Gym,2026-05-24 16:49:26,2026-05-25 08:15:00
R-183,Badminton Court,2026-05-24 17:13:41,2026-05-25 19:15:00
R-125,Tennis Court,2026-05-24 17:19:10,2026-05-25 19:45:00
R-154,Tennis Court,2026-05-24 17:19:56,2026-05-26 08:15:00
R-142,Badminton Court,2026-05-24 17:25:19,2026-05-25 18:30:00
R-156,Swimming Pool,2026-05-24 17:27:01,2026-05-25 06:15:00
R-147,Gym,2026-05-24 17:48:57,2026-05-25 06:30:00
R-213,Badminton Court,2026-05-24 17:55:47,2026-05-25 20:30:00
R-105,Badminton Court,2026-05-24 18:18:56,2026-05-25 20:00:00
R-145,Clubhouse,2026-05-24 18:19:45,2026-05-25 06:15:00
R-189,Gym,2026-05-24 18:36:49,2026-05-25 06:30:00
R-101,Gym,2026-05-24 18:38:25,2026-05-25 07:45:00
R-146,Tennis Court,2026-05-24 18:38:39,2026-05-26 07:30:00
R-206,Gym,2026-05-24 18:52:12,2026-05-25 09:45:00
R-106,Tennis Court,2026-05-24 18:57:25,2026-05-25 20:45:00
R-109,Tennis Court,2026-05-24 19:00:17,2026-05-25 07:30:00
R-135,Gym,2026-05-24 19:20:00,2026-05-25 06:30:00
R-170,Badminton Court,2026-05-24 20:00:47,2026-05-25 20:15:00
R-131,Badminton Court,2026-05-24 20:13:43,2026-05-25 20:45:00
R-141,Badminton Court,2026-05-24 20:33:17,2026-05-25 20:30:00
R-111,Tennis Court,2026-05-24 21:05:51,2026-05-25 11:00:00
R-138,Badminton Court,2026-05-24 21:29:11,2026-05-25 18:45:00
R-116,Gym,2026-05-24 21:39:14,2026-05-25 07:00:00
R-117,Gym,2026-05-24 21:39:15,2026-05-25 07:15:00
R-217,Badminton Court,2026-05-24 21:40:39,2026-05-25 18:45:00
R-157,Tennis Court,2026-05-24 21:44:03,2026-05-26 18:45:00
R-177,Swimming Pool,2026-05-24 22:01:10,2026-05-26 18:00:00
R-128,Badminton Court,2026-05-24 22:03:28,2026-05-25 17:30:00
R-187,Badminton Court,2026-05-24 22:30:43,2026-05-25 11:00:00
R-132,Tennis Court,2026-05-24 22:43:39,2026-05-26 07:30:00
R-165,Badminton Court,2026-05-24 23:15:36,2026-05-25 19:00:00
R-212,Clubhouse,2026-05-24 23:47:25,2026-05-25 08:45:00
R-126,Badminton Court,2026-05-25 00:07:57,2026-05-25 11:30:00
R-161,Swimming Pool,2026-05-25 00:44:39,2026-05-25 14:15:00
R-195,Clubhouse,2026-05-25 01:08:46,2026-05-26 19:45:00
R-124,Clubhouse,2026-05-25 01:55:40,2026-05-25 20:00:00
R-207,Badminton Court,2026-05-25 02:33:01,2026-05-25 19:30:00
R-136,Tennis Court,2026-05-25 03:00:59,2026-05-26 19:45:00
R-183,Tennis Court,2026-05-25 03:10:08,2026-05-26 20:45:00
R-169,Tennis Court,2026-05-25 03:32:32,2026-05-25 19:45:00
R-104,Swimming Pool,2026-05-25 04:21:27,2026-05-25 10:45:00
R-106,Badminton Court,2026-05-25 04:22:47,2026-05-26 11:00:00
R-168,Gym,2026-05-25 05:33:40,2026-05-25 17:45:00
R-120,Gym,2026-05-25 06:25:46,2026-05-26 20:15:00
R-108,Swimming Pool,2026-05-25 06:48:19,2026-05-25 19:30:00
R-198,Tennis Court,2026-05-25 07:25:34,2026-05-26 08:45:00
R-218,Badminton Court,2026-05-25 07:44:59,2026-05-25 17:00:00
R-200,Swimming Pool,2026-05-25 08:08:11,2026-05-25 19:15:00
R-170,Badminton Court,2026-05-25 08:39:08,2026-05-26 18:00:00
R-105,Badminton Court,2026-05-25 08:49:28,2026-05-26 20:00:00
R-107,Badminton Court,2026-05-25 09:47:10,2026-05-26 19:00:00
R-131,Clubhouse,2026-05-25 10:18:46,2026-05-26 19:00:00
R-153,Swimming Pool,2026-05-25 10:37:20,2026-05-25 17:30:00
R-165,Badminton Court,2026-05-25 11:54:14,2026-05-26 19:00:00
R-155,Clubhouse,2026-05-25 12:16:57,2026-05-26 19:00:00
R-189,Swimming Pool,2026-05-25 12:47:47,2026-05-26 06:30:00
R-178,Gym,2026-05-25 15:44:54,2026-05-26 07:15:00
R-174,Gym,2026-05-25 16:13:13,2026-05-26 08:45:00
R-168,Gym,2026-05-25 16:17:08,2026-05-26 07:30:00
R-207,Badminton Court,2026-05-25 16:17:48,2026-05-26 19:00:00
R-101,Badminton Court,2026-05-25 16:19:51,2026-05-26 08:45:00
R-147,Gym,2026-05-25 16:20:49,2026-05-26 08:15:00
R-156,Gym,2026-05-25 16:53:53,2026-05-26 06:00:00
R-217,Badminton Court,2026-05-25 17:15:27,2026-05-26 19:00:00
R-144,Swimming Pool,2026-05-25 17:38:41,2026-05-26 06:00:00
R-212,Gym,2026-05-25 17:52:22,2026-05-26 07:15:00
R-125,Tennis Court,2026-05-25 18:05:10,2026-05-26 20:45:00
R-180,Badminton Court,2026-05-25 18:11:03,2026-05-26 18:45:00
R-184,Swimming Pool,2026-05-25 18:31:23,2026-05-26 08:45:00
R-135,Clubhouse,2026-05-25 19:01:32,2026-05-26 08:45:00
R-113,Gym,2026-05-25 19:16:17,2026-05-26 06:00:00
R-193,Clubhouse,2026-05-25 19:29:01,2026-05-26 16:30:00
R-145,Gym,2026-05-25 19:34:33,2026-05-26 08:45:00
R-208,Badminton Court,2026-05-25 19:37:43,2026-05-26 07:30:00
R-123,Swimming Pool,2026-05-25 19:42:18,2026-05-26 08:30:00
R-206,Swimming Pool,2026-05-25 19:42:32,2026-05-26 08:00:00
R-191,Tennis Court,2026-05-25 20:41:15,2026-05-26 07:45:00
R-142,Badminton Court,2026-05-25 21:00:46,2026-05-26 19:30:00
R-129,Tennis Court,2026-05-25 21:05:23,2026-05-26 19:30:00
R-194,Tennis Court,2026-05-25 21:06:08,2026-05-26 07:45:00
R-161,Tennis Court,2026-05-25 21:10:19,2026-05-26 13:15:00
R-102,Gym,2026-05-25 21:43:15,2026-05-26 06:30:00
R-172,Gym,2026-05-25 22:12:04,2026-05-26 08:15:00
R-130,Tennis Court,2026-05-25 22:25:39,2026-05-28 07:00:00
R-215,Badminton Court,2026-05-25 23:00:10,2026-05-26 08:15:00
R-192,Badminton Court,2026-05-25 23:02:57,2026-05-26 19:45:00
R-196,Tennis Court,2026-05-25 23:03:52,2026-05-26 18:00:00
R-131,Badminton Court,2026-05-25 23:08:28,2026-05-27 07:00:00
R-111,Swimming Pool,2026-05-25 23:21:03,2026-05-26 08:00:00
R-119,Badminton Court,2026-05-25 23:49:38,2026-05-26 20:45:00
R-158,Swimming Pool,2026-05-26 00:40:39,2026-05-26 07:45:00
R-117,Gym,2026-05-26 00:48:32,2026-05-26 17:15:00
R-167,Badminton Court,2026-05-26 01:22:18,2026-05-26 07:00:00
R-152,Gym,2026-05-26 01:52:47,2026-05-26 06:30:00
R-203,Badminton Court,2026-05-26 01:59:42,2026-05-26 18:45:00
R-118,Gym,2026-05-26 02:09:15,2026-05-26 07:15:00
R-213,Clubhouse,2026-05-26 03:41:08,2026-05-26 18:00:00
R-154,Tennis Court,2026-05-26 06:38:29,2026-05-28 07:45:00
R-157,Tennis Court,2026-05-26 06:51:29,2026-05-28 08:00:00
R-116,Gym,2026-05-26 06:59:08,2026-05-26 16:45:00
R-180,Badminton Court,2026-05-26 07:37:49,2026-05-27 18:45:00
R-163,Clubhouse,2026-05-26 07:46:47,2026-05-26 12:15:00
R-217,Badminton Court,2026-05-26 07:48:06,2026-05-27 20:15:00
R-139,Swimming Pool,2026-05-26 08:17:55,2026-05-26 15:00:00
R-148,Swimming Pool,2026-05-26 09:05:49,2026-05-26 17:30:00
R-171,Swimming Pool,2026-05-26 09:19:02,2026-05-26 15:15:00
R-166,Gym,2026-05-26 09:50:45,2026-05-26 19:15:00
R-127,Swimming Pool,2026-05-26 09:58:36,2026-05-26 17:00:00
R-146,Tennis Court,2026-05-26 10:11:33,2026-05-28 17:15:00
R-141,Badminton Court,2026-05-26 10:53:39,2026-05-27 18:45:00
R-135,Gym,2026-05-26 10:56:04,2026-05-27 07:15:00
R-207,Gym,2026-05-26 11:06:06,2026-05-27 09:45:00
R-165,Badminton Court,2026-05-26 11:35:19,2026-05-27 19:00:00
R-109,Gym,2026-05-26 12:11:25,2026-05-27 07:00:00
R-172,Clubhouse,2026-05-26 12:13:11,2026-05-27 08:45:00
R-200,Swimming Pool,2026-05-26 12:21:23,2026-05-26 21:45:00
R-119,Gym,2026-05-26 12:29:26,2026-05-27 21:30:00
R-117,Gym,2026-05-26 12:40:46,2026-05-27 06:45:00
R-147,Badminton Court,2026-05-26 12:46:15,2026-05-27 06:15:00
R-212,Gym,2026-05-26 12:57:19,2026-05-27 06:45:00
R-192,Swimming Pool,2026-05-26 13:09:44,2026-05-27 19:30:00
R-203,Badminton Court,2026-05-26 13:56:38,2026-05-27 20:45:00
R-144,Gym,2026-05-26 14:19:11,2026-05-27 06:15:00
R-116,Swimming Pool,2026-05-26 14:40:09,2026-05-27 06:45:00
R-145,Gym,2026-05-26 15:12:34,2026-05-27 07:45:00
R-208,Gym,2026-05-26 15:14:21,2026-05-27 07:30:00
R-189,Badminton Court,2026-05-26 15:34:16,2026-05-27 08:45:00
R-167,Gym,2026-05-26 15:43:31,2026-05-27 08:30:00
R-136,Tennis Court,2026-05-26 15:53:13,2026-05-27 18:15:00
R-127,Tennis Court,2026-05-26 15:57:03,2026-05-27 08:15:00
R-210,Gym,2026-05-26 16:38:15,2026-05-28 20:15:00
R-142,Badminton Court,2026-05-26 16:39:49,2026-05-27 19:15:00
R-195,Badminton Court,2026-05-26 16:54:33,2026-05-27 18:15:00
R-152,Gym,2026-05-26 17:01:10,2026-05-27 07:15:00
R-128,Tennis Court,2026-05-26 17:13:51,2026-05-27 08:00:00
R-105,Gym,2026-05-26 17:35:22,2026-05-27 18:30:00
R-158,Clubhouse,2026-05-26 17:35:25,2026-05-27 10:00:00
R-186,Gym,2026-05-26 17:37:27,2026-05-27 07:00:00
R-174,Swimming Pool,2026-05-26 17:52:44,2026-05-27 06:45:00
R-102,Gym,2026-05-26 18:16:04,2026-05-27 08:45:00
R-123,Gym,2026-05-26 18:52:34,2026-05-27 07:30:00
R-156,Swimming Pool,2026-05-26 19:08:16,2026-05-27 08:30:00
R-118,Swimming Pool,2026-05-26 19:17:08,2026-05-27 08:45:00
R-132,Tennis Court,2026-05-26 19:27:06,2026-05-28 10:45:00
R-108,Badminton Court,2026-05-26 20:12:20,2026-05-27 08:45:00
R-113,Gym,2026-05-26 20:39:42,2026-05-27 07:45:00
R-168,Gym,2026-05-26 21:24:16,2026-05-27 07:45:00
R-206,Gym,2026-05-26 21:33:05,2026-05-27 06:00:00
R-162,Clubhouse,2026-05-26 21:48:03,2026-05-27 19:30:00
R-200,Tennis Court,2026-05-26 22:07:28,2026-05-27 08:00:00
R-213,Gym,2026-05-26 22:25:08,2026-05-27 18:15:00
R-106,Badminton Court,2026-05-26 23:47:43,2026-05-27 18:00:00
R-177,Swimming Pool,2026-05-27 00:23:20,2026-05-28 08:45:00
R-218,Badminton Court,2026-05-27 01:45:37,2026-05-27 07:15:00
R-138,Clubhouse,2026-05-27 02:22:22,2026-05-28 18:00:00
R-169,Tennis Court,2026-05-27 02:42:22,2026-05-27 17:15:00
R-131,Badminton Court,2026-05-27 02:54:24,2026-05-28 19:15:00
R-195,Badminton Court,2026-05-27 03:57:22,2026-05-28 18:30:00
R-184,Swimming Pool,2026-05-27 04:37:23,2026-05-27 17:00:00
R-126,Badminton Court,2026-05-27 04:42:02,2026-05-27 19:00:00
R-209,Swimming Pool,2026-05-27 04:44:41,2026-05-27 11:15:00
R-111,Swimming Pool,2026-05-27 06:05:35,2026-05-27 17:15:00
R-175,Gym,2026-05-27 06:49:23,2026-05-28 17:45:00
R-203,Badminton Court,2026-05-27 07:43:16,2026-05-28 18:30:00
R-141,Badminton Court,2026-05-27 08:14:56,2026-05-28 20:00:00
R-192,Badminton Court,2026-05-27 09:22:15,2026-05-28 18:15:00
R-153,Gym,2026-05-27 10:14:16,2026-05-27 17:00:00
R-204,Clubhouse,2026-05-27 10:46:34,2026-05-27 17:15:00
R-125,Badminton Court,2026-05-27 12:01:56,2026-05-28 19:00:00
R-113,Gym,2026-05-27 13:05:09,2026-05-28 08:15:00
R-206,Clubhouse,2026-05-27 13:42:42,2026-05-28 06:15:00
R-147,Badminton Court,2026-05-27 14:01:06,2026-05-28 07:00:00
R-165,Badminton Court,2026-05-27 14:01:23,2026-05-28 20:15:00
R-158,Gym,2026-05-27 14:47:56,2026-05-28 08:30:00
R-115,Badminton Court,2026-05-27 14:56:27,2026-05-28 17:45:00
R-119,Gym,2026-05-27 15:50:36,2026-05-28 20:45:00
R-172,Gym,2026-05-27 15:58:22,2026-05-28 08:45:00
R-106,Clubhouse,2026-05-27 15:59:10,2026-05-28 20:15:00
R-156,Swimming Pool,2026-05-27 17:07:08,2026-05-28 11:00:00
R-168,Gym,2026-05-27 17:15:40,2026-05-28 08:45:00
R-135,Gym,2026-05-27 17:31:39,2026-05-28 08:00:00
R-123,Gym,2026-05-27 17:56:55,2026-05-28 08:45:00
R-201,Tennis Court,2026-05-27 17:58:49,2026-05-28 07:00:00
R-167,Gym,2026-05-27 18:18:06,2026-05-28 07:30:00
R-208,Gym,2026-05-27 18:26:01,2026-05-28 06:00:00
R-174,Gym,2026-05-27 18:30:08,2026-05-28 07:15:00
R-217,Badminton Court,2026-05-27 18:33:50,2026-05-28 18:45:00
R-105,Badminton Court,2026-05-27 18:58:30,2026-05-28 19:15:00
R-126,Tennis Court,2026-05-27 19:02:07,2026-05-28 08:45:00
R-108,Gym,2026-05-27 19:04:12,2026-05-28 07:30:00
R-116,Gym,2026-05-27 19:25:19,2026-05-28 06:45:00
R-102,Gym,2026-05-27 19:51:21,2026-05-28 06:15:00
R-152,Gym,2026-05-27 20:13:47,2026-05-28 07:00:00
R-142,Badminton Court,2026-05-27 20:31:05,2026-05-28 18:00:00
R-183,Gym,2026-05-27 20:35:19,2026-05-28 20:00:00
R-109,Gym,2026-05-27 20:38:55,2026-05-28 08:00:00
R-189,Gym,2026-05-27 20:40:35,2026-05-28 06:45:00
R-144,Gym,2026-05-27 21:00:39,2026-05-28 16:00:00
R-118,Gym,2026-05-27 22:15:42,2026-05-28 06:30:00
R-117,Gym,2026-05-27 22:18:55,2026-05-28 06:15:00
R-145,Gym,2026-05-27 23:20:49,2026-05-28 10:30:00
R-136,Gym,2026-05-28 00:04:29,2026-05-29 19:00:00
R-204,Badminton Court,2026-05-28 00:07:41,2026-05-28 11:45:00
R-164,Clubhouse,2026-05-28 02:05:40,2026-05-28 15:15:00
R-136,Badminton Court,2026-05-28 03:19:11,2026-05-28 13:00:00
R-101,Gym,2026-05-28 03:50:38,2026-05-28 14:30:00
R-137,Tennis Court,2026-05-28 04:00:51,2026-05-28 17:00:00
R-207,Badminton Court,2026-05-28 04:25:40,2026-05-29 18:00:00
R-149,Swimming Pool,2026-05-28 04:45:05,2026-05-28 10:00:00
R-207,Badminton Court,2026-05-28 04:55:13,2026-05-28 20:15:00
R-187,Clubhouse,2026-05-28 06:00:09,2026-05-28 19:30:00
R-170,Gym,2026-05-28 06:01:27,2026-05-29 18:00:00
R-103,Swimming Pool,2026-05-28 06:38:10,2026-05-28 19:15:00
R-165,Badminton Court,2026-05-28 07:37:37,2026-05-29 10:30:00
R-106,Badminton Court,2026-05-28 09:06:18,2026-05-29 18:00:00
R-211,Swimming Pool,2026-05-28 09:35:43,2026-05-28 15:45:00
R-107,Badminton Court,2026-05-28 09:47:20,2026-05-29 18:30:00
R-210,Swimming Pool,2026-05-28 10:56:12,2026-05-30 17:15:00
R-167,Gym,2026-05-28 11:49:40,2026-05-29 08:00:00
R-115,Tennis Court,2026-05-28 12:02:09,2026-05-30 18:30:00
R-173,Badminton Court,2026-05-28 12:03:26,2026-05-29 19:30:00
R-101,Swimming Pool,2026-05-28 12:10:19,2026-05-29 07:15:00
R-216,Badminton Court,2026-05-28 12:26:23,2026-05-28 17:30:00
R-212,Swimming Pool,2026-05-28 12:38:41,2026-05-29 06:45:00
R-113,Badminton Court,2026-05-28 12:46:02,2026-05-29 06:30:00
R-117,Gym,2026-05-28 12:51:10,2026-05-29 06:15:00
R-144,Gym,2026-05-28 13:00:16,2026-05-29 07:15:00
R-105,Badminton Court,2026-05-28 13:45:27,2026-05-29 19:45:00
R-131,Gym,2026-05-28 14:12:38,2026-05-29 18:45:00
R-124,Clubhouse,2026-05-28 14:16:00,2026-05-29 15:30:00
R-146,Tennis Court,2026-05-28 14:55:51,2026-05-31 08:30:00
R-217,Tennis Court,2026-05-28 15:02:44,2026-05-29 20:15:00
R-158,Gym,2026-05-28 15:17:33,2026-05-29 08:45:00
R-135,Swimming Pool,2026-05-28 15:19:41,2026-05-29 06:00:00
R-164,Clubhouse,2026-05-28 15:21:15,2026-05-29 16:30:00
R-161,Gym,2026-05-28 15:45:49,2026-05-29 07:45:00
R-208,Clubhouse,2026-05-28 16:29:27,2026-05-29 06:00:00
R-213,Badminton Court,2026-05-28 16:37:49,2026-05-29 20:45:00
R-168,Gym,2026-05-28 17:06:18,2026-05-29 06:45:00
R-145,Gym,2026-05-28 17:10:51,2026-05-29 07:00:00
R-150,Clubhouse,2026-05-28 17:54:18,2026-05-29 14:15:00
R-119,Badminton Court,2026-05-28 18:04:51,2026-05-29 20:15:00
R-184,Gym,2026-05-28 19:11:37,2026-05-29 08:15:00
R-123,Gym,2026-05-28 19:29:29,2026-05-29 07:45:00
R-155,Clubhouse,2026-05-28 19:38:44,2026-05-29 18:00:00
R-116,Gym,2026-05-28 19:57:39,2026-05-29 07:00:00
R-121,Swimming Pool,2026-05-28 20:13:25,2026-05-29 14:30:00
R-125,Tennis Court,2026-05-28 20:20:00,2026-05-29 19:00:00
R-214,Clubhouse,2026-05-28 20:48:17,2026-05-29 19:30:00
R-102,Badminton Court,2026-05-28 20:54:35,2026-05-29 07:00:00
R-147,Badminton Court,2026-05-28 21:18:16,2026-05-29 08:15:00
R-191,Badminton Court,2026-05-28 21:25:06,2026-05-29 14:00:00
R-186,Badminton Court,2026-05-28 21:44:05,2026-05-29 09:45:00
R-142,Badminton Court,2026-05-28 21:56:52,2026-05-29 18:00:00
R-110,Swimming Pool,2026-05-28 22:02:22,2026-05-29 11:45:00
R-195,Clubhouse,2026-05-28 22:11:08,2026-05-29 17:45:00
R-153,Clubhouse,2026-05-28 22:12:02,2026-05-29 07:45:00
R-111,Gym,2026-05-28 22:12:24,2026-05-29 07:15:00
R-100,Gym,2026-05-28 22:35:07,2026-05-29 11:00:00
R-192,Badminton Court,2026-05-28 22:36:07,2026-05-29 12:45:00
R-122,Clubhouse,2026-05-28 22:45:54,2026-05-29 19:45:00
R-183,Badminton Court,2026-05-28 23:30:03,2026-05-29 19:15:00
R-162,Swimming Pool,2026-05-28 23:36:57,2026-05-29 18:30:00
R-152,Badminton Court,2026-05-28 23:40:38,2026-05-29 06:15:00
R-175,Tennis Court,2026-05-28 23:40:52,2026-05-30 18:30:00
R-120,Badminton Court,2026-05-29 00:36:54,2026-05-30 08:30:00
R-215,Tennis Court,2026-05-29 00:42:57,2026-05-29 11:45:00
R-203,Badminton Court,2026-05-29 01:22:28,2026-05-29 20:30:00
R-114,Swimming Pool,2026-05-29 01:43:20,2026-05-29 19:30:00
R-177,Tennis Court,2026-05-29 01:45:20,2026-05-30 08:45:00
R-108,Gym,2026-05-29 02:25:08,2026-05-29 19:00:00
R-219,Swimming Pool,2026-05-29 03:01:25,2026-05-30 07:00:00
R-202,Clubhouse,2026-05-29 03:15:53,2026-05-29 20:45:00
R-160,Badminton Court,2026-05-29 03:53:42,2026-05-29 11:00:00
R-134,Badminton Court,2026-05-29 04:12:14,2026-05-29 11:15:00
R-142,Swimming Pool,2026-05-29 05:45:27,2026-05-30 19:15:00
R-103,Gym,2026-05-29 06:02:37,2026-05-29 17:15:00
R-148,Tennis Court,2026-05-29 06:09:09,2026-05-29 11:15:00
R-118,Gym,2026-05-29 06:12:23,2026-05-29 15:45:00
R-115,Tennis Court,2026-05-29 06:49:36,2026-05-31 18:00:00
R-128,Badminton Court,2026-05-29 07:17:16,2026-05-29 17:00:00
R-143,Tennis Court,2026-05-29 07:48:48,2026-05-29 15:30:00
R-174,Gym,2026-05-29 07:58:13,2026-05-29 19:30:00
R-181,Swimming Pool,2026-05-29 09:51:54,2026-05-29 17:00:00
R-139,Swimming Pool,2026-05-29 10:55:23,2026-05-29 16:30:00
R-171,Swimming Pool,2026-05-29 11:47:08,2026-05-29 16:30:00
R-126,Swimming Pool,2026-05-29 12:12:22,2026-05-29 19:15:00
R-130,Tennis Court,2026-05-29 13:12:19,2026-05-31 07:30:00
R-112,Clubhouse,2026-05-29 13:33:25,2026-05-30 14:15:00
R-198,Badminton Court,2026-05-29 14:29:37,2026-05-30 18:15:00
R-175,Tennis Court,2026-05-29 14:49:37,2026-05-31 08:30:00
R-113,Tennis Court,2026-05-29 15:22:59,2026-05-30 06:30:00
R-138,Tennis Court,2026-05-29 15:25:32,2026-05-31 13:30:00
R-111,Tennis Court,2026-05-29 15:29:40,2026-05-30 07:30:00
R-116,Gym,2026-05-29 15:51:19,2026-05-30 06:00:00
R-106,Badminton Court,2026-05-29 16:38:50,2026-05-30 19:30:00
R-168,Swimming Pool,2026-05-29 16:47:26,2026-05-30 06:45:00
R-172,Badminton Court,2026-05-29 16:51:19,2026-05-30 07:15:00
R-105,Badminton Court,2026-05-29 17:13:34,2026-05-30 19:15:00
R-201,Clubhouse,2026-05-29 18:27:08,2026-05-30 07:00:00
R-110,Swimming Pool,2026-05-29 19:02:35,2026-05-30 08:15:00
R-193,Clubhouse,2026-05-29 19:21:10,2026-05-30 14:15:00
R-190,Tennis Court,2026-05-29 20:17:45,2026-05-30 18:30:00
R-202,Swimming Pool,2026-05-29 21:05:54,2026-05-30 20:30:00
R-103,Badminton Court,2026-05-29 21:52:18,2026-05-30 07:30:00
R-100,Gym,2026-05-29 22:15:54,2026-05-30 08:30:00
R-135,Gym,2026-05-29 22:16:48,2026-05-30 07:00:00
R-197,Tennis Court,2026-05-29 22:26:54,2026-05-31 07:00:00
R-129,Clubhouse,2026-05-29 23:25:11,2026-05-30 19:30:00
R-150,Clubhouse,2026-05-29 23:26:26,2026-05-30 20:45:00
R-204,Swimming Pool,2026-05-29 23:28:25,2026-05-30 08:00:00
R-159,Swimming Pool,2026-05-30 00:12:49,2026-05-30 18:00:00
R-186,Clubhouse,2026-05-30 00:14:31,2026-05-30 11:30:00
R-121,Clubhouse,2026-05-30 01:05:31,2026-05-30 19:30:00
R-184,Swimming Pool,2026-05-30 01:35:30,2026-05-30 08:45:00
R-176,Gym,2026-05-30 03:14:25,2026-05-30 10:00:00
R-134,Tennis Court,2026-05-30 03:20:46,2026-05-30 09:00:00
R-178,Swimming Pool,2026-05-30 03:24:08,2026-05-30 17:30:00
R-177,Tennis Court,2026-05-30 03:47:18,2026-05-31 07:00:00
R-209,Swimming Pool,2026-05-30 04:27:04,2026-05-30 10:00:00
R-132,Tennis Court,2026-05-30 04:37:24,2026-06-01 12:15:00
R-211,Swimming Pool,2026-05-30 06:27:50,2026-05-30 11:45:00
R-198,Swimming Pool,2026-05-30 06:55:17,2026-05-31 17:00:00
R-182,Swimming Pool,2026-05-30 07:01:05,2026-05-30 15:00:00
R-188,Gym,2026-05-30 07:10:04,2026-05-30 17:00:00
R-160,Tennis Court,2026-05-30 08:01:46,2026-05-30 15:30:00
R-170,Badminton Court,2026-05-30 08:02:56,2026-05-31 19:15:00
R-171,Clubhouse,2026-05-30 08:07:00,2026-05-30 14:00:00
R-143,Gym,2026-05-30 09:10:15,2026-05-30 16:45:00
R-181,Swimming Pool,2026-05-30 09:16:33,2026-05-30 17:15:00
R-151,Swimming Pool,2026-05-30 09:26:32,2026-05-30 15:30:00
R-172,Clubhouse,2026-05-30 09:47:08,2026-05-31 08:15:00
R-205,Swimming Pool,2026-05-30 09:52:44,2026-05-30 16:15:00
R-199,Swimming Pool,2026-05-30 09:58:55,2026-05-30 15:15:00
R-144,Gym,2026-05-30 10:11:12,2026-05-31 08:00:00
R-163,Swimming Pool,2026-05-30 10:28:11,2026-05-30 17:15:00
R-185,Tennis Court,2026-05-30 10:43:22,2026-05-30 15:00:00
R-179,Swimming Pool,2026-05-30 11:46:23,2026-05-30 15:15:00
R-148,Gym,2026-05-30 12:12:32,2026-05-30 17:30:00
R-210,Tennis Court,2026-05-30 13:02:54,2026-06-01 07:15:00
R-123,Gym,2026-05-30 13:08:52,2026-05-31 06:45:00
R-193,Clubhouse,2026-05-30 14:14:18,2026-05-31 14:15:00
R-155,Tennis Court,2026-05-30 16:01:06,2026-05-31 15:00:00
R-214,Clubhouse,2026-05-30 16:18:48,2026-05-31 10:15:00
R-139,Swimming Pool,2026-05-30 16:27:10,2026-05-30 20:00:00
R-156,Gym,2026-05-30 16:40:47,2026-05-31 06:30:00
R-112,Clubhouse,2026-05-30 18:01:34,2026-05-31 15:15:00
R-131,Badminton Court,2026-05-30 18:02:07,2026-05-31 13:45:00
R-195,Badminton Court,2026-05-30 18:18:53,2026-05-31 19:15:00
R-206,Gym,2026-05-30 18:33:57,2026-05-31 06:15:00
R-190,Clubhouse,2026-05-30 18:36:40,2026-05-31 18:45:00
R-111,Clubhouse,2026-05-30 19:20:58,2026-05-31 11:30:00
R-125,Badminton Court,2026-05-30 19:36:30,2026-05-31 18:30:00
R-188,Badminton Court,2026-05-30 20:22:11,2026-05-31 07:30:00
R-204,Swimming Pool,2026-05-30 20:22:11,2026-05-31 08:00:00
R-203,Badminton Court,2026-05-30 22:14:10,2026-05-31 18:30:00
R-187,Tennis Court,2026-05-30 23:10:55,2026-05-31 11:45:00
R-167,Gym,2026-05-31 00:11:35,2026-05-31 07:15:00
R-215,Gym,2026-05-31 00:22:29,2026-05-31 11:15:00
R-102,Badminton Court,2026-05-31 00:34:41,2026-05-31 08:00:00
R-145,Gym,2026-05-31 00:46:29,2026-05-31 08:15:00
R-143,Tennis Court,2026-05-31 01:15:23,2026-05-31 10:00:00
R-141,Clubhouse,2026-05-31 01:25:28,2026-05-31 20:30:00
R-100,Badminton Court,2026-05-31 01:28:52,2026-05-31 11:30:00
R-140,Tennis Court,2026-05-31 02:10:06,2026-05-31 10:45:00
R-184,Swimming Pool,2026-05-31 02:16:26,2026-05-31 11:30:00
R-189,Gym,2026-05-31 02:19:45,2026-05-31 13:15:00
R-149,Tennis Court,2026-05-31 02:32:50,2026-05-31 10:15:00
R-159,Clubhouse,2026-05-31 02:34:31,2026-05-31 19:15:00
R-119,Badminton Court,2026-05-31 03:07:23,2026-06-01 18:15:00
R-216,Swimming Pool,2026-05-31 03:45:03,2026-05-31 10:45:00
R-108,Badminton Court,2026-05-31 04:09:03,2026-05-31 17:30:00
R-136,Badminton Court,2026-05-31 05:07:15,2026-06-01 19:00:00
R-110,Clubhouse,2026-05-31 05:23:23,2026-05-31 11:45:00
R-165,Gym,2026-05-31 05:51:34,2026-06-01 18:00:00
R-141,Badminton Court,2026-05-31 06:01:46,2026-06-01 19:00:00
R-160,Swimming Pool,2026-05-31 06:37:31,2026-05-31 11:45:00
R-120,Badminton Court,2026-05-31 06:48:06,2026-06-01 20:30:00
R-179,Clubhouse,2026-05-31 07:04:54,2026-05-31 16:15:00
R-212,Gym,2026-05-31 07:43:02,2026-05-31 18:45:00
R-195,Badminton Court,2026-05-31 07:51:28,2026-06-01 19:15:00
R-185,Tennis Court,2026-05-31 08:19:15,2026-05-31 15:00:00
R-154,Clubhouse,2026-05-31 08:33:55,2026-06-02 07:15:00
R-131,Badminton Court,2026-05-31 08:41:54,2026-06-01 20:00:00
R-169,Tennis Court,2026-05-31 09:03:38,2026-05-31 19:30:00
R-192,Badminton Court,2026-05-31 09:16:06,2026-06-01 21:45:00
R-199,Tennis Court,2026-05-31 10:00:03,2026-05-31 16:45:00
R-211,Tennis Court,2026-05-31 10:06:41,2026-05-31 17:00:00
R-171,Tennis Court,2026-05-31 10:07:57,2026-05-31 14:45:00
R-209,Clubhouse,2026-05-31 10:14:06,2026-05-31 16:45:00
R-213,Tennis Court,2026-05-31 10:19:42,2026-06-01 19:00:00
R-153,Gym,2026-05-31 10:34:30,2026-05-31 19:00:00
R-181,Swimming Pool,2026-05-31 10:40:41,2026-05-31 17:00:00
R-170,Badminton Court,2026-05-31 11:06:31,2026-06-01 19:30:00
R-176,Badminton Court,2026-05-31 11:35:50,2026-05-31 14:00:00
R-139,Swimming Pool,2026-05-31 12:11:15,2026-05-31 17:00:00
R-180,Badminton Court,2026-05-31 12:42:20,2026-06-01 19:45:00
R-217,Badminton Court,2026-05-31 12:43:55,2026-06-01 18:00:00
R-151,Swimming Pool,2026-05-31 12:48:00,2026-05-31 17:45:00
R-183,Badminton Court,2026-05-31 12:55:24,2026-06-01 20:00:00
R-104,Swimming Pool,2026-05-31 12:55:35,2026-05-31 16:30:00
R-101,Tennis Court,2026-05-31 13:07:22,2026-06-01 06:00:00
R-152,Clubhouse,2026-05-31 13:28:42,2026-06-01 08:30:00
R-145,Gym,2026-05-31 13:36:16,2026-06-01 06:00:00
R-113,Gym,2026-05-31 13:37:59,2026-06-01 08:30:00
R-109,Gym,2026-05-31 13:48:09,2026-06-01 07:45:00
R-173,Swimming Pool,2026-05-31 14:11:05,2026-06-01 19:45:00
R-168,Gym,2026-05-31 14:41:27,2026-06-01 08:15:00
R-148,Clubhouse,2026-05-31 14:54:34,2026-05-31 20:15:00
R-103,Clubhouse,2026-05-31 15:08:27,2026-05-31 21:45:00
R-123,Tennis Court,2026-05-31 15:13:22,2026-06-01 07:15:00
R-178,Gym,2026-05-31 15:15:03,2026-05-31 17:30:00
R-147,Gym,2026-05-31 15:26:22,2026-06-01 07:45:00
R-206,Badminton Court,2026-05-31 15:30:39,2026-06-01 06:15:00
R-158,Gym,2026-05-31 15:37:55,2026-06-01 07:45:00
R-117,Swimming Pool,2026-05-31 15:41:24,2026-06-01 08:45:00
R-125,Badminton Court,2026-05-31 16:07:05,2026-06-01 20:00:00
R-161,Gym,2026-05-31 16:28:19,2026-06-01 11:15:00
R-154,Tennis Court,2026-05-31 16:59:51,2026-06-03 07:00:00
R-208,Gym,2026-05-31 17:22:35,2026-06-01 08:15:00
R-189,Gym,2026-05-31 17:41:06,2026-06-01 10:45:00
R-219,Tennis Court,2026-05-31 18:00:11,2026-06-01 17:45:00
R-167,Gym,2026-05-31 18:00:54,2026-06-01 07:30:00
R-120,Gym,2026-05-31 18:09:00,2026-06-02 06:00:00
R-116,Gym,2026-05-31 18:42:20,2026-06-01 07:00:00
R-118,Gym,2026-05-31 18:47:26,2026-06-01 08:45:00
R-156,Gym,2026-05-31 18:58:14,2026-06-01 08:30:00
R-133,Clubhouse,2026-05-31 19:07:27,2026-06-01 14:45:00
R-207,Badminton Court,2026-05-31 19:25:39,2026-06-01 20:30:00
R-135,Badminton Court,2026-05-31 19:41:38,2026-06-01 09:30:00
R-175,Tennis Court,2026-05-31 20:08:30,2026-06-02 17:15:00
R-196,Clubhouse,2026-05-31 20:09:34,2026-06-01 20:30:00
R-174,Gym,2026-05-31 20:40:50,2026-06-01 08:15:00
R-200,Swimming Pool,2026-05-31 21:21:51,2026-06-01 11:00:00
R-110,Tennis Court,2026-05-31 21:34:14,2026-06-01 12:00:00
R-112,Badminton Court,2026-05-31 21:42:22,2026-06-01 18:00:00
R-105,Gym,2026-05-31 22:13:56,2026-06-01 19:45:00
R-142,Swimming Pool,2026-05-31 22:34:57,2026-06-01 18:30:00
R-188,Clubhouse,2026-05-31 23:11:45,2026-06-01 08:45:00
R-137,Tennis Court,2026-05-31 23:21:49,2026-06-01 11:15:00
R-106,Badminton Court,2026-05-31 23:22:22,2026-06-01 18:45:00
R-146,Swimming Pool,2026-05-31 23:38:16,2026-06-02 17:45:00
R-210,Gym,2026-05-31 23:39:44,2026-06-02 08:30:00
R-191,Swimming Pool,2026-06-01 01:35:52,2026-06-01 11:00:00
R-107,Swimming Pool,2026-06-01 02:25:25,2026-06-01 20:45:00
R-144,Gym,2026-06-01 02:40:01,2026-06-01 16:45:00
R-182,Swimming Pool,2026-06-01 02:48:17,2026-06-01 11:30:00
R-183,Tennis Court,2026-06-01 03:02:27,2026-06-02 14:15:00
R-151,Clubhouse,2026-06-01 03:25:47,2026-06-01 10:15:00
R-163,Clubhouse,2026-06-01 03:31:39,2026-06-01 10:45:00
R-212,Badminton Court,2026-06-01 03:33:37,2026-06-01 12:15:00
R-205,Clubhouse,2026-06-01 03:40:10,2026-06-01 11:00:00
R-132,Tennis Court,2026-06-01 03:46:35,2026-06-02 07:15:00
R-115,Tennis Court,2026-06-01 04:17:40,2026-06-02 18:00:00
R-170,Badminton Court,2026-06-01 04:30:40,2026-06-02 19:00:00
R-127,Swimming Pool,2026-06-01 05:04:13,2026-06-01 17:45:00
R-129,Clubhouse,2026-06-01 05:30:12,2026-06-01 20:30:00
R-209,Clubhouse,2026-06-01 05:43:14,2026-06-01 11:30:00
R-126,Gym,2026-06-01 05:45:16,2026-06-01 19:00:00
R-198,Tennis Court,2026-06-01 06:59:54,2026-06-02 17:45:00
R-157,Gym,2026-06-01 08:27:52,2026-06-02 18:15:00
R-173,Badminton Court,2026-06-01 08:28:37,2026-06-02 18:30:00
R-194,Gym,2026-06-01 10:20:52,2026-06-01 19:15:00
R-192,Tennis Court,2026-06-01 11:18:08,2026-06-02 19:30:00
R-119,Badminton Court,2026-06-01 12:05:01,2026-06-02 18:15:00
R-171,Tennis Court,2026-06-01 12:09:37,2026-06-01 17:00:00
R-155,Clubhouse,2026-06-01 12:38:43,2026-06-02 14:30:00
R-105,Clubhouse,2026-06-01 12:54:15,2026-06-02 20:30:00
R-189,Gym,2026-06-01 13:15:44,2026-06-02 06:45:00
R-217,Tennis Court,2026-06-01 13:53:11,2026-06-02 19:45:00
R-206,Gym,2026-06-01 13:56:28,2026-06-02 06:00:00
R-186,Badminton Court,2026-06-01 14:00:28,2026-06-01 19:00:00
R-136,Badminton Court,2026-06-01 14:32:49,2026-06-02 20:45:00
R-174,Badminton Court,2026-06-01 15:10:02,2026-06-02 08:00:00
R-142,Badminton Court,2026-06-01 15:10:40,2026-06-02 20:45:00
R-210,Tennis Court,2026-06-01 15:38:31,2026-06-03 07:45:00
R-144,Swimming Pool,2026-06-01 16:02:49,2026-06-02 06:45:00
R-147,Badminton Court,2026-06-01 16:31:15,2026-06-02 08:00:00
R-195,Badminton Court,2026-06-01 16:32:59,2026-06-02 19:30:00
R-194,Clubhouse,2026-06-01 16:41:05,2026-06-02 08:30:00
R-207,Badminton Court,2026-06-01 16:56:20,2026-06-02 20:00:00
R-156,Gym,2026-06-01 17:02:53,2026-06-02 07:00:00
R-102,Gym,2026-06-01 17:06:21,2026-06-02 07:15:00
R-135,Gym,2026-06-01 17:10:35,2026-06-02 06:45:00
R-152,Badminton Court,2026-06-01 17:42:27,2026-06-02 06:00:00
R-167,Clubhouse,2026-06-01 18:01:17,2026-06-02 06:30:00
R-158,Gym,2026-06-01 18:22:24,2026-06-02 07:15:00
R-113,Gym,2026-06-01 18:25:36,2026-06-02 06:00:00
R-212,Gym,2026-06-01 18:40:09,2026-06-02 06:45:00
R-131,Badminton Court,2026-06-01 18:53:59,2026-06-02 18:15:00
R-165,Swimming Pool,2026-06-01 19:47:46,2026-06-02 20:45:00
R-106,Gym,2026-06-01 19:52:49,2026-06-02 19:15:00
R-109,Swimming Pool,2026-06-01 20:07:23,2026-06-02 07:45:00
R-100,Clubhouse,2026-06-01 20:34:31,2026-06-02 07:30:00
R-145,Gym,2026-06-01 21:06:11,2026-06-02 07:45:00
R-118,Gym,2026-06-01 21:07:35,2026-06-02 15:30:00
R-128,Tennis Court,2026-06-01 21:21:01,2026-06-02 11:15:00
R-117,Badminton Court,2026-06-01 22:20:10,2026-06-02 14:15:00
R-188,Swimming Pool,2026-06-01 22:30:06,2026-06-02 11:00:00
R-168,Badminton Court,2026-06-01 23:00:20,2026-06-02 07:00:00
R-116,Gym,2026-06-01 23:06:10,2026-06-02 07:45:00
R-196,Badminton Court,2026-06-01 23:18:28,2026-06-02 19:30:00
R-101,Gym,2026-06-01 23:44:45,2026-06-02 06:30:00
R-123,Swimming Pool,2026-06-01 23:55:47,2026-06-02 15:30:00
R-198,Tennis Court,2026-06-02 01:21:19,2026-06-03 17:00:00
R-183,Badminton Court,2026-06-02 01:49:32,2026-06-03 11:45:00
R-203,Badminton Court,2026-06-02 03:19:24,2026-06-02 18:45:00
R-107,Badminton Court,2026-06-02 03:33:02,2026-06-02 19:00:00
R-127,Swimming Pool,2026-06-02 04:34:37,2026-06-02 21:15:00
R-137,Gym,2026-06-02 04:49:56,2026-06-02 19:15:00
R-108,Gym,2026-06-02 05:20:49,2026-06-02 18:45:00
R-139,Clubhouse,2026-06-02 05:32:45,2026-06-02 11:30:00
R-187,Gym,2026-06-02 05:53:22,2026-06-02 17:30:00
R-132,Tennis Court,2026-06-02 05:56:00,2026-06-03 06:45:00
R-184,Gym,2026-06-02 06:02:51,2026-06-02 19:45:00
R-106,Badminton Court,2026-06-02 06:04:09,2026-06-03 18:00:00
R-150,Clubhouse,2026-06-02 06:29:41,2026-06-02 18:45:00
R-115,Swimming Pool,2026-06-02 06:41:22,2026-06-04 08:45:00
R-107,Badminton Court,2026-06-02 06:43:01,2026-06-03 19:45:00
R-141,Clubhouse,2026-06-02 06:55:10,2026-06-03 20:30:00
R-195,Badminton Court,2026-06-02 07:36:31,2026-06-03 18:00:00
R-210,Badminton Court,2026-06-02 09:05:25,2026-06-04 09:30:00
R-182,Swimming Pool,2026-06-02 10:34:53,2026-06-02 16:45:00
R-119,Badminton Court,2026-06-02 10:59:02,2026-06-03 20:45:00
R-144,Gym,2026-06-02 11:57:34,2026-06-03 06:30:00
R-147,Tennis Court,2026-06-02 12:04:15,2026-06-03 08:15:00
R-168,Badminton Court,2026-06-02 12:17:51,2026-06-03 06:30:00
R-205,Swimming Pool,2026-06-02 12:37:31,2026-06-02 17:30:00
R-135,Gym,2026-06-02 12:41:43,2026-06-03 06:15:00
R-217,Swimming Pool,2026-06-02 12:55:16,2026-06-03 19:45:00
R-192,Badminton Court,2026-06-02 13:25:35,2026-06-03 18:15:00
R-123,Gym,2026-06-02 13:30:36,2026-06-03 08:00:00
R-196,Swimming Pool,2026-06-02 13:48:07,2026-06-03 20:30:00
R-173,Badminton Court,2026-06-02 13:59:18,2026-06-03 07:45:00
R-120,Badminton Court,2026-06-02 14:07:20,2026-06-03 18:00:00
R-174,Gym,2026-06-02 14:24:54,2026-06-03 07:15:00
R-203,Gym,2026-06-02 14:36:27,2026-06-03 19:15:00
R-113,Gym,2026-06-02 15:06:52,2026-06-03 08:45:00
R-142,Badminton Court,2026-06-02 15:22:15,2026-06-03 20:45:00
R-161,Badminton Court,2026-06-02 15:34:39,2026-06-03 08:30:00
R-152,Swimming Pool,2026-06-02 15:45:32,2026-06-03 08:15:00
R-136,Badminton Court,2026-06-02 15:54:18,2026-06-03 19:45:00
R-118,Gym,2026-06-02 16:04:30,2026-06-03 06:45:00
R-131,Badminton Court,2026-06-02 16:20:53,2026-06-03 18:45:00
R-146,Gym,2026-06-02 16:47:58,2026-06-03 20:45:00
R-166,Clubhouse,2026-06-02 16:54:03,2026-06-03 07:30:00
R-125,Badminton Court,2026-06-02 17:27:46,2026-06-03 19:45:00
R-189,Gym,2026-06-02 17:28:52,2026-06-03 07:00:00
R-158,Gym,2026-06-02 17:35:12,2026-06-03 07:15:00
R-167,Gym,2026-06-02 17:59:12,2026-06-03 06:30:00
R-208,Gym,2026-06-02 18:21:35,2026-06-03 08:45:00
R-109,Tennis Court,2026-06-02 19:23:17,2026-06-03 06:30:00
R-206,Gym,2026-06-02 19:52:09,2026-06-03 07:30:00
R-159,Clubhouse,2026-06-02 19:55:45,2026-06-03 19:15:00
R-101,Tennis Court,2026-06-02 20:00:20,2026-06-03 08:15:00
R-145,Gym,2026-06-02 20:01:22,2026-06-03 07:15:00
R-201,Clubhouse,2026-06-02 20:11:21,2026-06-03 11:45:00
R-114,Clubhouse,2026-06-02 20:26:26,2026-06-03 10:15:00
R-103,Gym,2026-06-02 20:58:57,2026-06-03 08:15:00
R-180,Badminton Court,2026-06-02 21:43:32,2026-06-03 18:00:00
R-165,Clubhouse,2026-06-02 21:53:32,2026-06-03 18:15:00
R-200,Gym,2026-06-02 22:12:18,2026-06-03 07:45:00
R-170,Badminton Court,2026-06-02 22:58:38,2026-06-03 20:30:00
R-213,Tennis Court,2026-06-02 23:16:19,2026-06-04 16:00:00
R-130,Clubhouse,2026-06-02 23:47:38,2026-06-04 18:15:00
R-110,Gym,2026-06-03 00:19:30,2026-06-03 11:15:00
R-156,Gym,2026-06-03 00:42:13,2026-06-03 12:45:00
R-105,Badminton Court,2026-06-03 01:30:10,2026-06-03 19:15:00
R-207,Badminton Court,2026-06-03 02:33:47,2026-06-03 20:30:00
R-116,Tennis Court,2026-06-03 03:35:58,2026-06-03 14:15:00
R-169,Badminton Court,2026-06-03 03:50:33,2026-06-03 17:00:00
R-160,Gym,2026-06-03 04:50:04,2026-06-03 11:45:00
R-146,Tennis Court,2026-06-03 04:54:31,2026-06-04 18:30:00
R-203,Badminton Court,2026-06-03 06:39:26,2026-06-04 11:45:00
R-134,Clubhouse,2026-06-03 08:41:50,2026-06-03 16:45:00
R-219,Swimming Pool,2026-06-03 09:31:52,2026-06-04 18:00:00
R-143,Gym,2026-06-03 09:41:56,2026-06-03 15:00:00
R-207,Badminton Court,2026-06-03 10:05:07,2026-06-04 20:45:00
R-141,Gym,2026-06-03 10:28:11,2026-06-04 21:45:00
R-171,Swimming Pool,2026-06-03 10:28:22,2026-06-03 16:45:00
R-102,Gym,2026-06-03 11:26:06,2026-06-04 06:30:00
R-152,Gym,2026-06-03 11:26:54,2026-06-04 07:00:00
R-182,Swimming Pool,2026-06-03 11:46:13,2026-06-03 18:15:00
R-170,Swimming Pool,2026-06-03 11:48:52,2026-06-04 20:00:00
R-216,Tennis Court,2026-06-03 11:57:44,2026-06-03 16:45:00
R-188,Swimming Pool,2026-06-03 12:10:53,2026-06-04 07:15:00
R-111,Swimming Pool,2026-06-03 12:41:04,2026-06-03 19:00:00
R-148,Swimming Pool,2026-06-03 12:56:10,2026-06-03 17:30:00
R-123,Clubhouse,2026-06-03 12:58:20,2026-06-04 07:15:00
R-142,Tennis Court,2026-06-03 12:59:28,2026-06-04 19:45:00
R-168,Gym,2026-06-03 13:01:48,2026-06-04 06:00:00
R-174,Swimming Pool,2026-06-03 13:06:14,2026-06-04 06:45:00
R-217,Gym,2026-06-03 13:54:16,2026-06-04 19:15:00
R-113,Gym,2026-06-03 14:03:03,2026-06-04 06:15:00
R-192,Badminton Court,2026-06-03 14:08:55,2026-06-04 19:45:00
R-136,Badminton Court,2026-06-03 14:23:36,2026-06-04 19:45:00
R-132,Tennis Court,2026-06-03 14:46:29,2026-06-04 18:45:00
R-165,Badminton Court,2026-06-03 14:47:50,2026-06-04 20:15:00
R-106,Swimming Pool,2026-06-03 14:53:59,2026-06-04 20:15:00
R-109,Tennis Court,2026-06-03 15:07:08,2026-06-04 08:15:00
R-167,Gym,2026-06-03 15:37:56,2026-06-04 06:45:00
R-201,Gym,2026-06-03 15:54:11,2026-06-04 06:00:00
R-156,Gym,2026-06-03 16:07:00,2026-06-04 06:15:00
R-116,Swimming Pool,2026-06-03 16:09:16,2026-06-04 06:30:00
R-208,Gym,2026-06-03 16:23:44,2026-06-04 08:30:00
R-172,Gym,2026-06-03 16:58:47,2026-06-04 07:45:00
R-212,Gym,2026-06-03 17:24:10,2026-06-04 06:15:00
R-158,Badminton Court,2026-06-03 17:46:20,2026-06-04 08:30:00
R-101,Swimming Pool,2026-06-03 19:02:30,2026-06-04 06:15:00
R-145,Gym,2026-06-03 19:17:13,2026-06-04 08:30:00
R-117,Gym,2026-06-03 20:36:32,2026-06-04 07:15:00
R-159,Badminton Court,2026-06-03 21:14:51,2026-06-04 20:30:00
R-120,Badminton Court,2026-06-03 21:43:20,2026-06-04 18:45:00
R-180,Badminton Court,2026-06-03 22:10:53,2026-06-04 19:45:00
R-206,Gym,2026-06-03 22:23:32,2026-06-04 07:15:00
R-118,Swimming Pool,2026-06-03 22:34:22,2026-06-04 06:45:00
R-189,Gym,2026-06-03 22:48:42,2026-06-04 07:30:00
R-200,Tennis Court,2026-06-03 22:52:44,2026-06-04 07:00:00
R-207,Clubhouse,2026-06-03 23:04:50,2026-06-05 06:15:00
R-169,Badminton Court,2026-06-03 23:27:27,2026-06-04 07:45:00
R-204,Clubhouse,2026-06-03 23:32:33,2026-06-04 08:30:00
R-147,Gym,2026-06-04 00:00:44,2026-06-04 06:45:00
R-170,Tennis Court,2026-06-04 00:04:36,2026-06-05 19:30:00
R-173,Badminton Court,2026-06-04 00:12:12,2026-06-05 07:45:00
R-160,Swimming Pool,2026-06-04 00:31:10,2026-06-04 06:45:00
R-183,Tennis Court,2026-06-04 00:38:28,2026-06-04 19:15:00
R-115,Tennis Court,2026-06-04 01:47:19,2026-06-05 07:45:00
R-105,Swimming Pool,2026-06-04 01:54:47,2026-06-04 19:45:00
R-135,Gym,2026-06-04 02:20:42,2026-06-04 11:45:00
R-205,Swimming Pool,2026-06-04 03:41:35,2026-06-04 08:30:00
R-173,Gym,2026-06-04 03:52:46,2026-06-04 20:00:00
R-112,Tennis Court,2026-06-04 04:14:12,2026-06-04 19:00:00
R-154,Tennis Court,2026-06-04 04:29:37,2026-06-06 11:15:00
R-144,Gym,2026-06-04 06:36:34,2026-06-04 17:15:00
R-195,Badminton Court,2026-06-04 06:37:15,2026-06-05 19:15:00
R-142,Badminton Court,2026-06-04 06:57:57,2026-06-05 10:15:00
R-208,Gym,2026-06-04 07:17:49,2026-06-05 06:45:00
R-103,Gym,2026-06-04 08:17:56,2026-06-04 19:00:00
R-166,Gym,2026-06-04 08:24:36,2026-06-04 19:15:00
R-209,Swimming Pool,2026-06-04 08:42:25,2026-06-04 17:30:00
R-217,Clubhouse,2026-06-04 08:55:29,2026-06-05 19:30:00
R-125,Clubhouse,2026-06-04 08:58:27,2026-06-05 21:15:00
R-185,Swimming Pool,2026-06-04 09:13:48,2026-06-04 15:15:00
R-203,Tennis Court,2026-06-04 11:06:32,2026-06-05 19:45:00
R-183,Tennis Court,2026-06-04 11:18:48,2026-06-05 13:30:00
R-191,Swimming Pool,2026-06-04 11:23:47,2026-06-04 19:30:00
R-219,Tennis Court,2026-06-04 11:40:23,2026-06-06 08:00:00
R-147,Gym,2026-06-04 11:40:48,2026-06-05 06:15:00
R-141,Clubhouse,2026-06-04 12:07:05,2026-06-05 20:15:00
R-145,Gym,2026-06-04 12:12:06,2026-06-05 06:45:00
R-123,Gym,2026-06-04 12:12:50,2026-06-05 06:45:00
R-134,Swimming Pool,2026-06-04 12:21:24,2026-06-04 17:45:00
R-139,Badminton Court,2026-06-04 13:15:34,2026-06-04 19:15:00
R-196,Badminton Court,2026-06-04 13:16:52,2026-06-05 08:15:00
R-106,Badminton Court,2026-06-04 13:28:24,2026-06-05 18:30:00
R-193,Clubhouse,2026-06-04 13:34:16,2026-06-05 18:00:00
R-120,Gym,2026-06-04 14:21:29,2026-06-05 20:30:00
R-107,Badminton Court,2026-06-04 14:39:36,2026-06-05 18:15:00
R-162,Swimming Pool,2026-06-04 14:39:56,2026-06-05 14:15:00
R-137,Gym,2026-06-04 14:43:36,2026-06-05 07:15:00
R-118,Badminton Court,2026-06-04 14:49:14,2026-06-05 06:30:00
R-177,Tennis Court,2026-06-04 15:01:14,2026-06-06 07:45:00
R-144,Gym,2026-06-04 15:21:35,2026-06-05 08:00:00
R-172,Clubhouse,2026-06-04 15:33:33,2026-06-05 06:00:00
R-187,Swimming Pool,2026-06-04 16:54:50,2026-06-05 07:00:00
R-212,Gym,2026-06-04 17:00:59,2026-06-05 06:45:00
R-109,Gym,2026-06-04 17:05:32,2026-06-05 06:15:00
R-186,Clubhouse,2026-06-04 17:09:27,2026-06-05 08:45:00
R-158,Gym,2026-06-04 17:19:22,2026-06-05 09:15:00
R-130,Tennis Court,2026-06-04 17:22:32,2026-06-06 17:00:00
R-117,Gym,2026-06-04 18:05:19,2026-06-05 07:30:00
R-119,Clubhouse,2026-06-04 18:09:02,2026-06-05 20:15:00
R-204,Tennis Court,2026-06-04 18:16:19,2026-06-05 07:45:00
R-156,Gym,2026-06-04 18:32:19,2026-06-05 06:45:00
R-192,Badminton Court,2026-06-04 19:29:38,2026-06-05 19:45:00
R-113,Gym,2026-06-04 19:38:15,2026-06-05 08:00:00
R-102,Clubhouse,2026-06-04 19:43:38,2026-06-05 08:30:00
R-169,Clubhouse,2026-06-04 19:45:31,2026-06-05 08:00:00
R-214,Clubhouse,2026-06-04 19:47:48,2026-06-05 19:45:00
R-135,Clubhouse,2026-06-04 20:05:58,2026-06-05 08:15:00
R-174,Gym,2026-06-04 20:08:51,2026-06-05 08:45:00
R-101,Gym,2026-06-04 20:09:04,2026-06-05 06:30:00
R-191,Badminton Court,2026-06-04 20:19:30,2026-06-05 08:00:00
R-197,Tennis Court,2026-06-04 20:21:48,2026-06-06 07:45:00
R-168,Gym,2026-06-04 21:13:07,2026-06-05 07:15:00
R-154,Tennis Court,2026-06-04 21:22:51,2026-06-07 07:15:00
R-138,Tennis Court,2026-06-04 21:37:08,2026-06-06 08:00:00
R-133,Clubhouse,2026-06-04 21:41:37,2026-06-05 19:15:00
R-116,Gym,2026-06-04 21:43:00,2026-06-05 12:00:00
R-136,Badminton Court,2026-06-04 21:51:43,2026-06-05 19:00:00
R-112,Badminton Court,2026-06-04 22:10:02,2026-06-05 19:30:00
R-119,Clubhouse,2026-06-04 22:12:09,2026-06-06 18:00:00
R-157,Tennis Court,2026-06-04 22:57:34,2026-06-06 07:15:00
R-105,Badminton Court,2026-06-04 22:57:38,2026-06-05 19:45:00
R-167,Swimming Pool,2026-06-05 00:07:20,2026-06-05 07:30:00
R-115,Gym,2026-06-05 03:26:49,2026-06-06 21:45:00
R-131,Clubhouse,2026-06-05 04:03:40,2026-06-05 20:00:00
R-159,Tennis Court,2026-06-05 04:20:12,2026-06-05 20:30:00
R-127,Clubhouse,2026-06-05 04:32:55,2026-06-05 19:30:00
R-180,Swimming Pool,2026-06-05 05:42:51,2026-06-05 20:00:00
R-139,Clubhouse,2026-06-05 06:06:46,2026-06-05 11:30:00
R-110,Tennis Court,2026-06-05 06:08:43,2026-06-05 19:30:00
R-105,Badminton Court,2026-06-05 08:05:03,2026-06-06 18:15:00
R-189,Tennis Court,2026-06-05 08:08:02,2026-06-05 14:30:00
R-188,Clubhouse,2026-06-05 08:25:35,2026-06-05 17:15:00
R-142,Gym,2026-06-05 08:33:26,2026-06-06 19:00:00
R-103,Badminton Court,2026-06-05 08:42:46,2026-06-05 19:15:00
R-170,Badminton Court,2026-06-05 09:07:49,2026-06-06 19:45:00
R-138,Badminton Court,2026-06-05 09:16:24,2026-06-07 11:30:00
R-152,Tennis Court,2026-06-05 09:56:21,2026-06-05 21:00:00
R-171,Clubhouse,2026-06-05 10:48:06,2026-06-05 17:45:00
R-129,Clubhouse,2026-06-05 11:02:57,2026-06-06 12:00:00
R-181,Swimming Pool,2026-06-05 11:40:18,2026-06-05 17:15:00
R-151,Swimming Pool,2026-06-05 11:42:28,2026-06-05 15:30:00
R-102,Gym,2026-06-05 12:54:27,2026-06-06 08:45:00
R-117,Gym,2026-06-05 13:15:06,2026-06-06 06:15:00
R-180,Badminton Court,2026-06-05 13:35:33,2026-06-06 20:45:00
R-186,Tennis Court,2026-06-05 14:39:02,2026-06-06 07:45:00
R-177,Tennis Court,2026-06-05 15:40:36,2026-06-07 18:45:00
R-159,Clubhouse,2026-06-05 16:55:24,2026-06-06 15:00:00
R-118,Gym,2026-06-05 17:04:15,2026-06-06 07:45:00
R-113,Gym,2026-06-05 17:05:45,2026-06-06 07:00:00
R-121,Clubhouse,2026-06-05 17:56:47,2026-06-06 14:45:00
R-150,Gym,2026-06-05 18:01:26,2026-06-06 19:15:00
R-100,Swimming Pool,2026-06-05 18:39:24,2026-06-06 07:45:00
R-132,Badminton Court,2026-06-05 18:53:06,2026-06-07 08:00:00
R-128,Swimming Pool,2026-06-05 19:00:32,2026-06-06 08:15:00
R-162,Clubhouse,2026-06-05 20:26:59,2026-06-06 15:30:00
R-112,Clubhouse,2026-06-05 20:32:08,2026-06-06 19:15:00
R-106,Badminton Court,2026-06-05 20:37:54,2026-06-06 20:00:00
R-146,Gym,2026-06-05 20:41:40,2026-06-07 18:45:00
R-202,Clubhouse,2026-06-05 20:51:21,2026-06-06 19:45:00
R-144,Gym,2026-06-05 21:17:38,2026-06-06 08:45:00
R-194,Badminton Court,2026-06-05 22:33:09,2026-06-06 08:15:00
R-108,Swimming Pool,2026-06-05 22:55:18,2026-06-06 07:30:00
R-116,Gym,2026-06-05 23:19:02,2026-06-06 12:15:00
R-178,Gym,2026-06-06 01:27:05,2026-06-06 17:30:00
R-167,Gym,2026-06-06 03:01:36,2026-06-06 06:45:00
R-140,Swimming Pool,2026-06-06 03:34:08,2026-06-06 10:00:00
R-191,Swimming Pool,2026-06-06 03:51:26,2026-06-06 14:30:00
R-163,Clubhouse,2026-06-06 03:56:52,2026-06-06 10:00:00
R-199,Gym,2026-06-06 04:36:19,2026-06-06 10:45:00
R-133,Swimming Pool,2026-06-06 05:00:37,2026-06-06 19:30:00
R-134,Swimming Pool,2026-06-06 05:15:41,2026-06-06 11:00:00
R-187,Tennis Court,2026-06-06 05:33:35,2026-06-06 19:15:00
R-197,Clubhouse,2026-06-06 05:37:18,2026-06-08 17:00:00
R-185,Swimming Pool,2026-06-06 05:57:39,2026-06-06 10:45:00
R-166,Badminton Court,2026-06-06 06:16:26,2026-06-06 19:30:00
R-203,Badminton Court,2026-06-06 06:40:45,2026-06-06 19:15:00
R-181,Swimming Pool,2026-06-06 07:37:57,2026-06-06 15:45:00
R-197,Tennis Court,2026-06-06 07:54:30,2026-06-07 11:45:00
R-143,Swimming Pool,2026-06-06 08:08:53,2026-06-06 15:45:00
R-209,Swimming Pool,2026-06-06 08:58:18,2026-06-06 15:45:00
R-104,Swimming Pool,2026-06-06 10:10:53,2026-06-06 16:30:00
R-139,Clubhouse,2026-06-06 11:31:41,2026-06-06 18:15:00
R-160,Swimming Pool,2026-06-06 12:22:03,2026-06-06 20:30:00
R-118,Gym,2026-06-06 12:47:19,2026-06-07 08:00:00
R-177,Tennis Court,2026-06-06 13:41:13,2026-06-08 07:00:00
R-150,Clubhouse,2026-06-06 14:37:28,2026-06-07 14:30:00
R-193,Clubhouse,2026-06-06 14:40:06,2026-06-07 15:30:00
R-207,Clubhouse,2026-06-06 15:33:51,2026-06-07 20:30:00
R-120,Badminton Court,2026-06-06 15:59:29,2026-06-07 20:15:00
R-167,Clubhouse,2026-06-06 16:42:07,2026-06-07 06:00:00
R-210,Tennis Court,2026-06-06 17:03:40,2026-06-07 17:15:00
R-202,Gym,2026-06-06 17:53:41,2026-06-07 14:45:00
R-109,Gym,2026-06-06 18:37:33,2026-06-07 06:30:00
R-198,Tennis Court,2026-06-06 19:03:02,2026-06-08 07:45:00
R-194,Gym,2026-06-06 19:03:40,2026-06-07 12:30:00
R-101,Gym,2026-06-06 20:00:01,2026-06-07 06:15:00
R-108,Clubhouse,2026-06-06 20:00:32,2026-06-07 07:15:00
R-146,Badminton Court,2026-06-06 20:02:54,2026-06-09 07:45:00
R-100,Clubhouse,2026-06-06 20:18:11,2026-06-07 08:15:00
R-128,Badminton Court,2026-06-06 20:41:08,2026-06-07 11:45:00
R-178,Gym,2026-06-06 21:33:26,2026-06-07 07:15:00
R-172,Gym,2026-06-06 21:42:16,2026-06-07 07:45:00
R-107,Badminton Court,2026-06-06 22:28:53,2026-06-07 20:15:00
R-133,Badminton Court,2026-06-06 22:33:24,2026-06-07 15:45:00
R-195,Badminton Court,2026-06-06 22:34:38,2026-06-07 20:00:00
R-131,Tennis Court,2026-06-06 22:48:58,2026-06-08 15:45:00
R-144,Gym,2026-06-06 23:23:29,2026-06-07 08:00:00
R-102,Gym,2026-06-06 23:26:29,2026-06-07 06:15:00
R-162,Badminton Court,2026-06-07 00:27:32,2026-06-07 19:15:00
R-170,Swimming Pool,2026-06-07 00:28:55,2026-06-07 19:30:00
R-212,Clubhouse,2026-06-07 00:59:39,2026-06-07 16:15:00
R-215,Badminton Court,2026-06-07 01:16:39,2026-06-07 16:45:00
R-198,Tennis Court,2026-06-07 02:21:53,2026-06-09 08:30:00
R-216,Clubhouse,2026-06-07 02:31:32,2026-06-07 10:15:00
R-175,Tennis Court,2026-06-07 02:50:02,2026-06-09 08:00:00
R-199,Swimming Pool,2026-06-07 03:25:44,2026-06-07 11:45:00
R-132,Tennis Court,2026-06-07 04:11:06,2026-06-09 18:00:00
R-120,Badminton Court,2026-06-07 04:26:18,2026-06-08 20:00:00
R-107,Badminton Court,2026-06-07 04:30:21,2026-06-08 20:30:00
R-176,Swimming Pool,2026-06-07 04:34:03,2026-06-07 10:00:00
R-148,Gym,2026-06-07 05:47:27,2026-06-07 11:15:00
R-181,Swimming Pool,2026-06-07 06:40:10,2026-06-07 10:15:00
R-197,Gym,2026-06-07 07:13:38,2026-06-09 08:45:00
R-111,Swimming Pool,2026-06-07 08:40:12,2026-06-07 19:45:00
R-186,Clubhouse,2026-06-07 08:42:22,2026-06-07 19:00:00
R-139,Swimming Pool,2026-06-07 08:43:33,2026-06-07 17:00:00
R-183,Badminton Court,2026-06-07 08:47:04,2026-06-08 18:30:00
R-163,Gym,2026-06-07 08:51:49,2026-06-07 16:15:00
R-157,Tennis Court,2026-06-07 09:00:15,2026-06-08 18:15:00
R-134,Swimming Pool,2026-06-07 09:26:24,2026-06-07 15:30:00
R-179,Clubhouse,2026-06-07 09:39:03,2026-06-07 14:15:00
R-166,Swimming Pool,2026-06-07 10:18:18,2026-06-07 19:45:00
R-217,Badminton Court,2026-06-07 10:19:58,2026-06-08 20:45:00
R-138,Tennis Court,2026-06-07 10:35:18,2026-06-09 18:15:00
R-180,Tennis Court,2026-06-07 10:36:25,2026-06-08 18:15:00
R-182,Clubhouse,2026-06-07 10:53:44,2026-06-07 17:00:00
R-168,Gym,2026-06-07 10:58:16,2026-06-08 06:15:00
R-113,Tennis Court,2026-06-07 10:59:45,2026-06-08 06:00:00
R-149,Swimming Pool,2026-06-07 11:04:46,2026-06-07 16:45:00
R-140,Swimming Pool,2026-06-07 11:38:23,2026-06-07 15:30:00
R-174,Swimming Pool,2026-06-07 12:26:52,2026-06-08 08:15:00
R-144,Badminton Court,2026-06-07 13:24:40,2026-06-08 06:00:00
R-189,Gym,2026-06-07 13:37:29,2026-06-08 06:30:00
R-142,Clubhouse,2026-06-07 15:21:54,2026-06-08 19:30:00
R-109,Swimming Pool,2026-06-07 15:43:49,2026-06-08 08:00:00
R-115,Badminton Court,2026-06-07 15:44:50,2026-06-09 07:00:00
R-117,Gym,2026-06-07 15:47:47,2026-06-08 08:45:00
R-170,Badminton Court,2026-06-07 16:28:59,2026-06-08 18:45:00
R-145,Gym,2026-06-07 16:34:54,2026-06-08 06:15:00
R-165,Gym,2026-06-07 16:42:59,2026-06-08 18:30:00
R-178,Gym,2026-06-07 16:47:22,2026-06-08 07:00:00
R-116,Swimming Pool,2026-06-07 16:51:22,2026-06-08 07:45:00
R-123,Tennis Court,2026-06-07 16:55:15,2026-06-08 06:30:00
R-192,Badminton Court,2026-06-07 16:57:05,2026-06-08 19:30:00
R-167,Gym,2026-06-07 16:58:48,2026-06-08 07:45:00
R-156,Gym,2026-06-07 17:34:21,2026-06-08 07:00:00
R-172,Gym,2026-06-07 18:00:01,2026-06-08 07:15:00
R-196,Badminton Court,2026-06-07 18:12:30,2026-06-08 18:45:00
R-177,Tennis Court,2026-06-07 18:26:33,2026-06-09 08:45:00
R-173,Badminton Court,2026-06-07 19:27:09,2026-06-08 19:15:00
R-206,Gym,2026-06-07 19:28:35,2026-06-08 08:30:00
R-118,Gym,2026-06-07 19:43:46,2026-06-08 08:30:00
R-213,Badminton Court,2026-06-07 19:59:40,2026-06-08 19:00:00
R-105,Tennis Court,2026-06-07 20:05:54,2026-06-08 18:30:00
R-147,Gym,2026-06-07 20:10:26,2026-06-08 10:30:00
R-208,Gym,2026-06-07 20:46:58,2026-06-08 08:45:00
R-125,Badminton Court,2026-06-07 21:11:33,2026-06-08 18:45:00
R-100,Gym,2026-06-07 21:29:42,2026-06-08 11:30:00
R-161,Gym,2026-06-07 22:19:57,2026-06-08 12:30:00
R-102,Gym,2026-06-07 22:27:11,2026-06-08 08:30:00
R-110,Swimming Pool,2026-06-07 23:21:58,2026-06-08 15:45:00
R-177,Badminton Court,2026-06-07 23:23:02,2026-06-10 08:45:00
R-127,Gym,2026-06-08 00:15:26,2026-06-08 08:15:00
R-209,Gym,2026-06-08 02:48:30,2026-06-08 09:00:00
R-180,Badminton Court,2026-06-08 02:53:20,2026-06-09 06:30:00
R-201,Clubhouse,2026-06-08 02:54:13,2026-06-08 17:15:00
R-126,Swimming Pool,2026-06-08 02:59:56,2026-06-08 15:30:00
R-210,Badminton Court,2026-06-08 03:39:22,2026-06-09 08:45:00
R-141,Swimming Pool,2026-06-08 05:03:26,2026-06-09 11:00:00
R-170,Gym,2026-06-08 05:19:01,2026-06-09 20:30:00
R-139,Tennis Court,2026-06-08 05:53:44,2026-06-08 11:45:00
R-120,Swimming Pool,2026-06-08 06:11:47,2026-06-09 18:30:00
R-192,Badminton Court,2026-06-08 06:19:21,2026-06-09 12:30:00
R-211,Gym,2026-06-08 06:57:47,2026-06-08 15:00:00
R-166,Swimming Pool,2026-06-08 08:13:37,2026-06-08 19:00:00
R-158,Gym,2026-06-08 08:38:14,2026-06-08 21:30:00
R-200,Tennis Court,2026-06-08 09:48:32,2026-06-08 19:45:00
R-206,Gym,2026-06-08 10:30:47,2026-06-09 07:15:00
R-199,Swimming Pool,2026-06-08 11:23:33,2026-06-08 17:30:00
R-123,Gym,2026-06-08 11:40:49,2026-06-09 08:30:00
R-183,Badminton Court,2026-06-08 11:42:29,2026-06-09 18:15:00
R-147,Tennis Court,2026-06-08 12:06:17,2026-06-09 08:15:00
R-217,Gym,2026-06-08 12:08:34,2026-06-09 18:15:00
R-109,Badminton Court,2026-06-08 12:18:19,2026-06-09 06:30:00
R-118,Gym,2026-06-08 12:35:18,2026-06-09 06:00:00
R-145,Gym,2026-06-08 13:14:24,2026-06-09 06:45:00
R-212,Gym,2026-06-08 13:19:41,2026-06-09 06:45:00
R-174,Tennis Court,2026-06-08 13:59:44,2026-06-09 08:45:00
R-207,Badminton Court,2026-06-08 13:59:52,2026-06-09 20:00:00
R-156,Gym,2026-06-08 14:19:11,2026-06-09 06:45:00
R-165,Badminton Court,2026-06-08 14:29:29,2026-06-09 20:00:00
R-137,Clubhouse,2026-06-08 15:30:42,2026-06-09 08:30:00
R-119,Badminton Court,2026-06-08 15:39:29,2026-06-09 21:45:00
R-136,Gym,2026-06-08 16:12:02,2026-06-09 20:00:00
R-110,Badminton Court,2026-06-08 16:23:12,2026-06-09 07:45:00
R-213,Badminton Court,2026-06-08 16:49:09,2026-06-09 20:00:00
R-168,Gym,2026-06-08 17:05:03,2026-06-09 06:30:00
R-125,Badminton Court,2026-06-08 17:30:30,2026-06-09 20:15:00
R-113,Gym,2026-06-08 17:59:56,2026-06-09 08:45:00
R-167,Badminton Court,2026-06-08 18:08:11,2026-06-09 06:00:00
R-189,Gym,2026-06-08 18:31:54,2026-06-09 08:30:00
R-107,Swimming Pool,2026-06-08 18:34:12,2026-06-09 18:30:00
R-172,Gym,2026-06-08 19:19:33,2026-06-09 07:00:00
R-204,Swimming Pool,2026-06-08 19:36:16,2026-06-09 07:15:00
R-193,Clubhouse,2026-06-08 19:39:14,2026-06-09 20:15:00
R-152,Gym,2026-06-08 20:15:02,2026-06-09 08:00:00
R-106,Badminton Court,2026-06-08 20:22:06,2026-06-09 18:15:00
R-188,Gym,2026-06-08 20:39:03,2026-06-09 08:15:00
R-117,Gym,2026-06-08 20:43:57,2026-06-09 11:00:00
R-116,Gym,2026-06-08 21:18:42,2026-06-09 07:45:00
R-195,Swimming Pool,2026-06-08 22:09:55,2026-06-09 18:45:00
R-196,Swimming Pool,2026-06-08 22:36:38,2026-06-10 09:00:00
R-186,Swimming Pool,2026-06-08 23:27:12,2026-06-09 11:45:00
R-208,Gym,2026-06-08 23:32:04,2026-06-09 07:15:00
R-178,Swimming Pool,2026-06-08 23:54:29,2026-06-09 17:45:00
R-120,Badminton Court,2026-06-09 00:00:03,2026-06-10 19:00:00
R-175,Tennis Court,2026-06-09 00:19:53,2026-06-10 18:45:00
R-102,Swimming Pool,2026-06-09 00:36:20,2026-06-09 08:15:00
R-101,Swimming Pool,2026-06-09 00:46:52,2026-06-09 12:30:00
R-144,Badminton Court,2026-06-09 03:24:31,2026-06-09 16:30:00
R-158,Tennis Court,2026-06-09 03:44:48,2026-06-09 12:45:00
R-103,Tennis Court,2026-06-09 03:52:19,2026-06-09 16:30:00
R-191,Gym,2026-06-09 04:16:20,2026-06-09 11:00:00
R-135,Badminton Court,2026-06-09 06:07:48,2026-06-09 21:45:00
R-144,Gym,2026-06-09 07:54:19,2026-06-10 06:45:00
R-195,Clubhouse,2026-06-09 08:05:35,2026-06-10 19:00:00
R-126,Badminton Court,2026-06-09 08:49:17,2026-06-09 19:15:00
R-132,Gym,2026-06-09 09:04:29,2026-06-11 07:30:00
R-219,Badminton Court,2026-06-09 09:37:00,2026-06-11 07:30:00
R-117,Gym,2026-06-09 09:46:43,2026-06-10 06:15:00
R-187,Swimming Pool,2026-06-09 10:06:47,2026-06-09 19:45:00
R-203,Badminton Court,2026-06-09 10:07:49,2026-06-09 18:00:00
R-207,Gym,2026-06-09 10:38:16,2026-06-10 20:45:00
R-206,Gym,2026-06-09 11:02:40,2026-06-10 06:15:00
R-217,Badminton Court,2026-06-09 11:11:43,2026-06-10 19:00:00
R-123,Gym,2026-06-09 12:12:41,2026-06-10 07:15:00
R-198,Gym,2026-06-09 13:08:35,2026-06-11 17:00:00
R-125,Gym,2026-06-09 13:17:16,2026-06-10 19:00:00
R-158,Gym,2026-06-09 13:30:10,2026-06-10 07:30:00
R-160,Gym,2026-06-09 13:40:07,2026-06-09 15:00:00
R-167,Gym,2026-06-09 13:42:56,2026-06-10 06:15:00
R-105,Badminton Court,2026-06-09 13:43:34,2026-06-10 18:30:00
R-156,Gym,2026-06-09 14:26:45,2026-06-10 06:30:00
R-165,Badminton Court,2026-06-09 14:37:46,2026-06-10 18:45:00
R-180,Clubhouse,2026-06-09 14:46:21,2026-06-10 18:00:00
R-118,Gym,2026-06-09 14:48:13,2026-06-10 08:30:00
R-111,Swimming Pool,2026-06-09 15:14:46,2026-06-09 19:30:00
R-174,Gym,2026-06-09 15:25:34,2026-06-10 07:15:00
R-101,Gym,2026-06-09 16:37:24,2026-06-10 07:00:00
R-131,Badminton Court,2026-06-09 16:46:52,2026-06-10 20:45:00
R-177,Tennis Court,2026-06-09 17:09:26,2026-06-11 21:00:00
R-145,Gym,2026-06-09 17:15:21,2026-06-10 06:00:00
R-116,Gym,2026-06-09 17:22:18,2026-06-10 08:00:00
R-107,Badminton Court,2026-06-09 17:23:56,2026-06-10 19:15:00
R-189,Gym,2026-06-09 17:34:24,2026-06-10 07:45:00
R-172,Tennis Court,2026-06-09 17:39:48,2026-06-10 11:00:00
R-126,Gym,2026-06-09 17:54:35,2026-06-10 08:30:00
R-197,Tennis Court,2026-06-09 18:08:05,2026-06-11 18:30:00
R-212,Tennis Court,2026-06-09 18:14:31,2026-06-10 07:00:00
R-102,Clubhouse,2026-06-09 18:37:48,2026-06-10 06:30:00
R-135,Badminton Court,2026-06-09 18:57:25,2026-06-10 06:15:00
R-152,Gym,2026-06-09 19:34:23,2026-06-10 08:30:00
R-113,Tennis Court,2026-06-09 19:50:10,2026-06-10 08:45:00
R-203,Clubhouse,2026-06-09 20:04:02,2026-06-10 18:15:00
R-138,Tennis Court,2026-06-09 20:22:38,2026-06-12 08:45:00
R-168,Gym,2026-06-09 20:59:49,2026-06-10 08:00:00
R-111,Tennis Court,2026-06-09 21:07:24,2026-06-10 11:45:00
R-109,Gym,2026-06-09 21:27:09,2026-06-10 08:30:00
R-129,Clubhouse,2026-06-09 21:35:16,2026-06-10 14:00:00
R-159,Clubhouse,2026-06-09 21:38:16,2026-06-10 15:00:00
R-213,Badminton Court,2026-06-09 22:57:44,2026-06-10 20:15:00
R-208,Gym,2026-06-10 00:08:44,2026-06-10 08:30:00
R-170,Gym,2026-06-10 00:40:06,2026-06-10 20:30:00
R-106,Badminton Court,2026-06-10 01:35:39,2026-06-10 19:15:00
R-137,Clubhouse,2026-06-10 03:03:17,2026-06-10 17:00:00
R-119,Gym,2026-06-10 03:04:00,2026-06-10 20:30:00
R-205,Swimming Pool,2026-06-10 03:13:00,2026-06-10 11:15:00
R-108,Swimming Pool,2026-06-10 03:59:44,2026-06-10 17:45:00
R-107,Clubhouse,2026-06-10 05:11:37,2026-06-11 11:15:00
R-142,Badminton Court,2026-06-10 05:12:32,2026-06-11 10:00:00
R-185,Tennis Court,2026-06-10 05:18:43,2026-06-10 10:00:00
R-192,Badminton Court,2026-06-10 05:31:08,2026-06-11 08:45:00
R-110,Swimming Pool,2026-06-10 05:40:03,2026-06-10 17:00:00
R-100,Clubhouse,2026-06-10 05:46:43,2026-06-10 19:30:00
R-178,Clubhouse,2026-06-10 05:54:13,2026-06-10 19:00:00
R-176,Swimming Pool,2026-06-10 06:06:51,2026-06-10 10:15:00
R-147,Swimming Pool,2026-06-10 06:23:34,2026-06-10 20:00:00
R-131,Badminton Court,2026-06-10 07:19:44,2026-06-11 18:00:00
R-186,Badminton Court,2026-06-10 07:58:45,2026-06-10 15:15:00
R-106,Gym,2026-06-10 08:05:30,2026-06-11 07:45:00
R-191,Swimming Pool,2026-06-10 09:12:27,2026-06-10 19:00:00
R-215,Gym,2026-06-10 09:18:38,2026-06-10 19:00:00
R-195,Badminton Court,2026-06-10 09:20:23,2026-06-11 19:45:00
R-136,Badminton Court,2026-06-10 09:25:24,2026-06-11 20:30:00
R-175,Tennis Court,2026-06-10 09:52:15,2026-06-11 18:30:00
R-115,Swimming Pool,2026-06-10 09:58:41,2026-06-11 08:45:00
R-148,Swimming Pool,2026-06-10 10:27:20,2026-06-10 16:30:00
R-182,Swimming Pool,2026-06-10 10:40:37,2026-06-10 16:45:00
R-183,Tennis Court,2026-06-10 11:10:08,2026-06-11 18:45:00
R-210,Tennis Court,2026-06-10 11:29:38,2026-06-11 18:15:00
R-141,Gym,2026-06-10 11:54:46,2026-06-11 19:45:00
R-118,Gym,2026-06-10 12:18:17,2026-06-11 07:30:00
R-211,Swimming Pool,2026-06-10 12:25:01,2026-06-10 17:45:00
R-119,Swimming Pool,2026-06-10 12:52:05,2026-06-11 19:00:00
R-172,Tennis Court,2026-06-10 13:02:30,2026-06-11 06:30:00
R-165,Badminton Court,2026-06-10 13:11:29,2026-06-11 19:15:00
R-101,Gym,2026-06-10 13:33:36,2026-06-11 07:30:00
R-145,Swimming Pool,2026-06-10 14:05:44,2026-06-11 07:00:00
R-217,Tennis Court,2026-06-10 15:16:35,2026-06-11 10:15:00
R-144,Swimming Pool,2026-06-10 15:30:19,2026-06-11 08:15:00
R-196,Badminton Court,2026-06-10 15:47:41,2026-06-11 20:30:00
R-189,Gym,2026-06-10 16:40:39,2026-06-11 06:00:00
R-125,Gym,2026-06-10 17:09:04,2026-06-11 18:00:00
R-191,Clubhouse,2026-06-10 17:11:57,2026-06-11 08:45:00
R-212,Gym,2026-06-10 17:16:04,2026-06-11 08:30:00
R-170,Badminton Court,2026-06-10 17:19:16,2026-06-11 19:45:00
R-102,Gym,2026-06-10 17:23:56,2026-06-11 08:15:00
R-135,Tennis Court,2026-06-10 17:37:07,2026-06-11 06:30:00
R-117,Badminton Court,2026-06-10 18:11:27,2026-06-11 08:45:00
R-113,Gym,2026-06-10 18:53:29,2026-06-11 06:30:00
R-166,Swimming Pool,2026-06-10 18:54:00,2026-06-11 11:45:00
R-180,Badminton Court,2026-06-10 18:54:52,2026-06-11 19:00:00
R-116,Swimming Pool,2026-06-10 18:55:58,2026-06-11 06:30:00
R-208,Swimming Pool,2026-06-10 19:19:18,2026-06-11 07:30:00
R-153,Tennis Court,2026-06-10 19:19:53,2026-06-11 07:30:00
R-168,Gym,2026-06-10 19:24:45,2026-06-11 06:00:00
R-169,Clubhouse,2026-06-10 19:25:05,2026-06-11 08:15:00
R-120,Badminton Court,2026-06-10 19:32:24,2026-06-11 19:30:00
R-206,Gym,2026-06-10 19:35:13,2026-06-11 07:45:00
R-213,Badminton Court,2026-06-10 20:00:32,2026-06-11 19:30:00
R-194,Swimming Pool,2026-06-10 20:00:54,2026-06-11 07:30:00
R-110,Badminton Court,2026-06-10 20:29:05,2026-06-11 11:15:00
R-109,Gym,2026-06-10 20:46:30,2026-06-11 07:45:00
R-147,Badminton Court,2026-06-10 21:24:03,2026-06-11 08:00:00
R-204,Clubhouse,2026-06-10 23:33:05,2026-06-11 11:30:00
R-133,Clubhouse,2026-06-11 00:11:40,2026-06-12 06:00:00
R-158,Gym,2026-06-11 00:26:47,2026-06-11 08:15:00
R-141,Badminton Court,2026-06-11 00:46:31,2026-06-12 18:15:00
R-152,Gym,2026-06-11 01:30:11,2026-06-11 16:45:00
R-167,Clubhouse,2026-06-11 01:40:01,2026-06-11 06:15:00
R-173,Badminton Court,2026-06-11 02:00:42,2026-06-11 20:15:00
R-146,Tennis Court,2026-06-11 02:38:55,2026-06-13 11:45:00
R-215,Swimming Pool,2026-06-11 02:53:30,2026-06-11 11:30:00
R-180,Badminton Court,2026-06-11 04:32:42,2026-06-12 08:30:00
R-132,Tennis Court,2026-06-11 04:50:29,2026-06-13 11:45:00
R-207,Badminton Court,2026-06-11 05:28:27,2026-06-11 20:45:00
R-183,Badminton Court,2026-06-11 05:54:17,2026-06-12 06:45:00
R-187,Gym,2026-06-11 06:09:13,2026-06-11 19:15:00
R-174,Gym,2026-06-11 06:23:51,2026-06-11 20:45:00
R-130,Tennis Court,2026-06-11 07:17:36,2026-06-13 18:15:00
R-218,Tennis Court,2026-06-11 07:31:01,2026-06-11 19:45:00
R-213,Badminton Court,2026-06-11 07:44:54,2026-06-12 19:15:00
R-165,Badminton Court,2026-06-11 08:10:55,2026-06-12 16:15:00
R-173,Badminton Court,2026-06-11 08:16:50,2026-06-12 19:30:00
R-136,Badminton Court,2026-06-11 08:27:36,2026-06-12 11:30:00
R-120,Clubhouse,2026-06-11 08:45:13,2026-06-12 18:30:00
R-179,Badminton Court,2026-06-11 09:45:56,2026-06-11 17:15:00
R-111,Clubhouse,2026-06-11 10:09:33,2026-06-11 19:00:00
R-188,Swimming Pool,2026-06-11 10:10:42,2026-06-11 21:15:00
R-156,Gym,2026-06-11 10:55:28,2026-06-12 07:30:00
R-159,Clubhouse,2026-06-11 10:56:41,2026-06-12 15:45:00
R-105,Swimming Pool,2026-06-11 11:08:23,2026-06-12 19:30:00
R-174,Tennis Court,2026-06-11 11:20:01,2026-06-12 08:00:00
R-175,Tennis Court,2026-06-11 11:59:18,2026-06-13 18:00:00
R-109,Gym,2026-06-11 12:05:00,2026-06-12 07:15:00
R-147,Swimming Pool,2026-06-11 12:07:15,2026-06-12 08:00:00
R-214,Clubhouse,2026-06-11 12:37:15,2026-06-12 15:15:00
R-189,Gym,2026-06-11 12:38:56,2026-06-12 06:00:00
R-137,Tennis Court,2026-06-11 12:46:48,2026-06-11 19:15:00
R-143,Clubhouse,2026-06-11 12:57:31,2026-06-11 17:45:00
R-116,Gym,2026-06-11 13:15:40,2026-06-12 07:45:00
R-157,Tennis Court,2026-06-11 13:33:09,2026-06-13 07:45:00
R-170,Badminton Court,2026-06-11 14:10:28,2026-06-12 16:00:00
R-124,Clubhouse,2026-06-11 14:45:52,2026-06-12 19:30:00
R-118,Gym,2026-06-11 14:59:58,2026-06-12 08:30:00
R-117,Badminton Court,2026-06-11 15:05:31,2026-06-12 08:00:00
R-212,Swimming Pool,2026-06-11 15:53:23,2026-06-12 07:30:00
R-107,Badminton Court,2026-06-11 16:01:24,2026-06-12 18:30:00
R-152,Gym,2026-06-11 16:03:46,2026-06-12 06:30:00
R-106,Gym,2026-06-11 16:22:37,2026-06-12 18:15:00
R-131,Tennis Court,2026-06-11 16:49:09,2026-06-12 18:00:00
R-168,Tennis Court,2026-06-11 16:57:59,2026-06-12 06:30:00
R-172,Gym,2026-06-11 17:04:45,2026-06-12 08:45:00
R-113,Gym,2026-06-11 17:21:25,2026-06-12 08:30:00
R-142,Clubhouse,2026-06-11 17:39:28,2026-06-12 19:30:00
R-121,Swimming Pool,2026-06-11 17:48:48,2026-06-12 18:15:00
R-158,Swimming Pool,2026-06-11 18:15:50,2026-06-12 08:15:00
R-188,Badminton Court,2026-06-11 18:30:57,2026-06-12 07:45:00
R-145,Gym,2026-06-11 18:35:18,2026-06-12 08:30:00
R-206,Swimming Pool,2026-06-11 19:11:38,2026-06-12 07:15:00
R-119,Gym,2026-06-11 19:29:22,2026-06-12 20:30:00
R-210,Badminton Court,2026-06-11 19:49:01,2026-06-13 08:30:00
R-186,Clubhouse,2026-06-11 20:13:56,2026-06-12 08:30:00
R-202,Swimming Pool,2026-06-11 20:15:03,2026-06-12 20:45:00
R-208,Gym,2026-06-11 20:28:24,2026-06-12 08:45:00
R-144,Swimming Pool,2026-06-11 20:40:54,2026-06-12 06:15:00
R-101,Gym,2026-06-11 21:13:10,2026-06-12 07:00:00
R-128,Clubhouse,2026-06-11 21:50:24,2026-06-12 08:15:00
R-102,Gym,2026-06-11 22:02:11,2026-06-12 08:00:00
R-122,Gym,2026-06-11 22:49:34,2026-06-12 19:00:00
R-154,Clubhouse,2026-06-11 23:47:30,2026-06-13 08:00:00
R-195,Badminton Court,2026-06-11 23:49:14,2026-06-12 19:15:00
R-162,Clubhouse,2026-06-12 00:17:49,2026-06-12 14:15:00
R-135,Swimming Pool,2026-06-12 00:33:36,2026-06-12 08:45:00
R-200,Gym,2026-06-12 01:02:34,2026-06-12 11:30:00
R-217,Tennis Court,2026-06-12 01:26:08,2026-06-12 18:30:00
R-108,Gym,2026-06-12 01:30:29,2026-06-12 11:15:00
R-184,Gym,2026-06-12 01:31:39,2026-06-12 07:30:00
R-150,Badminton Court,2026-06-12 01:33:11,2026-06-12 14:15:00
R-137,Swimming Pool,2026-06-12 02:08:17,2026-06-12 16:30:00
R-167,Gym,2026-06-12 04:33:28,2026-06-12 19:00:00
R-205,Gym,2026-06-12 06:04:50,2026-06-12 11:00:00
R-133,Clubhouse,2026-06-12 06:05:27,2026-06-13 08:00:00
R-175,Tennis Court,2026-06-12 06:48:53,2026-06-14 08:00:00
R-215,Clubhouse,2026-06-12 07:36:30,2026-06-12 19:30:00
R-219,Tennis Court,2026-06-12 07:38:26,2026-06-13 17:15:00
R-185,Swimming Pool,2026-06-12 07:56:24,2026-06-12 14:15:00
R-198,Tennis Court,2026-06-12 08:14:54,2026-06-13 08:30:00
R-115,Tennis Court,2026-06-12 08:16:37,2026-06-13 08:15:00
R-105,Badminton Court,2026-06-12 09:48:20,2026-06-13 18:15:00
R-207,Badminton Court,2026-06-12 10:32:53,2026-06-13 19:45:00
R-149,Swimming Pool,2026-06-12 11:52:01,2026-06-12 16:45:00
R-103,Badminton Court,2026-06-12 12:11:57,2026-06-12 17:15:00
R-217,Badminton Court,2026-06-12 12:35:56,2026-06-13 20:00:00
R-187,Badminton Court,2026-06-12 12:53:15,2026-06-12 21:15:00
R-123,Swimming Pool,2026-06-12 13:32:24,2026-06-12 21:15:00
R-140,Swimming Pool,2026-06-12 14:05:17,2026-06-12 17:45:00
R-155,Badminton Court,2026-06-12 14:12:21,2026-06-13 19:30:00
R-158,Swimming Pool,2026-06-12 14:21:08,2026-06-13 07:45:00
R-136,Swimming Pool,2026-06-12 15:48:08,2026-06-13 18:45:00
R-169,Gym,2026-06-12 15:58:06,2026-06-13 08:00:00
R-156,Gym,2026-06-12 16:05:30,2026-06-13 07:00:00
R-206,Badminton Court,2026-06-12 16:06:04,2026-06-13 07:00:00
R-101,Gym,2026-06-12 17:07:23,2026-06-13 09:45:00
R-145,Gym,2026-06-12 17:38:11,2026-06-13 06:00:00
R-166,Clubhouse,2026-06-12 17:58:30,2026-06-13 07:30:00
R-135,Gym,2026-06-12 17:58:55,2026-06-13 06:15:00
R-159,Clubhouse,2026-06-12 18:18:40,2026-06-13 11:45:00
R-120,Swimming Pool,2026-06-12 18:49:41,2026-06-13 15:30:00
R-142,Gym,2026-06-12 18:57:22,2026-06-13 18:30:00
R-157,Gym,2026-06-12 19:00:59,2026-06-14 18:00:00
R-117,Gym,2026-06-12 19:12:32,2026-06-13 08:00:00
R-141,Badminton Court,2026-06-12 19:17:34,2026-06-13 19:15:00
R-187,Clubhouse,2026-06-12 19:39:50,2026-06-13 07:45:00
R-111,Tennis Court,2026-06-12 19:50:10,2026-06-13 09:00:00
R-121,Clubhouse,2026-06-12 20:36:32,2026-06-13 19:45:00
R-172,Gym,2026-06-12 20:49:26,2026-06-13 08:45:00
R-124,Clubhouse,2026-06-12 20:57:28,2026-06-13 18:15:00
R-137,Badminton Court,2026-06-12 21:19:35,2026-06-13 07:30:00
R-200,Swimming Pool,2026-06-12 21:42:39,2026-06-13 07:00:00
R-194,Swimming Pool,2026-06-12 22:18:36,2026-06-13 07:30:00
R-191,Badminton Court,2026-06-12 22:48:25,2026-06-13 11:30:00
R-184,Clubhouse,2026-06-12 22:58:05,2026-06-13 11:30:00
R-161,Swimming Pool,2026-06-12 23:08:10,2026-06-13 08:00:00
R-214,Clubhouse,2026-06-13 00:21:05,2026-06-13 20:45:00
R-132,Tennis Court,2026-06-13 01:18:53,2026-06-14 10:45:00
R-112,Tennis Court,2026-06-13 01:43:25,2026-06-13 20:00:00
R-127,Swimming Pool,2026-06-13 01:49:30,2026-06-13 11:45:00
R-213,Badminton Court,2026-06-13 03:37:29,2026-06-13 20:45:00
R-164,Clubhouse,2026-06-13 03:44:00,2026-06-13 18:45:00
R-185,Swimming Pool,2026-06-13 03:53:01,2026-06-13 11:45:00
R-143,Swimming Pool,2026-06-13 04:14:17,2026-06-13 11:45:00
R-149,Swimming Pool,2026-06-13 04:15:16,2026-06-13 10:45:00
R-139,Swimming Pool,2026-06-13 04:21:33,2026-06-13 11:45:00
R-171,Swimming Pool,2026-06-13 04:28:21,2026-06-13 11:30:00
R-197,Tennis Court,2026-06-13 04:38:28,2026-06-14 18:30:00
R-193,Tennis Court,2026-06-13 05:21:56,2026-06-13 20:45:00
R-106,Gym,2026-06-13 06:08:32,2026-06-14 20:45:00
R-199,Swimming Pool,2026-06-13 06:09:40,2026-06-13 10:45:00
R-129,Tennis Court,2026-06-13 06:22:24,2026-06-14 14:45:00
R-107,Badminton Court,2026-06-13 06:23:59,2026-06-14 15:45:00
R-108,Badminton Court,2026-06-13 06:32:37,2026-06-13 19:00:00
R-128,Gym,2026-06-13 06:33:00,2026-06-13 16:45:00
R-151,Clubhouse,2026-06-13 08:31:35,2026-06-13 16:00:00
R-216,Clubhouse,2026-06-13 09:42:37,2026-06-13 17:45:00
R-100,Gym,2026-06-13 09:48:51,2026-06-13 17:45:00
R-179,Swimming Pool,2026-06-13 09:52:36,2026-06-13 15:15:00
R-148,Clubhouse,2026-06-13 10:42:30,2026-06-13 16:15:00
R-103,Swimming Pool,2026-06-13 11:12:57,2026-06-13 19:00:00
R-182,Swimming Pool,2026-06-13 11:44:21,2026-06-13 16:45:00
R-140,Badminton Court,2026-06-13 12:03:38,2026-06-13 17:00:00
R-206,Gym,2026-06-13 12:07:55,2026-06-14 06:45:00
R-210,Tennis Court,2026-06-13 13:57:22,2026-06-15 07:45:00
R-192,Badminton Court,2026-06-13 14:58:37,2026-06-14 19:00:00
R-113,Gym,2026-06-13 15:17:15,2026-06-14 07:45:00
R-201,Clubhouse,2026-06-13 15:53:53,2026-06-14 08:15:00
R-204,Swimming Pool,2026-06-13 15:56:18,2026-06-14 07:45:00
R-157,Tennis Court,2026-06-13 16:06:24,2026-06-16 07:45:00
R-202,Tennis Court,2026-06-13 17:41:52,2026-06-14 15:00:00
R-161,Clubhouse,2026-06-13 18:05:41,2026-06-14 06:15:00
R-155,Clubhouse,2026-06-13 18:08:21,2026-06-14 19:45:00
R-122,Swimming Pool,2026-06-13 18:16:40,2026-06-14 19:15:00
R-130,Gym,2026-06-13 18:35:27,2026-06-16 17:30:00
R-124,Clubhouse,2026-06-13 19:24:38,2026-06-14 15:30:00
R-166,Clubhouse,2026-06-13 21:02:18,2026-06-14 08:15:00
R-197,Tennis Court,2026-06-13 21:58:27,2026-06-16 08:45:00
R-215,Gym,2026-06-13 21:59:33,2026-06-14 12:00:00
R-132,Badminton Court,2026-06-13 22:24:22,2026-06-16 07:00:00
R-186,Clubhouse,2026-06-13 22:27:29,2026-06-14 07:15:00
R-162,Badminton Court,2026-06-13 23:00:50,2026-06-14 15:30:00
R-164,Clubhouse,2026-06-13 23:40:43,2026-06-14 15:15:00
R-133,Swimming Pool,2026-06-14 00:07:27,2026-06-14 15:15:00
R-207,Badminton Court,2026-06-14 01:12:09,2026-06-14 18:45:00
R-169,Badminton Court,2026-06-14 01:43:31,2026-06-14 11:00:00
R-111,Swimming Pool,2026-06-14 02:19:27,2026-06-14 14:45:00
R-103,Gym,2026-06-14 02:54:10,2026-06-14 11:00:00
R-110,Gym,2026-06-14 03:13:52,2026-06-14 19:00:00
R-194,Gym,2026-06-14 03:24:20,2026-06-14 19:30:00
R-143,Swimming Pool,2026-06-14 03:40:12,2026-06-14 11:30:00
R-203,Clubhouse,2026-06-14 03:47:59,2026-06-15 18:45:00
R-213,Badminton Court,2026-06-14 03:50:50,2026-06-15 17:15:00
R-100,Clubhouse,2026-06-14 04:34:34,2026-06-14 19:30:00
R-209,Clubhouse,2026-06-14 04:34:34,2026-06-14 11:45:00
R-219,Tennis Court,2026-06-14 04:48:04,2026-06-15 07:30:00
R-181,Swimming Pool,2026-06-14 04:56:04,2026-06-14 10:30:00
R-140,Swimming Pool,2026-06-14 06:04:53,2026-06-14 14:15:00
R-208,Tennis Court,2026-06-14 06:30:42,2026-06-14 21:00:00
R-106,Tennis Court,2026-06-14 07:46:52,2026-06-15 20:45:00
R-199,Swimming Pool,2026-06-14 07:52:12,2026-06-14 17:00:00
R-191,Gym,2026-06-14 08:09:52,2026-06-14 19:45:00
R-125,Badminton Court,2026-06-14 08:40:03,2026-06-15 20:30:00
R-163,Clubhouse,2026-06-14 09:08:28,2026-06-14 15:00:00
R-182,Swimming Pool,2026-06-14 09:54:18,2026-06-14 17:45:00
R-148,Swimming Pool,2026-06-14 09:57:28,2026-06-14 17:00:00
R-149,Swimming Pool,2026-06-14 10:35:40,2026-06-14 15:45:00
R-134,Gym,2026-06-14 10:42:01,2026-06-14 17:30:00
R-188,Clubhouse,2026-06-14 10:49:09,2026-06-14 19:15:00
R-113,Gym,2026-06-14 10:54:16,2026-06-15 06:45:00
R-196,Badminton Court,2026-06-14 11:00:22,2026-06-15 20:30:00
R-179,Clubhouse,2026-06-14 11:15:25,2026-06-14 17:30:00
R-171,Swimming Pool,2026-06-14 11:58:29,2026-06-14 16:00:00
R-144,Badminton Court,2026-06-14 13:05:07,2026-06-15 06:00:00
R-192,Badminton Court,2026-06-14 13:05:41,2026-06-15 20:15:00
R-117,Gym,2026-06-14 13:13:24,2026-06-15 08:30:00
R-156,Gym,2026-06-14 13:13:38,2026-06-15 08:15:00
R-126,Clubhouse,2026-06-14 13:20:11,2026-06-15 08:00:00
R-158,Gym,2026-06-14 13:23:13,2026-06-15 08:30:00
R-206,Clubhouse,2026-06-14 14:24:08,2026-06-15 06:45:00
R-207,Badminton Court,2026-06-14 14:44:43,2026-06-15 19:15:00
R-195,Badminton Court,2026-06-14 15:10:26,2026-06-15 18:45:00
R-116,Gym,2026-06-14 15:42:18,2026-06-15 08:15:00
R-123,Gym,2026-06-14 16:01:33,2026-06-15 08:30:00
R-173,Badminton Court,2026-06-14 16:22:42,2026-06-15 18:15:00
R-174,Clubhouse,2026-06-14 17:05:53,2026-06-15 06:00:00
R-120,Clubhouse,2026-06-14 17:15:33,2026-06-15 19:00:00
R-170,Clubhouse,2026-06-14 17:45:39,2026-06-15 20:30:00
R-208,Gym,2026-06-14 17:54:50,2026-06-15 06:45:00
R-119,Tennis Court,2026-06-14 19:01:51,2026-06-15 18:45:00
R-189,Badminton Court,2026-06-14 19:11:52,2026-06-15 07:00:00
R-101,Gym,2026-06-14 19:13:23,2026-06-15 07:45:00
R-194,Tennis Court,2026-06-14 19:14:36,2026-06-15 11:00:00
R-186,Gym,2026-06-14 19:15:35,2026-06-15 07:00:00
R-212,Gym,2026-06-14 19:31:40,2026-06-15 12:45:00
R-135,Badminton Court,2026-06-14 19:39:39,2026-06-15 06:45:00
R-147,Gym,2026-06-14 19:40:54,2026-06-15 06:15:00
R-168,Gym,2026-06-14 19:42:31,2026-06-15 07:45:00
R-152,Tennis Court,2026-06-14 20:10:13,2026-06-15 11:00:00
R-217,Badminton Court,2026-06-14 20:32:23,2026-06-15 19:30:00
R-105,Badminton Court,2026-06-14 21:12:58,2026-06-15 19:30:00
R-145,Gym,2026-06-14 21:57:59,2026-06-15 08:45:00
R-178,Gym,2026-06-14 22:42:44,2026-06-15 07:45:00
R-150,Clubhouse,2026-06-14 22:52:10,2026-06-15 19:15:00
R-165,Badminton Court,2026-06-14 23:07:03,2026-06-15 19:45:00
R-218,Swimming Pool,2026-06-14 23:10:30,2026-06-15 09:30:00
R-109,Tennis Court,2026-06-14 23:34:31,2026-06-15 07:15:00
R-118,Gym,2026-06-15 00:35:35,2026-06-15 16:45:00
R-141,Badminton Court,2026-06-15 02:20:33,2026-06-16 07:45:00
R-142,Badminton Court,2026-06-15 03:34:52,2026-06-15 20:45:00
R-142,Gym,2026-06-15 03:58:17,2026-06-16 20:30:00
R-217,Badminton Court,2026-06-15 04:28:52,2026-06-16 19:00:00
R-171,Swimming Pool,2026-06-15 04:30:39,2026-06-15 11:15:00
R-107,Badminton Court,2026-06-15 04:38:45,2026-06-15 20:45:00
R-120,Gym,2026-06-15 04:56:40,2026-06-16 18:45:00
R-149,Swimming Pool,2026-06-15 05:20:43,2026-06-15 11:45:00
R-200,Gym,2026-06-15 05:25:17,2026-06-15 19:30:00
R-115,Tennis Court,2026-06-15 05:57:53,2026-06-16 18:15:00
R-166,Badminton Court,2026-06-15 06:00:37,2026-06-15 11:45:00
R-209,Swimming Pool,2026-06-15 06:06:47,2026-06-15 11:00:00
R-111,Badminton Court,2026-06-15 07:00:50,2026-06-15 17:00:00
R-103,Swimming Pool,2026-06-15 07:37:51,2026-06-15 19:00:00
R-141,Badminton Court,2026-06-15 08:57:54,2026-06-15 20:00:00
R-127,Badminton Court,2026-06-15 09:16:16,2026-06-15 19:30:00
R-134,Gym,2026-06-15 09:28:15,2026-06-15 15:30:00
R-113,Gym,2026-06-15 10:10:15,2026-06-16 06:15:00
R-135,Swimming Pool,2026-06-15 10:25:47,2026-06-16 06:15:00
R-148,Swimming Pool,2026-06-15 10:56:11,2026-06-15 16:00:00
R-101,Gym,2026-06-15 11:12:32,2026-06-16 07:15:00
R-203,Gym,2026-06-15 11:13:06,2026-06-16 18:30:00
R-106,Badminton Court,2026-06-15 11:26:13,2026-06-16 18:00:00
R-191,Badminton Court,2026-06-15 11:33:25,2026-06-15 19:45:00
R-105,Badminton Court,2026-06-15 11:42:32,2026-06-16 19:15:00
R-118,Gym,2026-06-15 12:11:56,2026-06-16 06:45:00
R-183,Badminton Court,2026-06-15 12:30:31,2026-06-16 18:15:00
R-167,Gym,2026-06-15 12:33:49,2026-06-16 06:00:00
R-104,Clubhouse,2026-06-15 13:12:03,2026-06-15 17:45:00
R-109,Gym,2026-06-15 13:40:31,2026-06-16 06:15:00
R-172,Gym,2026-06-15 14:00:18,2026-06-16 08:00:00
R-189,Gym,2026-06-15 14:02:21,2026-06-16 07:15:00
R-117,Gym,2026-06-15 14:26:01,2026-06-16 07:00:00
R-147,Gym,2026-06-15 14:30:49,2026-06-16 08:30:00
R-210,Gym,2026-06-15 14:32:08,2026-06-16 18:30:00
R-116,Gym,2026-06-15 15:16:20,2026-06-16 06:00:00
R-165,Swimming Pool,2026-06-15 15:22:08,2026-06-16 18:30:00
R-144,Gym,2026-06-15 15:39:01,2026-06-16 08:15:00
R-180,Badminton Court,2026-06-15 15:41:23,2026-06-16 19:30:00
R-212,Gym,2026-06-15 15:56:02,2026-06-16 07:30:00
R-152,Gym,2026-06-15 16:16:52,2026-06-16 06:45:00
R-173,Gym,2026-06-15 16:31:26,2026-06-16 18:00:00
R-161,Gym,2026-06-15 16:45:06,2026-06-16 07:45:00
R-206,Gym,2026-06-15 17:02:18,2026-06-16 06:00:00
R-156,Swimming Pool,2026-06-15 17:06:25,2026-06-16 07:00:00
R-168,Gym,2026-06-15 17:11:49,2026-06-16 06:00:00
R-154,Swimming Pool,2026-06-15 17:22:30,2026-06-17 07:00:00
R-200,Swimming Pool,2026-06-15 17:40:40,2026-06-16 08:15:00
R-213,Swimming Pool,2026-06-15 18:20:40,2026-06-16 19:30:00
R-192,Badminton Court,2026-06-15 18:48:12,2026-06-16 20:15:00
R-107,Badminton Court,2026-06-15 19:32:48,2026-06-16 20:00:00
R-158,Badminton Court,2026-06-15 19:38:20,2026-06-16 07:15:00
R-150,Gym,2026-06-15 19:40:12,2026-06-16 18:45:00
R-136,Swimming Pool,2026-06-15 20:35:40,2026-06-16 18:30:00
R-215,Gym,2026-06-15 20:58:39,2026-06-16 11:45:00
R-208,Gym,2026-06-15 21:12:19,2026-06-16 07:00:00
R-207,Clubhouse,2026-06-15 21:13:48,2026-06-16 18:15:00
R-195,Gym,2026-06-15 22:20:18,2026-06-16 18:15:00
R-127,Gym,2026-06-15 22:24:38,2026-06-16 08:00:00
R-123,Swimming Pool,2026-06-15 22:39:14,2026-06-16 14:15:00
R-138,Tennis Court,2026-06-15 23:14:14,2026-06-17 18:45:00
R-218,Tennis Court,2026-06-15 23:57:43,2026-06-16 08:15:00
R-102,Tennis Court,2026-06-16 00:00:43,2026-06-16 14:00:00
R-196,Badminton Court,2026-06-16 00:29:27,2026-06-16 10:30:00
R-190,Clubhouse,2026-06-16 00:44:32,2026-06-16 20:45:00
R-142,Badminton Court,2026-06-16 00:58:22,2026-06-17 15:30:00
R-132,Tennis Court,2026-06-16 01:19:22,2026-06-17 17:45:00
R-108,Gym,2026-06-16 03:01:12,2026-06-16 15:00:00
R-106,Badminton Court,2026-06-16 03:04:26,2026-06-17 19:00:00
R-183,Gym,2026-06-16 03:36:36,2026-06-17 19:30:00
R-201,Swimming Pool,2026-06-16 04:22:31,2026-06-16 19:00:00
R-159,Badminton Court,2026-06-16 05:13:59,2026-06-16 19:30:00
R-169,Badminton Court,2026-06-16 05:20:23,2026-06-16 17:15:00
R-141,Gym,2026-06-16 05:50:00,2026-06-17 08:30:00
R-131,Badminton Court,2026-06-16 06:43:50,2026-06-16 20:30:00
R-178,Clubhouse,2026-06-16 07:02:42,2026-06-16 19:15:00
R-176,Swimming Pool,2026-06-16 07:04:03,2026-06-16 11:15:00
R-187,Badminton Court,2026-06-16 07:48:03,2026-06-16 19:00:00
R-140,Swimming Pool,2026-06-16 08:06:17,2026-06-16 16:15:00
R-165,Badminton Court,2026-06-16 08:19:11,2026-06-17 11:30:00
R-123,Gym,2026-06-16 08:57:00,2026-06-17 08:30:00
R-194,Clubhouse,2026-06-16 09:30:52,2026-06-16 19:30:00
R-132,Tennis Court,2026-06-16 09:43:08,2026-06-18 07:00:00
R-149,Swimming Pool,2026-06-16 11:44:45,2026-06-16 16:15:00
R-212,Gym,2026-06-16 12:19:29,2026-06-17 06:45:00
R-111,Badminton Court,2026-06-16 12:35:13,2026-06-16 19:30:00
R-135,Gym,2026-06-16 12:45:12,2026-06-17 08:00:00
R-210,Tennis Court,2026-06-16 13:28:27,2026-06-18 17:15:00
R-195,Clubhouse,2026-06-16 13:29:02,2026-06-17 20:15:00
R-131,Badminton Court,2026-06-16 13:42:11,2026-06-17 20:30:00
R-136,Badminton Court,2026-06-16 15:29:03,2026-06-17 19:45:00
R-206,Gym,2026-06-16 15:33:36,2026-06-17 06:30:00
R-192,Badminton Court,2026-06-16 15:37:40,2026-06-17 20:30:00
R-107,Badminton Court,2026-06-16 16:00:36,2026-06-17 19:15:00
R-120,Badminton Court,2026-06-16 16:12:14,2026-06-17 19:30:00
R-174,Gym,2026-06-16 16:24:56,2026-06-17 08:30:00
R-167,Gym,2026-06-16 16:28:23,2026-06-17 07:45:00
R-101,Badminton Court,2026-06-16 16:38:42,2026-06-17 06:30:00
R-196,Badminton Court,2026-06-16 16:40:27,2026-06-17 18:00:00
R-170,Badminton Court,2026-06-16 16:44:18,2026-06-17 20:45:00
R-168,Swimming Pool,2026-06-16 16:51:51,2026-06-17 08:45:00
R-189,Gym,2026-06-16 17:23:25,2026-06-17 06:15:00
R-117,Gym,2026-06-16 17:24:09,2026-06-17 08:00:00
R-172,Swimming Pool,2026-06-16 17:31:04,2026-06-17 08:45:00
R-109,Gym,2026-06-16 18:06:07,2026-06-17 07:30:00
R-116,Gym,2026-06-16 18:20:56,2026-06-17 07:45:00
R-156,Gym,2026-06-16 18:31:07,2026-06-17 08:00:00
R-152,Gym,2026-06-16 18:52:06,2026-06-17 09:45:00
R-119,Swimming Pool,2026-06-16 18:54:21,2026-06-17 19:30:00
R-198,Tennis Court,2026-06-16 19:43:42,2026-06-18 11:45:00
R-145,Gym,2026-06-16 20:13:15,2026-06-17 08:45:00
R-197,Gym,2026-06-16 21:15:27,2026-06-18 08:00:00
R-147,Swimming Pool,2026-06-16 21:35:17,2026-06-17 06:00:00
R-158,Badminton Court,2026-06-16 22:07:40,2026-06-17 17:00:00
R-204,Tennis Court,2026-06-16 22:13:40,2026-06-17 11:45:00
R-102,Gym,2026-06-16 22:43:53,2026-06-17 08:45:00
R-207,Tennis Court,2026-06-16 22:46:02,2026-06-17 18:30:00
R-139,Swimming Pool,2026-06-16 23:00:08,2026-06-17 06:15:00
R-208,Badminton Court,2026-06-16 23:00:55,2026-06-17 06:45:00
R-125,Badminton Court,2026-06-16 23:47:37,2026-06-17 18:15:00
R-170,Gym,2026-06-16 23:54:41,2026-06-18 14:15:00
R-100,Tennis Court,2026-06-17 00:35:54,2026-06-17 11:00:00
R-136,Badminton Court,2026-06-17 01:16:34,2026-06-18 20:30:00
R-203,Tennis Court,2026-06-17 03:33:49,2026-06-17 19:15:00
R-107,Swimming Pool,2026-06-17 03:34:11,2026-06-18 15:15:00
R-108,Badminton Court,2026-06-17 04:39:17,2026-06-17 19:45:00
R-128,Tennis Court,2026-06-17 04:42:23,2026-06-17 17:00:00
R-126,Badminton Court,2026-06-17 05:14:28,2026-06-17 11:15:00
R-125,Badminton Court,2026-06-17 05:23:40,2026-06-18 19:30:00
R-186,Swimming Pool,2026-06-17 06:29:53,2026-06-17 19:45:00
R-113,Gym,2026-06-17 07:04:12,2026-06-17 18:30:00
R-195,Badminton Court,2026-06-17 07:08:12,2026-06-18 18:45:00
R-200,Swimming Pool,2026-06-17 07:13:08,2026-06-17 15:30:00
R-147,Tennis Court,2026-06-17 07:54:47,2026-06-18 06:15:00
R-180,Badminton Court,2026-06-17 08:14:19,2026-06-17 19:30:00
R-104,Swimming Pool,2026-06-17 10:05:04,2026-06-17 16:30:00
R-173,Badminton Court,2026-06-17 10:20:45,2026-06-18 18:45:00
R-192,Gym,2026-06-17 10:31:30,2026-06-18 14:45:00
R-163,Gym,2026-06-17 10:59:29,2026-06-17 17:30:00
R-134,Clubhouse,2026-06-17 12:25:27,2026-06-17 17:00:00
R-102,Gym,2026-06-17 13:12:20,2026-06-18 07:45:00
R-105,Tennis Court,2026-06-17 13:26:50,2026-06-18 20:45:00
R-196,Badminton Court,2026-06-17 13:55:22,2026-06-18 19:00:00
R-217,Swimming Pool,2026-06-17 14:06:29,2026-06-18 18:15:00
R-206,Gym,2026-06-17 14:11:40,2026-06-18 07:45:00
R-118,Badminton Court,2026-06-17 14:37:47,2026-06-18 07:00:00
R-144,Tennis Court,2026-06-17 14:58:20,2026-06-17 20:15:00
R-167,Gym,2026-06-17 15:04:39,2026-06-18 06:45:00
R-189,Gym,2026-06-17 15:14:29,2026-06-18 07:45:00
R-173,Clubhouse,2026-06-17 15:33:55,2026-06-17 20:15:00
R-122,Swimming Pool,2026-06-17 15:34:51,2026-06-18 14:15:00
R-213,Badminton Court,2026-06-17 15:38:16,2026-06-18 14:00:00
R-156,Badminton Court,2026-06-17 16:20:52,2026-06-18 07:15:00
R-154,Clubhouse,2026-06-17 16:37:19,2026-06-18 17:45:00
R-183,Clubhouse,2026-06-17 16:40:37,2026-06-18 19:15:00
R-142,Badminton Court,2026-06-17 16:59:23,2026-06-18 18:30:00
R-135,Tennis Court,2026-06-17 17:38:26,2026-06-18 06:30:00
R-157,Tennis Court,2026-06-17 18:05:19,2026-06-19 18:00:00
R-153,Clubhouse,2026-06-17 18:17:09,2026-06-18 08:15:00
R-172,Badminton Court,2026-06-17 18:28:38,2026-06-18 06:30:00
R-114,Clubhouse,2026-06-17 18:28:40,2026-06-18 18:30:00
R-158,Swimming Pool,2026-06-17 18:40:59,2026-06-18 08:45:00
R-219,Badminton Court,2026-06-17 19:08:11,2026-06-20 07:45:00
R-144,Gym,2026-06-17 19:19:14,2026-06-18 08:15:00
R-208,Gym,2026-06-17 19:20:26,2026-06-18 08:30:00
R-113,Tennis Court,2026-06-17 19:22:07,2026-06-18 08:00:00
R-212,Gym,2026-06-17 19:50:02,2026-06-18 07:00:00
R-210,Gym,2026-06-17 19:53:44,2026-06-19 18:15:00
R-197,Gym,2026-06-17 20:05:01,2026-06-20 08:15:00
R-109,Gym,2026-06-17 20:25:41,2026-06-18 07:30:00
R-101,Gym,2026-06-17 20:46:07,2026-06-18 08:15:00
R-146,Clubhouse,2026-06-17 20:59:36,2026-06-19 18:15:00
R-190,Clubhouse,2026-06-17 21:34:46,2026-06-18 20:15:00
R-117,Gym,2026-06-17 21:37:24,2026-06-18 09:15:00
R-131,Badminton Court,2026-06-17 21:40:59,2026-06-18 18:30:00
R-188,Swimming Pool,2026-06-17 21:56:20,2026-06-18 11:00:00
R-116,Gym,2026-06-17 21:57:18,2026-06-18 15:45:00
R-141,Badminton Court,2026-06-17 22:26:46,2026-06-18 19:45:00
R-165,Gym,2026-06-17 23:18:47,2026-06-18 20:30:00
R-145,Gym,2026-06-17 23:20:56,2026-06-18 06:45:00
R-165,Clubhouse,2026-06-17 23:36:53,2026-06-19 20:00:00
R-123,Gym,2026-06-17 23:41:51,2026-06-18 18:15:00
R-207,Badminton Court,2026-06-17 23:46:09,2026-06-18 17:30:00
R-110,Tennis Court,2026-06-17 23:53:24,2026-06-18 17:15:00
R-180,Gym,2026-06-18 00:53:12,2026-06-18 18:45:00
R-146,Clubhouse,2026-06-18 01:31:41,2026-06-20 18:15:00
R-133,Swimming Pool,2026-06-18 03:08:38,2026-06-18 14:15:00
R-177,Gym,2026-06-18 03:22:17,2026-06-20 18:45:00
R-200,Clubhouse,2026-06-18 04:15:10,2026-06-18 17:30:00
R-108,Gym,2026-06-18 04:15:51,2026-06-18 17:00:00
R-184,Badminton Court,2026-06-18 04:51:08,2026-06-18 19:00:00
R-178,Gym,2026-06-18 04:59:39,2026-06-18 19:00:00
R-152,Gym,2026-06-18 05:12:13,2026-06-18 20:00:00
R-183,Badminton Court,2026-06-18 05:16:34,2026-06-19 18:15:00
R-161,Gym,2026-06-18 06:22:08,2026-06-18 13:15:00
R-106,Badminton Court,2026-06-18 07:20:55,2026-06-19 19:30:00
R-191,Gym,2026-06-18 07:29:51,2026-06-18 19:15:00
R-213,Badminton Court,2026-06-18 08:46:12,2026-06-19 19:15:00
R-210,Badminton Court,2026-06-18 09:16:35,2026-06-20 17:15:00
R-105,Tennis Court,2026-06-18 10:07:24,2026-06-19 18:30:00
R-132,Tennis Court,2026-06-18 10:09:12,2026-06-20 08:00:00
R-102,Gym,2026-06-18 10:15:13,2026-06-19 06:30:00
R-142,Clubhouse,2026-06-18 10:20:11,2026-06-19 07:45:00
R-122,Clubhouse,2026-06-18 10:24:48,2026-06-19 15:30:00
R-131,Badminton Court,2026-06-18 11:42:34,2026-06-19 19:45:00
R-145,Gym,2026-06-18 11:44:39,2026-06-19 06:00:00
R-108,Gym,2026-06-18 12:58:25,2026-06-19 08:15:00
R-206,Gym,2026-06-18 14:14:38,2026-06-19 06:30:00
R-180,Gym,2026-06-18 15:26:29,2026-06-19 20:45:00
R-147,Gym,2026-06-18 15:31:21,2026-06-19 06:00:00
R-144,Clubhouse,2026-06-18 15:38:15,2026-06-19 07:30:00
R-201,Tennis Court,2026-06-18 15:49:30,2026-06-19 08:15:00
R-192,Badminton Court,2026-06-18 16:03:14,2026-06-19 19:00:00
R-135,Badminton Court,2026-06-18 16:13:41,2026-06-19 08:45:00
R-208,Gym,2026-06-18 16:14:23,2026-06-19 06:30:00
R-174,Badminton Court,2026-06-18 16:22:05,2026-06-19 07:45:00
R-121,Badminton Court,2026-06-18 16:34:30,2026-06-19 18:30:00
R-158,Gym,2026-06-18 16:43:03,2026-06-19 07:00:00
R-203,Gym,2026-06-18 17:25:25,2026-06-19 20:45:00
R-119,Gym,2026-06-18 17:26:04,2026-06-19 20:45:00
R-167,Gym,2026-06-18 17:31:04,2026-06-19 08:45:00
R-168,Gym,2026-06-18 17:44:52,2026-06-19 07:00:00
R-109,Gym,2026-06-18 18:01:36,2026-06-19 07:45:00
R-195,Clubhouse,2026-06-18 18:01:37,2026-06-19 18:45:00
R-152,Gym,2026-06-18 18:16:33,2026-06-19 08:00:00
R-125,Gym,2026-06-18 18:21:44,2026-06-19 19:30:00
R-118,Badminton Court,2026-06-18 18:39:57,2026-06-19 07:00:00
R-103,Clubhouse,2026-06-18 18:47:30,2026-06-19 08:00:00
R-116,Gym,2026-06-18 18:53:21,2026-06-19 06:15:00
R-156,Gym,2026-06-18 19:00:15,2026-06-19 08:15:00
R-172,Tennis Court,2026-06-18 19:19:43,2026-06-19 06:15:00
R-141,Badminton Court,2026-06-18 19:22:10,2026-06-19 18:30:00
R-123,Swimming Pool,2026-06-18 19:30:54,2026-06-19 06:00:00
R-212,Gym,2026-06-18 20:01:53,2026-06-19 06:30:00
R-136,Badminton Court,2026-06-18 20:34:55,2026-06-19 18:15:00
R-177,Tennis Court,2026-06-18 20:58:36,2026-06-21 18:15:00
R-112,Clubhouse,2026-06-18 21:41:51,2026-06-19 19:15:00
R-170,Badminton Court,2026-06-18 23:41:24,2026-06-19 20:45:00
R-215,Badminton Court,2026-06-19 00:07:55,2026-06-19 07:45:00
R-117,Tennis Court,2026-06-19 00:24:33,2026-06-19 10:30:00
R-196,Badminton Court,2026-06-19 02:03:07,2026-06-19 16:45:00
R-175,Tennis Court,2026-06-19 02:31:34,2026-06-20 18:15:00
R-100,Tennis Court,2026-06-19 03:35:47,2026-06-19 11:00:00
R-176,Clubhouse,2026-06-19 04:47:21,2026-06-19 10:00:00
R-198,Gym,2026-06-19 06:38:14,2026-06-20 07:00:00
R-153,Clubhouse,2026-06-19 06:45:37,2026-06-19 19:00:00
R-165,Gym,2026-06-19 06:45:50,2026-06-20 16:00:00
R-191,Swimming Pool,2026-06-19 07:31:38,2026-06-19 16:00:00
R-115,Tennis Court,2026-06-19 08:12:16,2026-06-20 08:00:00
R-111,Tennis Court,2026-06-19 09:41:03,2026-06-19 17:15:00
R-140,Clubhouse,2026-06-19 10:06:02,2026-06-19 17:30:00
R-114,Clubhouse,2026-06-19 11:51:32,2026-06-20 15:15:00
R-138,Tennis Court,2026-06-19 11:55:39,2026-06-21 08:00:00
R-155,Badminton Court,2026-06-19 12:08:53,2026-06-20 15:00:00
R-183,Tennis Court,2026-06-19 13:09:23,2026-06-20 07:15:00
R-135,Gym,2026-06-19 15:10:39,2026-06-20 07:00:00
R-118,Gym,2026-06-19 15:30:17,2026-06-20 08:30:00
R-154,Badminton Court,2026-06-19 15:36:08,2026-06-21 10:30:00
R-187,Gym,2026-06-19 16:18:19,2026-06-20 11:00:00
R-150,Gym,2026-06-19 17:06:37,2026-06-20 14:00:00
R-109,Badminton Court,2026-06-19 18:17:02,2026-06-20 08:45:00
R-207,Badminton Court,2026-06-19 18:19:43,2026-06-20 18:00:00
R-129,Clubhouse,2026-06-19 18:49:06,2026-06-20 18:45:00
R-146,Tennis Court,2026-06-19 19:28:52,2026-06-21 17:45:00
R-191,Badminton Court,2026-06-19 20:03:26,2026-06-20 07:00:00
R-167,Gym,2026-06-19 20:48:02,2026-06-20 06:30:00
R-178,Badminton Court,2026-06-19 21:00:02,2026-06-20 07:45:00
R-164,Gym,2026-06-19 22:09:02,2026-06-20 15:15:00
R-125,Gym,2026-06-19 22:26:52,2026-06-20 20:45:00
R-197,Tennis Court,2026-06-19 22:32:57,2026-06-21 07:15:00
R-126,Badminton Court,2026-06-19 22:34:46,2026-06-20 08:45:00
R-105,Badminton Court,2026-06-20 00:40:32,2026-06-20 18:00:00
R-152,Clubhouse,2026-06-20 01:09:02,2026-06-20 06:15:00
R-149,Clubhouse,2026-06-20 02:13:45,2026-06-20 10:00:00
R-122,Badminton Court,2026-06-20 02:37:29,2026-06-20 20:15:00
R-162,Gym,2026-06-20 03:40:33,2026-06-20 18:15:00
R-137,Tennis Court,2026-06-20 04:12:53,2026-06-20 11:45:00
R-181,Swimming Pool,2026-06-20 04:27:55,2026-06-20 10:15:00
R-208,Gym,2026-06-20 05:01:33,2026-06-20 19:45:00
R-131,Badminton Court,2026-06-20 05:44:14,2026-06-21 19:15:00
R-115,Badminton Court,2026-06-20 05:54:26,2026-06-21 17:30:00
R-100,Gym,2026-06-20 05:59:27,2026-06-20 17:30:00
R-140,Swimming Pool,2026-06-20 07:34:00,2026-06-20 15:45:00
R-205,Swimming Pool,2026-06-20 07:37:08,2026-06-20 16:45:00
R-216,Tennis Court,2026-06-20 07:37:47,2026-06-20 11:45:00
R-159,Clubhouse,2026-06-20 08:06:38,2026-06-20 19:45:00
R-160,Swimming Pool,2026-06-20 09:31:23,2026-06-20 13:30:00
R-104,Tennis Court,2026-06-20 09:33:52,2026-06-20 16:15:00
R-163,Swimming Pool,2026-06-20 09:35:07,2026-06-20 15:00:00
R-128,Gym,2026-06-20 09:49:04,2026-06-20 19:30:00
R-199,Swimming Pool,2026-06-20 09:50:09,2026-06-20 16:15:00
R-171,Swimming Pool,2026-06-20 10:02:23,2026-06-20 16:45:00
R-130,Tennis Court,2026-06-20 10:26:56,2026-06-21 17:00:00
R-139,Swimming Pool,2026-06-20 10:56:59,2026-06-20 17:15:00
R-211,Swimming Pool,2026-06-20 11:00:32,2026-06-20 16:30:00
R-151,Swimming Pool,2026-06-20 11:49:23,2026-06-20 16:00:00
R-218,Gym,2026-06-20 14:21:06,2026-06-21 08:15:00
R-120,Tennis Court,2026-06-20 15:27:43,2026-06-22 06:30:00
R-172,Gym,2026-06-20 15:37:23,2026-06-21 07:00:00
R-135,Gym,2026-06-20 15:47:31,2026-06-21 07:15:00
R-158,Gym,2026-06-20 16:23:35,2026-06-21 07:15:00
R-213,Badminton Court,2026-06-20 17:05:44,2026-06-22 12:15:00
R-150,Clubhouse,2026-06-20 17:28:02,2026-06-21 14:00:00
R-118,Swimming Pool,2026-06-20 17:48:30,2026-06-21 14:45:00
R-189,Gym,2026-06-20 18:18:15,2026-06-21 08:15:00
R-128,Gym,2026-06-20 18:34:05,2026-06-21 07:15:00
R-191,Tennis Court,2026-06-20 18:44:53,2026-06-21 11:30:00
R-124,Swimming Pool,2026-06-20 21:06:56,2026-06-21 18:45:00
R-202,Swimming Pool,2026-06-20 21:26:52,2026-06-21 15:30:00
R-217,Badminton Court,2026-06-20 21:33:40,2026-06-21 19:45:00
R-121,Clubhouse,2026-06-20 22:00:07,2026-06-21 14:00:00
R-154,Tennis Court,2026-06-20 22:05:43,2026-06-22 07:30:00
R-180,Badminton Court,2026-06-20 22:27:27,2026-06-22 06:00:00
R-122,Swimming Pool,2026-06-20 22:51:03,2026-06-21 19:15:00
R-162,Badminton Court,2026-06-20 23:34:04,2026-06-21 15:15:00
R-180,Badminton Court,2026-06-21 00:09:31,2026-06-21 20:15:00
R-155,Clubhouse,2026-06-21 00:11:43,2026-06-21 19:15:00
R-186,Clubhouse,2026-06-21 00:26:11,2026-06-21 11:30:00
R-177,Tennis Court,2026-06-21 00:32:47,2026-06-23 09:00:00
R-142,Badminton Court,2026-06-21 01:37:32,2026-06-21 19:00:00
R-164,Clubhouse,2026-06-21 01:57:55,2026-06-21 19:30:00
R-193,Clubhouse,2026-06-21 02:46:52,2026-06-21 14:00:00
R-133,Clubhouse,2026-06-21 02:53:29,2026-06-21 20:15:00
R-131,Badminton Court,2026-06-21 03:55:10,2026-06-22 20:15:00
R-125,Gym,2026-06-21 04:09:23,2026-06-22 07:15:00
R-192,Badminton Court,2026-06-21 04:16:05,2026-06-22 11:45:00
R-173,Tennis Court,2026-06-21 04:53:21,2026-06-22 18:00:00
R-139,Badminton Court,2026-06-21 04:57:37,2026-06-21 11:15:00
R-181,Swimming Pool,2026-06-21 05:12:31,2026-06-21 11:45:00
R-217,Badminton Court,2026-06-21 05:16:42,2026-06-22 18:30:00
R-149,Clubhouse,2026-06-21 05:34:52,2026-06-21 11:15:00
R-100,Badminton Court,2026-06-21 05:59:25,2026-06-21 19:30:00
R-103,Tennis Court,2026-06-21 06:08:57,2026-06-21 19:30:00
R-161,Gym,2026-06-21 06:14:50,2026-06-21 17:30:00
R-187,Badminton Court,2026-06-21 07:18:59,2026-06-21 19:15:00
R-205,Tennis Court,2026-06-21 08:24:07,2026-06-21 15:30:00
R-104,Clubhouse,2026-06-21 08:35:10,2026-06-21 16:15:00
R-133,Gym,2026-06-21 08:41:36,2026-06-22 15:45:00
R-151,Swimming Pool,2026-06-21 09:02:51,2026-06-21 16:00:00
R-216,Clubhouse,2026-06-21 09:16:47,2026-06-21 16:30:00
R-197,Tennis Court,2026-06-21 09:17:05,2026-06-23 07:15:00
R-170,Swimming Pool,2026-06-21 09:55:25,2026-06-22 15:30:00
R-176,Swimming Pool,2026-06-21 10:01:14,2026-06-21 15:45:00
R-199,Badminton Court,2026-06-21 10:07:21,2026-06-21 16:30:00
R-182,Tennis Court,2026-06-21 10:43:07,2026-06-21 17:30:00
R-143,Tennis Court,2026-06-21 11:09:45,2026-06-21 16:15:00
R-185,Gym,2026-06-21 11:24:28,2026-06-21 17:30:00
R-154,Tennis Court,2026-06-21 11:53:52,2026-06-23 18:15:00
R-206,Clubhouse,2026-06-21 13:09:24,2026-06-22 07:00:00
R-209,Clubhouse,2026-06-21 13:27:23,2026-06-21 17:45:00
R-148,Swimming Pool,2026-06-21 13:42:24,2026-06-21 17:30:00
R-127,Tennis Court,2026-06-21 13:51:07,2026-06-22 11:30:00
R-135,Badminton Court,2026-06-21 14:31:39,2026-06-22 08:30:00
R-101,Gym,2026-06-21 14:59:48,2026-06-22 08:00:00
R-167,Swimming Pool,2026-06-21 15:37:30,2026-06-22 07:15:00
R-152,Tennis Court,2026-06-21 15:40:45,2026-06-22 08:30:00
R-195,Clubhouse,2026-06-21 16:01:15,2026-06-22 20:15:00
R-196,Gym,2026-06-21 16:03:24,2026-06-22 20:15:00
R-109,Gym,2026-06-21 16:07:09,2026-06-22 06:30:00
R-105,Tennis Court,2026-06-21 16:15:39,2026-06-22 20:15:00
R-198,Gym,2026-06-21 16:18:00,2026-06-23 08:00:00
R-172,Tennis Court,2026-06-21 16:30:09,2026-06-22 07:15:00
R-208,Gym,2026-06-21 16:34:44,2026-06-22 06:45:00
R-128,Gym,2026-06-21 16:40:40,2026-06-22 08:15:00
R-107,Badminton Court,2026-06-21 16:43:42,2026-06-22 18:00:00
R-175,Tennis Court,2026-06-21 16:46:12,2026-06-23 08:00:00
R-106,Badminton Court,2026-06-21 17:10:00,2026-06-22 18:15:00
R-132,Gym,2026-06-21 17:40:28,2026-06-23 08:00:00
R-174,Clubhouse,2026-06-21 17:53:06,2026-06-22 13:15:00
R-168,Gym,2026-06-21 18:14:55,2026-06-22 07:15:00
R-212,Gym,2026-06-21 18:34:59,2026-06-22 06:15:00
R-204,Badminton Court,2026-06-21 19:08:37,2026-06-22 11:00:00
R-166,Badminton Court,2026-06-21 19:20:09,2026-06-22 08:45:00
R-118,Clubhouse,2026-06-21 19:34:50,2026-06-22 08:30:00
R-203,Badminton Court,2026-06-21 19:42:59,2026-06-22 18:30:00
R-165,Badminton Court,2026-06-21 19:56:41,2026-06-22 10:15:00
R-145,Gym,2026-06-21 20:10:01,2026-06-22 08:30:00
R-141,Badminton Court,2026-06-21 20:24:35,2026-06-22 18:15:00
R-155,Badminton Court,2026-06-21 20:48:42,2026-06-22 15:45:00
R-123,Gym,2026-06-21 20:55:58,2026-06-22 08:00:00
R-136,Badminton Court,2026-06-21 21:28:33,2026-06-22 20:45:00
R-156,Clubhouse,2026-06-21 21:35:17,2026-06-22 07:45:00
R-158,Tennis Court,2026-06-21 21:46:44,2026-06-22 07:30:00
R-119,Tennis Court,2026-06-21 22:07:47,2026-06-22 19:45:00
R-117,Gym,2026-06-21 22:41:04,2026-06-22 09:45:00
R-110,Gym,2026-06-21 22:42:19,2026-06-22 07:30:00
R-116,Gym,2026-06-21 23:13:43,2026-06-22 08:30:00
R-187,Gym,2026-06-21 23:55:57,2026-06-22 08:45:00
R-162,Badminton Court,2026-06-22 00:37:17,2026-06-22 18:00:00
R-119,Badminton Court,2026-06-22 00:45:24,2026-06-23 19:00:00
R-217,Gym,2026-06-22 00:48:02,2026-06-23 08:45:00
R-188,Clubhouse,2026-06-22 01:25:04,2026-06-22 09:15:00
R-102,Tennis Court,2026-06-22 01:25:32,2026-06-22 12:30:00
R-115,Tennis Court,2026-06-22 02:34:58,2026-06-23 08:00:00
R-200,Clubhouse,2026-06-22 02:58:11,2026-06-22 17:45:00
R-210,Gym,2026-06-22 03:16:01,2026-06-23 17:15:00
R-125,Badminton Court,2026-06-22 04:13:56,2026-06-23 09:45:00
R-104,Swimming Pool,2026-06-22 04:15:57,2026-06-22 11:15:00
R-103,Tennis Court,2026-06-22 04:19:49,2026-06-22 11:30:00
R-131,Gym,2026-06-22 06:26:14,2026-06-23 18:00:00
R-100,Tennis Court,2026-06-22 07:03:41,2026-06-22 21:00:00
R-196,Badminton Court,2026-06-22 07:09:05,2026-06-23 20:00:00
R-201,Swimming Pool,2026-06-22 07:28:00,2026-06-22 17:15:00
R-120,Badminton Court,2026-06-22 08:14:56,2026-06-23 18:00:00
R-195,Badminton Court,2026-06-22 08:20:28,2026-06-23 18:45:00
R-179,Tennis Court,2026-06-22 08:29:48,2026-06-22 16:45:00
R-160,Swimming Pool,2026-06-22 08:58:21,2026-06-22 15:45:00
R-184,Swimming Pool,2026-06-22 09:41:48,2026-06-22 19:45:00
R-102,Gym,2026-06-22 11:46:05,2026-06-23 06:00:00
R-141,Badminton Court,2026-06-22 12:15:02,2026-06-23 18:30:00
R-142,Badminton Court,2026-06-22 12:27:55,2026-06-23 18:45:00
R-170,Badminton Court,2026-06-22 12:32:38,2026-06-23 19:00:00
R-145,Swimming Pool,2026-06-22 12:33:26,2026-06-23 08:45:00
R-163,Swimming Pool,2026-06-22 13:01:14,2026-06-22 16:45:00
R-158,Gym,2026-06-22 13:26:54,2026-06-23 08:30:00
R-203,Gym,2026-06-22 13:40:33,2026-06-23 19:45:00
R-200,Gym,2026-06-22 14:06:15,2026-06-23 07:00:00
R-189,Badminton Court,2026-06-22 14:26:13,2026-06-23 07:45:00
R-118,Gym,2026-06-22 14:26:23,2026-06-23 08:00:00
R-123,Swimming Pool,2026-06-22 14:33:14,2026-06-23 06:45:00
R-197,Badminton Court,2026-06-22 15:23:32,2026-06-25 08:45:00
R-135,Gym,2026-06-22 16:01:49,2026-06-23 08:30:00
R-180,Badminton Court,2026-06-22 16:18:17,2026-06-23 20:00:00
R-206,Gym,2026-06-22 16:25:06,2026-06-23 06:45:00
R-152,Badminton Court,2026-06-22 16:29:31,2026-06-23 07:15:00
R-168,Gym,2026-06-22 16:30:20,2026-06-23 07:15:00
R-150,Clubhouse,2026-06-22 17:14:07,2026-06-23 14:30:00
R-144,Gym,2026-06-22 17:38:05,2026-06-23 08:30:00
R-107,Badminton Court,2026-06-22 17:54:48,2026-06-23 18:45:00
R-178,Swimming Pool,2026-06-22 18:53:48,2026-06-23 07:30:00
R-208,Gym,2026-06-22 18:57:27,2026-06-23 06:00:00
R-184,Clubhouse,2026-06-22 19:06:15,2026-06-23 07:00:00
R-173,Badminton Court,2026-06-22 19:14:03,2026-06-23 18:30:00
R-218,Clubhouse,2026-06-22 19:18:58,2026-06-23 08:15:00
R-113,Gym,2026-06-22 19:25:18,2026-06-23 07:30:00
R-126,Tennis Court,2026-06-22 19:51:56,2026-06-23 08:15:00
R-106,Badminton Court,2026-06-22 20:18:02,2026-06-23 19:45:00
R-136,Gym,2026-06-22 21:14:15,2026-06-23 19:30:00
R-172,Clubhouse,2026-06-22 21:39:31,2026-06-23 08:15:00
R-187,Gym,2026-06-22 21:41:48,2026-06-23 08:45:00
R-156,Swimming Pool,2026-06-22 21:50:27,2026-06-23 08:45:00
R-101,Gym,2026-06-22 22:16:51,2026-06-23 13:00:00
R-128,Badminton Court,2026-06-22 23:12:02,2026-06-23 08:45:00
R-192,Badminton Court,2026-06-22 23:16:26,2026-06-23 20:45:00
R-207,Badminton Court,2026-06-22 23:25:19,2026-06-23 19:30:00
R-212,Gym,2026-06-23 00:13:26,2026-06-23 08:15:00
R-108,Swimming Pool,2026-06-23 01:00:46,2026-06-23 07:15:00
R-111,Swimming Pool,2026-06-23 01:31:45,2026-06-23 07:30:00
R-174,Gym,2026-06-23 01:33:19,2026-06-23 07:45:00
R-110,Swimming Pool,2026-06-23 03:16:56,2026-06-23 17:15:00
R-165,Badminton Court,2026-06-23 03:34:11,2026-06-24 20:45:00
R-154,Tennis Court,2026-06-23 03:44:31,2026-06-25 07:00:00
R-153,Swimming Pool,2026-06-23 04:54:02,2026-06-23 17:15:00
R-203,Badminton Court,2026-06-23 05:20:47,2026-06-24 18:15:00
R-180,Badminton Court,2026-06-23 05:42:05,2026-06-24 20:45:00
R-196,Badminton Court,2026-06-23 05:52:15,2026-06-24 20:00:00
R-146,Tennis Court,2026-06-23 06:05:48,2026-06-25 17:15:00
R-173,Swimming Pool,2026-06-23 06:23:17,2026-06-24 20:30:00
R-147,Gym,2026-06-23 06:41:49,2026-06-23 14:15:00
R-191,Tennis Court,2026-06-23 06:42:53,2026-06-23 19:45:00
R-181,Swimming Pool,2026-06-23 07:37:28,2026-06-23 10:45:00
R-107,Clubhouse,2026-06-23 08:49:58,2026-06-24 19:00:00
R-207,Badminton Court,2026-06-23 08:59:27,2026-06-24 18:15:00
R-105,Badminton Court,2026-06-23 09:45:38,2026-06-24 18:30:00
R-179,Swimming Pool,2026-06-23 10:23:53,2026-06-23 15:15:00
R-199,Swimming Pool,2026-06-23 10:31:44,2026-06-23 15:45:00
R-195,Badminton Court,2026-06-23 10:47:48,2026-06-24 19:15:00
R-169,Swimming Pool,2026-06-23 11:04:44,2026-06-23 19:45:00
R-177,Tennis Court,2026-06-23 11:50:00,2026-06-25 17:15:00
R-109,Gym,2026-06-23 12:26:57,2026-06-24 06:15:00
R-147,Clubhouse,2026-06-23 12:31:41,2026-06-24 08:45:00
R-123,Gym,2026-06-23 13:24:53,2026-06-24 08:00:00
R-158,Gym,2026-06-23 13:43:12,2026-06-24 06:00:00
R-213,Gym,2026-06-23 14:13:30,2026-06-24 19:30:00
R-156,Badminton Court,2026-06-23 14:14:01,2026-06-24 07:00:00
R-117,Badminton Court,2026-06-23 15:06:45,2026-06-24 07:00:00
R-120,Badminton Court,2026-06-23 15:25:14,2026-06-24 18:15:00
R-168,Gym,2026-06-23 15:27:34,2026-06-24 08:30:00
R-189,Clubhouse,2026-06-23 15:57:18,2026-06-24 06:30:00
R-103,Gym,2026-06-23 16:09:26,2026-06-24 07:30:00
R-183,Badminton Court,2026-06-23 16:27:26,2026-06-24 19:00:00
R-206,Gym,2026-06-23 16:30:50,2026-06-24 07:00:00
R-133,Swimming Pool,2026-06-23 16:52:19,2026-06-24 18:15:00
R-208,Badminton Court,2026-06-23 16:58:03,2026-06-24 08:00:00
R-217,Badminton Court,2026-06-23 17:03:46,2026-06-24 20:45:00
R-215,Tennis Court,2026-06-23 17:10:14,2026-06-24 09:15:00
R-130,Gym,2026-06-23 17:19:58,2026-06-25 12:00:00
R-135,Gym,2026-06-23 17:38:59,2026-06-24 08:45:00
R-102,Swimming Pool,2026-06-23 17:45:05,2026-06-24 08:15:00
R-144,Gym,2026-06-23 18:03:52,2026-06-24 08:15:00
R-101,Gym,2026-06-23 18:08:20,2026-06-24 06:15:00
R-145,Badminton Court,2026-06-23 18:18:30,2026-06-24 08:00:00
R-170,Badminton Court,2026-06-23 18:19:39,2026-06-24 19:15:00
R-141,Clubhouse,2026-06-23 18:36:38,2026-06-24 18:45:00
R-136,Swimming Pool,2026-06-23 18:37:38,2026-06-24 19:30:00
R-212,Clubhouse,2026-06-23 18:41:21,2026-06-24 07:30:00
R-152,Badminton Court,2026-06-23 18:50:12,2026-06-24 10:30:00
R-157,Gym,2026-06-23 18:54:05,2026-06-25 07:30:00
R-194,Gym,2026-06-23 18:56:32,2026-06-24 07:30:00
R-113,Tennis Court,2026-06-23 19:12:10,2026-06-24 06:30:00
R-116,Tennis Court,2026-06-23 19:37:08,2026-06-24 08:15:00
R-118,Gym,2026-06-23 19:39:57,2026-06-24 08:30:00
R-186,Tennis Court,2026-06-23 19:48:12,2026-06-24 08:30:00
R-119,Badminton Court,2026-06-23 20:04:46,2026-06-24 20:15:00
R-128,Gym,2026-06-23 20:11:31,2026-06-24 08:45:00
R-204,Gym,2026-06-23 22:17:10,2026-06-24 08:30:00
R-131,Swimming Pool,2026-06-23 22:50:20,2026-06-24 20:15:00
R-192,Badminton Court,2026-06-23 23:29:01,2026-06-24 20:00:00
R-167,Gym,2026-06-23 23:39:44,2026-06-24 08:00:00
R-207,Badminton Court,2026-06-24 00:37:32,2026-06-25 20:00:00
R-140,Swimming Pool,2026-06-24 01:05:44,2026-06-24 09:00:00
R-142,Badminton Court,2026-06-24 01:22:23,2026-06-25 08:45:00
R-213,Badminton Court,2026-06-24 04:41:52,2026-06-25 16:15:00
R-171,Tennis Court,2026-06-24 05:10:57,2026-06-24 10:45:00
R-166,Badminton Court,2026-06-24 06:11:42,2026-06-24 17:00:00
R-187,Gym,2026-06-24 06:37:18,2026-06-24 17:15:00
R-172,Gym,2026-06-24 07:05:20,2026-06-24 16:45:00
R-105,Badminton Court,2026-06-24 07:34:04,2026-06-25 18:45:00
R-126,Swimming Pool,2026-06-24 10:00:09,2026-06-24 17:00:00
R-190,Clubhouse,2026-06-24 11:38:28,2026-06-24 19:00:00
R-192,Badminton Court,2026-06-24 11:48:37,2026-06-25 19:30:00
R-141,Clubhouse,2026-06-24 12:04:46,2026-06-25 11:30:00
R-203,Clubhouse,2026-06-24 12:16:33,2026-06-25 18:15:00
R-189,Tennis Court,2026-06-24 12:18:06,2026-06-25 06:45:00
R-172,Gym,2026-06-24 12:22:20,2026-06-25 06:45:00
R-147,Clubhouse,2026-06-24 12:27:11,2026-06-25 06:00:00
R-164,Clubhouse,2026-06-24 12:34:02,2026-06-25 13:30:00
R-145,Gym,2026-06-24 13:56:45,2026-06-25 06:15:00
R-168,Clubhouse,2026-06-24 14:07:51,2026-06-25 07:30:00
R-156,Gym,2026-06-24 14:16:04,2026-06-25 06:15:00
R-202,Clubhouse,2026-06-24 15:04:45,2026-06-25 11:00:00
R-117,Swimming Pool,2026-06-24 15:14:40,2026-06-25 07:45:00
R-132,Tennis Court,2026-06-24 15:18:08,2026-06-25 20:45:00
R-135,Clubhouse,2026-06-24 15:18:49,2026-06-25 07:30:00
R-125,Badminton Court,2026-06-24 15:22:21,2026-06-25 19:15:00
R-170,Gym,2026-06-24 15:42:20,2026-06-25 20:00:00
R-102,Gym,2026-06-24 16:23:04,2026-06-25 07:15:00
R-136,Badminton Court,2026-06-24 16:24:22,2026-06-25 20:15:00
R-107,Gym,2026-06-24 16:27:24,2026-06-25 18:00:00
R-106,Gym,2026-06-24 16:51:59,2026-06-25 20:45:00
R-101,Gym,2026-06-24 16:57:15,2026-06-25 08:45:00
R-212,Gym,2026-06-24 17:04:34,2026-06-25 06:15:00
R-174,Tennis Court,2026-06-24 17:11:36,2026-06-25 06:00:00
R-120,Badminton Court,2026-06-24 17:30:15,2026-06-25 19:15:00
R-119,Gym,2026-06-24 17:40:43,2026-06-25 20:45:00
R-118,Gym,2026-06-24 17:52:39,2026-06-25 07:00:00
R-113,Gym,2026-06-24 17:57:42,2026-06-25 08:30:00
R-208,Gym,2026-06-24 18:12:28,2026-06-25 07:00:00
R-173,Badminton Court,2026-06-24 18:21:35,2026-06-25 18:00:00
R-219,Swimming Pool,2026-06-24 18:29:12,2026-06-25 18:00:00
R-183,Badminton Court,2026-06-24 18:55:10,2026-06-25 18:15:00
R-111,Gym,2026-06-24 19:59:00,2026-06-25 08:30:00
R-217,Clubhouse,2026-06-24 20:14:35,2026-06-25 20:45:00
R-128,Tennis Court,2026-06-24 20:39:21,2026-06-25 08:45:00
R-196,Badminton Court,2026-06-24 21:12:47,2026-06-25 20:45:00
R-188,Swimming Pool,2026-06-24 21:27:01,2026-06-25 17:45:00
R-165,Badminton Court,2026-06-24 21:45:38,2026-06-25 20:00:00
R-203,Tennis Court,2026-06-24 21:58:32,2026-06-26 19:00:00
R-108,Gym,2026-06-24 22:17:32,2026-06-25 11:00:00
R-144,Gym,2026-06-24 22:29:39,2026-06-25 08:45:00
R-116,Tennis Court,2026-06-24 22:49:09,2026-06-25 14:30:00
R-165,Badminton Court,2026-06-24 23:04:12,2026-06-26 17:45:00
R-195,Badminton Court,2026-06-24 23:18:04,2026-06-26 09:30:00
R-206,Gym,2026-06-25 00:33:33,2026-06-25 08:00:00
R-219,Tennis Court,2026-06-25 00:34:20,2026-06-27 06:15:00
R-158,Gym,2026-06-25 01:08:51,2026-06-25 11:30:00
R-103,Clubhouse,2026-06-25 01:11:15,2026-06-25 11:15:00
R-154,Tennis Court,2026-06-25 01:17:49,2026-06-27 17:45:00
R-110,Badminton Court,2026-06-25 01:32:43,2026-06-25 17:00:00
R-123,Clubhouse,2026-06-25 01:51:04,2026-06-25 17:30:00
R-187,Swimming Pool,2026-06-25 01:59:37,2026-06-25 11:15:00
R-167,Gym,2026-06-25 02:52:20,2026-06-25 11:45:00
R-136,Gym,2026-06-25 03:19:20,2026-06-26 08:45:00
R-120,Tennis Court,2026-06-25 04:00:48,2026-06-26 19:45:00
R-148,Swimming Pool,2026-06-25 04:03:54,2026-06-25 11:15:00
R-157,Tennis Court,2026-06-25 04:22:39,2026-06-27 18:30:00
R-199,Clubhouse,2026-06-25 04:51:55,2026-06-25 11:00:00
R-215,Swimming Pool,2026-06-25 05:28:40,2026-06-25 11:00:00
R-146,Badminton Court,2026-06-25 06:21:39,2026-06-27 08:15:00
R-153,Gym,2026-06-25 06:54:04,2026-06-25 18:00:00
R-183,Badminton Court,2026-06-25 07:31:46,2026-06-26 20:00:00
R-106,Badminton Court,2026-06-25 08:47:16,2026-06-26 20:45:00
R-161,Clubhouse,2026-06-25 08:57:49,2026-06-25 17:00:00
R-121,Clubhouse,2026-06-25 09:21:51,2026-06-26 14:30:00
R-113,Gym,2026-06-25 10:14:13,2026-06-26 06:30:00
R-126,Tennis Court,2026-06-25 10:33:44,2026-06-25 17:45:00
R-174,Gym,2026-06-25 10:57:33,2026-06-26 06:45:00
R-139,Gym,2026-06-25 12:48:38,2026-06-25 17:30:00
R-214,Swimming Pool,2026-06-25 13:02:40,2026-06-26 14:15:00
R-176,Clubhouse,2026-06-25 13:21:33,2026-06-25 16:30:00
R-179,Gym,2026-06-25 13:30:09,2026-06-25 19:00:00
R-141,Badminton Court,2026-06-25 13:43:59,2026-06-26 20:45:00
R-119,Tennis Court,2026-06-25 13:46:32,2026-06-26 20:45:00
R-135,Swimming Pool,2026-06-25 14:33:48,2026-06-26 07:45:00
R-101,Gym,2026-06-25 14:41:12,2026-06-26 06:00:00
R-213,Badminton Court,2026-06-25 15:00:25,2026-06-26 18:30:00
R-123,Gym,2026-06-25 15:02:44,2026-06-26 06:15:00
R-198,Clubhouse,2026-06-25 15:07:42,2026-06-27 07:15:00
R-107,Clubhouse,2026-06-25 15:29:22,2026-06-26 07:30:00
R-116,Gym,2026-06-25 15:45:29,2026-06-26 07:00:00
R-131,Badminton Court,2026-06-25 16:08:03,2026-06-26 20:45:00
R-189,Gym,2026-06-25 16:20:08,2026-06-26 07:45:00
R-197,Tennis Court,2026-06-25 16:29:31,2026-06-27 18:45:00
R-196,Badminton Court,2026-06-25 16:41:33,2026-06-26 21:30:00
R-102,Gym,2026-06-25 16:43:39,2026-06-26 08:15:00
R-206,Gym,2026-06-25 16:56:28,2026-06-26 08:15:00
R-125,Badminton Court,2026-06-25 17:00:52,2026-06-26 18:30:00
R-177,Tennis Court,2026-06-25 17:01:08,2026-06-27 10:30:00
R-118,Clubhouse,2026-06-25 17:18:03,2026-06-26 06:30:00
R-158,Gym,2026-06-25 17:54:36,2026-06-26 06:00:00
R-147,Gym,2026-06-25 18:03:16,2026-06-26 06:30:00
R-156,Gym,2026-06-25 18:13:16,2026-06-26 08:45:00
R-138,Tennis Court,2026-06-25 18:13:20,2026-06-27 08:15:00
R-100,Tennis Court,2026-06-25 18:30:04,2026-06-26 11:15:00
R-166,Tennis Court,2026-06-25 18:35:31,2026-06-26 07:30:00
R-138,Badminton Court,2026-06-25 18:58:56,2026-06-28 08:15:00
R-117,Gym,2026-06-25 19:11:38,2026-06-26 11:30:00
R-109,Clubhouse,2026-06-25 19:16:21,2026-06-26 08:45:00
R-192,Gym,2026-06-25 19:53:49,2026-06-26 19:00:00
R-152,Gym,2026-06-25 20:35:47,2026-06-26 07:30:00
R-173,Clubhouse,2026-06-25 20:52:16,2026-06-26 19:15:00
R-132,Gym,2026-06-25 20:57:56,2026-06-28 08:45:00
R-168,Gym,2026-06-25 21:07:27,2026-06-26 07:00:00
R-215,Badminton Court,2026-06-25 21:17:27,2026-06-26 11:15:00
R-112,Clubhouse,2026-06-25 21:26:57,2026-06-26 15:15:00
R-212,Gym,2026-06-25 21:43:51,2026-06-26 08:30:00
R-191,Badminton Court,2026-06-25 22:21:35,2026-06-26 10:30:00
R-114,Clubhouse,2026-06-25 22:24:55,2026-06-26 18:30:00
R-170,Badminton Court,2026-06-25 22:40:19,2026-06-26 19:00:00
R-217,Badminton Court,2026-06-25 22:44:09,2026-06-26 18:30:00
R-208,Badminton Court,2026-06-25 23:01:49,2026-06-26 08:45:00
R-142,Badminton Court,2026-06-25 23:11:12,2026-06-26 18:45:00
R-103,Swimming Pool,2026-06-25 23:38:14,2026-06-26 11:15:00
R-210,Tennis Court,2026-06-26 00:23:22,2026-06-28 08:45:00
R-132,Tennis Court,2026-06-26 01:01:32,2026-06-27 17:00:00
R-127,Gym,2026-06-26 01:14:25,2026-06-26 11:30:00
R-199,Swimming Pool,2026-06-26 01:34:29,2026-06-26 10:15:00
R-164,Badminton Court,2026-06-26 02:39:55,2026-06-26 21:45:00
R-144,Badminton Court,2026-06-26 03:17:48,2026-06-26 08:45:00
R-154,Tennis Court,2026-06-26 04:00:36,2026-06-28 07:15:00
R-125,Badminton Court,2026-06-26 04:22:26,2026-06-27 20:00:00
R-149,Gym,2026-06-26 05:32:51,2026-06-26 10:30:00
R-145,Gym,2026-06-26 05:56:48,2026-06-26 17:00:00
R-187,Swimming Pool,2026-06-26 06:11:13,2026-06-26 19:45:00
R-200,Badminton Court,2026-06-26 06:12:26,2026-06-26 19:15:00
R-151,Gym,2026-06-26 06:27:30,2026-06-26 10:45:00
R-204,Badminton Court,2026-06-26 07:44:04,2026-06-26 19:45:00
R-186,Swimming Pool,2026-06-26 07:55:08,2026-06-26 19:00:00
R-216,Clubhouse,2026-06-26 09:05:13,2026-06-26 15:15:00
R-141,Badminton Court,2026-06-26 09:15:28,2026-06-27 19:45:00
R-116,Badminton Court,2026-06-26 11:20:39,2026-06-27 07:45:00
R-205,Swimming Pool,2026-06-26 11:50:12,2026-06-26 18:15:00
R-194,Gym,2026-06-26 12:07:35,2026-06-26 19:30:00
R-130,Clubhouse,2026-06-26 13:02:44,2026-06-28 08:30:00
R-121,Clubhouse,2026-06-26 13:48:47,2026-06-27 13:30:00
R-110,Swimming Pool,2026-06-26 14:56:54,2026-06-26 19:15:00
R-175,Gym,2026-06-26 15:37:33,2026-06-27 17:45:00
R-147,Gym,2026-06-26 15:45:20,2026-06-27 06:30:00
R-135,Gym,2026-06-26 16:19:01,2026-06-27 07:00:00
R-159,Clubhouse,2026-06-26 17:54:04,2026-06-27 14:45:00
R-108,Gym,2026-06-26 17:59:46,2026-06-27 07:15:00
R-155,Gym,2026-06-26 18:46:24,2026-06-27 19:15:00
R-103,Swimming Pool,2026-06-26 19:10:14,2026-06-27 08:15:00
R-117,Gym,2026-06-26 19:31:39,2026-06-27 07:45:00
R-118,Gym,2026-06-26 19:36:17,2026-06-27 07:00:00
R-124,Swimming Pool,2026-06-26 20:51:31,2026-06-27 14:00:00
R-195,Tennis Court,2026-06-26 22:13:33,2026-06-27 18:30:00
R-177,Tennis Court,2026-06-26 23:11:23,2026-06-28 17:00:00
R-100,Clubhouse,2026-06-26 23:30:20,2026-06-27 08:30:00
R-131,Badminton Court,2026-06-27 00:07:17,2026-06-27 20:00:00
R-129,Clubhouse,2026-06-27 00:11:11,2026-06-27 18:00:00
R-112,Swimming Pool,2026-06-27 00:15:31,2026-06-27 20:45:00
R-170,Badminton Court,2026-06-27 00:30:48,2026-06-28 09:45:00
R-120,Badminton Court,2026-06-27 01:14:34,2026-06-27 20:45:00
R-215,Swimming Pool,2026-06-27 01:36:41,2026-06-27 08:15:00
R-212,Gym,2026-06-27 02:29:46,2026-06-27 14:30:00
R-142,Badminton Court,2026-06-27 02:44:44,2026-06-28 18:15:00
R-111,Tennis Court,2026-06-27 03:02:57,2026-06-27 17:45:00
R-156,Tennis Court,2026-06-27 03:15:00,2026-06-27 19:45:00
R-104,Badminton Court,2026-06-27 03:36:48,2026-06-27 10:45:00
R-151,Swimming Pool,2026-06-27 03:46:48,2026-06-27 10:45:00
R-175,Tennis Court,2026-06-27 03:55:05,2026-06-28 13:45:00
R-201,Badminton Court,2026-06-27 04:08:46,2026-06-27 12:15:00
R-199,Swimming Pool,2026-06-27 04:09:12,2026-06-27 10:30:00
R-114,Badminton Court,2026-06-27 04:16:43,2026-06-27 20:00:00
R-160,Swimming Pool,2026-06-27 05:29:19,2026-06-27 12:45:00
R-176,Swimming Pool,2026-06-27 06:07:14,2026-06-27 11:30:00
R-110,Clubhouse,2026-06-27 06:17:24,2026-06-27 19:30:00
R-185,Tennis Court,2026-06-27 06:44:18,2026-06-27 13:30:00
R-149,Swimming Pool,2026-06-27 08:25:03,2026-06-27 15:15:00
R-211,Swimming Pool,2026-06-27 08:36:47,2026-06-27 17:15:00
R-171,Clubhouse,2026-06-27 08:39:41,2026-06-27 16:15:00
R-200,Badminton Court,2026-06-27 08:45:07,2026-06-27 19:45:00
R-163,Clubhouse,2026-06-27 09:30:27,2026-06-27 17:15:00
R-205,Swimming Pool,2026-06-27 09:49:20,2026-06-27 16:30:00
R-143,Tennis Court,2026-06-27 10:08:53,2026-06-27 17:45:00
R-209,Clubhouse,2026-06-27 10:20:06,2026-06-27 16:00:00
R-216,Swimming Pool,2026-06-27 10:30:46,2026-06-27 15:00:00
R-148,Clubhouse,2026-06-27 10:31:51,2026-06-27 16:00:00
R-140,Gym,2026-06-27 10:48:30,2026-06-27 16:45:00
R-129,Clubhouse,2026-06-27 10:51:09,2026-06-28 14:00:00
R-141,Badminton Court,2026-06-27 11:46:05,2026-06-28 20:00:00
R-121,Tennis Court,2026-06-27 12:07:06,2026-06-28 15:00:00
R-110,Badminton Court,2026-06-27 12:57:53,2026-06-28 07:30:00
R-114,Gym,2026-06-27 13:40:28,2026-06-28 18:15:00
R-124,Clubhouse,2026-06-27 13:51:52,2026-06-28 14:30:00
R-206,Gym,2026-06-27 14:49:23,2026-06-28 06:30:00
R-113,Gym,2026-06-27 15:21:31,2026-06-28 07:30:00
R-123,Gym,2026-06-27 15:41:21,2026-06-28 06:45:00
R-146,Clubhouse,2026-06-27 16:57:14,2026-06-28 18:30:00
R-184,Badminton Court,2026-06-27 16:59:06,2026-06-28 10:00:00
R-135,Tennis Court,2026-06-27 17:05:28,2026-06-28 07:45:00
R-144,Gym,2026-06-27 17:08:59,2026-06-28 06:30:00
R-200,Tennis Court,2026-06-27 19:38:08,2026-06-28 07:00:00
R-172,Gym,2026-06-27 20:00:05,2026-06-28 06:00:00
R-183,Badminton Court,2026-06-27 20:38:20,2026-06-29 18:45:00
R-125,Badminton Court,2026-06-27 20:48:19,2026-06-28 18:45:00
R-178,Badminton Court,2026-06-27 20:50:15,2026-06-28 11:30:00
R-100,Tennis Court,2026-06-27 20:55:45,2026-06-28 11:30:00
R-153,Badminton Court,2026-06-27 20:57:43,2026-06-28 07:15:00
R-201,Gym,2026-06-27 21:22:46,2026-06-28 07:15:00
R-162,Clubhouse,2026-06-27 21:58:41,2026-06-28 15:30:00
R-168,Gym,2026-06-27 22:07:07,2026-06-28 06:00:00
R-147,Tennis Court,2026-06-27 22:45:35,2026-06-28 08:00:00
R-164,Swimming Pool,2026-06-27 23:03:22,2026-06-28 14:45:00
R-108,Badminton Court,2026-06-27 23:35:22,2026-06-28 11:15:00
R-193,Clubhouse,2026-06-28 00:38:11,2026-06-28 19:15:00
R-149,Clubhouse,2026-06-28 01:11:56,2026-06-28 10:00:00
R-163,Clubhouse,2026-06-28 02:02:04,2026-06-28 06:45:00
R-148,Swimming Pool,2026-06-28 02:08:42,2026-06-28 08:45:00
R-199,Tennis Court,2026-06-28 03:54:06,2026-06-28 10:15:00
R-134,Clubhouse,2026-06-28 04:12:53,2026-06-28 11:30:00
R-119,Badminton Court,2026-06-28 04:25:03,2026-06-29 20:00:00
R-128,Gym,2026-06-28 04:27:18,2026-06-28 19:15:00
R-171,Swimming Pool,2026-06-28 04:57:49,2026-06-28 10:30:00
R-151,Gym,2026-06-28 05:41:55,2026-06-28 09:45:00
R-150,Clubhouse,2026-06-28 06:34:10,2026-06-28 18:45:00
R-111,Clubhouse,2026-06-28 06:40:18,2026-06-28 17:30:00
R-142,Gym,2026-06-28 07:10:07,2026-06-29 19:45:00
R-181,Swimming Pool,2026-06-28 07:25:01,2026-06-28 15:30:00
R-104,Swimming Pool,2026-06-28 07:34:33,2026-06-28 15:45:00
R-182,Clubhouse,2026-06-28 07:37:48,2026-06-28 16:00:00
R-139,Swimming Pool,2026-06-28 08:06:03,2026-06-28 16:30:00
R-215,Clubhouse,2026-06-28 08:24:29,2026-06-28 19:30:00
R-127,Swimming Pool,2026-06-28 09:37:57,2026-06-28 19:45:00
R-216,Clubhouse,2026-06-28 10:00:33,2026-06-28 17:00:00
R-143,Swimming Pool,2026-06-28 10:01:02,2026-06-28 15:15:00
R-211,Clubhouse,2026-06-28 10:08:26,2026-06-28 15:45:00
R-210,Tennis Court,2026-06-28 10:09:08,2026-06-29 17:45:00
R-179,Swimming Pool,2026-06-28 10:17:28,2026-06-28 15:45:00
R-170,Gym,2026-06-28 10:24:31,2026-06-29 20:30:00
R-123,Gym,2026-06-28 10:26:47,2026-06-29 06:00:00
R-217,Badminton Court,2026-06-28 10:57:00,2026-06-29 18:00:00
R-180,Badminton Court,2026-06-28 11:12:26,2026-06-29 20:30:00
R-204,Badminton Court,2026-06-28 11:20:02,2026-06-28 20:15:00
R-213,Badminton Court,2026-06-28 11:47:54,2026-06-29 19:15:00
R-160,Clubhouse,2026-06-28 12:01:41,2026-06-28 17:00:00
R-117,Gym,2026-06-28 13:28:14,2026-06-29 08:45:00
R-118,Swimming Pool,2026-06-28 14:52:16,2026-06-29 06:45:00
R-105,Badminton Court,2026-06-28 15:52:58,2026-06-29 20:00:00
R-203,Badminton Court,2026-06-28 15:56:46,2026-06-29 12:45:00
R-174,Gym,2026-06-28 16:05:25,2026-06-29 06:45:00
R-208,Gym,2026-06-28 16:09:45,2026-06-29 07:30:00
R-113,Gym,2026-06-28 16:20:02,2026-06-29 07:00:00
R-191,Clubhouse,2026-06-28 16:27:05,2026-06-29 07:00:00
R-101,Badminton Court,2026-06-28 16:42:48,2026-06-29 06:15:00
R-144,Badminton Court,2026-06-28 17:34:18,2026-06-29 07:00:00
R-145,Tennis Court,2026-06-28 17:37:00,2026-06-29 08:15:00
R-135,Gym,2026-06-28 17:47:03,2026-06-29 06:45:00
R-116,Gym,2026-06-28 18:21:18,2026-06-29 07:30:00
R-102,Gym,2026-06-28 18:27:11,2026-06-29 08:45:00
R-206,Gym,2026-06-28 18:30:33,2026-06-29 08:45:00
R-212,Tennis Court,2026-06-28 18:39:21,2026-06-29 06:45:00
R-186,Swimming Pool,2026-06-28 18:45:47,2026-06-29 08:00:00
R-128,Clubhouse,2026-06-28 18:56:04,2026-06-29 07:15:00
R-109,Gym,2026-06-28 19:12:09,2026-06-29 07:30:00
R-195,Tennis Court,2026-06-28 19:14:04,2026-06-29 18:30:00
R-172,Gym,2026-06-28 19:19:09,2026-06-29 07:30:00
R-189,Badminton Court,2026-06-28 19:24:22,2026-06-29 07:15:00
R-165,Badminton Court,2026-06-28 19:48:02,2026-06-29 19:45:00
R-112,Clubhouse,2026-06-28 19:48:15,2026-06-29 15:30:00
R-111,Gym,2026-06-28 20:00:00,2026-06-29 08:15:00
R-120,Swimming Pool,2026-06-28 20:20:43,2026-06-29 18:30:00
R-152,Badminton Court,2026-06-28 20:50:57,2026-06-29 08:00:00
R-192,Gym,2026-06-28 21:04:01,2026-06-29 19:00:00
R-108,Swimming Pool,2026-06-28 21:08:47,2026-06-29 07:30:00
R-161,Badminton Court,2026-06-28 22:10:00,2026-06-29 08:00:00
R-168,Gym,2026-06-28 22:37:54,2026-06-29 08:30:00
R-156,Gym,2026-06-28 22:58:33,2026-06-29 08:00:00
R-107,Badminton Court,2026-06-28 23:02:47,2026-06-29 18:30:00
R-131,Badminton Court,2026-06-28 23:06:52,2026-06-29 19:15:00
R-158,Tennis Court,2026-06-28 23:23:51,2026-06-29 06:30:00
R-169,Swimming Pool,2026-06-29 00:51:57,2026-06-29 08:30:00
R-141,Badminton Court,2026-06-29 01:26:11,2026-06-29 19:45:00
R-194,Badminton Court,2026-06-29 01:35:30,2026-06-29 17:15:00
R-110,Clubhouse,2026-06-29 02:12:11,2026-06-29 08:30:00
R-136,Badminton Court,2026-06-29 02:32:49,2026-06-29 19:45:00
R-218,Gym,2026-06-29 02:46:37,2026-06-29 18:30:00
R-103,Clubhouse,2026-06-29 03:03:40,2026-06-29 07:30:00
R-147,Gym,2026-06-29 03:26:03,2026-06-29 21:45:00
R-106,Gym,2026-06-29 05:17:25,2026-06-29 20:30:00
R-166,Swimming Pool,2026-06-29 06:10:10,2026-06-29 20:15:00
R-137,Gym,2026-06-29 07:40:48,2026-06-29 19:30:00
R-216,Swimming Pool,2026-06-29 10:55:35,2026-06-29 17:15:00
R-127,Swimming Pool,2026-06-29 11:17:31,2026-06-29 19:00:00
